time,bid_o,bid_h,bid_l,bid_c,ask_o,ask_h,ask_l,ask_c
2024-04-07T21:00:00Z,99.618,99.643,99.53,99.624,99.857,99.857,99.664,99.686
2024-04-07T22:00:00Z,99.629,99.708,99.593,99.664,99.691,99.749,99.613,99.683
2024-04-07T23:00:00Z,99.663,99.713,99.605,99.645,99.68,99.733,99.625,99.663
2024-04-08T00:00:00Z,99.641,99.641,99.506,99.528,99.66,99.66,99.524,99.546
2024-04-08T01:00:00Z,99.528,99.784,99.507,99.775,99.545,99.801,99.524,99.79
2024-04-08T02:00:00Z,99.775,99.967,99.741,99.953,99.792,99.983,99.758,99.969
2024-04-08T03:00:00Z,99.951,99.974,99.708,99.789,99.969,99.989,99.725,99.804
2024-04-08T04:00:00Z,99.79,99.86,99.775,99.859,99.804,99.876,99.792,99.875
2024-04-08T05:00:00Z,99.861,99.922,99.806,99.844,99.877,99.94,99.824,99.862
2024-04-08T06:00:00Z,99.847,99.921,99.838,99.891,99.865,99.94,99.855,99.906
2024-04-08T07:00:00Z,99.894,100.024,99.868,99.998,99.909,100.042,99.884,100.014
2024-04-08T08:00:00Z,99.998,100.032,99.885,99.951,100.015,100.048,99.901,99.97
2024-04-08T09:00:00Z,99.951,100.016,99.916,99.995,99.969,100.034,99.933,100.013
2024-04-08T10:00:00Z,99.995,100.075,99.969,100.068,100.012,100.092,99.987,100.086
2024-04-08T11:00:00Z,100.069,100.114,100.032,100.058,100.086,100.129,100.049,100.076
2024-04-08T12:00:00Z,100.057,100.13,100.012,100.117,100.072,100.147,100.03,100.133
2024-04-08T13:00:00Z,100.118,100.315,100.118,100.27,100.136,100.331,100.136,100.285
2024-04-08T14:00:00Z,100.27,100.285,100.147,100.203,100.286,100.302,100.164,100.22
2024-04-08T15:00:00Z,100.21,100.26,100.166,100.19,100.225,100.278,100.181,100.207
2024-04-08T16:00:00Z,100.187,100.218,100.148,100.212,100.205,100.235,100.166,100.23
2024-04-08T17:00:00Z,100.214,100.266,100.18,100.245,100.231,100.284,100.199,100.262
2024-04-08T18:00:00Z,100.245,100.261,100.219,100.235,100.263,100.278,100.236,100.251
2024-04-08T19:00:00Z,100.235,100.285,100.223,100.26,100.25,100.3,100.24,100.278
2024-04-08T20:00:00Z,100.26,100.28,100.255,100.274,100.277,100.308,100.274,100.304
2024-04-08T21:00:00Z,100.226,100.269,100.207,100.215,100.324,100.324,100.249,100.272
2024-04-08T22:00:00Z,100.211,100.265,100.211,100.246,100.266,100.301,100.244,100.266
2024-04-08T23:00:00Z,100.247,100.323,100.247,100.282,100.266,100.341,100.264,100.299
2024-04-09T00:00:00Z,100.282,100.343,100.217,100.328,100.298,100.359,100.234,100.344
2024-04-09T01:00:00Z,100.329,100.418,100.263,100.33,100.342,100.438,100.278,100.344
2024-04-09T02:00:00Z,100.33,100.376,100.261,100.31,100.345,100.391,100.279,100.327
2024-04-09T03:00:00Z,100.31,100.321,100.208,100.242,100.328,100.337,100.225,100.258
2024-04-09T04:00:00Z,100.242,100.408,100.241,100.372,100.259,100.425,100.259,100.388
2024-04-09T05:00:00Z,100.373,100.401,100.333,100.349,100.388,100.417,100.348,100.367
2024-04-09T06:00:00Z,100.348,100.383,100.222,100.246,100.367,100.401,100.238,100.266
2024-04-09T07:00:00Z,100.247,100.33,100.243,100.326,100.266,100.346,100.259,100.341
2024-04-09T08:00:00Z,100.326,100.413,100.287,100.413,100.343,100.432,100.304,100.431
2024-04-09T09:00:00Z,100.412,100.537,100.383,100.535,100.429,100.555,100.401,100.553
2024-04-09T10:00:00Z,100.535,100.583,100.488,100.531,100.554,100.6,100.504,100.548
2024-04-09T11:00:00Z,100.531,100.554,100.459,100.496,100.549,100.572,100.478,100.513
2024-04-09T12:00:00Z,100.495,100.69,100.472,100.647,100.514,100.708,100.487,100.661
2024-04-09T13:00:00Z,100.647,100.792,100.626,100.728,100.66,100.807,100.643,100.747
2024-04-09T14:00:00Z,100.73,100.802,100.298,100.431,100.748,100.82,100.312,100.448
2024-04-09T15:00:00Z,100.428,100.498,100.365,100.448,100.445,100.516,100.381,100.464
2024-04-09T16:00:00Z,100.445,100.48,100.362,100.38,100.462,100.498,100.38,100.397
2024-04-09T17:00:00Z,100.376,100.424,100.357,100.38,100.394,100.443,100.374,100.399
2024-04-09T18:00:00Z,100.382,100.468,100.372,100.461,100.4,100.486,100.39,100.478
2024-04-09T19:00:00Z,100.458,100.554,100.401,100.547,100.475,100.571,100.419,100.565
2024-04-09T20:00:00Z,100.55,100.596,100.535,100.592,100.568,100.628,100.553,100.62
2024-04-09T21:00:00Z,100.553,100.576,100.443,100.562,100.679,100.68,100.578,100.607
2024-04-09T22:00:00Z,100.563,100.597,100.555,100.576,100.607,100.621,100.577,100.595
2024-04-09T23:00:00Z,100.577,100.619,100.565,100.596,100.595,100.637,100.585,100.614
2024-04-10T00:00:00Z,100.595,100.63,100.529,100.536,100.614,100.646,100.546,100.555
2024-04-10T01:00:00Z,100.537,100.581,100.422,100.495,100.555,100.599,100.44,100.517
2024-04-10T02:00:00Z,100.487,100.546,100.41,100.531,100.517,100.565,100.428,100.548
2024-04-10T03:00:00Z,100.533,100.603,100.489,100.492,100.548,100.62,100.507,100.512
2024-04-10T04:00:00Z,100.492,100.515,100.46,100.492,100.511,100.533,100.478,100.508
2024-04-10T05:00:00Z,100.49,100.599,100.485,100.5,100.507,100.616,100.502,100.518
2024-04-10T06:00:00Z,100.503,100.59,100.482,100.582,100.523,100.607,100.499,100.597
2024-04-10T07:00:00Z,100.582,100.61,100.518,100.601,100.595,100.627,100.535,100.619
2024-04-10T08:00:00Z,100.601,100.631,100.528,100.615,100.618,100.649,100.545,100.632
2024-04-10T09:00:00Z,100.617,100.637,100.567,100.588,100.633,100.653,100.585,100.605
2024-04-10T10:00:00Z,100.587,100.6,100.535,100.557,100.603,100.617,100.548,100.576
2024-04-10T11:00:00Z,100.557,100.557,100.492,100.508,100.573,100.575,100.51,100.524
2024-04-10T12:00:00Z,100.507,100.562,99.618,99.886,100.525,100.652,99.637,99.904
2024-04-10T13:00:00Z,99.887,99.894,99.426,99.62,99.907,99.914,99.444,99.638
2024-04-10T14:00:00Z,99.621,99.793,99.56,99.68,99.64,99.809,99.577,99.696
2024-04-10T15:00:00Z,99.678,99.699,99.482,99.494,99.696,99.716,99.498,99.512
2024-04-10T16:00:00Z,99.495,99.544,99.38,99.509,99.512,99.562,99.398,99.526
2024-04-10T17:00:00Z,99.51,99.647,99.404,99.509,99.528,99.664,99.423,99.556
2024-04-10T18:00:00Z,99.505,99.593,99.407,99.432,99.554,99.61,99.423,99.448
2024-04-10T19:00:00Z,99.43,99.642,99.397,99.612,99.447,99.661,99.414,99.63
2024-04-10T20:00:00Z,99.614,99.767,99.593,99.726,99.633,99.786,99.612,99.774
2024-04-10T21:00:00Z,99.719,99.734,99.557,99.628,99.854,99.911,99.64,99.67
2024-04-10T22:00:00Z,99.636,99.636,99.511,99.574,99.68,99.683,99.533,99.595
2024-04-10T23:00:00Z,99.574,99.598,99.463,99.527,99.594,99.618,99.482,99.543
2024-04-11T00:00:00Z,99.525,99.531,99.39,99.462,99.543,99.549,99.408,99.482
2024-04-11T01:00:00Z,99.46,99.621,99.439,99.538,99.48,99.638,99.458,99.557
2024-04-11T02:00:00Z,99.539,99.619,99.505,99.58,99.557,99.635,99.524,99.598
2024-04-11T03:00:00Z,99.579,99.672,99.568,99.67,99.598,99.689,99.584,99.689
2024-04-11T04:00:00Z,99.674,99.686,99.624,99.657,99.693,99.704,99.64,99.675
2024-04-11T05:00:00Z,99.656,99.792,99.656,99.777,99.669,99.809,99.669,99.795
2024-04-11T06:00:00Z,99.775,99.87,99.724,99.815,99.792,99.885,99.741,99.834
2024-04-11T07:00:00Z,99.816,99.959,99.803,99.955,99.834,99.977,99.821,99.974
2024-04-11T08:00:00Z,99.958,100.001,99.909,99.929,99.975,100.018,99.925,99.948
2024-04-11T09:00:00Z,99.929,99.973,99.861,99.894,99.946,99.991,99.878,99.912
2024-04-11T10:00:00Z,99.894,99.894,99.822,99.873,99.911,99.913,99.838,99.891
2024-04-11T11:00:00Z,99.872,99.917,99.803,99.83,99.891,99.935,99.823,99.848
2024-04-11T12:00:00Z,99.83,100.074,99.663,100.033,99.847,100.091,99.766,100.051
2024-04-11T13:00:00Z,100.033,100.19,100.004,100.048,100.052,100.207,100.021,100.062
2024-04-11T14:00:00Z,100.048,100.056,99.785,99.871,100.064,100.073,99.801,99.888
2024-04-11T15:00:00Z,99.869,99.933,99.791,99.928,99.885,99.95,99.808,99.944
2024-04-11T16:00:00Z,99.929,100.003,99.893,99.967,99.947,100.018,99.911,99.982
2024-04-11T17:00:00Z,99.966,100.152,99.924,100.14,99.983,100.168,99.937,100.157
2024-04-11T18:00:00Z,100.143,100.233,100.131,100.193,100.159,100.25,100.148,100.21
2024-04-11T19:00:00Z,100.194,100.214,100.169,100.204,100.212,100.232,100.184,100.221
2024-04-11T20:00:00Z,100.199,100.212,100.166,100.192,100.215,100.23,100.185,100.219
2024-04-11T21:00:00Z,100.123,100.194,100.123,100.146,100.282,100.282,100.178,100.184
2024-04-11T22:00:00Z,100.144,100.227,100.142,100.201,100.181,100.244,100.176,100.22
2024-04-11T23:00:00Z,100.202,100.235,100.171,100.188,100.22,100.251,100.189,100.207
2024-04-12T00:00:00Z,100.187,100.198,100.011,100.017,100.207,100.217,100.03,100.034
2024-04-12T01:00:00Z,100.016,100.141,100.016,100.133,100.036,100.158,100.036,100.151
2024-04-12T02:00:00Z,100.132,100.171,100.085,100.164,100.152,100.189,100.102,100.184
2024-04-12T03:00:00Z,100.161,100.172,99.991,100.012,100.181,100.189,100.008,100.028
2024-04-12T04:00:00Z,100.011,100.058,99.996,100.003,100.028,100.076,100.013,100.018
2024-04-12T05:00:00Z,100.002,100.022,99.949,99.961,100.018,100.04,99.967,99.978
2024-04-12T06:00:00Z,99.96,99.999,99.794,99.824,99.975,100.018,99.809,99.842
2024-04-12T07:00:00Z,99.829,99.91,99.788,99.898,99.847,99.926,99.802,99.915
2024-04-12T08:00:00Z,99.898,99.935,99.817,99.856,99.914,99.953,99.834,99.872
2024-04-12T09:00:00Z,99.857,99.866,99.687,99.72,99.872,99.883,99.706,99.738
2024-04-12T10:00:00Z,99.72,99.735,99.483,99.485,99.739,99.751,99.497,99.504
2024-04-12T11:00:00Z,99.488,99.584,99.434,99.449,99.506,99.6,99.45,99.465
2024-04-12T12:00:00Z,99.449,99.479,98.974,98.987,99.467,99.495,98.99,99.005
2024-04-12T13:00:00Z,98.99,99.127,98.793,98.977,99.006,99.143,98.81,99.015
2024-04-12T14:00:00Z,98.977,99.018,98.728,98.939,99.022,99.036,98.745,98.956
2024-04-12T15:00:00Z,98.938,99.203,98.937,99.161,98.954,99.22,98.954,99.179
2024-04-12T16:00:00Z,99.162,99.174,98.902,98.943,99.179,99.191,98.918,98.96
2024-04-12T17:00:00Z,98.943,99.048,98.853,99.007,98.961,99.065,98.871,99.024
2024-04-12T18:00:00Z,99.008,99.054,98.91,98.924,99.026,99.073,98.926,98.94
2024-04-12T19:00:00Z,98.923,98.988,98.903,98.969,98.94,99.008,98.921,98.987
2024-04-12T20:00:00Z,98.971,99.081,98.965,99.022,98.988,99.114,98.982,99.098
2024-04-14T21:00:00Z,98.876,98.957,98.843,98.951,99.051,99.153,98.95,99.103
2024-04-14T22:00:00Z,98.952,99.242,98.952,99.227,99.103,99.26,99.027,99.247
2024-04-14T23:00:00Z,99.223,99.274,99.156,99.253,99.244,99.294,99.177,99.271
2024-04-15T00:00:00Z,99.249,99.345,99.194,99.296,99.267,99.366,99.215,99.31
2024-04-15T01:00:00Z,99.296,99.479,99.222,99.464,99.311,99.499,99.241,99.48
2024-04-15T02:00:00Z,99.459,99.596,99.455,99.587,99.476,99.614,99.474,99.605
2024-04-15T03:00:00Z,99.59,99.706,99.504,99.643,99.608,99.724,99.524,99.659
2024-04-15T04:00:00Z,99.643,99.756,99.641,99.746,99.658,99.772,99.658,99.763
2024-04-15T05:00:00Z,99.744,99.869,99.711,99.828,99.763,99.886,99.729,99.847
2024-04-15T06:00:00Z,99.827,99.876,99.74,99.756,99.844,99.893,99.758,99.774
2024-04-15T07:00:00Z,99.756,99.792,99.667,99.788,99.772,99.81,99.684,99.805
2024-04-15T08:00:00Z,99.788,99.845,99.687,99.732,99.803,99.862,99.704,99.75
2024-04-15T09:00:00Z,99.731,99.772,99.694,99.748,99.747,99.79,99.709,99.765
2024-04-15T10:00:00Z,99.751,99.809,99.734,99.789,99.768,99.826,99.751,99.806
2024-04-15T11:00:00Z,99.79,99.837,99.728,99.77,99.808,99.854,99.745,99.788
2024-04-15T12:00:00Z,99.769,99.934,99.634,99.897,99.786,99.949,99.674,99.915
2024-04-15T13:00:00Z,99.897,100.01,99.766,99.774,99.914,100.029,99.782,99.793
2024-04-15T14:00:00Z,99.772,99.82,99.463,99.646,99.79,99.838,99.482,99.664
2024-04-15T15:00:00Z,99.643,99.817,99.585,99.764,99.661,99.834,99.602,99.782
2024-04-15T16:00:00Z,99.765,99.805,99.603,99.648,99.782,99.823,99.621,99.663
2024-04-15T17:00:00Z,99.644,99.65,99.338,99.4,99.66,99.666,99.354,99.419
2024-04-15T18:00:00Z,99.4,99.441,99.304,99.33,99.417,99.459,99.322,99.348
2024-04-15T19:00:00Z,99.333,99.374,99.261,99.366,99.351,99.392,99.277,99.384
2024-04-15T20:00:00Z,99.365,99.386,99.314,99.378,99.384,99.407,99.333,99.4
2024-04-15T21:00:00Z,99.334,99.379,99.289,99.331,99.439,99.485,99.375,99.376
2024-04-15T22:00:00Z,99.327,99.382,99.302,99.336,99.373,99.398,99.32,99.355
2024-04-15T23:00:00Z,99.336,99.357,99.303,99.332,99.354,99.375,99.321,99.352
2024-04-16T00:00:00Z,99.336,99.337,99.111,99.115,99.356,99.356,99.13,99.132
2024-04-16T01:00:00Z,99.112,99.153,98.912,99.07,99.131,99.171,98.933,99.088
2024-04-16T02:00:00Z,99.07,99.126,98.907,98.998,99.091,99.147,98.922,99.014
2024-04-16T03:00:00Z,98.998,99.06,98.933,99.057,99.015,99.076,98.952,99.075
2024-04-16T04:00:00Z,99.059,99.076,98.971,99.07,99.076,99.092,98.988,99.088
2024-04-16T05:00:00Z,99.071,99.211,99.062,99.154,99.088,99.23,99.08,99.174
2024-04-16T06:00:00Z,99.155,99.188,98.989,99.149,99.174,99.203,99.007,99.165
2024-04-16T07:00:00Z,99.151,99.212,99.048,99.073,99.165,99.228,99.063,99.088
2024-04-16T08:00:00Z,99.074,99.211,99.058,99.094,99.088,99.226,99.073,99.111
2024-04-16T09:00:00Z,99.101,99.236,99.086,99.205,99.114,99.251,99.103,99.22
2024-04-16T10:00:00Z,99.204,99.224,99.062,99.14,99.22,99.239,99.079,99.159
2024-04-16T11:00:00Z,99.142,99.359,99.114,99.348,99.16,99.378,99.132,99.363
2024-04-16T12:00:00Z,99.348,99.354,99.182,99.233,99.362,99.37,99.204,99.249
2024-04-16T13:00:00Z,99.235,99.259,98.627,98.906,99.252,99.276,98.664,98.925
2024-04-16T14:00:00Z,98.903,99.121,98.847,98.939,98.921,99.14,98.86,98.956
2024-04-16T15:00:00Z,98.941,99.124,98.926,99.054,98.96,99.143,98.943,99.07
2024-04-16T16:00:00Z,99.051,99.078,98.99,99.054,99.067,99.095,99.008,99.07
2024-04-16T17:00:00Z,99.055,99.133,98.887,99.092,99.069,99.151,98.905,99.109
2024-04-16T18:00:00Z,99.094,99.239,99.004,99.172,99.109,99.256,99.019,99.188
2024-04-16T19:00:00Z,99.171,99.194,99.041,99.058,99.189,99.212,99.058,99.073
2024-04-16T20:00:00Z,99.063,99.082,99.017,99.039,99.08,99.098,99.038,99.061
2024-04-16T21:00:00Z,99.027,99.035,98.953,98.973,99.131,99.131,99.007,99.023
2024-04-16T22:00:00Z,98.976,99.14,98.976,99.114,99.025,99.156,99.018,99.134
2024-04-16T23:00:00Z,99.117,99.207,99.09,99.19,99.135,99.224,99.106,99.208
2024-04-17T00:00:00Z,99.189,99.243,99.127,99.202,99.208,99.26,99.143,99.22
2024-04-17T01:00:00Z,99.202,99.294,99.133,99.262,99.219,99.314,99.151,99.279
2024-04-17T02:00:00Z,99.263,99.333,99.219,99.302,99.281,99.351,99.237,99.321
2024-04-17T03:00:00Z,99.302,99.324,99.202,99.214,99.32,99.34,99.219,99.232
2024-04-17T04:00:00Z,99.21,99.242,99.138,99.179,99.227,99.257,99.157,99.192
2024-04-17T05:00:00Z,99.178,99.178,98.999,99.062,99.192,99.192,99.018,99.08
2024-04-17T06:00:00Z,99.062,99.298,98.994,99.287,99.078,99.317,99.011,99.305
2024-04-17T07:00:00Z,99.289,99.304,99.173,99.205,99.305,99.323,99.191,99.221
2024-04-17T08:00:00Z,99.204,99.363,99.197,99.326,99.222,99.381,99.215,99.346
2024-04-17T09:00:00Z,99.325,99.352,99.199,99.33,99.344,99.368,99.213,99.348
2024-04-17T10:00:00Z,99.333,99.377,99.274,99.285,99.349,99.394,99.289,99.302
2024-04-17T11:00:00Z,99.283,99.399,99.283,99.368,99.302,99.419,99.301,99.386
2024-04-17T12:00:00Z,99.369,99.413,99.3,99.327,99.386,99.43,99.316,99.344
2024-04-17T13:00:00Z,99.325,99.527,99.317,99.461,99.341,99.545,99.335,99.48
2024-04-17T14:00:00Z,99.461,99.461,99.229,99.276,99.479,99.479,99.246,99.292
2024-04-17T15:00:00Z,99.276,99.374,99.187,99.214,99.293,99.393,99.204,99.23
2024-04-17T16:00:00Z,99.215,99.217,99.001,99.009,99.23,99.235,99.019,99.029
2024-04-17T17:00:00Z,99.009,99.316,98.997,99.308,99.027,99.335,99.015,99.33
2024-04-17T18:00:00Z,99.31,99.474,99.292,99.339,99.33,99.491,99.308,99.354
2024-04-17T19:00:00Z,99.335,99.337,99.252,99.318,99.349,99.353,99.27,99.335
2024-04-17T20:00:00Z,99.317,99.379,99.285,99.34,99.335,99.396,99.301,99.373
2024-04-17T21:00:00Z,99.227,99.317,99.163,99.314,99.466,99.466,99.332,99.366
2024-04-17T22:00:00Z,99.314,99.336,99.274,99.313,99.372,99.382,99.295,99.33
2024-04-17T23:00:00Z,99.314,99.391,99.289,99.365,99.329,99.409,99.305,99.383
2024-04-18T00:00:00Z,99.362,99.383,99.288,99.349,99.382,99.402,99.304,99.367
2024-04-18T01:00:00Z,99.351,99.423,99.165,99.312,99.37,99.44,99.218,99.327
2024-04-18T02:00:00Z,99.311,99.449,99.273,99.447,99.325,99.466,99.292,99.464
2024-04-18T03:00:00Z,99.447,99.552,99.425,99.545,99.463,99.568,99.442,99.561
2024-04-18T04:00:00Z,99.544,99.55,99.46,99.47,99.562,99.569,99.479,99.487
2024-04-18T05:00:00Z,99.467,99.482,99.391,99.474,99.486,99.499,99.409,99.49
2024-04-18T06:00:00Z,99.472,99.56,99.419,99.528,99.488,99.579,99.436,99.542
2024-04-18T07:00:00Z,99.528,99.528,99.395,99.51,99.543,99.543,99.412,99.526
2024-04-18T08:00:00Z,99.506,99.561,99.464,99.515,99.524,99.578,99.482,99.529
2024-04-18T09:00:00Z,99.515,99.534,99.445,99.495,99.531,99.551,99.462,99.509
2024-04-18T10:00:00Z,99.497,99.537,99.474,99.51,99.513,99.555,99.489,99.526
2024-04-18T11:00:00Z,99.51,99.577,99.464,99.518,99.527,99.595,99.48,99.534
2024-04-18T12:00:00Z,99.517,99.54,99.356,99.419,99.534,99.553,99.371,99.438
2024-04-18T13:00:00Z,99.422,99.531,99.293,99.366,99.44,99.549,99.311,99.392
2024-04-18T14:00:00Z,99.366,99.52,99.318,99.463,99.393,99.539,99.335,99.48
2024-04-18T15:00:00Z,99.463,99.578,99.421,99.499,99.479,99.594,99.438,99.512
2024-04-18T16:00:00Z,99.499,99.537,99.365,99.395,99.514,99.553,99.381,99.41
2024-04-18T17:00:00Z,99.39,99.398,99.206,99.29,99.405,99.414,99.224,99.308
2024-04-18T18:00:00Z,99.287,99.322,99.226,99.238,99.305,99.335,99.242,99.256
2024-04-18T19:00:00Z,99.239,99.33,99.236,99.285,99.255,99.346,99.253,99.303
2024-04-18T20:00:00Z,99.287,99.318,99.265,99.294,99.304,99.336,99.284,99.32
2024-04-18T21:00:00Z,99.247,99.305,99.239,99.263,99.361,99.361,99.296,99.312
2024-04-18T22:00:00Z,99.264,99.289,99.242,99.26,99.308,99.311,99.263,99.277
2024-04-18T23:00:00Z,99.26,99.324,99.239,99.305,99.278,99.341,99.258,99.324
2024-04-19T00:00:00Z,99.306,99.308,99.045,99.056,99.323,99.325,99.062,99.073
2024-04-19T01:00:00Z,99.054,99.084,98.024,98.386,99.073,99.103,98.043,98.404
2024-04-19T02:00:00Z,98.386,98.393,97.768,98.068,98.402,98.408,97.787,98.083
2024-04-19T03:00:00Z,98.068,98.763,98.062,98.604,98.084,98.784,98.077,98.624
2024-04-19T04:00:00Z,98.605,98.857,98.602,98.762,98.624,98.875,98.62,98.779
2024-04-19T05:00:00Z,98.76,98.824,98.68,98.717,98.778,98.842,98.7,98.735
2024-04-19T06:00:00Z,98.717,99.013,98.615,98.967,98.734,99.03,98.636,98.985
2024-04-19T07:00:00Z,98.967,99.233,98.958,99.21,98.984,99.249,98.977,99.226
2024-04-19T08:00:00Z,99.21,99.211,98.986,99.055,99.227,99.227,99.003,99.07
2024-04-19T09:00:00Z,99.057,99.227,99.044,99.19,99.07,99.244,99.06,99.208
2024-04-19T10:00:00Z,99.191,99.191,99.003,99.045,99.207,99.207,99.021,99.061
2024-04-19T11:00:00Z,99.042,99.116,99.018,99.104,99.06,99.134,99.036,99.119
2024-04-19T12:00:00Z,99.105,99.301,99.046,99.218,99.119,99.321,99.059,99.236
2024-04-19T13:00:00Z,99.219,99.305,99.153,99.232,99.238,99.322,99.17,99.248
2024-04-19T14:00:00Z,99.23,99.398,99.201,99.261,99.246,99.415,99.22,99.276
2024-04-19T15:00:00Z,99.257,99.375,99.212,99.242,99.271,99.393,99.23,99.26
2024-04-19T16:00:00Z,99.243,99.301,99.054,99.255,99.259,99.319,99.067,99.273
2024-04-19T17:00:00Z,99.256,99.349,99.207,99.297,99.271,99.369,99.225,99.314
2024-04-19T18:00:00Z,99.296,99.296,99.141,99.178,99.315,99.315,99.157,99.195
2024-04-19T19:00:00Z,99.176,99.25,99.157,99.222,99.194,99.27,99.174,99.24
2024-04-19T20:00:00Z,99.22,99.258,99.203,99.217,99.239,99.281,99.223,99.268
2024-04-21T21:00:00Z,99.07,99.187,99.009,99.085,99.26,99.311,99.157,99.212
2024-04-21T22:00:00Z,99.092,99.302,99.092,99.29,99.21,99.37,99.183,99.31
2024-04-21T23:00:00Z,99.288,99.373,99.26,99.349,99.311,99.387,99.279,99.368
2024-04-22T00:00:00Z,99.351,99.639,99.324,99.486,99.368,99.655,99.342,99.505
2024-04-22T01:00:00Z,99.486,99.754,99.482,99.75,99.503,99.772,99.499,99.768
2024-04-22T02:00:00Z,99.75,99.816,99.671,99.677,99.769,99.831,99.685,99.693
2024-04-22T03:00:00Z,99.677,99.695,99.552,99.568,99.694,99.714,99.57,99.587
2024-04-22T04:00:00Z,99.567,99.614,99.544,99.548,99.585,99.632,99.562,99.565
2024-04-22T05:00:00Z,99.547,99.557,99.474,99.53,99.565,99.576,99.49,99.546
2024-04-22T06:00:00Z,99.529,99.606,99.413,99.441,99.546,99.623,99.428,99.456
2024-04-22T07:00:00Z,99.44,99.502,99.353,99.427,99.453,99.52,99.371,99.444
2024-04-22T08:00:00Z,99.428,99.569,99.404,99.564,99.443,99.586,99.421,99.581
2024-04-22T09:00:00Z,99.564,99.664,99.561,99.583,99.58,99.681,99.577,99.6
2024-04-22T10:00:00Z,99.581,99.65,99.58,99.629,99.599,99.666,99.597,99.646
2024-04-22T11:00:00Z,99.629,99.64,99.536,99.625,99.647,99.656,99.553,99.639
2024-04-22T12:00:00Z,99.622,99.681,99.573,99.611,99.638,99.699,99.589,99.629
2024-04-22T13:00:00Z,99.614,99.614,99.409,99.529,99.632,99.632,99.427,99.544
2024-04-22T14:00:00Z,99.528,99.686,99.511,99.572,99.546,99.703,99.527,99.589
2024-04-22T15:00:00Z,99.575,99.668,99.552,99.651,99.591,99.685,99.568,99.667
2024-04-22T16:00:00Z,99.651,99.761,99.647,99.711,99.668,99.777,99.66,99.728
2024-04-22T17:00:00Z,99.71,99.842,99.707,99.84,99.725,99.857,99.721,99.857
2024-04-22T18:00:00Z,99.838,99.9,99.818,99.864,99.855,99.918,99.835,99.88
2024-04-22T19:00:00Z,99.864,99.87,99.796,99.847,99.881,99.885,99.813,99.861
2024-04-22T20:00:00Z,99.846,99.865,99.81,99.842,99.862,99.885,99.826,99.867
2024-04-22T21:00:00Z,99.77,99.832,99.767,99.819,99.942,99.944,99.835,99.85
2024-04-22T22:00:00Z,99.82,99.846,99.796,99.818,99.852,99.881,99.814,99.841
2024-04-22T23:00:00Z,99.821,99.869,99.772,99.859,99.842,99.888,99.791,99.877
2024-04-23T00:00:00Z,99.859,99.968,99.792,99.965,99.875,99.985,99.81,99.981
2024-04-23T01:00:00Z,99.962,100.004,99.77,99.825,99.979,100.021,99.788,99.843
2024-04-23T02:00:00Z,99.825,100.019,99.823,99.98,99.842,100.037,99.839,99.998
2024-04-23T03:00:00Z,99.979,99.996,99.861,99.921,99.999,100.011,99.879,99.937
2024-04-23T04:00:00Z,99.92,99.992,99.899,99.919,99.937,100.009,99.918,99.935
2024-04-23T05:00:00Z,99.919,99.921,99.844,99.883,99.937,99.937,99.862,99.903
2024-04-23T06:00:00Z,99.886,99.912,99.773,99.797,99.906,99.93,99.79,99.813
2024-04-23T07:00:00Z,99.793,100.038,99.728,99.815,99.809,100.055,99.744,99.834
2024-04-23T08:00:00Z,99.816,99.897,99.759,99.767,99.832,99.914,99.776,99.783
2024-04-23T09:00:00Z,99.765,99.803,99.701,99.797,99.781,99.821,99.718,99.815
2024-04-23T10:00:00Z,99.793,99.855,99.791,99.841,99.812,99.872,99.808,99.858
2024-04-23T11:00:00Z,99.841,99.915,99.817,99.901,99.857,99.93,99.833,99.919
2024-04-23T12:00:00Z,99.901,99.932,99.843,99.919,99.92,99.951,99.861,99.935
2024-04-23T13:00:00Z,99.924,100.225,99.866,100.218,99.94,100.244,99.881,100.236
2024-04-23T14:00:00Z,100.216,100.388,100.165,100.231,100.235,100.406,100.182,100.246
2024-04-23T15:00:00Z,100.23,100.318,100.165,100.263,100.247,100.332,100.183,100.279
2024-04-23T16:00:00Z,100.262,100.393,100.25,100.374,100.279,100.411,100.268,100.391
2024-04-23T17:00:00Z,100.374,100.394,100.254,100.389,100.39,100.409,100.269,100.406
2024-04-23T18:00:00Z,100.386,100.434,100.356,100.376,100.404,100.451,100.374,100.393
2024-04-23T19:00:00Z,100.379,100.406,100.374,100.4,100.395,100.423,100.389,100.416
2024-04-23T20:00:00Z,100.399,100.438,100.369,100.422,100.416,100.461,100.387,100.443
2024-04-23T21:00:00Z,100.409,100.413,100.225,100.346,100.439,100.496,100.354,100.387
2024-04-23T22:00:00Z,100.342,100.388,100.332,100.35,100.387,100.43,100.353,100.37
2024-04-23T23:00:00Z,100.354,100.374,100.277,100.337,100.371,100.391,100.296,100.356
2024-04-24T00:00:00Z,100.337,100.492,100.326,100.47,100.354,100.511,100.343,100.483
2024-04-24T01:00:00Z,100.47,100.939,100.452,100.934,100.486,100.955,100.469,100.948
2024-04-24T02:00:00Z,100.934,101.01,100.869,100.884,100.949,101.028,100.886,100.903
2024-04-24T03:00:00Z,100.882,100.882,100.763,100.854,100.9,100.9,100.78,100.872
2024-04-24T04:00:00Z,100.854,100.896,100.811,100.858,100.871,100.913,100.83,100.873
2024-04-24T05:00:00Z,100.856,100.915,100.812,100.878,100.873,100.933,100.829,100.894
2024-04-24T06:00:00Z,100.877,100.916,100.738,100.759,100.895,100.932,100.756,100.779
2024-04-24T07:00:00Z,100.76,100.797,100.633,100.701,100.779,100.814,100.651,100.72
2024-04-24T08:00:00Z,100.703,100.729,100.648,100.695,100.722,100.748,100.664,100.712
2024-04-24T09:00:00Z,100.698,100.751,100.62,100.63,100.714,100.768,100.637,100.646
2024-04-24T10:00:00Z,100.627,100.695,100.601,100.622,100.643,100.713,100.618,100.638
2024-04-24T11:00:00Z,100.621,100.725,100.617,100.717,100.639,100.743,100.633,100.736
2024-04-24T12:00:00Z,100.72,100.808,100.611,100.641,100.738,100.836,100.63,100.66
2024-04-24T13:00:00Z,100.642,100.754,100.551,100.636,100.659,100.772,100.57,100.652
2024-04-24T14:00:00Z,100.638,100.69,100.544,100.568,100.656,100.704,100.562,100.585
2024-04-24T15:00:00Z,100.569,100.614,100.486,100.53,100.585,100.632,100.5,100.548
2024-04-24T16:00:00Z,100.529,100.645,100.526,100.641,100.548,100.665,100.543,100.659
2024-04-24T17:00:00Z,100.639,100.893,100.638,100.858,100.656,100.911,100.655,100.876
2024-04-24T18:00:00Z,100.856,100.862,100.737,100.766,100.876,100.881,100.758,100.783
2024-04-24T19:00:00Z,100.762,100.919,100.738,100.891,100.781,100.938,100.759,100.909
2024-04-24T20:00:00Z,100.889,100.894,100.827,100.87,100.908,100.914,100.847,100.895
2024-04-24T21:00:00Z,100.791,100.851,100.742,100.841,100.939,100.939,100.863,100.896
2024-04-24T22:00:00Z,100.841,100.857,100.798,100.831,100.893,100.904,100.818,100.85
2024-04-24T23:00:00Z,100.832,100.888,100.821,100.887,100.849,100.906,100.839,100.905
2024-04-25T00:00:00Z,100.887,101.033,100.887,100.991,100.906,101.051,100.905,101.009
2024-04-25T01:00:00Z,100.99,101.095,100.884,101.057,101.009,101.113,100.9,101.073
2024-04-25T02:00:00Z,101.057,101.171,101.033,101.132,101.074,101.19,101.052,101.15
2024-04-25T03:00:00Z,101.13,101.153,101.007,101.094,101.149,101.171,101.021,101.109
2024-04-25T04:00:00Z,101.095,101.262,101.074,101.231,101.111,101.281,101.088,101.249
2024-04-25T05:00:00Z,101.233,101.369,101.223,101.344,101.249,101.386,101.239,101.36
2024-04-25T06:00:00Z,101.348,101.498,101.294,101.493,101.364,101.515,101.31,101.508
2024-04-25T07:00:00Z,101.493,101.542,101.354,101.511,101.509,101.559,101.371,101.529
2024-04-25T08:00:00Z,101.513,101.646,101.505,101.632,101.531,101.66,101.522,101.651
2024-04-25T09:00:00Z,101.634,101.637,101.574,101.586,101.647,101.654,101.591,101.604
2024-04-25T10:00:00Z,101.587,101.601,101.487,101.515,101.604,101.619,101.505,101.532
2024-04-25T11:00:00Z,101.512,101.604,101.472,101.588,101.53,101.621,101.489,101.604
2024-04-25T12:00:00Z,101.59,101.603,101.051,101.154,101.604,101.637,101.064,101.173
2024-04-25T13:00:00Z,101.155,101.2,100.778,101.066,101.173,101.217,100.801,101.086
2024-04-25T14:00:00Z,101.066,101.243,100.971,101.097,101.083,101.26,100.989,101.115
2024-04-25T15:00:00Z,101.098,101.204,101.058,101.168,101.115,101.221,101.076,101.184
2024-04-25T16:00:00Z,101.165,101.304,101.122,101.278,101.183,101.322,101.139,101.295
2024-04-25T17:00:00Z,101.278,101.429,101.26,101.398,101.296,101.446,101.277,101.412
2024-04-25T18:00:00Z,101.395,101.398,101.26,101.351,101.411,101.414,101.28,101.367
2024-04-25T19:00:00Z,101.35,101.458,101.348,101.417,101.368,101.473,101.365,101.435
2024-04-25T20:00:00Z,101.417,101.487,101.405,101.451,101.436,101.504,101.422,101.473
2024-04-25T21:00:00Z,101.408,101.441,101.381,101.41,101.471,101.493,101.448,101.469
2024-04-25T22:00:00Z,101.41,101.502,101.401,101.467,101.475,101.523,101.422,101.486
2024-04-25T23:00:00Z,101.466,101.54,101.457,101.491,101.484,101.559,101.477,101.508
2024-04-26T00:00:00Z,101.492,101.575,101.426,101.551,101.508,101.59,101.445,101.569
2024-04-26T01:00:00Z,101.552,101.635,101.535,101.598,101.569,101.651,101.552,101.613
2024-04-26T02:00:00Z,101.598,101.627,101.415,101.477,101.614,101.643,101.434,101.494
2024-04-26T03:00:00Z,101.477,101.832,101.398,101.716,101.495,101.852,101.426,101.735
2024-04-26T04:00:00Z,101.72,101.976,101.718,101.954,101.739,101.994,101.737,101.972
2024-04-26T05:00:00Z,101.953,102.164,101.924,102.074,101.97,102.183,101.94,102.092
2024-04-26T06:00:00Z,102.074,102.416,101.987,102.361,102.093,102.436,102.006,102.383
2024-04-26T07:00:00Z,102.363,102.58,102.358,102.518,102.383,102.597,102.38,102.535
2024-04-26T08:00:00Z,102.52,102.627,101.525,102.513,102.537,102.645,101.55,102.531
2024-04-26T09:00:00Z,102.515,102.547,102.316,102.438,102.532,102.564,102.335,102.456
2024-04-26T10:00:00Z,102.438,102.484,102.369,102.441,102.455,102.5,102.385,102.46
2024-04-26T11:00:00Z,102.439,102.539,102.187,102.482,102.458,102.555,102.213,102.501
2024-04-26T12:00:00Z,102.48,102.747,102.42,102.625,102.501,102.785,102.485,102.644
2024-04-26T13:00:00Z,102.628,102.73,102.535,102.685,102.647,102.748,102.555,102.731
2024-04-26T14:00:00Z,102.695,102.792,102.558,102.63,102.731,102.806,102.576,102.648
2024-04-26T15:00:00Z,102.625,102.898,102.564,102.876,102.643,102.916,102.58,102.892
2024-04-26T16:00:00Z,102.879,102.999,102.853,102.956,102.894,103.015,102.871,102.975
2024-04-26T17:00:00Z,102.954,103.072,102.923,103.015,102.972,103.089,102.943,103.03
2024-04-26T18:00:00Z,103.015,103.145,103.012,103.135,103.031,103.164,103.029,103.152
2024-04-26T19:00:00Z,103.135,103.169,103.077,103.16,103.151,103.188,103.097,103.176
2024-04-26T20:00:00Z,103.161,103.468,103.141,103.43,103.175,103.508,103.16,103.498
2024-04-28T21:00:00Z,102.987,103.155,102.979,103.101,103.205,103.315,103.161,103.168
2024-04-28T22:00:00Z,103.101,103.58,103.101,103.414,103.166,103.596,103.166,103.434
2024-04-28T23:00:00Z,103.416,103.511,103.412,103.486,103.437,103.528,103.431,103.504
2024-04-29T00:00:00Z,103.487,103.633,103.319,103.619,103.506,103.651,103.337,103.639
2024-04-29T01:00:00Z,103.62,104.937,103.594,104.382,103.639,104.99,103.612,104.405
2024-04-29T02:00:00Z,104.38,104.676,104.321,104.618,104.404,104.697,104.343,104.639
2024-04-29T03:00:00Z,104.617,104.651,104.545,104.639,104.641,104.67,104.562,104.654
2024-04-29T04:00:00Z,104.64,104.755,102.181,102.774,104.654,104.776,102.208,102.802
2024-04-29T05:00:00Z,102.775,103.069,102.008,102.963,102.802,103.096,102.029,102.985
2024-04-29T06:00:00Z,102.966,103.179,102.886,102.888,102.985,103.199,102.904,102.907
2024-04-29T07:00:00Z,102.885,102.964,101.366,102.096,102.903,102.984,101.387,102.116
2024-04-29T08:00:00Z,102.092,102.334,101.775,102.19,102.114,102.351,101.804,102.219
2024-04-29T09:00:00Z,102.193,102.295,101.901,102.214,102.223,102.316,101.928,102.237
2024-04-29T10:00:00Z,102.212,102.355,102.055,102.319,102.236,102.377,102.079,102.337
2024-04-29T11:00:00Z,102.318,102.669,102.286,102.562,102.338,102.69,102.307,102.581
2024-04-29T12:00:00Z,102.559,102.743,102.51,102.543,102.578,102.763,102.527,102.557
2024-04-29T13:00:00Z,102.545,102.665,102.454,102.648,102.56,102.682,102.482,102.665
2024-04-29T14:00:00Z,102.645,102.77,102.58,102.754,102.663,102.787,102.598,102.771
2024-04-29T15:00:00Z,102.759,102.836,102.717,102.819,102.773,102.854,102.736,102.837
2024-04-29T16:00:00Z,102.82,102.875,101.913,102.358,102.839,102.894,101.938,102.376
2024-04-29T17:00:00Z,102.35,102.584,102.304,102.531,102.369,102.606,102.325,102.547
2024-04-29T18:00:00Z,102.53,102.53,102.203,102.34,102.547,102.548,102.228,102.363
2024-04-29T19:00:00Z,102.34,102.499,102.257,102.482,102.362,102.519,102.28,102.502
2024-04-29T20:00:00Z,102.477,102.676,102.47,102.652,102.498,102.697,102.491,102.688
2024-04-29T21:00:00Z,102.506,102.625,102.489,102.613,102.756,102.8,102.61,102.666
2024-04-29T22:00:00Z,102.609,102.609,102.478,102.57,102.663,102.667,102.502,102.583
2024-04-29T23:00:00Z,102.573,102.652,102.502,102.552,102.594,102.668,102.517,102.57
2024-04-30T00:00:00Z,102.547,102.894,102.394,102.863,102.561,102.913,102.415,102.886
2024-04-30T01:00:00Z,102.87,102.872,102.634,102.637,102.892,102.895,102.654,102.656
2024-04-30T02:00:00Z,102.634,102.667,102.426,102.521,102.652,102.685,102.446,102.541
2024-04-30T03:00:00Z,102.521,102.551,102.354,102.404,102.542,102.567,102.372,102.422
2024-04-30T04:00:00Z,102.402,102.483,102.377,102.406,102.421,102.5,102.396,102.425
2024-04-30T05:00:00Z,102.407,102.439,102.211,102.306,102.424,102.456,102.228,102.325
2024-04-30T06:00:00Z,102.309,102.322,102.105,102.28,102.328,102.338,102.124,102.298
2024-04-30T07:00:00Z,102.28,102.417,102.122,102.402,102.297,102.433,102.144,102.416
2024-04-30T08:00:00Z,102.397,102.459,102.336,102.433,102.411,102.478,102.353,102.452
2024-04-30T09:00:00Z,102.435,102.545,102.413,102.49,102.455,102.559,102.437,102.509
2024-04-30T10:00:00Z,102.49,102.552,102.417,102.487,102.508,102.569,102.434,102.505
2024-04-30T11:00:00Z,102.486,102.489,102.414,102.447,102.501,102.507,102.432,102.465
2024-04-30T12:00:00Z,102.446,102.544,102.255,102.331,102.466,102.571,102.277,102.349
2024-04-30T13:00:00Z,102.334,102.474,102.159,102.194,102.352,102.491,102.177,102.218
2024-04-30T14:00:00Z,102.201,102.307,102.115,102.146,102.22,102.321,102.132,102.163
2024-04-30T15:00:00Z,102.152,102.268,102.147,102.221,102.166,102.286,102.164,102.238
2024-04-30T16:00:00Z,102.223,102.236,102.104,102.14,102.238,102.254,102.12,102.157
2024-04-30T17:00:00Z,102.139,102.28,102.127,102.258,102.157,102.298,102.145,102.275
2024-04-30T18:00:00Z,102.259,102.292,102.178,102.22,102.275,102.309,102.194,102.236
2024-04-30T19:00:00Z,102.22,102.265,102.145,102.148,102.239,102.283,102.162,102.166
2024-04-30T20:00:00Z,102.146,102.199,102.126,102.144,102.165,102.217,102.154,102.165
2024-04-30T21:00:00Z,102.13,102.142,102.004,102.123,102.154,102.325,102.117,102.185
2024-04-30T22:00:00Z,102.123,102.145,102.038,102.092,102.182,102.188,102.062,102.117
2024-04-30T23:00:00Z,102.094,102.168,102.054,102.141,102.118,102.188,102.073,102.159
2024-05-01T00:00:00Z,102.141,102.156,101.984,102.003,102.158,102.175,102.003,102.023
2024-05-01T01:00:00Z,102.004,102.149,101.995,102.131,102.022,102.167,102.012,102.151
2024-05-01T02:00:00Z,102.129,102.185,102.067,102.177,102.148,102.205,102.085,102.194
2024-05-01T03:00:00Z,102.18,102.189,102.118,102.139,102.197,102.207,102.134,102.156
2024-05-01T04:00:00Z,102.139,102.199,102.07,102.16,102.155,102.215,102.085,102.178
2024-05-01T05:00:00Z,102.158,102.277,102.126,102.264,102.175,102.293,102.143,102.279
2024-05-01T06:00:00Z,102.26,102.317,102.205,102.287,102.276,102.333,102.22,102.3
2024-05-01T07:00:00Z,102.289,102.382,102.225,102.259,102.302,102.4,102.244,102.277
2024-05-01T08:00:00Z,102.262,102.372,102.261,102.357,102.279,102.389,102.279,102.371
2024-05-01T09:00:00Z,102.357,102.39,102.304,102.358,102.372,102.407,102.318,102.375
2024-05-01T10:00:00Z,102.355,102.368,102.296,102.327,102.373,102.386,102.313,102.346
2024-05-01T11:00:00Z,102.325,102.367,102.286,102.332,102.344,102.384,102.302,102.351
2024-05-01T12:00:00Z,102.331,102.461,102.298,102.326,102.349,102.48,102.315,102.344
2024-05-01T13:00:00Z,102.327,102.368,102.177,102.236,102.344,102.384,102.195,102.296
2024-05-01T14:00:00Z,102.228,102.357,102.179,102.327,102.297,102.39,102.196,102.343
2024-05-01T15:00:00Z,102.332,102.422,102.301,102.375,102.348,102.438,102.317,102.391
2024-05-01T16:00:00Z,102.377,102.377,102.285,102.285,102.392,102.393,102.301,102.301
2024-05-01T17:00:00Z,102.285,102.306,102.205,102.234,102.302,102.363,102.219,102.363
2024-05-01T18:00:00Z,102.234,102.728,102.198,102.664,102.37,102.748,102.231,102.683
2024-05-01T19:00:00Z,102.668,102.743,102.348,102.384,102.688,102.763,102.367,102.402
2024-05-01T20:00:00Z,102.391,102.486,99.895,100.741,102.406,102.505,99.941,100.782
2024-05-01T21:00:00Z,100.906,101.302,100.605,100.609,101.045,101.409,100.751,100.854
2024-05-01T22:00:00Z,100.599,101.457,100.569,101.454,100.849,101.481,100.702,101.477
2024-05-01T23:00:00Z,101.457,101.721,101.282,101.683,101.476,101.741,101.303,101.704
2024-05-02T00:00:00Z,101.681,101.848,101.622,101.76,101.702,101.866,101.644,101.781
2024-05-02T01:00:00Z,101.76,101.965,101.698,101.934,101.78,101.982,101.716,101.952
2024-05-02T02:00:00Z,101.935,102.04,101.752,101.838,101.952,102.061,101.775,101.857
2024-05-02T03:00:00Z,101.838,101.916,101.795,101.827,101.856,101.933,101.814,101.848
2024-05-02T04:00:00Z,101.827,101.996,101.75,101.829,101.847,102.011,101.767,101.846
2024-05-02T05:00:00Z,101.826,101.867,101.702,101.831,101.845,101.886,101.724,101.853
2024-05-02T06:00:00Z,101.829,101.837,101.49,101.605,101.85,101.855,101.506,101.624
2024-05-02T07:00:00Z,101.604,101.727,101.5,101.69,101.624,101.748,101.52,101.708
2024-05-02T08:00:00Z,101.69,101.793,101.393,101.417,101.709,101.813,101.412,101.435
2024-05-02T09:00:00Z,101.417,101.489,101.334,101.406,101.434,101.507,101.353,101.423
2024-05-02T10:00:00Z,101.405,101.405,101.17,101.176,101.423,101.424,101.188,101.192
2024-05-02T11:00:00Z,101.175,101.269,100.949,101.033,101.194,101.288,100.967,101.052
2024-05-02T12:00:00Z,101.035,101.151,100.872,100.888,101.052,101.172,100.89,100.906
2024-05-02T13:00:00Z,100.883,101.111,100.732,100.76,100.901,101.129,100.749,100.778
2024-05-02T14:00:00Z,100.764,100.939,100.585,100.684,100.783,100.955,100.603,100.701
2024-05-02T15:00:00Z,100.685,100.741,100.454,100.671,100.701,100.758,100.472,100.691
2024-05-02T16:00:00Z,100.669,100.863,100.527,100.821,100.689,100.882,100.546,100.841
2024-05-02T17:00:00Z,100.824,100.857,100.556,100.635,100.844,100.876,100.575,100.656
2024-05-02T18:00:00Z,100.636,100.708,100.558,100.604,100.655,100.729,100.578,100.623
2024-05-02T19:00:00Z,100.606,100.724,100.491,100.571,100.626,100.741,100.512,100.593
2024-05-02T20:00:00Z,100.569,100.981,100.569,100.877,100.59,101.003,100.59,100.938
2024-05-02T21:00:00Z,100.77,100.956,100.746,100.903,100.985,101.067,100.928,100.979
2024-05-02T22:00:00Z,100.907,100.911,100.67,100.686,100.975,100.992,100.693,100.707
2024-05-02T23:00:00Z,100.687,100.712,100.472,100.606,100.709,100.728,100.494,100.627
2024-05-03T00:00:00Z,100.605,100.861,100.47,100.746,100.628,100.88,100.493,100.766
2024-05-03T01:00:00Z,100.746,100.78,100.52,100.569,100.765,100.8,100.537,100.589
2024-05-03T02:00:00Z,100.569,100.635,100.496,100.628,100.59,100.654,100.516,100.649
2024-05-03T03:00:00Z,100.624,100.654,100.548,100.602,100.643,100.675,100.566,100.621
2024-05-03T04:00:00Z,100.605,100.624,100.45,100.514,100.622,100.641,100.468,100.532
2024-05-03T05:00:00Z,100.515,100.703,100.515,100.644,100.532,100.719,100.532,100.664
2024-05-03T06:00:00Z,100.638,100.744,100.536,100.734,100.656,100.763,100.549,100.754
2024-05-03T07:00:00Z,100.737,100.811,100.627,100.784,100.755,100.828,100.647,100.803
2024-05-03T08:00:00Z,100.788,100.879,100.754,100.829,100.805,100.897,100.769,100.845
2024-05-03T09:00:00Z,100.829,100.829,100.658,100.732,100.846,100.847,100.676,100.751
2024-05-03T10:00:00Z,100.732,100.793,100.713,100.791,100.75,100.812,100.731,100.808
2024-05-03T11:00:00Z,100.789,100.882,100.762,100.806,100.809,100.902,100.781,100.825
2024-05-03T12:00:00Z,100.806,101.066,100.627,101.014,100.822,101.106,100.78,101.031
2024-05-03T13:00:00Z,101.015,101.177,100.964,101.058,101.03,101.195,100.981,101.117
2024-05-03T14:00:00Z,101.026,101.216,100.876,101.047,101.116,101.29,100.896,101.064
2024-05-03T15:00:00Z,101.045,101.166,101.011,101.095,101.063,101.184,101.029,101.111
2024-05-03T16:00:00Z,101.095,101.116,100.991,101.064,101.109,101.13,101.006,101.082
2024-05-03T17:00:00Z,101.065,101.112,101.024,101.107,101.082,101.129,101.041,101.123
2024-05-03T18:00:00Z,101.107,101.168,101.106,101.135,101.122,101.187,101.121,101.153
2024-05-03T19:00:00Z,101.133,101.16,101.074,101.087,101.151,101.18,101.092,101.105
2024-05-03T20:00:00Z,101.086,101.105,101.018,101.1,101.105,101.146,101.057,101.131
2024-05-05T21:00:00Z,101.056,101.126,100.9,100.98,101.306,101.367,101.04,101.061
2024-05-05T22:00:00Z,100.992,101.345,100.992,101.343,101.055,101.362,101.055,101.362
2024-05-05T23:00:00Z,101.344,101.581,101.289,101.54,101.364,101.602,101.31,101.559
2024-05-06T00:00:00Z,101.543,101.644,101.409,101.5,101.562,101.664,101.424,101.521
2024-05-06T01:00:00Z,101.504,101.667,101.479,101.655,101.525,101.686,101.498,101.67
2024-05-06T02:00:00Z,101.658,101.794,101.621,101.736,101.673,101.812,101.642,101.756
2024-05-06T03:00:00Z,101.737,101.841,101.686,101.812,101.758,101.858,101.707,101.831
2024-05-06T04:00:00Z,101.812,101.837,101.727,101.81,101.829,101.857,101.745,101.828
2024-05-06T05:00:00Z,101.809,101.856,101.745,101.769,101.828,101.875,101.762,101.789
2024-05-06T06:00:00Z,101.767,101.835,101.746,101.749,101.788,101.852,101.762,101.768
2024-05-06T07:00:00Z,101.748,101.865,101.747,101.84,101.769,101.885,101.763,101.859
2024-05-06T08:00:00Z,101.84,101.937,101.788,101.88,101.86,101.955,101.807,101.896
2024-05-06T09:00:00Z,101.878,101.927,101.843,101.896,101.894,101.944,101.864,101.913
2024-05-06T10:00:00Z,101.895,101.922,101.836,101.913,101.913,101.942,101.854,101.93
2024-05-06T11:00:00Z,101.911,101.95,101.873,101.933,101.93,101.969,101.892,101.95
2024-05-06T12:00:00Z,101.935,101.985,101.813,101.838,101.95,102.003,101.832,101.857
2024-05-06T13:00:00Z,101.839,102.005,101.832,101.962,101.857,102.023,101.85,101.977
2024-05-06T14:00:00Z,101.965,102.042,101.928,101.992,101.978,102.06,101.947,102.01
2024-05-06T15:00:00Z,101.992,101.996,101.876,101.88,102.009,102.012,101.891,101.899
2024-05-06T16:00:00Z,101.878,102.006,101.865,101.979,101.896,102.022,101.883,101.998
2024-05-06T17:00:00Z,101.979,102.018,101.94,101.996,102.0,102.035,101.958,102.015
2024-05-06T18:00:00Z,101.996,102.041,101.975,101.982,102.014,102.06,101.993,101.998
2024-05-06T19:00:00Z,101.981,102.003,101.898,101.93,101.998,102.02,101.913,101.947
2024-05-06T20:00:00Z,101.927,101.973,101.899,101.956,101.945,101.995,101.917,101.984
2024-05-06T21:00:00Z,101.865,101.935,101.851,101.92,102.017,102.025,101.926,101.973
2024-05-06T22:00:00Z,101.917,101.983,101.914,101.972,101.967,102.001,101.935,101.991
2024-05-06T23:00:00Z,101.97,102.189,101.968,102.153,101.988,102.207,101.987,102.172
2024-05-07T00:00:00Z,102.154,102.319,102.109,102.191,102.174,102.336,102.13,102.211
2024-05-07T01:00:00Z,102.193,102.362,102.171,102.253,102.21,102.381,102.189,102.271
2024-05-07T02:00:00Z,102.254,102.343,102.222,102.322,102.27,102.36,102.24,102.34
2024-05-07T03:00:00Z,102.319,102.463,102.297,102.448,102.337,102.478,102.315,102.462
2024-05-07T04:00:00Z,102.447,102.462,101.937,102.071,102.463,102.478,101.953,102.088
2024-05-07T05:00:00Z,102.069,102.168,101.938,102.008,102.087,102.186,101.958,102.027
2024-05-07T06:00:00Z,102.005,102.022,101.708,101.747,102.024,102.042,101.728,101.764
2024-05-07T07:00:00Z,101.746,101.87,101.661,101.724,101.764,101.884,101.678,101.74
2024-05-07T08:00:00Z,101.729,101.926,101.574,101.895,101.743,101.943,101.589,101.912
2024-05-07T09:00:00Z,101.89,101.956,101.873,101.92,101.907,101.973,101.889,101.937
2024-05-07T10:00:00Z,101.921,102.067,101.92,102.014,101.937,102.083,101.937,102.029
2024-05-07T11:00:00Z,102.015,102.092,101.993,102.053,102.028,102.109,102.01,102.069
2024-05-07T12:00:00Z,102.05,102.242,102.047,102.194,102.067,102.26,102.061,102.209
2024-05-07T13:00:00Z,102.196,102.236,102.096,102.142,102.21,102.254,102.113,102.161
2024-05-07T14:00:00Z,102.142,102.247,102.094,102.217,102.16,102.263,102.108,102.233
2024-05-07T15:00:00Z,102.218,102.222,102.104,102.13,102.233,102.238,102.121,102.143
2024-05-07T16:00:00Z,102.13,102.144,101.964,101.987,102.144,102.161,101.981,102.0
2024-05-07T17:00:00Z,101.987,102.037,101.92,101.954,102.001,102.055,101.936,101.97
2024-05-07T18:00:00Z,101.955,102.017,101.915,102.016,101.97,102.035,101.929,102.034
2024-05-07T19:00:00Z,102.015,102.059,101.979,102.034,102.034,102.075,101.998,102.05
2024-05-07T20:00:00Z,102.032,102.075,102.032,102.056,102.049,102.094,102.048,102.082
2024-05-07T21:00:00Z,101.966,102.035,101.922,101.986,102.14,102.173,102.019,102.028
2024-05-07T22:00:00Z,101.988,102.053,101.975,101.992,102.028,102.073,101.993,102.01
2024-05-07T23:00:00Z,101.994,102.043,101.945,101.968,102.013,102.061,101.961,101.986
2024-05-08T00:00:00Z,101.965,102.048,101.883,101.944,101.982,102.066,101.901,101.962
2024-05-08T01:00:00Z,101.947,102.021,101.818,101.944,101.963,102.042,101.834,101.959
2024-05-08T02:00:00Z,101.948,102.041,101.929,101.993,101.962,102.058,101.948,102.008
2024-05-08T03:00:00Z,101.995,102.033,101.928,101.983,102.009,102.048,101.945,102.001
2024-05-08T04:00:00Z,101.982,102.089,101.91,102.053,101.999,102.107,101.927,102.07
2024-05-08T05:00:00Z,102.053,102.133,102.029,102.059,102.068,102.15,102.045,102.078
2024-05-08T06:00:00Z,102.056,102.167,102.022,102.077,102.071,102.184,102.042,102.095
2024-05-08T07:00:00Z,102.077,102.128,101.987,102.045,102.093,102.146,102.005,102.063
2024-05-08T08:00:00Z,102.045,102.087,101.944,102.035,102.062,102.104,101.96,102.053
2024-05-08T09:00:00Z,102.035,102.122,102.002,102.1,102.055,102.138,102.019,102.117
2024-05-08T10:00:00Z,102.102,102.123,102.008,102.07,102.119,102.141,102.029,102.085
2024-05-08T11:00:00Z,102.07,102.099,102.011,102.055,102.083,102.118,102.03,102.074
2024-05-08T12:00:00Z,102.057,102.121,102.008,102.106,102.074,102.14,102.027,102.121
2024-05-08T13:00:00Z,102.105,102.228,102.083,102.191,102.123,102.245,102.101,102.206
2024-05-08T14:00:00Z,102.196,102.309,102.146,102.293,102.209,102.326,102.162,102.31
2024-05-08T15:00:00Z,102.29,102.362,102.201,102.309,102.306,102.38,102.214,102.327
2024-05-08T16:00:00Z,102.31,102.333,102.276,102.292,102.327,102.352,102.294,102.311
2024-05-08T17:00:00Z,102.292,102.33,102.264,102.304,102.309,102.345,102.282,102.321
2024-05-08T18:00:00Z,102.305,102.378,102.288,102.334,102.321,102.396,102.303,102.348
2024-05-08T19:00:00Z,102.333,102.38,102.323,102.372,102.348,102.397,102.339,102.389
2024-05-08T20:00:00Z,102.37,102.377,102.302,102.302,102.386,102.399,102.355,102.355
2024-05-08T21:00:00Z,102.244,102.332,102.235,102.321,102.376,102.385,102.29,102.378
2024-05-08T22:00:00Z,102.321,102.381,102.311,102.376,102.382,102.403,102.341,102.395
2024-05-08T23:00:00Z,102.379,102.383,102.172,102.192,102.398,102.403,102.191,102.212
2024-05-09T00:00:00Z,102.193,102.277,102.042,102.25,102.211,102.296,102.06,102.268
2024-05-09T01:00:00Z,102.25,102.383,102.201,102.367,102.269,102.4,102.22,102.386
2024-05-09T02:00:00Z,102.368,102.373,102.246,102.296,102.385,102.388,102.264,102.314
2024-05-09T03:00:00Z,102.297,102.448,102.297,102.395,102.316,102.467,102.316,102.414
2024-05-09T04:00:00Z,102.396,102.459,102.318,102.345,102.412,102.477,102.335,102.363
2024-05-09T05:00:00Z,102.34,102.379,102.31,102.355,102.36,102.398,102.329,102.374
2024-05-09T06:00:00Z,102.355,102.391,102.258,102.273,102.375,102.408,102.276,102.29
2024-05-09T07:00:00Z,102.274,102.453,102.257,102.452,102.29,102.468,102.27,102.467
2024-05-09T08:00:00Z,102.451,102.528,102.425,102.479,102.467,102.546,102.441,102.496
2024-05-09T09:00:00Z,102.48,102.559,102.451,102.508,102.496,102.576,102.469,102.524
2024-05-09T10:00:00Z,102.505,102.568,102.493,102.527,102.523,102.587,102.511,102.546
2024-05-09T11:00:00Z,102.53,102.63,102.47,102.605,102.549,102.648,102.488,102.623
2024-05-09T12:00:00Z,102.603,102.836,102.596,102.798,102.622,102.855,102.613,102.813
2024-05-09T13:00:00Z,102.797,102.822,102.65,102.748,102.813,102.839,102.667,102.764
2024-05-09T14:00:00Z,102.751,102.82,102.727,102.774,102.767,102.839,102.744,102.789
2024-05-09T15:00:00Z,102.77,102.851,102.745,102.815,102.785,102.867,102.76,102.831
2024-05-09T16:00:00Z,102.818,102.879,102.788,102.849,102.833,102.895,102.803,102.865
2024-05-09T17:00:00Z,102.851,102.878,102.815,102.823,102.867,102.894,102.831,102.838
2024-05-09T18:00:00Z,102.822,102.904,102.804,102.881,102.836,102.92,102.82,102.898
2024-05-09T19:00:00Z,102.882,102.917,102.861,102.885,102.897,102.933,102.877,102.901
2024-05-09T20:00:00Z,102.882,102.941,102.859,102.903,102.899,102.959,102.875,102.941
2024-05-09T21:00:00Z,102.86,102.918,102.858,102.914,102.995,103.017,102.925,102.95
2024-05-09T22:00:00Z,102.916,102.93,102.841,102.867,102.951,102.959,102.863,102.888
2024-05-09T23:00:00Z,102.868,102.879,102.769,102.816,102.887,102.897,102.788,102.829
2024-05-10T00:00:00Z,102.817,102.921,102.806,102.828,102.832,102.941,102.824,102.846
2024-05-10T01:00:00Z,102.83,102.917,102.818,102.875,102.846,102.932,102.836,102.891
2024-05-10T02:00:00Z,102.874,102.884,102.766,102.845,102.891,102.903,102.781,102.861
2024-05-10T03:00:00Z,102.84,102.872,102.791,102.872,102.859,102.89,102.806,102.888
2024-05-10T04:00:00Z,102.871,102.906,102.842,102.844,102.888,102.921,102.857,102.86
2024-05-10T05:00:00Z,102.842,102.889,102.824,102.842,102.86,102.903,102.842,102.859
2024-05-10T06:00:00Z,102.841,102.942,102.803,102.905,102.856,102.96,102.82,102.926
2024-05-10T07:00:00Z,102.906,103.023,102.857,102.918,102.926,103.042,102.874,102.938
2024-05-10T08:00:00Z,102.918,102.966,102.85,102.901,102.937,102.983,102.867,102.918
2024-05-10T09:00:00Z,102.903,102.965,102.865,102.942,102.918,102.983,102.883,102.961
2024-05-10T10:00:00Z,102.941,102.974,102.877,102.939,102.959,102.991,102.894,102.955
2024-05-10T11:00:00Z,102.937,102.959,102.857,102.857,102.955,102.977,102.874,102.874
2024-05-10T12:00:00Z,102.855,103.007,102.846,102.98,102.874,103.025,102.864,102.998
2024-05-10T13:00:00Z,102.98,103.043,102.916,103.009,102.997,103.059,102.932,103.04
2024-05-10T14:00:00Z,103.0,103.045,102.774,102.908,103.04,103.106,102.793,102.925
2024-05-10T15:00:00Z,102.905,102.953,102.816,102.944,102.922,102.97,102.833,102.961
2024-05-10T16:00:00Z,102.949,102.971,102.898,102.946,102.965,102.987,102.913,102.962
2024-05-10T17:00:00Z,102.943,102.952,102.865,102.927,102.959,102.965,102.88,102.944
2024-05-10T18:00:00Z,102.929,102.955,102.901,102.942,102.945,102.972,102.917,102.958
2024-05-10T19:00:00Z,102.943,102.965,102.895,102.898,102.958,102.982,102.911,102.913
2024-05-10T20:00:00Z,102.9,102.914,102.828,102.83,102.917,102.931,102.864,102.911
2024-05-12T21:00:00Z,102.73,102.792,102.713,102.746,102.88,102.899,102.821,102.841
2024-05-12T22:00:00Z,102.755,102.881,102.755,102.86,102.851,102.905,102.814,102.88
2024-05-12T23:00:00Z,102.864,102.915,102.835,102.842,102.884,102.936,102.853,102.863
2024-05-13T00:00:00Z,102.843,102.952,102.808,102.837,102.863,102.972,102.822,102.85
2024-05-13T01:00:00Z,102.836,102.862,102.589,102.642,102.85,102.878,102.612,102.661
2024-05-13T02:00:00Z,102.642,102.782,102.629,102.754,102.663,102.801,102.647,102.775
2024-05-13T03:00:00Z,102.754,102.792,102.716,102.778,102.774,102.81,102.735,102.796
2024-05-13T04:00:00Z,102.78,102.799,102.713,102.743,102.797,102.816,102.73,102.76
2024-05-13T05:00:00Z,102.744,102.803,102.741,102.757,102.76,102.817,102.758,102.77
2024-05-13T06:00:00Z,102.752,102.838,102.752,102.811,102.767,102.853,102.765,102.828
2024-05-13T07:00:00Z,102.811,102.939,102.794,102.922,102.827,102.956,102.812,102.939
2024-05-13T08:00:00Z,102.921,103.005,102.88,102.994,102.94,103.018,102.897,103.012
2024-05-13T09:00:00Z,102.993,103.052,102.966,103.012,103.012,103.071,102.984,103.028
2024-05-13T10:00:00Z,103.009,103.037,102.982,103.025,103.027,103.055,102.999,103.043
2024-05-13T11:00:00Z,103.024,103.168,103.014,103.132,103.043,103.184,103.03,103.15
2024-05-13T12:00:00Z,103.131,103.213,103.098,103.141,103.148,103.231,103.112,103.159
2024-05-13T13:00:00Z,103.144,103.239,103.133,103.182,103.161,103.255,103.147,103.197
2024-05-13T14:00:00Z,103.182,103.255,103.103,103.228,103.196,103.273,103.118,103.244
2024-05-13T15:00:00Z,103.228,103.245,103.118,103.218,103.245,103.264,103.133,103.237
2024-05-13T16:00:00Z,103.219,103.262,103.191,103.218,103.236,103.278,103.207,103.233
2024-05-13T17:00:00Z,103.218,103.236,103.13,103.221,103.235,103.253,103.147,103.238
2024-05-13T18:00:00Z,103.221,103.235,103.171,103.221,103.237,103.252,103.188,103.239
2024-05-13T19:00:00Z,103.221,103.227,103.171,103.206,103.237,103.244,103.187,103.222
2024-05-13T20:00:00Z,103.206,103.24,103.181,103.218,103.224,103.256,103.199,103.248
2024-05-13T21:00:00Z,103.163,103.223,103.082,103.188,103.333,103.344,103.214,103.23
2024-05-13T22:00:00Z,103.188,103.258,103.185,103.241,103.232,103.276,103.207,103.258
2024-05-13T23:00:00Z,103.244,103.289,103.204,103.278,103.259,103.306,103.223,103.296
2024-05-14T00:00:00Z,103.277,103.301,103.213,103.225,103.294,103.32,103.232,103.242
2024-05-14T01:00:00Z,103.224,103.324,103.213,103.27,103.243,103.341,103.23,103.286
2024-05-14T02:00:00Z,103.271,103.294,103.24,103.272,103.286,103.311,103.258,103.288
2024-05-14T03:00:00Z,103.273,103.302,103.238,103.246,103.29,103.319,103.255,103.265
2024-05-14T04:00:00Z,103.251,103.254,103.177,103.217,103.271,103.273,103.19,103.238
2024-05-14T05:00:00Z,103.218,103.27,103.196,103.225,103.238,103.289,103.211,103.246
2024-05-14T06:00:00Z,103.226,103.32,103.213,103.273,103.245,103.337,103.232,103.286
2024-05-14T07:00:00Z,103.271,103.401,103.263,103.392,103.286,103.42,103.279,103.408
2024-05-14T08:00:00Z,103.394,103.395,103.251,103.303,103.408,103.411,103.27,103.322
2024-05-14T09:00:00Z,103.302,103.379,103.261,103.361,103.32,103.396,103.28,103.38
2024-05-14T10:00:00Z,103.359,103.419,103.327,103.416,103.379,103.437,103.347,103.431
2024-05-14T11:00:00Z,103.418,103.456,103.39,103.408,103.432,103.473,103.409,103.425
2024-05-14T12:00:00Z,103.405,103.659,103.077,103.613,103.421,103.676,103.122,103.63
2024-05-14T13:00:00Z,103.613,103.639,103.464,103.597,103.631,103.657,103.48,103.613
2024-05-14T14:00:00Z,103.596,103.641,103.487,103.59,103.611,103.656,103.505,103.607
2024-05-14T15:00:00Z,103.59,103.69,103.551,103.634,103.608,103.709,103.57,103.653
2024-05-14T16:00:00Z,103.63,103.641,103.575,103.593,103.647,103.659,103.591,103.611
2024-05-14T17:00:00Z,103.595,103.595,103.532,103.565,103.611,103.611,103.548,103.581
2024-05-14T18:00:00Z,103.56,103.627,103.56,103.605,103.577,103.644,103.577,103.619
2024-05-14T19:00:00Z,103.603,103.693,103.601,103.672,103.619,103.707,103.616,103.688
2024-05-14T20:00:00Z,103.673,103.682,103.627,103.655,103.688,103.699,103.643,103.682
2024-05-14T21:00:00Z,103.581,103.638,103.581,103.629,103.663,103.685,103.65,103.664
2024-05-14T22:00:00Z,103.627,103.671,103.605,103.648,103.662,103.688,103.634,103.665
2024-05-14T23:00:00Z,103.645,103.686,103.61,103.67,103.664,103.704,103.625,103.689
2024-05-15T00:00:00Z,103.667,103.777,103.618,103.621,103.686,103.795,103.634,103.638
2024-05-15T01:00:00Z,103.624,103.72,103.528,103.709,103.64,103.738,103.556,103.724
2024-05-15T02:00:00Z,103.711,103.951,103.71,103.899,103.725,103.969,103.725,103.916
2024-05-15T03:00:00Z,103.9,104.028,103.885,103.957,103.916,104.045,103.9,103.972
2024-05-15T04:00:00Z,103.954,103.956,103.829,103.842,103.971,103.972,103.846,103.859
2024-05-15T05:00:00Z,103.842,103.892,103.779,103.838,103.86,103.906,103.797,103.856
2024-05-15T06:00:00Z,103.838,103.882,103.788,103.792,103.854,103.898,103.803,103.81
2024-05-15T07:00:00Z,103.79,103.837,103.627,103.685,103.807,103.854,103.645,103.703
2024-05-15T08:00:00Z,103.685,103.715,103.381,103.436,103.702,103.732,103.399,103.453
2024-05-15T09:00:00Z,103.433,103.551,103.384,103.545,103.452,103.568,103.403,103.563
2024-05-15T10:00:00Z,103.541,103.56,103.345,103.374,103.559,103.576,103.366,103.393
2024-05-15T11:00:00Z,103.373,103.43,103.299,103.393,103.391,103.446,103.317,103.41
2024-05-15T12:00:00Z,103.392,103.584,103.126,103.327,103.41,103.602,103.206,103.342
2024-05-15T13:00:00Z,103.324,103.418,103.228,103.342,103.34,103.435,103.245,103.357
2024-05-15T14:00:00Z,103.348,103.56,103.263,103.512,103.362,103.573,103.277,103.528
2024-05-15T15:00:00Z,103.516,103.566,103.422,103.435,103.531,103.583,103.439,103.452
2024-05-15T16:00:00Z,103.439,103.635,103.364,103.619,103.455,103.653,103.381,103.637
2024-05-15T17:00:00Z,103.625,103.657,103.488,103.59,103.642,103.675,103.504,103.604
2024-05-15T18:00:00Z,103.589,103.668,103.579,103.63,103.604,103.682,103.593,103.644
2024-05-15T19:00:00Z,103.632,103.714,103.607,103.709,103.646,103.73,103.621,103.724
2024-05-15T20:00:00Z,103.711,103.711,103.623,103.671,103.728,103.728,103.642,103.692
2024-05-15T21:00:00Z,103.621,103.621,103.484,103.559,103.663,103.675,103.607,103.617
2024-05-15T22:00:00Z,103.567,103.625,103.465,103.487,103.633,103.662,103.482,103.508
2024-05-15T23:00:00Z,103.487,103.556,103.281,103.371,103.505,103.576,103.301,103.389
2024-05-16T00:00:00Z,103.369,103.501,103.088,103.137,103.384,103.521,103.103,103.154
2024-05-16T01:00:00Z,103.137,103.171,102.794,103.024,103.152,103.186,102.812,103.04
2024-05-16T02:00:00Z,103.024,103.07,102.923,103.053,103.042,103.087,102.943,103.072
2024-05-16T03:00:00Z,103.056,103.141,103.0,103.033,103.073,103.158,103.014,103.052
2024-05-16T04:00:00Z,103.033,103.033,102.841,102.924,103.051,103.051,102.859,102.94
2024-05-16T05:00:00Z,102.924,103.04,102.832,102.999,102.938,103.058,102.85,103.016
2024-05-16T06:00:00Z,102.997,103.096,102.903,103.088,103.013,103.116,102.924,103.106
2024-05-16T07:00:00Z,103.09,103.241,103.08,103.233,103.108,103.26,103.1,103.25
2024-05-16T08:00:00Z,103.234,103.404,103.217,103.341,103.253,103.423,103.236,103.359
2024-05-16T09:00:00Z,103.343,103.379,103.288,103.296,103.361,103.397,103.306,103.313
2024-05-16T10:00:00Z,103.295,103.315,103.204,103.24,103.313,103.334,103.223,103.259
2024-05-16T11:00:00Z,103.242,103.346,103.236,103.281,103.26,103.364,103.255,103.298
2024-05-16T12:00:00Z,103.28,103.531,103.25,103.531,103.298,103.549,103.289,103.549
2024-05-16T13:00:00Z,103.531,103.556,103.442,103.537,103.551,103.575,103.459,103.555
2024-05-16T14:00:00Z,103.54,103.707,103.456,103.676,103.558,103.723,103.473,103.692
2024-05-16T15:00:00Z,103.677,103.753,103.558,103.737,103.692,103.772,103.573,103.756
2024-05-16T16:00:00Z,103.738,103.748,103.651,103.682,103.756,103.766,103.67,103.699
2024-05-16T17:00:00Z,103.68,103.697,103.618,103.677,103.699,103.712,103.636,103.693
2024-05-16T18:00:00Z,103.678,103.748,103.631,103.747,103.695,103.764,103.648,103.763
2024-05-16T19:00:00Z,103.749,103.807,103.738,103.783,103.764,103.823,103.753,103.799
2024-05-16T20:00:00Z,103.78,103.784,103.736,103.777,103.797,103.802,103.752,103.801
2024-05-16T21:00:00Z,103.702,103.731,103.638,103.703,103.786,103.818,103.756,103.772
2024-05-16T22:00:00Z,103.701,103.802,103.692,103.776,103.762,103.821,103.762,103.792
2024-05-16T23:00:00Z,103.774,103.846,103.764,103.834,103.792,103.865,103.782,103.851
2024-05-17T00:00:00Z,103.837,103.853,103.713,103.723,103.854,103.872,103.731,103.74
2024-05-17T01:00:00Z,103.726,103.995,103.719,103.935,103.743,104.014,103.737,103.956
2024-05-17T02:00:00Z,103.94,103.978,103.768,103.853,103.962,104.0,103.787,103.872
2024-05-17T03:00:00Z,103.853,103.897,103.786,103.799,103.873,103.915,103.806,103.817
2024-05-17T04:00:00Z,103.802,103.824,103.748,103.799,103.818,103.843,103.765,103.816
2024-05-17T05:00:00Z,103.792,103.952,103.788,103.943,103.812,103.969,103.807,103.96
2024-05-17T06:00:00Z,103.94,103.977,103.747,103.789,103.958,103.997,103.765,103.807
2024-05-17T07:00:00Z,103.792,103.955,103.781,103.831,103.81,103.972,103.797,103.847
2024-05-17T08:00:00Z,103.831,103.873,103.691,103.712,103.848,103.891,103.709,103.729
2024-05-17T09:00:00Z,103.715,103.739,103.652,103.667,103.732,103.756,103.668,103.681
2024-05-17T10:00:00Z,103.669,103.711,103.618,103.665,103.688,103.726,103.635,103.682
2024-05-17T11:00:00Z,103.665,103.769,103.648,103.767,103.681,103.786,103.665,103.783
2024-05-17T12:00:00Z,103.762,103.798,103.725,103.781,103.78,103.814,103.743,103.798
2024-05-17T13:00:00Z,103.783,103.965,103.77,103.941,103.801,103.981,103.786,103.96
2024-05-17T14:00:00Z,103.944,104.046,103.924,103.925,103.962,104.065,103.941,103.943
2024-05-17T15:00:00Z,103.925,103.974,103.86,103.971,103.944,103.993,103.877,103.991
2024-05-17T16:00:00Z,103.967,104.043,103.94,104.037,103.986,104.06,103.957,104.055
2024-05-17T17:00:00Z,104.037,104.187,104.027,104.159,104.054,104.205,104.042,104.177
2024-05-17T18:00:00Z,104.161,104.266,104.11,104.259,104.176,104.283,104.127,104.276
2024-05-17T19:00:00Z,104.256,104.292,104.199,104.234,104.273,104.311,104.219,104.253
2024-05-17T20:00:00Z,104.234,104.258,104.142,104.142,104.254,104.279,104.212,104.226
2024-05-19T21:00:00Z,104.067,104.182,104.046,104.119,104.275,104.296,104.169,104.199
2024-05-19T22:00:00Z,104.112,104.252,104.11,104.214,104.192,104.275,104.192,104.235
2024-05-19T23:00:00Z,104.215,104.424,104.204,104.349,104.235,104.441,104.223,104.365
2024-05-20T00:00:00Z,104.35,104.468,104.308,104.432,104.368,104.487,104.329,104.451
2024-05-20T01:00:00Z,104.43,104.556,104.402,104.473,104.448,104.575,104.421,104.49
2024-05-20T02:00:00Z,104.477,104.479,104.347,104.37,104.498,104.498,104.363,104.388
2024-05-20T03:00:00Z,104.37,104.381,104.256,104.354,104.387,104.399,104.274,104.373
2024-05-20T04:00:00Z,104.355,104.462,104.354,104.458,104.373,104.48,104.373,104.477
2024-05-20T05:00:00Z,104.458,104.485,104.331,104.378,104.475,104.502,104.35,104.395
2024-05-20T06:00:00Z,104.377,104.377,104.237,104.277,104.391,104.394,104.253,104.294
2024-05-20T07:00:00Z,104.274,104.339,104.08,104.254,104.293,104.357,104.1,104.27
2024-05-20T08:00:00Z,104.253,104.267,104.152,104.191,104.267,104.283,104.172,104.208
2024-05-20T09:00:00Z,104.189,104.236,104.145,104.232,104.207,104.255,104.161,104.251
2024-05-20T10:00:00Z,104.234,104.265,104.112,104.125,104.254,104.283,104.131,104.142
2024-05-20T11:00:00Z,104.128,104.183,104.071,104.076,104.144,104.2,104.091,104.092
2024-05-20T12:00:00Z,104.081,104.119,103.904,104.075,104.098,104.134,103.922,104.092
2024-05-20T13:00:00Z,104.075,104.229,104.058,104.212,104.093,104.246,104.076,104.228
2024-05-20T14:00:00Z,104.211,104.289,104.127,104.179,104.23,104.305,104.143,104.194
2024-05-20T15:00:00Z,104.175,104.253,104.13,104.18,104.19,104.272,104.146,104.194
2024-05-20T16:00:00Z,104.181,104.212,104.122,104.192,104.196,104.228,104.139,104.208
2024-05-20T17:00:00Z,104.19,104.243,104.139,104.231,104.208,104.262,104.154,104.249
2024-05-20T18:00:00Z,104.233,104.264,104.151,104.262,104.249,104.281,104.169,104.279
2024-05-20T19:00:00Z,104.26,104.26,104.181,104.212,104.278,104.278,104.198,104.23
2024-05-20T20:00:00Z,104.214,104.217,104.169,104.176,104.233,104.234,104.192,104.203
2024-05-20T21:00:00Z,104.118,104.153,104.098,104.147,104.269,104.295,104.153,104.192
2024-05-20T22:00:00Z,104.148,104.217,104.137,104.207,104.181,104.236,104.179,104.229
2024-05-20T23:00:00Z,104.207,104.338,104.207,104.337,104.228,104.356,104.228,104.356
2024-05-21T00:00:00Z,104.341,104.394,104.278,104.349,104.357,104.413,104.294,104.366
2024-05-21T01:00:00Z,104.352,104.421,104.218,104.242,104.369,104.441,104.236,104.261
2024-05-21T02:00:00Z,104.235,104.236,103.992,104.158,104.253,104.256,104.01,104.176
2024-05-21T03:00:00Z,104.157,104.215,104.081,104.146,104.176,104.234,104.099,104.162
2024-05-21T04:00:00Z,104.145,104.194,104.079,104.143,104.164,104.213,104.1,104.163
2024-05-21T05:00:00Z,104.143,104.176,104.06,104.103,104.161,104.196,104.078,104.12
2024-05-21T06:00:00Z,104.101,104.126,103.907,103.96,104.117,104.144,103.925,103.981
2024-05-21T07:00:00Z,103.963,104.107,103.951,104.093,103.983,104.124,103.971,104.113
2024-05-21T08:00:00Z,104.094,104.148,103.995,104.143,104.115,104.166,104.013,104.161
2024-05-21T09:00:00Z,104.145,104.192,104.107,104.135,104.161,104.211,104.123,104.153
2024-05-21T10:00:00Z,104.134,104.214,104.122,104.184,104.151,104.232,104.14,104.2
2024-05-21T11:00:00Z,104.184,104.362,104.179,104.323,104.202,104.38,104.196,104.341
2024-05-21T12:00:00Z,104.325,104.395,104.184,104.225,104.34,104.414,104.203,104.244
2024-05-21T13:00:00Z,104.226,104.28,104.07,104.097,104.244,104.299,104.085,104.114
2024-05-21T14:00:00Z,104.1,104.24,103.951,104.011,104.117,104.256,103.968,104.025
2024-05-21T15:00:00Z,104.009,104.151,104.007,104.027,104.025,104.168,104.025,104.043
2024-05-21T16:00:00Z,104.025,104.09,103.991,104.036,104.043,104.109,104.009,104.052
2024-05-21T17:00:00Z,104.036,104.15,104.019,104.144,104.051,104.168,104.036,104.159
2024-05-21T18:00:00Z,104.143,104.163,104.056,104.11,104.161,104.178,104.074,104.125
2024-05-21T19:00:00Z,104.112,104.13,104.069,104.111,104.129,104.147,104.083,104.13
2024-05-21T20:00:00Z,104.113,104.128,104.085,104.095,104.13,104.149,104.104,104.129
2024-05-21T21:00:00Z,104.03,104.096,104.01,104.083,104.119,104.173,104.093,104.16
2024-05-21T22:00:00Z,104.079,104.132,104.071,104.13,104.152,104.153,104.12,104.15
2024-05-21T23:00:00Z,104.134,104.223,104.134,104.165,104.154,104.245,104.154,104.186
2024-05-22T00:00:00Z,104.166,104.206,104.136,104.199,104.185,104.226,104.154,104.218
2024-05-22T01:00:00Z,104.198,104.299,104.171,104.258,104.218,104.316,104.187,104.28
2024-05-22T02:00:00Z,104.257,104.437,104.238,104.298,104.281,104.456,104.255,104.316
2024-05-22T03:00:00Z,104.298,104.316,104.154,104.207,104.315,104.335,104.17,104.225
2024-05-22T04:00:00Z,104.207,104.262,104.134,104.247,104.226,104.28,104.154,104.265
2024-05-22T05:00:00Z,104.245,104.317,104.241,104.28,104.265,104.334,104.26,104.298
2024-05-22T06:00:00Z,104.281,104.326,104.112,104.178,104.298,104.344,104.128,104.195
2024-05-22T07:00:00Z,104.179,104.204,104.082,104.171,104.194,104.223,104.1,104.186
2024-05-22T08:00:00Z,104.169,104.259,104.075,104.225,104.186,104.278,104.095,104.241
2024-05-22T09:00:00Z,104.226,104.251,104.133,104.232,104.241,104.268,104.148,104.249
2024-05-22T10:00:00Z,104.232,104.28,104.216,104.228,104.252,104.299,104.229,104.245
2024-05-22T11:00:00Z,104.23,104.269,104.041,104.087,104.248,104.288,104.06,104.102
2024-05-22T12:00:00Z,104.088,104.123,104.006,104.024,104.104,104.141,104.022,104.039
2024-05-22T13:00:00Z,104.024,104.111,104.006,104.067,104.038,104.129,104.024,104.09
2024-05-22T14:00:00Z,104.069,104.069,103.829,103.936,104.091,104.092,103.845,103.951
2024-05-22T15:00:00Z,103.936,104.036,103.805,103.824,103.952,104.05,103.822,103.839
2024-05-22T16:00:00Z,103.822,103.942,103.785,103.895,103.837,103.961,103.801,103.915
2024-05-22T17:00:00Z,103.896,103.93,103.728,103.728,103.915,103.946,103.757,103.768
2024-05-22T18:00:00Z,103.736,103.769,103.478,103.58,103.771,103.803,103.495,103.597
2024-05-22T19:00:00Z,103.58,103.696,103.535,103.684,103.595,103.712,103.554,103.701
2024-05-22T20:00:00Z,103.684,103.807,103.683,103.794,103.702,103.836,103.701,103.819
2024-05-22T21:00:00Z,103.638,103.761,103.619,103.681,103.798,103.814,103.74,103.76
2024-05-22T22:00:00Z,103.68,103.835,103.677,103.802,103.749,103.852,103.749,103.826
2024-05-22T23:00:00Z,103.798,103.822,103.701,103.726,103.824,103.842,103.721,103.745
2024-05-23T00:00:00Z,103.728,103.858,103.705,103.758,103.746,103.874,103.724,103.78
2024-05-23T01:00:00Z,103.759,103.877,103.732,103.75,103.78,103.892,103.75,103.77
2024-05-23T02:00:00Z,103.752,103.816,103.693,103.796,103.769,103.834,103.71,103.813
2024-05-23T03:00:00Z,103.797,103.943,103.772,103.934,103.815,103.962,103.79,103.954
2024-05-23T04:00:00Z,103.935,103.98,103.848,103.856,103.953,104.0,103.866,103.874
2024-05-23T05:00:00Z,103.858,103.911,103.756,103.766,103.876,103.925,103.772,103.784
2024-05-23T06:00:00Z,103.765,103.834,103.702,103.73,103.782,103.852,103.718,103.747
2024-05-23T07:00:00Z,103.729,103.782,103.629,103.758,103.747,103.8,103.648,103.779
2024-05-23T08:00:00Z,103.758,103.906,103.738,103.891,103.78,103.921,103.757,103.906
2024-05-23T09:00:00Z,103.891,104.016,103.853,104.009,103.908,104.034,103.872,104.029
2024-05-23T10:00:00Z,104.01,104.056,103.97,104.05,104.028,104.074,103.988,104.066
2024-05-23T11:00:00Z,104.051,104.064,103.938,103.985,104.07,104.081,103.959,104.004
2024-05-23T12:00:00Z,103.986,104.106,103.964,104.097,104.004,104.122,103.982,104.114
2024-05-23T13:00:00Z,104.1,104.237,103.922,104.115,104.117,104.253,104.01,104.136
2024-05-23T14:00:00Z,104.112,104.197,103.874,104.026,104.133,104.217,103.913,104.042
2024-05-23T15:00:00Z,104.026,104.154,104.02,104.087,104.043,104.174,104.039,104.107
2024-05-23T16:00:00Z,104.087,104.128,103.958,103.966,104.106,104.145,103.975,103.984
2024-05-23T17:00:00Z,103.967,103.968,103.633,103.662,103.984,103.986,103.651,103.678
2024-05-23T18:00:00Z,103.662,103.676,103.466,103.544,103.68,103.692,103.486,103.562
2024-05-23T19:00:00Z,103.546,103.621,103.52,103.583,103.563,103.641,103.538,103.603
2024-05-23T20:00:00Z,103.586,103.682,103.561,103.676,103.605,103.72,103.581,103.706
2024-05-23T21:00:00Z,103.622,103.672,103.611,103.664,103.695,103.787,103.675,103.716
2024-05-23T22:00:00Z,103.666,103.705,103.633,103.699,103.716,103.725,103.67,103.716
2024-05-23T23:00:00Z,103.698,103.703,103.607,103.613,103.716,103.721,103.628,103.635
2024-05-24T00:00:00Z,103.613,103.737,103.498,103.662,103.634,103.755,103.515,103.679
2024-05-24T01:00:00Z,103.662,103.723,103.588,103.653,103.68,103.739,103.606,103.67
2024-05-24T02:00:00Z,103.653,103.683,103.546,103.581,103.668,103.701,103.562,103.597
2024-05-24T03:00:00Z,103.58,103.602,103.543,103.581,103.597,103.622,103.559,103.598
2024-05-24T04:00:00Z,103.582,103.703,103.564,103.69,103.6,103.722,103.582,103.705
2024-05-24T05:00:00Z,103.687,103.714,103.586,103.666,103.706,103.73,103.605,103.685
2024-05-24T06:00:00Z,103.666,103.71,103.602,103.622,103.687,103.729,103.62,103.638
2024-05-24T07:00:00Z,103.623,103.751,103.609,103.74,103.641,103.768,103.625,103.757
2024-05-24T08:00:00Z,103.739,103.837,103.703,103.812,103.758,103.855,103.719,103.829
2024-05-24T09:00:00Z,103.808,103.839,103.778,103.822,103.825,103.855,103.796,103.838
2024-05-24T10:00:00Z,103.822,103.903,103.813,103.848,103.84,103.921,103.829,103.866
2024-05-24T11:00:00Z,103.844,103.881,103.817,103.859,103.863,103.897,103.836,103.876
2024-05-24T12:00:00Z,103.86,103.955,103.797,103.92,103.876,103.973,103.835,103.936
2024-05-24T13:00:00Z,103.921,103.973,103.868,103.874,103.939,103.989,103.888,103.923
2024-05-24T14:00:00Z,103.896,104.07,103.874,104.052,103.923,104.088,103.909,104.069
2024-05-24T15:00:00Z,104.05,104.111,103.905,103.97,104.068,104.127,103.922,103.988
2024-05-24T16:00:00Z,103.971,104.086,103.948,104.012,103.988,104.102,103.963,104.028
2024-05-24T17:00:00Z,104.015,104.131,103.985,104.123,104.031,104.146,104.002,104.137
2024-05-24T18:00:00Z,104.123,104.128,104.038,104.061,104.138,104.145,104.057,104.078
2024-05-24T19:00:00Z,104.06,104.065,104.017,104.032,104.078,104.081,104.033,104.05
2024-05-24T20:00:00Z,104.034,104.042,103.998,104.024,104.052,104.086,104.019,104.074
2024-05-26T21:00:00Z,103.87,104.048,103.87,103.959,104.12,104.175,104.023,104.058
2024-05-26T22:00:00Z,103.962,104.098,103.95,104.009,104.058,104.149,103.984,104.033
2024-05-26T23:00:00Z,104.006,104.006,103.868,103.882,104.025,104.025,103.888,103.9
2024-05-27T00:00:00Z,103.884,103.992,103.85,103.967,103.903,104.007,103.868,103.981
2024-05-27T01:00:00Z,103.967,104.067,103.864,104.05,103.982,104.081,103.885,104.066
2024-05-27T02:00:00Z,104.048,104.058,103.926,103.964,104.066,104.073,103.943,103.979
2024-05-27T03:00:00Z,103.965,103.997,103.917,103.963,103.979,104.014,103.932,103.976
2024-05-27T04:00:00Z,103.963,104.04,103.916,104.027,103.977,104.056,103.934,104.043
2024-05-27T05:00:00Z,104.029,104.034,103.956,103.995,104.043,104.049,103.972,104.014
2024-05-27T06:00:00Z,103.998,104.113,103.971,104.081,104.014,104.131,103.99,104.099
2024-05-27T07:00:00Z,104.081,104.223,104.073,104.136,104.098,104.24,104.088,104.153
2024-05-27T08:00:00Z,104.136,104.242,104.082,104.228,104.156,104.26,104.098,104.245
2024-05-27T09:00:00Z,104.228,104.262,104.207,104.256,104.244,104.282,104.224,104.275
2024-05-27T10:00:00Z,104.261,104.29,104.217,104.277,104.279,104.305,104.234,104.296
2024-05-27T11:00:00Z,104.279,104.287,104.219,104.245,104.301,104.306,104.24,104.261
2024-05-27T12:00:00Z,104.246,104.291,104.172,104.274,104.263,104.313,104.193,104.293
2024-05-27T13:00:00Z,104.271,104.408,104.266,104.376,104.292,104.426,104.285,104.394
2024-05-27T14:00:00Z,104.378,104.418,104.31,104.349,104.394,104.435,104.33,104.364
2024-05-27T15:00:00Z,104.349,104.443,104.334,104.428,104.367,104.461,104.35,104.444
2024-05-27T16:00:00Z,104.428,104.457,104.399,104.406,104.446,104.476,104.419,104.425
2024-05-27T17:00:00Z,104.41,104.455,104.407,104.416,104.428,104.474,104.426,104.433
2024-05-27T18:00:00Z,104.417,104.421,104.392,104.409,104.436,104.441,104.407,104.428
2024-05-27T19:00:00Z,104.407,104.447,104.389,104.44,104.427,104.465,104.409,104.459
2024-05-27T20:00:00Z,104.44,104.452,104.354,104.354,104.458,104.475,104.428,104.446
2024-05-27T21:00:00Z,104.353,104.395,104.342,104.389,104.437,104.447,104.405,104.438
2024-05-27T22:00:00Z,104.39,104.463,104.385,104.441,104.434,104.482,104.432,104.462
2024-05-27T23:00:00Z,104.444,104.462,104.371,104.382,104.464,104.483,104.386,104.397
2024-05-28T00:00:00Z,104.382,104.443,104.339,104.398,104.396,104.458,104.357,104.418
2024-05-28T01:00:00Z,104.397,104.491,104.381,104.442,104.416,104.507,104.397,104.457
2024-05-28T02:00:00Z,104.444,104.53,104.429,104.523,104.459,104.546,104.446,104.539
2024-05-28T03:00:00Z,104.523,104.547,104.445,104.519,104.538,104.565,104.464,104.537
2024-05-28T04:00:00Z,104.52,104.554,104.479,104.487,104.536,104.573,104.495,104.502
2024-05-28T05:00:00Z,104.485,104.552,104.436,104.519,104.499,104.57,104.455,104.537
2024-05-28T06:00:00Z,104.52,104.559,104.448,104.455,104.539,104.576,104.464,104.474
2024-05-28T07:00:00Z,104.458,104.545,104.42,104.525,104.476,104.56,104.439,104.542
2024-05-28T08:00:00Z,104.528,104.531,104.425,104.455,104.542,104.549,104.442,104.473
2024-05-28T09:00:00Z,104.455,104.525,104.455,104.483,104.472,104.543,104.472,104.5
2024-05-28T10:00:00Z,104.483,104.497,104.402,104.496,104.501,104.516,104.42,104.516
2024-05-28T11:00:00Z,104.497,104.581,104.492,104.551,104.516,104.598,104.512,104.568
2024-05-28T12:00:00Z,104.552,104.558,104.439,104.492,104.568,104.573,104.456,104.513
2024-05-28T13:00:00Z,104.492,104.618,104.451,104.471,104.51,104.634,104.469,104.51
2024-05-28T14:00:00Z,104.471,104.587,104.369,104.526,104.508,104.601,104.387,104.54
2024-05-28T15:00:00Z,104.525,104.577,104.41,104.57,104.538,104.592,104.425,104.585
2024-05-28T16:00:00Z,104.567,104.584,104.49,104.518,104.582,104.599,104.505,104.533
2024-05-28T17:00:00Z,104.517,104.584,104.462,104.476,104.533,104.598,104.48,104.494
2024-05-28T18:00:00Z,104.476,104.506,104.37,104.47,104.493,104.524,104.389,104.488
2024-05-28T19:00:00Z,104.47,104.509,104.413,104.506,104.489,104.527,104.43,104.524
2024-05-28T20:00:00Z,104.506,104.542,104.484,104.509,104.525,104.559,104.502,104.538
2024-05-28T21:00:00Z,104.491,104.527,104.396,104.491,104.547,104.726,104.496,104.549
2024-05-28T22:00:00Z,104.494,104.57,104.461,104.539,104.552,104.589,104.499,104.558
2024-05-28T23:00:00Z,104.54,104.571,104.512,104.541,104.558,104.589,104.531,104.559
2024-05-29T00:00:00Z,104.537,104.619,104.435,104.517,104.556,104.638,104.453,104.536
2024-05-29T01:00:00Z,104.513,104.855,104.484,104.64,104.532,104.877,104.503,104.658
2024-05-29T02:00:00Z,104.64,104.724,104.534,104.534,104.659,104.744,104.552,104.552
2024-05-29T03:00:00Z,104.534,104.654,104.521,104.639,104.551,104.671,104.54,104.652
2024-05-29T04:00:00Z,104.638,104.651,104.535,104.565,104.654,104.667,104.553,104.581
2024-05-29T05:00:00Z,104.568,104.599,104.434,104.477,104.585,104.615,104.45,104.494
2024-05-29T06:00:00Z,104.481,104.569,104.345,104.535,104.499,104.585,104.364,104.553
2024-05-29T07:00:00Z,104.533,104.636,104.532,104.576,104.553,104.65,104.549,104.592
2024-05-29T08:00:00Z,104.576,104.601,104.46,104.473,104.59,104.618,104.479,104.492
2024-05-29T09:00:00Z,104.475,104.494,104.408,104.41,104.493,104.51,104.426,104.428
2024-05-29T10:00:00Z,104.41,104.415,104.291,104.334,104.429,104.43,104.308,104.353
2024-05-29T11:00:00Z,104.332,104.345,104.218,104.267,104.348,104.362,104.235,104.285
2024-05-29T12:00:00Z,104.266,104.347,104.206,104.222,104.283,104.362,104.222,104.241
2024-05-29T13:00:00Z,104.223,104.303,104.158,104.28,104.241,104.319,104.177,104.297
2024-05-29T14:00:00Z,104.281,104.299,104.11,104.273,104.299,104.316,104.128,104.287
2024-05-29T15:00:00Z,104.273,104.338,104.233,104.312,104.286,104.356,104.249,104.327
2024-05-29T16:00:00Z,104.311,104.378,104.241,104.363,104.328,104.394,104.258,104.38
2024-05-29T17:00:00Z,104.36,104.363,104.248,104.338,104.378,104.381,104.265,104.356
2024-05-29T18:00:00Z,104.337,104.394,104.279,104.302,104.354,104.411,104.296,104.319
2024-05-29T19:00:00Z,104.303,104.358,104.28,104.302,104.321,104.374,104.297,104.322
2024-05-29T20:00:00Z,104.305,104.308,104.201,104.207,104.323,104.327,104.224,104.239
2024-05-29T21:00:00Z,104.169,104.193,104.136,104.18,104.241,104.242,104.179,104.239
2024-05-29T22:00:00Z,104.184,104.213,104.149,104.167,104.24,104.254,104.18,104.186
2024-05-29T23:00:00Z,104.168,104.25,104.138,104.24,104.186,104.266,104.157,104.258
2024-05-30T00:00:00Z,104.239,104.242,103.989,104.022,104.256,104.257,104.007,104.041
2024-05-30T01:00:00Z,104.023,104.211,104.005,104.098,104.04,104.229,104.023,104.117
2024-05-30T02:00:00Z,104.098,104.148,103.868,103.931,104.115,104.164,103.886,103.949
2024-05-30T03:00:00Z,103.933,104.049,103.903,104.007,103.949,104.066,103.922,104.021
2024-05-30T04:00:00Z,104.007,104.031,103.806,103.844,104.02,104.045,103.823,103.86
2024-05-30T05:00:00Z,103.846,103.846,103.479,103.525,103.863,103.864,103.499,103.543
2024-05-30T06:00:00Z,103.522,103.547,103.361,103.435,103.54,103.566,103.377,103.454
2024-05-30T07:00:00Z,103.436,103.758,103.353,103.723,103.454,103.774,103.37,103.74
2024-05-30T08:00:00Z,103.724,103.839,103.689,103.799,103.742,103.856,103.706,103.818
2024-05-30T09:00:00Z,103.798,103.853,103.664,103.759,103.815,103.868,103.679,103.772
2024-05-30T10:00:00Z,103.763,103.891,103.763,103.841,103.776,103.908,103.776,103.857
2024-05-30T11:00:00Z,103.841,103.879,103.755,103.772,103.859,103.896,103.773,103.79
2024-05-30T12:00:00Z,103.769,103.965,103.706,103.898,103.788,103.984,103.719,103.918
2024-05-30T13:00:00Z,103.898,104.037,103.779,103.991,103.917,104.053,103.796,104.018
2024-05-30T14:00:00Z,103.991,104.142,103.918,104.006,104.016,104.158,103.934,104.021
2024-05-30T15:00:00Z,104.003,104.152,103.934,104.016,104.017,104.17,103.951,104.033
2024-05-30T16:00:00Z,104.016,104.111,104.016,104.104,104.034,104.129,104.033,104.122
2024-05-30T17:00:00Z,104.107,104.14,104.056,104.101,104.124,104.158,104.074,104.117
2024-05-30T18:00:00Z,104.103,104.117,104.062,104.099,104.118,104.135,104.08,104.117
2024-05-30T19:00:00Z,104.101,104.107,103.915,104.032,104.118,104.124,103.932,104.049
2024-05-30T20:00:00Z,104.032,104.032,103.976,104.007,104.048,104.048,103.996,104.032
2024-05-30T21:00:00Z,104.002,104.091,103.893,103.958,104.242,104.249,103.98,104.012
2024-05-30T22:00:00Z,103.962,104.021,103.953,103.991,104.012,104.037,103.972,104.011
2024-05-30T23:00:00Z,103.989,104.077,103.946,104.071,104.007,104.092,103.966,104.084
2024-05-31T00:00:00Z,104.07,104.12,103.871,104.021,104.085,104.138,103.889,104.036
2024-05-31T01:00:00Z,104.024,104.15,103.826,103.88,104.038,104.166,103.842,103.897
2024-05-31T02:00:00Z,103.877,103.97,103.823,103.962,103.896,103.986,103.838,103.978
2024-05-31T03:00:00Z,103.963,104.077,103.896,104.049,103.977,104.094,103.91,104.067
2024-05-31T04:00:00Z,104.047,104.051,103.922,103.941,104.066,104.068,103.937,103.96
2024-05-31T05:00:00Z,103.943,104.078,103.919,104.04,103.96,104.095,103.937,104.058
2024-05-31T06:00:00Z,104.039,104.225,104.039,104.142,104.059,104.241,104.058,104.155
2024-05-31T07:00:00Z,104.14,104.227,104.113,104.205,104.155,104.245,104.131,104.222
2024-05-31T08:00:00Z,104.203,104.455,104.196,104.432,104.222,104.473,104.214,104.448
2024-05-31T09:00:00Z,104.431,104.57,104.38,104.564,104.449,104.587,104.395,104.581
2024-05-31T10:00:00Z,104.563,104.617,104.499,104.614,104.582,104.632,104.518,104.63
2024-05-31T11:00:00Z,104.615,104.626,104.487,104.523,104.629,104.642,104.502,104.541
2024-05-31T12:00:00Z,104.523,104.641,104.439,104.546,104.542,104.658,104.468,104.559
2024-05-31T13:00:00Z,104.549,104.616,104.404,104.44,104.562,104.632,104.42,104.457
2024-05-31T14:00:00Z,104.442,104.509,104.238,104.501,104.459,104.524,104.256,104.518
2024-05-31T15:00:00Z,104.505,104.513,104.332,104.359,104.518,104.533,104.347,104.373
2024-05-31T16:00:00Z,104.358,104.419,104.29,104.367,104.371,104.436,104.307,104.383
2024-05-31T17:00:00Z,104.366,104.48,104.36,104.435,104.385,104.495,104.379,104.453
2024-05-31T18:00:00Z,104.437,104.492,104.416,104.474,104.453,104.51,104.434,104.492
2024-05-31T19:00:00Z,104.47,104.653,104.454,104.624,104.488,104.671,104.47,104.641
2024-05-31T20:00:00Z,104.622,104.68,104.586,104.628,104.638,104.7,104.612,104.69
2024-06-02T21:00:00Z,104.505,104.602,104.498,104.539,104.714,104.714,104.601,104.641
2024-06-02T22:00:00Z,104.529,104.695,104.525,104.674,104.674,104.714,104.609,104.691
2024-06-02T23:00:00Z,104.674,104.696,104.528,104.609,104.693,104.714,104.546,104.622
2024-06-03T00:00:00Z,104.605,104.717,104.565,104.637,104.619,104.735,104.579,104.657
2024-06-03T01:00:00Z,104.635,104.688,104.521,104.628,104.656,104.707,104.536,104.645
2024-06-03T02:00:00Z,104.631,104.674,104.556,104.663,104.646,104.691,104.574,104.679
2024-06-03T03:00:00Z,104.665,104.699,104.528,104.629,104.68,104.717,104.543,104.647
2024-06-03T04:00:00Z,104.628,104.666,104.585,104.638,104.648,104.686,104.603,104.652
2024-06-03T05:00:00Z,104.637,104.668,104.547,104.585,104.653,104.688,104.563,104.604
2024-06-03T06:00:00Z,104.586,104.594,104.398,104.428,104.604,104.612,104.415,104.442
2024-06-03T07:00:00Z,104.426,104.465,104.214,104.225,104.441,104.48,104.232,104.242
2024-06-03T08:00:00Z,104.227,104.415,104.191,104.318,104.243,104.431,104.208,104.337
2024-06-03T09:00:00Z,104.322,104.326,104.188,104.268,104.34,104.343,104.205,104.282
2024-06-03T10:00:00Z,104.268,104.281,104.134,104.161,104.283,104.297,104.153,104.179
2024-06-03T11:00:00Z,104.161,104.446,104.16,104.415,104.178,104.461,104.177,104.431
2024-06-03T12:00:00Z,104.414,104.548,104.391,104.465,104.431,104.563,104.405,104.483
2024-06-03T13:00:00Z,104.466,104.531,104.341,104.381,104.485,104.547,104.359,104.439
2024-06-03T14:00:00Z,104.381,104.599,104.282,104.305,104.423,104.621,104.297,104.323
2024-06-03T15:00:00Z,104.307,104.379,104.189,104.258,104.323,104.397,104.207,104.276
2024-06-03T16:00:00Z,104.258,104.298,104.121,104.125,104.277,104.316,104.14,104.143
2024-06-03T17:00:00Z,104.122,104.16,103.997,104.16,104.141,104.178,104.012,104.178
2024-06-03T18:00:00Z,104.161,104.281,104.149,104.276,104.18,104.299,104.168,104.294
2024-06-03T19:00:00Z,104.274,104.364,104.267,104.359,104.289,104.382,104.284,104.378
2024-06-03T20:00:00Z,104.364,104.45,104.351,104.386,104.378,104.471,104.371,104.399
2024-06-03T21:00:00Z,104.27,104.387,104.199,104.377,104.481,104.481,104.386,104.407
2024-06-03T22:00:00Z,104.38,104.507,104.374,104.497,104.407,104.527,104.407,104.515
2024-06-03T23:00:00Z,104.496,104.574,104.378,104.414,104.515,104.591,104.395,104.428
2024-06-04T00:00:00Z,104.413,104.618,104.385,104.588,104.428,104.634,104.403,104.604
2024-06-04T01:00:00Z,104.589,104.605,104.428,104.459,104.607,104.625,104.446,104.476
2024-06-04T02:00:00Z,104.461,104.513,104.393,104.505,104.475,104.526,104.41,104.518
2024-06-04T03:00:00Z,104.508,104.519,104.412,104.469,104.521,104.533,104.429,104.486
2024-06-04T04:00:00Z,104.464,104.492,104.403,104.424,104.482,104.51,104.42,104.442
2024-06-04T05:00:00Z,104.427,104.433,104.12,104.15,104.441,104.449,104.137,104.167
2024-06-04T06:00:00Z,104.154,104.154,103.866,103.936,104.171,104.171,103.884,103.954
2024-06-04T07:00:00Z,103.935,103.943,103.496,103.521,103.954,103.959,103.51,103.54
2024-06-04T08:00:00Z,103.523,103.523,103.203,103.28,103.538,103.542,103.223,103.298
2024-06-04T09:00:00Z,103.278,103.315,102.957,103.001,103.294,103.335,102.979,103.019
2024-06-04T10:00:00Z,103.003,103.009,102.606,102.809,103.02,103.027,102.625,102.83
2024-06-04T11:00:00Z,102.81,103.087,102.802,102.836,102.833,103.105,102.82,102.851
2024-06-04T12:00:00Z,102.834,103.072,102.77,103.056,102.851,103.09,102.785,103.075
2024-06-04T13:00:00Z,103.055,103.087,102.781,102.787,103.073,103.106,102.796,102.852
2024-06-04T14:00:00Z,102.768,103.077,102.731,102.943,102.939,103.094,102.764,102.959
2024-06-04T15:00:00Z,102.945,103.048,102.806,102.848,102.959,103.064,102.824,102.865
2024-06-04T16:00:00Z,102.849,102.867,102.761,102.828,102.868,102.886,102.776,102.845
2024-06-04T17:00:00Z,102.828,102.865,102.746,102.786,102.846,102.884,102.767,102.804
2024-06-04T18:00:00Z,102.783,102.937,102.771,102.889,102.801,102.955,102.79,102.906
2024-06-04T19:00:00Z,102.89,102.917,102.782,102.901,102.906,102.933,102.799,102.92
2024-06-04T20:00:00Z,102.902,102.998,102.893,102.992,102.92,103.024,102.911,103.021
2024-06-04T21:00:00Z,102.984,102.984,102.865,102.924,103.026,103.088,102.976,102.993
2024-06-04T22:00:00Z,102.925,102.955,102.897,102.941,102.997,103.003,102.919,102.967
2024-06-04T23:00:00Z,102.939,103.115,102.931,103.08,102.966,103.135,102.945,103.094
2024-06-05T00:00:00Z,103.079,103.307,103.041,103.222,103.094,103.324,103.059,103.239
2024-06-05T01:00:00Z,103.222,103.516,103.134,103.507,103.241,103.531,103.161,103.524
2024-06-05T02:00:00Z,103.507,103.605,103.505,103.545,103.523,103.625,103.521,103.561
2024-06-05T03:00:00Z,103.544,103.593,103.437,103.532,103.561,103.613,103.455,103.55
2024-06-05T04:00:00Z,103.534,103.644,103.514,103.623,103.547,103.659,103.531,103.641
2024-06-05T05:00:00Z,103.622,103.653,103.508,103.616,103.639,103.672,103.528,103.636
2024-06-05T06:00:00Z,103.618,103.775,103.603,103.765,103.636,103.793,103.621,103.782
2024-06-05T07:00:00Z,103.765,103.965,103.707,103.947,103.783,103.98,103.725,103.962
2024-06-05T08:00:00Z,103.943,103.998,103.866,103.925,103.961,104.014,103.883,103.94
2024-06-05T09:00:00Z,103.925,103.932,103.718,103.721,103.941,103.948,103.736,103.741
2024-06-05T10:00:00Z,103.721,103.735,103.647,103.671,103.74,103.751,103.664,103.686
2024-06-05T11:00:00Z,103.666,103.787,103.621,103.777,103.683,103.805,103.639,103.794
2024-06-05T12:00:00Z,103.777,103.814,103.669,103.784,103.795,103.833,103.719,103.801
2024-06-05T13:00:00Z,103.782,103.845,103.543,103.563,103.801,103.86,103.565,103.67
2024-06-05T14:00:00Z,103.546,103.833,103.498,103.636,103.67,103.849,103.547,103.652
2024-06-05T15:00:00Z,103.639,103.751,103.594,103.744,103.653,103.767,103.612,103.762
2024-06-05T16:00:00Z,103.745,103.748,103.655,103.695,103.761,103.766,103.672,103.711
2024-06-05T17:00:00Z,103.695,103.748,103.649,103.741,103.712,103.765,103.666,103.759
2024-06-05T18:00:00Z,103.741,103.854,103.722,103.828,103.758,103.874,103.74,103.843
2024-06-05T19:00:00Z,103.83,103.858,103.789,103.819,103.843,103.877,103.808,103.839
2024-06-05T20:00:00Z,103.817,103.821,103.758,103.76,103.834,103.841,103.79,103.794
2024-06-05T21:00:00Z,103.702,103.736,103.645,103.722,103.814,103.832,103.754,103.792
2024-06-05T22:00:00Z,103.719,103.78,103.64,103.655,103.788,103.798,103.66,103.671
2024-06-05T23:00:00Z,103.655,103.766,103.611,103.745,103.67,103.783,103.629,103.763
2024-06-06T00:00:00Z,103.745,103.789,103.655,103.725,103.762,103.808,103.672,103.742
2024-06-06T01:00:00Z,103.725,103.951,103.679,103.917,103.741,103.968,103.696,103.935
2024-06-06T02:00:00Z,103.918,103.924,103.708,103.786,103.934,103.941,103.725,103.802
2024-06-06T03:00:00Z,103.783,103.811,103.631,103.663,103.801,103.829,103.649,103.678
2024-06-06T04:00:00Z,103.663,103.858,103.655,103.725,103.679,103.877,103.669,103.738
2024-06-06T05:00:00Z,103.728,103.843,103.701,103.802,103.741,103.861,103.717,103.821
2024-06-06T06:00:00Z,103.8,103.948,103.736,103.943,103.821,103.967,103.755,103.961
2024-06-06T07:00:00Z,103.944,103.973,103.888,103.896,103.961,103.992,103.905,103.912
2024-06-06T08:00:00Z,103.895,103.92,103.765,103.831,103.912,103.936,103.782,103.849
2024-06-06T09:00:00Z,103.83,103.855,103.639,103.708,103.849,103.872,103.655,103.724
2024-06-06T10:00:00Z,103.706,103.739,103.652,103.716,103.722,103.756,103.668,103.733
2024-06-06T11:00:00Z,103.714,103.747,103.648,103.658,103.731,103.763,103.666,103.674
2024-06-06T12:00:00Z,103.659,103.797,103.625,103.729,103.674,103.88,103.642,103.748
2024-06-06T13:00:00Z,103.728,103.87,103.627,103.8,103.748,103.888,103.645,103.815
2024-06-06T14:00:00Z,103.8,103.885,103.704,103.744,103.816,103.904,103.721,103.757
2024-06-06T15:00:00Z,103.738,103.932,103.732,103.878,103.755,103.948,103.749,103.894
2024-06-06T16:00:00Z,103.877,103.896,103.743,103.761,103.894,103.911,103.762,103.778
2024-06-06T17:00:00Z,103.763,103.89,103.751,103.873,103.78,103.905,103.768,103.888
2024-06-06T18:00:00Z,103.873,103.873,103.743,103.845,103.887,103.888,103.758,103.862
2024-06-06T19:00:00Z,103.844,103.89,103.621,103.708,103.859,103.907,103.64,103.724
2024-06-06T20:00:00Z,103.713,103.75,103.692,103.714,103.73,103.778,103.709,103.751
2024-06-06T21:00:00Z,103.647,103.791,103.61,103.73,103.778,103.863,103.745,103.785
2024-06-06T22:00:00Z,103.74,103.759,103.703,103.751,103.783,103.805,103.722,103.772
2024-06-06T23:00:00Z,103.751,103.824,103.723,103.806,103.771,103.84,103.744,103.824
2024-06-07T00:00:00Z,103.806,103.869,103.73,103.814,103.825,103.888,103.748,103.832
2024-06-07T01:00:00Z,103.819,103.906,103.751,103.776,103.835,103.927,103.768,103.793
2024-06-07T02:00:00Z,103.777,103.919,103.753,103.885,103.796,103.936,103.769,103.904
2024-06-07T03:00:00Z,103.884,103.961,103.827,103.873,103.904,103.977,103.842,103.891
2024-06-07T04:00:00Z,103.872,103.891,103.794,103.829,103.891,103.909,103.807,103.846
2024-06-07T05:00:00Z,103.827,103.865,103.679,103.744,103.844,103.882,103.696,103.759
2024-06-07T06:00:00Z,103.746,103.753,103.533,103.68,103.762,103.77,103.55,103.698
2024-06-07T07:00:00Z,103.678,103.725,103.538,103.69,103.695,103.742,103.556,103.708
2024-06-07T08:00:00Z,103.69,103.711,103.481,103.54,103.707,103.731,103.5,103.556
2024-06-07T09:00:00Z,103.54,103.584,103.508,103.572,103.557,103.602,103.527,103.587
2024-06-07T10:00:00Z,103.57,103.625,103.537,103.565,103.586,103.642,103.555,103.58
2024-06-07T11:00:00Z,103.564,103.757,103.526,103.709,103.58,103.774,103.542,103.725
2024-06-07T12:00:00Z,103.71,103.756,103.33,103.564,103.724,103.774,103.398,103.582
2024-06-07T13:00:00Z,103.564,103.629,103.45,103.505,103.58,103.645,103.467,103.52
2024-06-07T14:00:00Z,103.506,103.531,103.332,103.426,103.52,103.548,103.349,103.441
2024-06-07T15:00:00Z,103.423,103.427,102.973,103.137,103.441,103.444,102.989,103.154
2024-06-07T16:00:00Z,103.138,103.213,103.074,103.211,103.153,103.231,103.091,103.228
2024-06-07T17:00:00Z,103.211,103.215,103.098,103.142,103.229,103.233,103.116,103.16
2024-06-07T18:00:00Z,103.139,103.18,103.04,103.159,103.156,103.198,103.058,103.179
2024-06-07T19:00:00Z,103.159,103.183,103.064,103.128,103.178,103.201,103.084,103.145
2024-06-07T20:00:00Z,103.127,103.147,103.087,103.123,103.145,103.187,103.106,103.168
2024-06-09T21:00:00Z,103.076,103.118,102.984,103.094,103.276,103.328,103.189,103.201
2024-06-09T22:00:00Z,103.095,103.27,103.071,103.232,103.201,103.291,103.102,103.252
2024-06-09T23:00:00Z,103.239,103.257,103.17,103.213,103.257,103.275,103.187,103.231
2024-06-10T00:00:00Z,103.217,103.265,103.148,103.182,103.236,103.283,103.168,103.199
2024-06-10T01:00:00Z,103.179,103.343,103.158,103.337,103.196,103.36,103.176,103.354
2024-06-10T02:00:00Z,103.333,103.426,103.316,103.423,103.351,103.443,103.332,103.439
2024-06-10T03:00:00Z,103.424,103.551,103.42,103.521,103.439,103.568,103.434,103.54
2024-06-10T04:00:00Z,103.522,103.571,103.49,103.545,103.54,103.588,103.508,103.562
2024-06-10T05:00:00Z,103.543,103.574,103.431,103.543,103.562,103.593,103.448,103.562
2024-06-10T06:00:00Z,103.545,103.599,103.488,103.546,103.562,103.614,103.506,103.564
2024-06-10T07:00:00Z,103.546,103.556,103.444,103.527,103.562,103.571,103.46,103.542
2024-06-10T08:00:00Z,103.53,103.568,103.326,103.359,103.548,103.587,103.339,103.374
2024-06-10T09:00:00Z,103.36,103.369,103.276,103.33,103.374,103.385,103.291,103.347
2024-06-10T10:00:00Z,103.329,103.36,103.261,103.314,103.347,103.375,103.277,103.332
2024-06-10T11:00:00Z,103.315,103.477,103.314,103.421,103.331,103.494,103.331,103.438
2024-06-10T12:00:00Z,103.423,103.58,103.421,103.459,103.438,103.598,103.434,103.478
2024-06-10T13:00:00Z,103.46,103.479,103.335,103.47,103.477,103.495,103.352,103.487
2024-06-10T14:00:00Z,103.471,103.57,103.431,103.503,103.487,103.586,103.447,103.521
2024-06-10T15:00:00Z,103.504,103.733,103.491,103.729,103.521,103.75,103.508,103.748
2024-06-10T16:00:00Z,103.729,103.739,103.651,103.689,103.746,103.757,103.67,103.708
2024-06-10T17:00:00Z,103.689,103.74,103.635,103.726,103.707,103.759,103.652,103.741
2024-06-10T18:00:00Z,103.726,103.786,103.655,103.771,103.742,103.804,103.676,103.788
2024-06-10T19:00:00Z,103.769,103.823,103.748,103.755,103.784,103.843,103.768,103.773
2024-06-10T20:00:00Z,103.754,103.812,103.73,103.8,103.771,103.832,103.749,103.823
2024-06-10T21:00:00Z,103.739,103.787,103.664,103.773,103.836,103.885,103.812,103.812
2024-06-10T22:00:00Z,103.771,103.811,103.757,103.777,103.813,103.843,103.77,103.796
2024-06-10T23:00:00Z,103.775,103.802,103.736,103.758,103.792,103.822,103.753,103.776
2024-06-11T00:00:00Z,103.756,103.841,103.733,103.789,103.775,103.858,103.752,103.805
2024-06-11T01:00:00Z,103.787,103.809,103.669,103.752,103.802,103.827,103.687,103.765
2024-06-11T02:00:00Z,103.75,103.754,103.627,103.723,103.765,103.767,103.643,103.74
2024-06-11T03:00:00Z,103.726,103.751,103.643,103.711,103.743,103.768,103.66,103.727
2024-06-11T04:00:00Z,103.707,103.776,103.679,103.754,103.723,103.792,103.696,103.768
2024-06-11T05:00:00Z,103.753,103.825,103.724,103.823,103.768,103.841,103.738,103.839
2024-06-11T06:00:00Z,103.827,103.926,103.803,103.92,103.843,103.941,103.818,103.938
2024-06-11T07:00:00Z,103.916,103.923,103.804,103.901,103.936,103.941,103.82,103.919
2024-06-11T08:00:00Z,103.897,103.94,103.756,103.76,103.916,103.958,103.773,103.778
2024-06-11T09:00:00Z,103.761,103.793,103.644,103.695,103.78,103.81,103.661,103.709
2024-06-11T10:00:00Z,103.695,103.757,103.625,103.673,103.708,103.773,103.641,103.691
2024-06-11T11:00:00Z,103.673,103.674,103.54,103.583,103.69,103.691,103.556,103.599
2024-06-11T12:00:00Z,103.58,103.646,103.529,103.601,103.597,103.662,103.545,103.618
2024-06-11T13:00:00Z,103.601,103.747,103.524,103.595,103.62,103.763,103.541,103.612
2024-06-11T14:00:00Z,103.596,103.807,103.555,103.758,103.609,103.823,103.571,103.775
2024-06-11T15:00:00Z,103.755,103.819,103.699,103.778,103.773,103.837,103.714,103.794
2024-06-11T16:00:00Z,103.776,103.9,103.762,103.883,103.793,103.917,103.779,103.902
2024-06-11T17:00:00Z,103.884,103.888,103.747,103.778,103.902,103.906,103.764,103.792
2024-06-11T18:00:00Z,103.777,103.827,103.737,103.793,103.792,103.843,103.755,103.809
2024-06-11T19:00:00Z,103.792,103.831,103.74,103.786,103.809,103.846,103.758,103.805
2024-06-11T20:00:00Z,103.789,103.826,103.765,103.796,103.807,103.842,103.784,103.819
2024-06-11T21:00:00Z,103.762,103.808,103.745,103.773,103.894,103.901,103.826,103.826
2024-06-11T22:00:00Z,103.773,103.824,103.767,103.818,103.824,103.848,103.794,103.838
2024-06-11T23:00:00Z,103.815,103.865,103.782,103.806,103.834,103.883,103.8,103.825
2024-06-12T00:00:00Z,103.806,103.873,103.669,103.727,103.823,103.891,103.685,103.744
2024-06-12T01:00:00Z,103.726,103.941,103.713,103.94,103.744,103.961,103.731,103.957
2024-06-12T02:00:00Z,103.94,103.98,103.853,103.963,103.958,103.995,103.871,103.983
2024-06-12T03:00:00Z,103.963,104.012,103.932,103.993,103.982,104.031,103.946,104.013
2024-06-12T04:00:00Z,103.994,104.008,103.941,103.977,104.013,104.026,103.958,103.993
2024-06-12T05:00:00Z,103.976,104.123,103.961,104.088,103.993,104.138,103.978,104.107
2024-06-12T06:00:00Z,104.097,104.111,103.952,103.966,104.11,104.13,103.97,103.985
2024-06-12T07:00:00Z,103.967,104.072,103.918,104.048,103.983,104.09,103.933,104.065
2024-06-12T08:00:00Z,104.05,104.086,103.99,104.014,104.068,104.102,104.008,104.029
2024-06-12T09:00:00Z,104.012,104.065,103.998,104.052,104.028,104.08,104.014,104.07
2024-06-12T10:00:00Z,104.054,104.081,104.019,104.057,104.073,104.098,104.038,104.075
2024-06-12T11:00:00Z,104.06,104.102,103.991,104.034,104.075,104.119,104.008,104.051
2024-06-12T12:00:00Z,104.034,104.542,103.817,104.436,104.049,104.568,103.965,104.45
2024-06-12T13:00:00Z,104.438,104.451,104.247,104.255,104.454,104.471,104.265,104.272
2024-06-12T14:00:00Z,104.26,104.421,104.197,104.261,104.275,104.438,104.213,104.282
2024-06-12T15:00:00Z,104.26,104.436,104.243,104.427,104.279,104.454,104.262,104.444
2024-06-12T16:00:00Z,104.428,104.464,104.323,104.396,104.446,104.482,104.341,104.41
2024-06-12T17:00:00Z,104.395,104.417,104.273,104.273,104.41,104.519,104.317,104.519
2024-06-12T18:00:00Z,104.259,104.528,104.167,104.506,104.509,104.551,104.265,104.524
2024-06-12T19:00:00Z,104.506,104.523,104.341,104.434,104.525,104.541,104.361,104.456
2024-06-12T20:00:00Z,104.436,104.522,104.384,104.416,104.457,104.536,104.404,104.452
2024-06-12T21:00:00Z,104.336,104.396,104.267,104.314,104.498,104.498,104.366,104.371
2024-06-12T22:00:00Z,104.298,104.424,104.298,104.42,104.365,104.442,104.348,104.438
2024-06-12T23:00:00Z,104.42,104.506,104.416,104.473,104.437,104.521,104.433,104.489
2024-06-13T00:00:00Z,104.473,104.508,104.352,104.382,104.491,104.525,104.369,104.398
2024-06-13T01:00:00Z,104.381,104.512,104.241,104.275,104.398,104.53,104.258,104.288
2024-06-13T02:00:00Z,104.274,104.438,104.263,104.405,104.288,104.453,104.28,104.421
2024-06-13T03:00:00Z,104.404,104.516,104.393,104.489,104.419,104.534,104.409,104.507
2024-06-13T04:00:00Z,104.489,104.501,104.374,104.392,104.506,104.519,104.391,104.407
2024-06-13T05:00:00Z,104.39,104.5,104.291,104.301,104.407,104.517,104.309,104.32
2024-06-13T06:00:00Z,104.299,104.502,104.295,104.421,104.314,104.519,104.312,104.437
2024-06-13T07:00:00Z,104.421,104.662,104.407,104.595,104.438,104.677,104.425,104.614
2024-06-13T08:00:00Z,104.596,104.623,104.513,104.615,104.614,104.641,104.53,104.633
2024-06-13T09:00:00Z,104.615,104.659,104.523,104.558,104.631,104.674,104.54,104.574
2024-06-13T10:00:00Z,104.558,104.565,104.468,104.477,104.573,104.58,104.483,104.492
2024-06-13T11:00:00Z,104.476,104.522,104.394,104.405,104.492,104.535,104.411,104.421
2024-06-13T12:00:00Z,104.404,104.612,104.336,104.548,104.421,104.699,104.414,104.566
2024-06-13T13:00:00Z,104.55,104.677,104.461,104.479,104.566,104.697,104.478,104.497
2024-06-13T14:00:00Z,104.476,104.509,104.157,104.207,104.494,104.525,104.172,104.223
2024-06-13T15:00:00Z,104.206,104.222,104.082,104.091,104.224,104.238,104.1,104.108
2024-06-13T16:00:00Z,104.088,104.095,103.843,103.985,104.106,104.112,103.86,104.003
2024-06-13T17:00:00Z,103.984,104.137,103.953,104.126,104.003,104.155,103.971,104.146
2024-06-13T18:00:00Z,104.125,104.187,104.113,104.132,104.146,104.205,104.13,104.151
2024-06-13T19:00:00Z,104.13,104.259,104.111,104.222,104.149,104.277,104.125,104.241
2024-06-13T20:00:00Z,104.224,104.257,104.181,104.181,104.242,104.274,104.209,104.209
2024-06-13T21:00:00Z,104.158,104.163,104.069,104.147,104.234,104.319,104.21,104.214
2024-06-13T22:00:00Z,104.147,104.214,104.119,104.198,104.203,104.23,104.154,104.22
2024-06-13T23:00:00Z,104.198,104.248,104.173,104.183,104.221,104.267,104.192,104.2
2024-06-14T00:00:00Z,104.18,104.217,104.009,104.087,104.199,104.231,104.027,104.105
2024-06-14T01:00:00Z,104.089,104.381,104.089,104.362,104.106,104.4,104.106,104.379
2024-06-14T02:00:00Z,104.363,104.429,104.249,104.409,104.382,104.447,104.267,104.43
2024-06-14T03:00:00Z,104.408,104.689,104.059,104.631,104.431,104.711,104.135,104.646
2024-06-14T04:00:00Z,104.63,104.712,104.622,104.649,104.647,104.732,104.64,104.667
2024-06-14T05:00:00Z,104.651,104.796,104.642,104.747,104.667,104.817,104.659,104.77
2024-06-14T06:00:00Z,104.752,104.789,104.374,104.576,104.775,104.813,104.39,104.595
2024-06-14T07:00:00Z,104.578,104.657,104.318,104.34,104.597,104.674,104.338,104.36
2024-06-14T08:00:00Z,104.339,104.404,104.073,104.145,104.36,104.421,104.093,104.16
2024-06-14T09:00:00Z,104.145,104.161,103.669,103.836,104.158,104.18,103.686,103.853
2024-06-14T10:00:00Z,103.834,103.906,103.664,103.822,103.852,103.927,103.68,103.842
2024-06-14T11:00:00Z,103.821,104.132,103.82,103.906,103.842,104.153,103.841,103.925
2024-06-14T12:00:00Z,103.906,103.975,103.803,103.915,103.923,103.993,103.82,103.931
2024-06-14T13:00:00Z,103.915,103.994,103.634,103.737,103.929,104.01,103.652,103.786
2024-06-14T14:00:00Z,103.739,104.028,103.653,104.008,103.786,104.043,103.671,104.024
2024-06-14T15:00:00Z,104.003,104.097,103.917,104.038,104.019,104.113,103.933,104.054
2024-06-14T16:00:00Z,104.03,104.127,103.996,104.087,104.047,104.143,104.013,104.104
2024-06-14T17:00:00Z,104.087,104.132,103.987,104.018,104.105,104.15,104.004,104.035
2024-06-14T18:00:00Z,104.02,104.024,103.898,103.999,104.038,104.038,103.914,104.018
2024-06-14T19:00:00Z,104.0,104.058,103.979,104.056,104.018,104.075,103.998,104.075
2024-06-14T20:00:00Z,104.053,104.153,104.026,104.086,104.072,104.188,104.059,104.157
2024-06-16T21:00:00Z,103.934,104.114,103.934,104.032,104.171,104.237,104.129,104.161
2024-06-16T22:00:00Z,103.993,104.224,103.993,104.221,104.181,104.244,104.132,104.238
2024-06-16T23:00:00Z,104.225,104.27,104.148,104.18,104.241,104.288,104.165,104.196
2024-06-17T00:00:00Z,104.179,104.183,104.01,104.058,104.196,104.203,104.031,104.077
2024-06-17T01:00:00Z,104.058,104.058,103.922,104.002,104.078,104.078,103.938,104.024
2024-06-17T02:00:00Z,104.001,104.038,103.903,103.916,104.022,104.055,103.92,103.936
2024-06-17T03:00:00Z,103.916,103.977,103.889,103.918,103.935,103.99,103.907,103.935
2024-06-17T04:00:00Z,103.919,103.944,103.886,103.919,103.937,103.959,103.903,103.938
2024-06-17T05:00:00Z,103.92,103.969,103.894,103.92,103.938,103.986,103.911,103.936
2024-06-17T06:00:00Z,103.916,103.92,103.581,103.787,103.935,103.938,103.601,103.805
2024-06-17T07:00:00Z,103.79,104.095,103.772,104.021,103.807,104.11,103.791,104.034
2024-06-17T08:00:00Z,104.021,104.165,103.999,104.133,104.037,104.181,104.014,104.149
2024-06-17T09:00:00Z,104.133,104.179,104.091,104.14,104.15,104.195,104.106,104.156
2024-06-17T10:00:00Z,104.139,104.164,104.014,104.143,104.156,104.181,104.03,104.157
2024-06-17T11:00:00Z,104.14,104.164,104.037,104.057,104.155,104.18,104.053,104.075
2024-06-17T12:00:00Z,104.058,104.132,103.984,104.059,104.075,104.146,104.002,104.078
2024-06-17T13:00:00Z,104.06,104.221,104.039,104.183,104.078,104.239,104.056,104.2
2024-06-17T14:00:00Z,104.186,104.2,104.006,104.063,104.204,104.215,104.021,104.078
2024-06-17T15:00:00Z,104.066,104.158,104.037,104.103,104.081,104.174,104.051,104.119
2024-06-17T16:00:00Z,104.103,104.256,104.095,104.229,104.118,104.269,104.11,104.247
2024-06-17T17:00:00Z,104.227,104.287,104.211,104.286,104.244,104.304,104.228,104.302
2024-06-17T18:00:00Z,104.285,104.347,104.285,104.306,104.302,104.363,104.301,104.322
2024-06-17T19:00:00Z,104.305,104.328,104.273,104.324,104.32,104.344,104.292,104.342
2024-06-17T20:00:00Z,104.324,104.325,104.263,104.285,104.343,104.343,104.281,104.32
2024-06-17T21:00:00Z,104.289,104.289,104.133,104.252,104.341,104.373,104.294,104.308
2024-06-17T22:00:00Z,104.246,104.355,104.246,104.331,104.306,104.374,104.285,104.349
2024-06-17T23:00:00Z,104.33,104.378,104.254,104.351,104.349,104.394,104.275,104.366
2024-06-18T00:00:00Z,104.347,104.376,104.245,104.318,104.362,104.394,104.264,104.334
2024-06-18T01:00:00Z,104.319,104.361,104.094,104.123,104.334,104.376,104.112,104.14
2024-06-18T02:00:00Z,104.123,104.248,104.107,104.22,104.139,104.265,104.124,104.238
2024-06-18T03:00:00Z,104.223,104.223,104.104,104.157,104.241,104.241,104.122,104.174
2024-06-18T04:00:00Z,104.154,104.289,104.006,104.214,104.172,104.306,104.019,104.232
2024-06-18T05:00:00Z,104.214,104.593,104.198,104.56,104.23,104.614,104.217,104.579
2024-06-18T06:00:00Z,104.569,104.754,104.493,104.729,104.582,104.773,104.514,104.748
2024-06-18T07:00:00Z,104.732,104.781,104.575,104.588,104.749,104.794,104.59,104.605
2024-06-18T08:00:00Z,104.58,104.637,104.461,104.62,104.599,104.653,104.48,104.637
2024-06-18T09:00:00Z,104.625,104.668,104.539,104.607,104.642,104.684,104.554,104.621
2024-06-18T10:00:00Z,104.604,104.684,104.574,104.624,104.62,104.7,104.59,104.64
2024-06-18T11:00:00Z,104.625,104.637,104.48,104.505,104.64,104.654,104.498,104.523
2024-06-18T12:00:00Z,104.505,104.621,104.399,104.573,104.521,104.644,104.462,104.59
2024-06-18T13:00:00Z,104.571,104.844,104.556,104.843,104.59,104.861,104.574,104.86
2024-06-18T14:00:00Z,104.838,105.084,104.799,104.897,104.856,105.104,104.817,104.912
2024-06-18T15:00:00Z,104.899,104.988,104.862,104.954,104.912,105.005,104.879,104.971
2024-06-18T16:00:00Z,104.956,105.011,104.932,104.932,104.974,105.028,104.948,104.95
2024-06-18T17:00:00Z,104.932,105.002,104.917,104.987,104.949,105.02,104.934,105.003
2024-06-18T18:00:00Z,104.987,105.034,104.934,105.028,105.005,105.052,104.952,105.043
2024-06-18T19:00:00Z,105.024,105.067,104.951,105.067,105.039,105.084,104.968,105.084
2024-06-18T20:00:00Z,105.071,105.083,105.03,105.059,105.088,105.102,105.051,105.09
2024-06-18T21:00:00Z,105.004,105.052,104.991,105.039,105.137,105.137,105.072,105.083
2024-06-18T22:00:00Z,105.039,105.13,105.029,105.101,105.082,105.147,105.062,105.119
2024-06-18T23:00:00Z,105.094,105.147,105.081,105.147,105.113,105.165,105.097,105.164
2024-06-19T00:00:00Z,105.154,105.191,105.131,105.167,105.168,105.208,105.148,105.185
2024-06-19T01:00:00Z,105.168,105.225,105.09,105.162,105.185,105.242,105.107,105.178
2024-06-19T02:00:00Z,105.164,105.221,105.154,105.205,105.178,105.238,105.171,105.221
2024-06-19T03:00:00Z,105.203,105.226,105.125,105.138,105.221,105.244,105.141,105.157
2024-06-19T04:00:00Z,105.138,105.191,105.117,105.156,105.155,105.204,105.134,105.176
2024-06-19T05:00:00Z,105.156,105.225,105.145,105.183,105.177,105.244,105.164,105.205
2024-06-19T06:00:00Z,105.185,105.287,105.127,105.158,105.205,105.306,105.147,105.177
2024-06-19T07:00:00Z,105.159,105.268,105.136,105.244,105.176,105.287,105.154,105.261
2024-06-19T08:00:00Z,105.244,105.289,105.202,105.261,105.263,105.308,105.22,105.275
2024-06-19T09:00:00Z,105.261,105.357,105.244,105.274,105.274,105.371,105.262,105.292
2024-06-19T10:00:00Z,105.275,105.363,105.261,105.312,105.292,105.381,105.28,105.329
2024-06-19T11:00:00Z,105.312,105.367,105.282,105.314,105.331,105.384,105.298,105.332
2024-06-19T12:00:00Z,105.314,105.334,105.252,105.308,105.333,105.351,105.269,105.321
2024-06-19T13:00:00Z,105.311,105.343,105.261,105.322,105.324,105.36,105.279,105.339
2024-06-19T14:00:00Z,105.32,105.397,105.288,105.384,105.337,105.412,105.304,105.4
2024-06-19T15:00:00Z,105.385,105.425,105.311,105.395,105.4,105.44,105.331,105.413
2024-06-19T16:00:00Z,105.396,105.406,105.342,105.358,105.412,105.425,105.36,105.377
2024-06-19T17:00:00Z,105.358,105.362,105.327,105.354,105.375,105.381,105.346,105.375
2024-06-19T18:00:00Z,105.354,105.379,105.323,105.377,105.374,105.397,105.341,105.396
2024-06-19T19:00:00Z,105.377,105.41,105.363,105.409,105.393,105.43,105.38,105.43
2024-06-19T20:00:00Z,105.409,105.493,105.403,105.459,105.427,105.517,105.422,105.509
2024-06-19T21:00:00Z,105.38,105.413,105.332,105.363,105.513,105.519,105.429,105.435
2024-06-19T22:00:00Z,105.371,105.444,105.35,105.415,105.443,105.492,105.398,105.437
2024-06-19T23:00:00Z,105.416,105.465,105.37,105.41,105.435,105.486,105.385,105.427
2024-06-20T00:00:00Z,105.411,105.495,105.395,105.439,105.427,105.516,105.412,105.455
2024-06-20T01:00:00Z,105.438,105.537,105.365,105.464,105.456,105.557,105.384,105.483
2024-06-20T02:00:00Z,105.464,105.489,105.375,105.444,105.482,105.506,105.392,105.459
2024-06-20T03:00:00Z,105.443,105.52,105.436,105.505,105.46,105.535,105.451,105.521
2024-06-20T04:00:00Z,105.503,105.571,105.474,105.492,105.524,105.589,105.489,105.508
2024-06-20T05:00:00Z,105.493,105.519,105.384,105.412,105.507,105.538,105.399,105.425
2024-06-20T06:00:00Z,105.422,105.468,105.326,105.415,105.436,105.483,105.341,105.428
2024-06-20T07:00:00Z,105.414,105.632,105.413,105.563,105.429,105.647,105.429,105.581
2024-06-20T08:00:00Z,105.563,105.661,105.556,105.628,105.578,105.676,105.573,105.647
2024-06-20T09:00:00Z,105.627,105.695,105.572,105.654,105.645,105.709,105.587,105.669
2024-06-20T10:00:00Z,105.654,105.731,105.628,105.703,105.67,105.746,105.644,105.718
2024-06-20T11:00:00Z,105.703,105.759,105.61,105.613,105.717,105.776,105.626,105.629
2024-06-20T12:00:00Z,105.612,105.724,105.566,105.647,105.629,105.741,105.58,105.663
2024-06-20T13:00:00Z,105.645,105.831,105.586,105.81,105.659,105.847,105.602,105.825
2024-06-20T14:00:00Z,105.809,105.899,105.766,105.795,105.825,105.915,105.783,105.812
2024-06-20T15:00:00Z,105.798,105.829,105.609,105.67,105.815,105.848,105.627,105.687
2024-06-20T16:00:00Z,105.668,105.728,105.569,105.691,105.684,105.746,105.585,105.707
2024-06-20T17:00:00Z,105.688,105.736,105.597,105.724,105.705,105.753,105.613,105.738
2024-06-20T18:00:00Z,105.726,105.816,105.725,105.767,105.741,105.836,105.741,105.782
2024-06-20T19:00:00Z,105.762,105.807,105.71,105.798,105.78,105.825,105.728,105.817
2024-06-20T20:00:00Z,105.795,105.81,105.746,105.771,105.815,105.828,105.766,105.802
2024-06-20T21:00:00Z,105.627,105.778,105.627,105.751,105.877,105.895,105.78,105.809
2024-06-20T22:00:00Z,105.75,105.774,105.741,105.761,105.809,105.819,105.761,105.78
2024-06-20T23:00:00Z,105.758,105.882,105.747,105.852,105.777,105.898,105.766,105.871
2024-06-21T00:00:00Z,105.852,105.894,105.804,105.885,105.869,105.909,105.821,105.9
2024-06-21T01:00:00Z,105.884,105.937,105.814,105.872,105.9,105.95,105.83,105.888
2024-06-21T02:00:00Z,105.874,105.915,105.799,105.873,105.89,105.932,105.816,105.891
2024-06-21T03:00:00Z,105.873,105.94,105.83,105.915,105.89,105.957,105.85,105.933
2024-06-21T04:00:00Z,105.915,105.95,105.909,105.927,105.932,105.966,105.926,105.946
2024-06-21T05:00:00Z,105.927,105.949,105.867,105.92,105.944,105.967,105.885,105.937
2024-06-21T06:00:00Z,105.915,105.965,105.874,105.905,105.932,105.981,105.89,105.919
2024-06-21T07:00:00Z,105.906,105.922,105.456,105.589,105.919,105.936,105.476,105.609
2024-06-21T08:00:00Z,105.587,105.724,105.54,105.667,105.605,105.741,105.559,105.683
2024-06-21T09:00:00Z,105.666,105.698,105.548,105.694,105.683,105.714,105.565,105.708
2024-06-21T10:00:00Z,105.692,105.786,105.648,105.776,105.709,105.803,105.664,105.795
2024-06-21T11:00:00Z,105.777,105.931,105.777,105.899,105.798,105.95,105.798,105.916
2024-06-21T12:00:00Z,105.898,105.951,105.831,105.855,105.916,105.968,105.85,105.871
2024-06-21T13:00:00Z,105.854,105.899,105.603,105.76,105.871,105.918,105.649,105.775
2024-06-21T14:00:00Z,105.759,105.965,105.709,105.901,105.775,105.986,105.724,105.915
2024-06-21T15:00:00Z,105.901,105.932,105.755,105.856,105.914,105.95,105.77,105.871
2024-06-21T16:00:00Z,105.86,105.925,105.776,105.917,105.873,105.942,105.79,105.93
2024-06-21T17:00:00Z,105.914,105.976,105.877,105.958,105.929,105.995,105.895,105.977
2024-06-21T18:00:00Z,105.957,106.019,105.899,105.989,105.977,106.037,105.917,106.007
2024-06-21T19:00:00Z,105.989,106.021,105.961,106.008,106.006,106.038,105.979,106.026
2024-06-21T20:00:00Z,106.01,106.149,105.992,106.096,106.027,106.186,106.009,106.17
2024-06-23T21:00:00Z,105.992,106.066,105.935,105.963,106.198,106.205,106.013,106.072
2024-06-23T22:00:00Z,105.957,106.088,105.957,106.066,106.073,106.135,106.038,106.087
2024-06-23T23:00:00Z,106.067,106.117,106.032,106.081,106.089,106.138,106.051,106.094
2024-06-24T00:00:00Z,106.085,106.165,106.009,106.073,106.098,106.181,106.026,106.091
2024-06-24T01:00:00Z,106.072,106.072,105.8,105.941,106.089,106.09,105.818,105.955
2024-06-24T02:00:00Z,105.941,106.028,105.88,105.911,105.954,106.046,105.899,105.926
2024-06-24T03:00:00Z,105.912,106.0,105.897,105.935,105.925,106.014,105.914,105.951
2024-06-24T04:00:00Z,105.932,106.038,105.927,106.034,105.948,106.057,105.941,106.049
2024-06-24T05:00:00Z,106.036,106.122,106.036,106.056,106.054,106.141,106.054,106.073
2024-06-24T06:00:00Z,106.056,106.162,106.034,106.124,106.074,106.18,106.05,106.139
2024-06-24T07:00:00Z,106.125,106.236,106.1,106.236,106.143,106.251,106.118,106.251
2024-06-24T08:00:00Z,106.238,106.329,106.212,106.295,106.251,106.346,106.229,106.313
2024-06-24T09:00:00Z,106.296,106.319,106.143,106.165,106.313,106.336,106.161,106.183
2024-06-24T10:00:00Z,106.168,106.168,105.571,106.048,106.186,106.186,105.602,106.065
2024-06-24T11:00:00Z,106.047,106.088,105.869,105.925,106.065,106.109,105.889,105.944
2024-06-24T12:00:00Z,105.923,105.983,105.84,105.921,105.941,105.999,105.857,105.938
2024-06-24T13:00:00Z,105.922,106.184,105.916,106.161,105.94,106.2,105.934,106.177
2024-06-24T14:00:00Z,106.161,106.359,106.152,106.342,106.176,106.376,106.168,106.358
2024-06-24T15:00:00Z,106.341,106.364,106.256,106.273,106.358,106.38,106.272,106.289
2024-06-24T16:00:00Z,106.276,106.311,106.253,106.287,106.292,106.328,106.27,106.302
2024-06-24T17:00:00Z,106.288,106.288,106.181,106.231,106.301,106.301,106.195,106.25
2024-06-24T18:00:00Z,106.232,106.333,106.222,106.327,106.25,106.352,106.237,106.345
2024-06-24T19:00:00Z,106.327,106.365,106.257,106.271,106.346,106.384,106.275,106.287
2024-06-24T20:00:00Z,106.271,106.297,106.201,106.24,106.29,106.312,106.224,106.272
2024-06-24T21:00:00Z,106.21,106.237,106.16,106.199,106.318,106.41,106.236,106.271
2024-06-24T22:00:00Z,106.193,106.25,106.176,106.181,106.271,106.291,106.194,106.199
2024-06-24T23:00:00Z,106.181,106.258,106.167,106.255,106.2,106.275,106.186,106.272
2024-06-25T00:00:00Z,106.254,106.279,106.001,106.043,106.273,106.295,106.015,106.063
2024-06-25T01:00:00Z,106.047,106.156,105.916,106.09,106.066,106.174,105.937,106.109
2024-06-25T02:00:00Z,106.09,106.175,106.066,106.082,106.11,106.194,106.079,106.096
2024-06-25T03:00:00Z,106.082,106.227,106.082,106.217,106.099,106.245,106.099,106.232
2024-06-25T04:00:00Z,106.217,106.241,106.14,106.192,106.233,106.254,106.155,106.21
2024-06-25T05:00:00Z,106.193,106.252,106.157,106.23,106.21,106.269,106.177,106.247
2024-06-25T06:00:00Z,106.233,106.377,106.182,106.373,106.247,106.394,106.199,106.386
2024-06-25T07:00:00Z,106.377,106.388,106.225,106.321,106.39,106.407,106.243,106.339
2024-06-25T08:00:00Z,106.321,106.377,106.231,106.258,106.34,106.396,106.248,106.276
2024-06-25T09:00:00Z,106.261,106.275,106.154,106.168,106.278,106.293,106.172,106.185
2024-06-25T10:00:00Z,106.168,106.168,106.075,106.157,106.184,106.184,106.091,106.173
2024-06-25T11:00:00Z,106.153,106.158,105.928,106.007,106.17,106.174,105.944,106.025
2024-06-25T12:00:00Z,106.007,106.159,106.006,106.118,106.024,106.177,106.024,106.135
2024-06-25T13:00:00Z,106.12,106.184,105.954,106.01,106.137,106.2,105.973,106.059
2024-06-25T14:00:00Z,106.015,106.045,105.922,106.008,106.059,106.061,105.937,106.021
2024-06-25T15:00:00Z,106.01,106.084,106.001,106.038,106.024,106.102,106.016,106.058
2024-06-25T16:00:00Z,106.033,106.043,105.969,106.04,106.053,106.063,105.987,106.057
2024-06-25T17:00:00Z,106.04,106.148,105.973,106.139,106.056,106.163,105.99,106.155
2024-06-25T18:00:00Z,106.136,106.181,106.112,106.151,106.153,106.194,106.127,106.168
2024-06-25T19:00:00Z,106.149,106.15,106.101,106.116,106.166,106.167,106.12,106.136
2024-06-25T20:00:00Z,106.113,106.138,106.083,106.114,106.132,106.172,106.102,106.17
2024-06-25T21:00:00Z,106.114,106.138,105.961,106.104,106.169,106.246,106.121,106.168
2024-06-25T22:00:00Z,106.105,106.145,106.076,106.099,106.168,106.185,106.091,106.119
2024-06-25T23:00:00Z,106.099,106.123,106.067,106.104,106.12,106.143,106.088,106.122
2024-06-26T00:00:00Z,106.101,106.102,105.971,106.096,106.121,106.121,105.989,106.109
2024-06-26T01:00:00Z,106.094,106.632,106.09,106.627,106.108,106.651,106.104,106.648
2024-06-26T02:00:00Z,106.625,106.76,106.537,106.605,106.647,106.78,106.552,106.623
2024-06-26T03:00:00Z,106.609,106.709,106.583,106.638,106.626,106.727,106.602,106.655
2024-06-26T04:00:00Z,106.637,106.737,106.627,106.677,106.657,106.753,106.646,106.696
2024-06-26T05:00:00Z,106.677,106.832,106.675,106.808,106.695,106.851,106.69,106.828
2024-06-26T06:00:00Z,106.815,106.896,106.76,106.768,106.828,106.911,106.779,106.786
2024-06-26T07:00:00Z,106.768,106.809,106.701,106.809,106.784,106.826,106.718,106.824
2024-06-26T08:00:00Z,106.809,106.91,106.758,106.771,106.823,106.925,106.773,106.789
2024-06-26T09:00:00Z,106.771,106.866,106.706,106.741,106.79,106.884,106.731,106.76
2024-06-26T10:00:00Z,106.746,106.812,106.62,106.73,106.765,106.829,106.638,106.748
2024-06-26T11:00:00Z,106.729,106.753,106.591,106.725,106.748,106.77,106.609,106.742
2024-06-26T12:00:00Z,106.726,106.825,106.684,106.716,106.742,106.842,106.701,106.734
2024-06-26T13:00:00Z,106.715,106.768,106.55,106.732,106.735,106.784,106.57,106.77
2024-06-26T14:00:00Z,106.733,106.924,106.714,106.809,106.769,106.938,106.734,106.825
2024-06-26T15:00:00Z,106.808,106.904,106.722,106.814,106.822,106.921,106.737,106.831
2024-06-26T16:00:00Z,106.812,106.876,106.78,106.806,106.827,106.894,106.798,106.821
2024-06-26T17:00:00Z,106.807,106.938,106.777,106.931,106.82,106.956,106.796,106.949
2024-06-26T18:00:00Z,106.928,106.935,106.847,106.87,106.948,106.951,106.866,106.887
2024-06-26T19:00:00Z,106.87,106.958,106.821,106.946,106.886,106.974,106.834,106.962
2024-06-26T20:00:00Z,106.947,106.947,106.876,106.887,106.962,106.962,106.896,106.946
2024-06-26T21:00:00Z,106.762,106.915,106.743,106.883,107.012,107.012,106.872,106.917
2024-06-26T22:00:00Z,106.877,106.877,106.8,106.813,106.911,106.939,106.821,106.835
2024-06-26T23:00:00Z,106.817,106.817,106.691,106.736,106.836,106.836,106.707,106.754
2024-06-27T00:00:00Z,106.739,106.769,106.645,106.752,106.755,106.788,106.663,106.773
2024-06-27T01:00:00Z,106.753,106.788,106.643,106.751,106.773,106.806,106.661,106.767
2024-06-27T02:00:00Z,106.763,106.793,106.638,106.761,106.78,106.808,106.656,106.777
2024-06-27T03:00:00Z,106.762,106.883,106.745,106.858,106.777,106.9,106.762,106.875
2024-06-27T04:00:00Z,106.859,106.867,106.793,106.854,106.877,106.885,106.809,106.873
2024-06-27T05:00:00Z,106.861,106.929,106.812,106.922,106.875,106.947,106.829,106.94
2024-06-27T06:00:00Z,106.923,106.989,106.885,106.955,106.94,107.004,106.903,106.972
2024-06-27T07:00:00Z,106.959,107.06,106.939,106.965,106.973,107.076,106.957,106.981
2024-06-27T08:00:00Z,106.963,107.042,106.901,107.017,106.981,107.059,106.914,107.034
2024-06-27T09:00:00Z,107.021,107.051,106.996,107.012,107.035,107.07,107.011,107.03
2024-06-27T10:00:00Z,107.011,107.026,106.812,106.856,107.03,107.041,106.826,106.872
2024-06-27T11:00:00Z,106.858,106.867,106.753,106.784,106.873,106.881,106.772,106.801
2024-06-27T12:00:00Z,106.784,106.925,106.668,106.91,106.8,106.94,106.701,106.926
2024-06-27T13:00:00Z,106.907,106.951,106.853,106.898,106.925,106.97,106.871,106.923
2024-06-27T14:00:00Z,106.9,106.973,106.835,106.94,106.926,106.988,106.85,106.953
2024-06-27T15:00:00Z,106.94,106.94,106.741,106.814,106.955,106.955,106.757,106.83
2024-06-27T16:00:00Z,106.81,106.873,106.802,106.854,106.826,106.886,106.818,106.867
2024-06-27T17:00:00Z,106.849,106.89,106.831,106.842,106.862,106.907,106.847,106.859
2024-06-27T18:00:00Z,106.843,106.868,106.785,106.866,106.861,106.884,106.802,106.883
2024-06-27T19:00:00Z,106.867,106.899,106.854,106.881,106.885,106.916,106.871,106.901
2024-06-27T20:00:00Z,106.883,106.903,106.855,106.856,106.901,106.921,106.875,106.884
2024-06-27T21:00:00Z,106.762,106.836,106.711,106.831,106.926,106.927,106.843,106.889
2024-06-27T22:00:00Z,106.832,106.844,106.792,106.807,106.891,106.931,106.813,106.829
2024-06-27T23:00:00Z,106.807,106.867,106.791,106.858,106.83,106.887,106.81,106.878
2024-06-28T00:00:00Z,106.86,106.984,106.791,106.977,106.88,107.004,106.811,106.996
2024-06-28T01:00:00Z,106.977,106.979,106.606,106.692,106.994,106.999,106.631,106.712
2024-06-28T02:00:00Z,106.689,106.84,106.671,106.751,106.71,106.858,106.689,106.767
2024-06-28T03:00:00Z,106.747,106.78,106.622,106.674,106.765,106.797,106.639,106.691
2024-06-28T04:00:00Z,106.673,106.736,106.631,106.646,106.691,106.754,106.647,106.663
2024-06-28T05:00:00Z,106.644,106.67,106.547,106.6,106.662,106.688,106.567,106.618
2024-06-28T06:00:00Z,106.601,106.753,106.601,106.716,106.62,106.77,106.62,106.734
2024-06-28T07:00:00Z,106.718,106.796,106.648,106.752,106.736,106.816,106.667,106.769
2024-06-28T08:00:00Z,106.749,106.891,106.696,106.873,106.767,106.909,106.714,106.891
2024-06-28T09:00:00Z,106.873,106.95,106.784,106.927,106.888,106.969,106.801,106.943
2024-06-28T10:00:00Z,106.926,106.971,106.842,106.859,106.943,106.99,106.862,106.875
2024-06-28T11:00:00Z,106.859,106.929,106.832,106.886,106.874,106.946,106.85,106.905
2024-06-28T12:00:00Z,106.886,107.046,106.81,107.023,106.904,107.133,106.875,107.04
2024-06-28T13:00:00Z,107.023,107.096,106.916,107.001,107.037,107.113,106.934,107.033
2024-06-28T14:00:00Z,107.002,107.45,106.941,107.416,107.029,107.469,106.956,107.433
2024-06-28T15:00:00Z,107.416,107.451,107.265,107.37,107.43,107.472,107.28,107.384
2024-06-28T16:00:00Z,107.369,107.389,107.274,107.345,107.384,107.404,107.29,107.36
2024-06-28T17:00:00Z,107.344,107.433,107.285,107.289,107.36,107.449,107.301,107.306
2024-06-28T18:00:00Z,107.288,107.341,107.191,107.235,107.303,107.355,107.208,107.251
2024-06-28T19:00:00Z,107.232,107.313,107.167,107.31,107.248,107.329,107.184,107.326
2024-06-28T20:00:00Z,107.314,107.325,107.258,107.274,107.33,107.355,107.291,107.345
2024-06-30T21:00:00Z,107.338,107.414,107.242,107.356,107.497,107.533,107.369,107.401
2024-06-30T22:00:00Z,107.355,107.45,107.354,107.367,107.409,107.481,107.371,107.389
2024-06-30T23:00:00Z,107.364,107.453,107.354,107.389,107.387,107.474,107.374,107.409
2024-07-01T00:00:00Z,107.393,107.48,107.278,107.386,107.412,107.499,107.295,107.408
2024-07-01T01:00:00Z,107.387,107.426,107.261,107.358,107.411,107.444,107.282,107.378
2024-07-01T02:00:00Z,107.363,107.366,107.241,107.325,107.383,107.383,107.261,107.344
2024-07-01T03:00:00Z,107.328,107.385,107.292,107.376,107.345,107.403,107.312,107.394
2024-07-01T04:00:00Z,107.377,107.379,107.322,107.366,107.393,107.399,107.341,107.384
2024-07-01T05:00:00Z,107.367,107.394,107.306,107.354,107.384,107.415,107.325,107.372
2024-07-01T06:00:00Z,107.355,107.464,107.318,107.331,107.372,107.48,107.338,107.349
2024-07-01T07:00:00Z,107.328,107.53,107.324,107.482,107.347,107.547,107.34,107.502
2024-07-01T08:00:00Z,107.486,107.646,107.483,107.623,107.504,107.666,107.503,107.642
2024-07-01T09:00:00Z,107.623,107.623,107.5,107.576,107.639,107.641,107.515,107.593
2024-07-01T10:00:00Z,107.574,107.592,107.505,107.537,107.593,107.61,107.523,107.556
2024-07-01T11:00:00Z,107.536,107.569,107.473,107.512,107.553,107.589,107.493,107.533
2024-07-01T12:00:00Z,107.511,107.526,107.399,107.514,107.53,107.544,107.417,107.53
2024-07-01T13:00:00Z,107.516,107.811,107.489,107.675,107.53,107.827,107.506,107.766
2024-07-01T14:00:00Z,107.673,107.786,107.432,107.499,107.767,107.864,107.447,107.517
2024-07-01T15:00:00Z,107.496,107.52,107.396,107.469,107.514,107.537,107.413,107.486
2024-07-01T16:00:00Z,107.468,107.537,107.413,107.458,107.484,107.555,107.431,107.474
2024-07-01T17:00:00Z,107.458,107.503,107.426,107.459,107.476,107.522,107.441,107.477
2024-07-01T18:00:00Z,107.462,107.473,107.376,107.418,107.479,107.49,107.394,107.435
2024-07-01T19:00:00Z,107.417,107.468,107.375,107.466,107.435,107.486,107.392,107.482
2024-07-01T20:00:00Z,107.47,107.53,107.448,107.502,107.487,107.571,107.466,107.57
2024-07-01T21:00:00Z,107.505,107.533,107.397,107.492,107.567,107.663,107.52,107.552
2024-07-01T22:00:00Z,107.492,107.53,107.435,107.441,107.557,107.564,107.452,107.46
2024-07-01T23:00:00Z,107.441,107.474,107.388,107.471,107.458,107.491,107.404,107.488
2024-07-02T00:00:00Z,107.47,107.55,107.389,107.396,107.488,107.567,107.406,107.414
2024-07-02T01:00:00Z,107.396,107.506,107.316,107.464,107.413,107.525,107.334,107.482
2024-07-02T02:00:00Z,107.464,107.474,107.283,107.313,107.483,107.492,107.301,107.33
2024-07-02T03:00:00Z,107.313,107.386,107.233,107.372,107.329,107.406,107.252,107.39
2024-07-02T04:00:00Z,107.372,107.431,107.318,107.394,107.391,107.451,107.338,107.414
2024-07-02T05:00:00Z,107.394,107.471,107.313,107.446,107.413,107.489,107.332,107.463
2024-07-02T06:00:00Z,107.447,107.486,107.319,107.383,107.465,107.504,107.336,107.399
2024-07-02T07:00:00Z,107.38,107.503,107.348,107.48,107.398,107.517,107.365,107.494
2024-07-02T08:00:00Z,107.477,107.524,107.402,107.464,107.494,107.542,107.419,107.483
2024-07-02T09:00:00Z,107.463,107.515,107.401,107.507,107.484,107.533,107.421,107.526
2024-07-02T10:00:00Z,107.506,107.562,107.477,107.486,107.523,107.58,107.493,107.503
2024-07-02T11:00:00Z,107.486,107.515,107.426,107.49,107.502,107.532,107.444,107.506
2024-07-02T12:00:00Z,107.483,107.595,107.469,107.484,107.502,107.612,107.486,107.5
2024-07-02T13:00:00Z,107.482,107.62,107.447,107.569,107.5,107.639,107.466,107.61
2024-07-02T14:00:00Z,107.566,107.669,107.41,107.563,107.612,107.691,107.435,107.581
2024-07-02T15:00:00Z,107.563,107.584,107.477,107.541,107.58,107.601,107.496,107.56
2024-07-02T16:00:00Z,107.541,107.594,107.514,107.557,107.559,107.614,107.531,107.576
2024-07-02T17:00:00Z,107.556,107.653,107.544,107.626,107.573,107.669,107.563,107.643
2024-07-02T18:00:00Z,107.625,107.685,107.6,107.684,107.644,107.704,107.621,107.704
2024-07-02T19:00:00Z,107.684,107.694,107.642,107.692,107.702,107.712,107.66,107.708
2024-07-02T20:00:00Z,107.694,107.698,107.616,107.632,107.712,107.717,107.644,107.671
2024-07-02T21:00:00Z,107.581,107.624,107.56,107.589,107.694,107.699,107.631,107.658
2024-07-02T22:00:00Z,107.602,107.679,107.602,107.667,107.67,107.701,107.649,107.686
2024-07-02T23:00:00Z,107.667,107.708,107.641,107.682,107.685,107.722,107.662,107.7
2024-07-03T00:00:00Z,107.684,107.791,107.667,107.745,107.701,107.813,107.687,107.766
2024-07-03T01:00:00Z,107.743,107.91,107.69,107.846,107.765,107.933,107.708,107.862
2024-07-03T02:00:00Z,107.843,107.918,107.781,107.835,107.861,107.933,107.799,107.851
2024-07-03T03:00:00Z,107.831,107.95,107.827,107.913,107.845,107.971,107.844,107.928
2024-07-03T04:00:00Z,107.913,108.002,107.905,107.943,107.926,108.021,107.922,107.962
2024-07-03T05:00:00Z,107.942,108.031,107.906,108.001,107.96,108.044,107.924,108.022
2024-07-03T06:00:00Z,108.004,108.061,107.943,108.016,108.022,108.079,107.962,108.033
2024-07-03T07:00:00Z,108.016,108.199,108.008,108.069,108.034,108.217,108.024,108.089
2024-07-03T08:00:00Z,108.07,108.113,108.011,108.029,108.087,108.13,108.028,108.046
2024-07-03T09:00:00Z,108.029,108.065,107.991,108.003,108.045,108.084,108.01,108.023
2024-07-03T10:00:00Z,108.005,108.067,107.979,108.013,108.021,108.085,107.998,108.032
2024-07-03T11:00:00Z,108.011,108.066,107.99,108.036,108.03,108.084,108.006,108.054
2024-07-03T12:00:00Z,108.036,108.146,107.985,108.063,108.052,108.164,108.004,108.08
2024-07-03T13:00:00Z,108.063,108.315,108.059,108.262,108.079,108.332,108.079,108.312
2024-07-03T14:00:00Z,108.262,108.459,108.054,108.414,108.285,108.48,108.154,108.434
2024-07-03T15:00:00Z,108.415,108.5,108.322,108.477,108.433,108.519,108.339,108.496
2024-07-03T16:00:00Z,108.473,108.477,108.392,108.451,108.492,108.495,108.412,108.468
2024-07-03T17:00:00Z,108.452,108.453,108.315,108.322,108.471,108.471,108.336,108.376
2024-07-03T18:00:00Z,108.325,108.366,108.288,108.361,108.375,108.384,108.308,108.376
2024-07-03T19:00:00Z,108.358,108.442,108.333,108.401,108.376,108.46,108.347,108.422
2024-07-03T20:00:00Z,108.402,108.459,108.396,108.411,108.424,108.482,108.415,108.449
2024-07-03T21:00:00Z,108.343,108.373,108.292,108.296,108.448,108.501,108.37,108.384
2024-07-03T22:00:00Z,108.312,108.435,108.288,108.418,108.399,108.453,108.361,108.437
2024-07-03T23:00:00Z,108.416,108.495,108.414,108.449,108.437,108.516,108.434,108.467
2024-07-04T00:00:00Z,108.449,108.485,108.357,108.428,108.468,108.505,108.376,108.45
2024-07-04T01:00:00Z,108.43,108.444,108.276,108.372,108.451,108.465,108.298,108.391
2024-07-04T02:00:00Z,108.37,108.418,108.315,108.406,108.391,108.437,108.335,108.427
2024-07-04T03:00:00Z,108.405,108.428,108.352,108.419,108.427,108.448,108.371,108.438
2024-07-04T04:00:00Z,108.417,108.443,108.395,108.408,108.438,108.463,108.413,108.428
2024-07-04T05:00:00Z,108.412,108.468,108.392,108.461,108.43,108.489,108.411,108.481
2024-07-04T06:00:00Z,108.465,108.465,108.313,108.393,108.483,108.483,108.326,108.411
2024-07-04T07:00:00Z,108.393,108.468,108.304,108.37,108.413,108.483,108.323,108.387
2024-07-04T08:00:00Z,108.367,108.418,108.34,108.376,108.386,108.439,108.357,108.395
2024-07-04T09:00:00Z,108.376,108.427,108.342,108.398,108.398,108.447,108.361,108.418
2024-07-04T10:00:00Z,108.4,108.435,108.34,108.364,108.418,108.453,108.359,108.383
2024-07-04T11:00:00Z,108.367,108.384,108.306,108.325,108.384,108.405,108.326,108.344
2024-07-04T12:00:00Z,108.325,108.398,108.302,108.386,108.345,108.419,108.317,108.404
2024-07-04T13:00:00Z,108.387,108.416,108.339,108.397,108.404,108.435,108.356,108.416
2024-07-04T14:00:00Z,108.395,108.421,108.3,108.317,108.415,108.441,108.32,108.335
2024-07-04T15:00:00Z,108.318,108.46,108.299,108.4,108.337,108.479,108.318,108.42
2024-07-04T16:00:00Z,108.396,108.433,108.363,108.41,108.416,108.454,108.384,108.425
2024-07-04T17:00:00Z,108.411,108.417,108.372,108.402,108.425,108.432,108.394,108.421
2024-07-04T18:00:00Z,108.401,108.466,108.401,108.465,108.421,108.487,108.421,108.486
2024-07-04T19:00:00Z,108.465,108.467,108.422,108.454,108.485,108.487,108.442,108.475
2024-07-04T20:00:00Z,108.455,108.489,108.428,108.437,108.474,108.517,108.474,108.488
2024-07-04T21:00:00Z,108.423,108.478,108.398,108.427,108.573,108.602,108.457,108.492
2024-07-04T22:00:00Z,108.434,108.481,108.4,108.48,108.503,108.522,108.424,108.494
2024-07-04T23:00:00Z,108.474,108.528,108.461,108.504,108.49,108.544,108.478,108.52
2024-07-05T00:00:00Z,108.505,108.591,108.312,108.438,108.523,108.606,108.331,108.452
2024-07-05T01:00:00Z,108.434,108.483,108.355,108.452,108.453,108.502,108.374,108.472
2024-07-05T02:00:00Z,108.458,108.478,108.389,108.403,108.474,108.497,108.407,108.419
2024-07-05T03:00:00Z,108.399,108.411,108.121,108.199,108.418,108.431,108.141,108.217
2024-07-05T04:00:00Z,108.199,108.22,108.128,108.166,108.216,108.237,108.147,108.185
2024-07-05T05:00:00Z,108.167,108.241,108.136,108.191,108.185,108.256,108.155,108.211
2024-07-05T06:00:00Z,108.191,108.196,108.111,108.178,108.21,108.214,108.129,108.198
2024-07-05T07:00:00Z,108.182,108.301,108.147,108.242,108.199,108.319,108.171,108.26
2024-07-05T08:00:00Z,108.241,108.262,108.182,108.257,108.261,108.28,108.2,108.276
2024-07-05T09:00:00Z,108.257,108.276,108.155,108.236,108.274,108.293,108.169,108.254
2024-07-05T10:00:00Z,108.235,108.312,108.196,108.303,108.254,108.332,108.213,108.322
2024-07-05T11:00:00Z,108.306,108.329,108.241,108.265,108.324,108.347,108.258,108.284
2024-07-05T12:00:00Z,108.259,108.457,107.988,108.402,108.277,108.479,108.05,108.421
2024-07-05T13:00:00Z,108.401,108.568,108.341,108.525,108.421,108.587,108.363,108.544
2024-07-05T14:00:00Z,108.524,108.525,108.324,108.435,108.544,108.546,108.342,108.454
2024-07-05T15:00:00Z,108.435,108.462,108.331,108.364,108.455,108.48,108.35,108.382
2024-07-05T16:00:00Z,108.364,108.45,108.337,108.43,108.381,108.471,108.36,108.45
2024-07-05T17:00:00Z,108.429,108.469,108.406,108.462,108.448,108.486,108.427,108.482
2024-07-05T18:00:00Z,108.465,108.51,108.441,108.504,108.485,108.528,108.46,108.521
2024-07-05T19:00:00Z,108.502,108.555,108.483,108.545,108.52,108.573,108.502,108.566
2024-07-05T20:00:00Z,108.55,108.569,108.47,108.486,108.569,108.595,108.532,108.575
2024-07-07T21:00:00Z,108.22,108.411,108.206,108.328,108.371,108.491,108.371,108.442
2024-07-07T22:00:00Z,108.345,108.466,108.345,108.408,108.426,108.53,108.405,108.429
2024-07-07T23:00:00Z,108.408,108.438,108.336,108.361,108.427,108.459,108.356,108.381
2024-07-08T00:00:00Z,108.362,108.399,108.247,108.248,108.383,108.417,108.264,108.269
2024-07-08T01:00:00Z,108.247,108.364,108.225,108.264,108.267,108.384,108.246,108.282
2024-07-08T02:00:00Z,108.264,108.303,108.15,108.233,108.283,108.32,108.17,108.253
2024-07-08T03:00:00Z,108.235,108.504,108.217,108.399,108.256,108.525,108.236,108.419
2024-07-08T04:00:00Z,108.4,108.439,108.356,108.405,108.419,108.458,108.375,108.421
2024-07-08T05:00:00Z,108.405,108.413,108.319,108.372,108.424,108.434,108.337,108.389
2024-07-08T06:00:00Z,108.372,108.468,108.273,108.41,108.387,108.488,108.295,108.427
2024-07-08T07:00:00Z,108.411,108.554,108.402,108.514,108.431,108.572,108.422,108.534
2024-07-08T08:00:00Z,108.514,108.55,108.443,108.512,108.533,108.568,108.463,108.531
2024-07-08T09:00:00Z,108.509,108.566,108.456,108.559,108.528,108.586,108.474,108.575
2024-07-08T10:00:00Z,108.557,108.558,108.408,108.414,108.575,108.575,108.426,108.435
2024-07-08T11:00:00Z,108.414,108.557,108.404,108.516,108.436,108.571,108.422,108.533
2024-07-08T12:00:00Z,108.515,108.546,108.423,108.441,108.533,108.565,108.442,108.462
2024-07-08T13:00:00Z,108.444,108.513,108.352,108.386,108.464,108.533,108.371,108.405
2024-07-08T14:00:00Z,108.387,108.393,108.244,108.355,108.405,108.409,108.262,108.374
2024-07-08T15:00:00Z,108.358,108.406,108.303,108.318,108.377,108.424,108.322,108.337
2024-07-08T16:00:00Z,108.316,108.384,108.29,108.346,108.337,108.405,108.311,108.365
2024-07-08T17:00:00Z,108.345,108.377,108.291,108.358,108.365,108.397,108.309,108.375
2024-07-08T18:00:00Z,108.358,108.36,108.251,108.323,108.376,108.376,108.271,108.341
2024-07-08T19:00:00Z,108.322,108.324,108.233,108.293,108.339,108.34,108.252,108.314
2024-07-08T20:00:00Z,108.292,108.355,108.277,108.342,108.314,108.381,108.3,108.374
2024-07-08T21:00:00Z,108.263,108.334,108.263,108.309,108.371,108.395,108.359,108.378
2024-07-08T22:00:00Z,108.309,108.347,108.293,108.319,108.369,108.377,108.312,108.335
2024-07-08T23:00:00Z,108.32,108.473,108.3,108.455,108.337,108.489,108.318,108.476
2024-07-09T00:00:00Z,108.458,108.506,108.364,108.39,108.478,108.526,108.382,108.408
2024-07-09T01:00:00Z,108.391,108.533,108.39,108.437,108.408,108.547,108.408,108.454
2024-07-09T02:00:00Z,108.435,108.471,108.367,108.415,108.454,108.488,108.386,108.43
2024-07-09T03:00:00Z,108.414,108.525,108.389,108.474,108.43,108.54,108.407,108.493
2024-07-09T04:00:00Z,108.476,108.541,108.454,108.51,108.493,108.559,108.474,108.529
2024-07-09T05:00:00Z,108.516,108.559,108.482,108.483,108.53,108.578,108.503,108.503
2024-07-09T06:00:00Z,108.485,108.516,108.395,108.464,108.503,108.535,108.412,108.483
2024-07-09T07:00:00Z,108.465,108.515,108.429,108.489,108.483,108.536,108.447,108.508
2024-07-09T08:00:00Z,108.483,108.537,108.441,108.476,108.503,108.558,108.461,108.493
2024-07-09T09:00:00Z,108.477,108.522,108.435,108.521,108.493,108.54,108.454,108.536
2024-07-09T10:00:00Z,108.521,108.542,108.467,108.532,108.538,108.558,108.486,108.552
2024-07-09T11:00:00Z,108.528,108.545,108.451,108.474,108.549,108.564,108.469,108.493
2024-07-09T12:00:00Z,108.476,108.512,108.396,108.473,108.493,108.527,108.416,108.493
2024-07-09T13:00:00Z,108.474,108.546,108.446,108.537,108.492,108.564,108.466,108.556
2024-07-09T14:00:00Z,108.534,108.666,108.469,108.625,108.553,108.686,108.49,108.645
2024-07-09T15:00:00Z,108.626,108.721,108.562,108.709,108.644,108.738,108.578,108.728
2024-07-09T16:00:00Z,108.709,108.725,108.646,108.679,108.729,108.743,108.666,108.697
2024-07-09T17:00:00Z,108.678,108.748,108.657,108.717,108.695,108.77,108.676,108.737
2024-07-09T18:00:00Z,108.715,108.733,108.663,108.722,108.735,108.751,108.682,108.737
2024-07-09T19:00:00Z,108.721,108.727,108.667,108.721,108.735,108.747,108.687,108.741
2024-07-09T20:00:00Z,108.723,108.744,108.703,108.706,108.743,108.779,108.722,108.77
2024-07-09T21:00:00Z,108.682,108.718,108.675,108.702,108.844,108.844,108.738,108.739
2024-07-09T22:00:00Z,108.702,108.773,108.694,108.76,108.743,108.793,108.725,108.784
2024-07-09T23:00:00Z,108.762,108.802,108.745,108.755,108.785,108.824,108.763,108.774
2024-07-10T00:00:00Z,108.753,108.822,108.735,108.742,108.771,108.838,108.754,108.762
2024-07-10T01:00:00Z,108.746,108.864,108.732,108.851,108.763,108.885,108.752,108.875
2024-07-10T02:00:00Z,108.854,108.894,108.735,108.867,108.878,108.908,108.755,108.885
2024-07-10T03:00:00Z,108.869,108.911,108.786,108.876,108.886,108.929,108.804,108.893
2024-07-10T04:00:00Z,108.876,108.903,108.831,108.892,108.892,108.921,108.847,108.912
2024-07-10T05:00:00Z,108.894,108.947,108.874,108.89,108.912,108.963,108.894,108.91
2024-07-10T06:00:00Z,108.889,108.921,108.807,108.874,108.91,108.938,108.826,108.894
2024-07-10T07:00:00Z,108.876,108.944,108.773,108.831,108.895,108.962,108.794,108.848
2024-07-10T08:00:00Z,108.831,108.868,108.755,108.851,108.847,108.889,108.774,108.869
2024-07-10T09:00:00Z,108.851,108.93,108.846,108.894,108.868,108.949,108.865,108.912
2024-07-10T10:00:00Z,108.893,108.898,108.819,108.873,108.912,108.916,108.839,108.889
2024-07-10T11:00:00Z,108.873,108.892,108.795,108.857,108.891,108.912,108.811,108.878
2024-07-10T12:00:00Z,108.858,108.911,108.831,108.884,108.876,108.927,108.844,108.904
2024-07-10T13:00:00Z,108.886,108.976,108.873,108.961,108.904,108.99,108.892,108.979
2024-07-10T14:00:00Z,108.961,109.078,108.947,108.991,108.98,109.094,108.966,109.008
2024-07-10T15:00:00Z,108.992,109.145,108.977,109.099,109.006,109.164,108.996,109.118
2024-07-10T16:00:00Z,109.1,109.117,109.06,109.077,109.121,109.138,109.08,109.095
2024-07-10T17:00:00Z,109.081,109.096,109.021,109.053,109.099,109.116,109.041,109.074
2024-07-10T18:00:00Z,109.056,109.105,109.016,109.104,109.075,109.124,109.037,109.124
2024-07-10T19:00:00Z,109.104,109.133,109.048,109.119,109.125,109.148,109.07,109.133
2024-07-10T20:00:00Z,109.12,109.127,109.081,109.083,109.133,109.146,109.097,109.134
2024-07-10T21:00:00Z,108.994,109.037,108.949,108.999,109.118,109.132,109.044,109.052
2024-07-10T22:00:00Z,109.008,109.084,109.0,109.062,109.044,109.102,109.044,109.083
2024-07-10T23:00:00Z,109.063,109.114,109.053,109.096,109.082,109.134,109.073,109.117
2024-07-11T00:00:00Z,109.098,109.118,109.02,109.063,109.117,109.135,109.037,109.086
2024-07-11T01:00:00Z,109.066,109.206,109.062,109.187,109.087,109.224,109.081,109.204
2024-07-11T02:00:00Z,109.185,109.296,109.179,109.249,109.204,109.313,109.195,109.269
2024-07-11T03:00:00Z,109.25,109.322,109.218,109.283,109.269,109.341,109.235,109.301
2024-07-11T04:00:00Z,109.279,109.309,109.241,109.258,109.299,109.325,109.258,109.277
2024-07-11T05:00:00Z,109.259,109.318,109.245,109.301,109.277,109.336,109.262,109.318
2024-07-11T06:00:00Z,109.299,109.364,109.229,109.262,109.32,109.382,109.247,109.278
2024-07-11T07:00:00Z,109.26,109.293,109.139,109.215,109.279,109.311,109.157,109.231
2024-07-11T08:00:00Z,109.214,109.23,109.146,109.185,109.231,109.248,109.163,109.202
2024-07-11T09:00:00Z,109.185,109.206,109.107,109.179,109.203,109.224,109.122,109.197
2024-07-11T10:00:00Z,109.176,109.185,109.098,109.119,109.196,109.204,109.115,109.136
2024-07-11T11:00:00Z,109.121,109.153,109.063,109.117,109.136,109.172,109.078,109.131
2024-07-11T12:00:00Z,109.117,109.266,107.616,107.723,109.13,109.426,107.645,107.739
2024-07-11T13:00:00Z,107.717,107.729,106.984,107.579,107.731,107.755,107.015,107.602
2024-07-11T14:00:00Z,107.578,107.69,107.242,107.537,107.6,107.712,107.265,107.558
2024-07-11T15:00:00Z,107.538,107.6,107.295,107.414,107.557,107.622,107.32,107.435
2024-07-11T16:00:00Z,107.413,107.421,107.221,107.256,107.435,107.443,107.241,107.277
2024-07-11T17:00:00Z,107.261,107.352,107.226,107.312,107.283,107.37,107.249,107.334
2024-07-11T18:00:00Z,107.308,107.383,107.25,107.329,107.329,107.404,107.267,107.352
2024-07-11T19:00:00Z,107.33,107.341,107.262,107.285,107.352,107.36,107.281,107.304
2024-07-11T20:00:00Z,107.284,107.415,107.274,107.39,107.305,107.453,107.295,107.423
2024-07-11T21:00:00Z,107.31,107.398,107.281,107.398,107.481,107.493,107.424,107.453
2024-07-11T22:00:00Z,107.414,107.656,107.374,107.645,107.467,107.674,107.419,107.663
2024-07-11T23:00:00Z,107.645,107.834,106.739,107.145,107.664,107.851,106.759,107.182
2024-07-12T00:00:00Z,107.146,107.594,106.976,107.519,107.182,107.618,107.004,107.542
2024-07-12T01:00:00Z,107.52,107.687,107.505,107.682,107.541,107.709,107.524,107.704
2024-07-12T02:00:00Z,107.679,107.803,107.29,107.744,107.701,107.82,107.326,107.765
2024-07-12T03:00:00Z,107.741,107.778,107.634,107.751,107.76,107.795,107.653,107.771
2024-07-12T04:00:00Z,107.751,107.776,107.658,107.702,107.772,107.792,107.678,107.722
2024-07-12T05:00:00Z,107.702,107.724,107.565,107.697,107.724,107.745,107.585,107.714
2024-07-12T06:00:00Z,107.694,107.718,107.55,107.608,107.707,107.739,107.567,107.629
2024-07-12T07:00:00Z,107.608,107.817,107.587,107.781,107.628,107.838,107.607,107.803
2024-07-12T08:00:00Z,107.783,107.854,107.742,107.815,107.803,107.875,107.764,107.833
2024-07-12T09:00:00Z,107.815,107.846,107.779,107.833,107.834,107.864,107.798,107.852
2024-07-12T10:00:00Z,107.832,107.852,107.753,107.762,107.853,107.867,107.772,107.782
2024-07-12T11:00:00Z,107.761,107.822,107.643,107.659,107.782,107.841,107.662,107.678
2024-07-12T12:00:00Z,107.657,107.712,107.376,107.584,107.678,107.733,107.417,107.604
2024-07-12T13:00:00Z,107.581,107.584,106.747,107.283,107.6,107.604,106.769,107.352
2024-07-12T14:00:00Z,107.28,107.325,106.758,107.082,107.353,107.381,106.771,107.104
2024-07-12T15:00:00Z,107.078,107.325,106.972,107.159,107.1,107.346,106.999,107.18
2024-07-12T16:00:00Z,107.16,107.246,107.142,107.166,107.182,107.269,107.163,107.188
2024-07-12T17:00:00Z,107.166,107.262,107.142,107.217,107.187,107.283,107.163,107.238
2024-07-12T18:00:00Z,107.217,107.222,107.132,107.194,107.237,107.24,107.155,107.215
2024-07-12T19:00:00Z,107.193,107.193,107.059,107.087,107.215,107.215,107.082,107.107
2024-07-12T20:00:00Z,107.092,107.162,107.034,107.068,107.113,107.186,107.07,107.159
2024-07-14T21:00:00Z,107.014,107.174,106.995,107.083,107.211,107.337,107.136,107.148
2024-07-14T22:00:00Z,107.087,107.193,106.855,107.149,107.152,107.215,106.883,107.175
2024-07-14T23:00:00Z,107.148,107.227,107.093,107.166,107.172,107.251,107.117,107.187
2024-07-15T00:00:00Z,107.163,107.188,106.918,106.997,107.185,107.21,106.938,107.018
2024-07-15T01:00:00Z,106.994,107.062,106.934,107.004,107.016,107.081,106.954,107.03
2024-07-15T02:00:00Z,107.004,107.092,106.96,107.032,107.031,107.114,106.981,107.049
2024-07-15T03:00:00Z,107.03,107.061,106.984,107.039,107.047,107.081,107.005,107.061
2024-07-15T04:00:00Z,107.039,107.074,107.021,107.033,107.06,107.096,107.043,107.053
2024-07-15T05:00:00Z,107.031,107.038,106.937,107.005,107.052,107.057,106.956,107.02
2024-07-15T06:00:00Z,107.003,107.079,106.937,107.055,107.019,107.099,106.954,107.075
2024-07-15T07:00:00Z,107.054,107.075,106.925,107.045,107.075,107.096,106.945,107.067
2024-07-15T08:00:00Z,107.042,107.165,107.041,107.072,107.064,107.184,107.062,107.094
2024-07-15T09:00:00Z,107.07,107.155,107.038,107.095,107.091,107.173,107.058,107.114
2024-07-15T10:00:00Z,107.093,107.161,107.066,107.092,107.112,107.18,107.085,107.112
2024-07-15T11:00:00Z,107.093,107.205,107.06,107.157,107.112,107.226,107.08,107.175
2024-07-15T12:00:00Z,107.161,107.163,107.015,107.021,107.177,107.18,107.034,107.041
2024-07-15T13:00:00Z,107.022,107.138,107.006,107.035,107.041,107.159,107.025,107.052
2024-07-15T14:00:00Z,107.035,107.039,106.914,106.961,107.054,107.058,106.934,106.979
2024-07-15T15:00:00Z,106.959,107.051,106.926,106.997,106.979,107.07,106.942,107.016
2024-07-15T16:00:00Z,106.996,106.996,106.547,106.78,107.016,107.016,106.572,106.801
2024-07-15T17:00:00Z,106.781,106.88,106.652,106.711,106.801,106.902,106.67,106.733
2024-07-15T18:00:00Z,106.712,106.8,106.666,106.774,106.733,106.821,106.688,106.791
2024-07-15T19:00:00Z,106.774,106.805,106.678,106.759,106.789,106.824,106.699,106.779
2024-07-15T20:00:00Z,106.76,106.921,106.731,106.849,106.779,106.945,106.752,106.923
2024-07-15T21:00:00Z,106.767,106.859,106.742,106.837,106.915,106.919,106.868,106.892
2024-07-15T22:00:00Z,106.846,106.915,106.825,106.883,106.894,106.938,106.871,106.905
2024-07-15T23:00:00Z,106.882,107.005,106.86,106.941,106.906,107.026,106.88,106.96
2024-07-16T00:00:00Z,106.941,106.97,106.877,106.896,106.958,106.991,106.898,106.916
2024-07-16T01:00:00Z,106.897,107.045,106.897,106.996,106.916,107.064,106.916,107.015
2024-07-16T02:00:00Z,106.997,107.052,106.948,107.028,107.015,107.073,106.969,107.046
2024-07-16T03:00:00Z,107.028,107.086,106.979,107.037,107.043,107.106,106.999,107.056
2024-07-16T04:00:00Z,107.037,107.076,106.923,106.949,107.057,107.097,106.944,106.965
2024-07-16T05:00:00Z,106.947,107.01,106.911,106.971,106.965,107.029,106.928,106.99
2024-07-16T06:00:00Z,106.97,106.97,106.807,106.897,106.984,106.984,106.826,106.91
2024-07-16T07:00:00Z,106.896,106.906,106.779,106.88,106.91,106.921,106.797,106.898
2024-07-16T08:00:00Z,106.878,106.887,106.732,106.778,106.898,106.905,106.747,106.797
2024-07-16T09:00:00Z,106.777,106.891,106.75,106.864,106.794,106.91,106.769,106.883
2024-07-16T10:00:00Z,106.864,106.902,106.798,106.812,106.884,106.919,106.819,106.832
2024-07-16T11:00:00Z,106.813,106.84,106.727,106.771,106.835,106.858,106.744,106.791
2024-07-16T12:00:00Z,106.772,106.792,106.451,106.733,106.791,106.813,106.603,106.753
2024-07-16T13:00:00Z,106.736,106.753,106.539,106.658,106.755,106.771,106.559,106.678
2024-07-16T14:00:00Z,106.658,106.705,106.601,106.614,106.676,106.723,106.615,106.633
2024-07-16T15:00:00Z,106.617,106.667,106.568,106.627,106.635,106.682,106.588,106.643
2024-07-16T16:00:00Z,106.625,106.652,106.562,106.625,106.643,106.669,106.577,106.642
2024-07-16T17:00:00Z,106.625,106.663,106.58,106.661,106.64,106.683,106.6,106.674
2024-07-16T18:00:00Z,106.662,106.67,106.604,106.611,106.678,106.689,106.623,106.631
2024-07-16T19:00:00Z,106.614,106.675,106.61,106.674,106.634,106.693,106.63,106.69
2024-07-16T20:00:00Z,106.673,106.675,106.631,106.655,106.692,106.692,106.648,106.682
2024-07-16T21:00:00Z,106.542,106.616,106.542,106.576,106.69,106.718,106.615,106.636
2024-07-16T22:00:00Z,106.569,106.643,106.563,106.631,106.633,106.665,106.585,106.655
2024-07-16T23:00:00Z,106.631,106.64,106.521,106.599,106.654,106.658,106.541,106.614
2024-07-17T00:00:00Z,106.598,106.723,106.571,106.675,106.615,106.743,106.588,106.695
2024-07-17T01:00:00Z,106.677,106.819,106.651,106.793,106.696,106.837,106.669,106.808
2024-07-17T02:00:00Z,106.795,106.821,106.703,106.741,106.81,106.838,106.717,106.761
2024-07-17T03:00:00Z,106.741,106.777,106.658,106.703,106.759,106.796,106.675,106.725
2024-07-17T04:00:00Z,106.703,106.742,106.584,106.584,106.723,106.762,106.601,106.602
2024-07-17T05:00:00Z,106.584,106.614,106.324,106.338,106.601,106.631,106.347,106.355
2024-07-17T06:00:00Z,106.336,106.401,106.229,106.258,106.355,106.421,106.252,106.278
2024-07-17T07:00:00Z,106.262,106.288,105.736,105.783,106.28,106.309,105.757,105.799
2024-07-17T08:00:00Z,105.782,105.789,105.268,105.498,105.799,105.81,105.291,105.519
2024-07-17T09:00:00Z,105.496,105.682,105.432,105.622,105.519,105.701,105.454,105.641
2024-07-17T10:00:00Z,105.621,105.672,105.497,105.666,105.641,105.688,105.519,105.679
2024-07-17T11:00:00Z,105.665,105.687,105.446,105.495,105.68,105.703,105.466,105.515
2024-07-17T12:00:00Z,105.495,105.639,105.444,105.5,105.513,105.659,105.464,105.52
2024-07-17T13:00:00Z,105.498,105.529,105.262,105.325,105.519,105.55,105.28,105.345
2024-07-17T14:00:00Z,105.325,105.399,105.245,105.313,105.344,105.42,105.261,105.331
2024-07-17T15:00:00Z,105.31,105.401,105.282,105.316,105.33,105.418,105.295,105.335
2024-07-17T16:00:00Z,105.314,105.343,105.041,105.119,105.335,105.361,105.06,105.139
2024-07-17T17:00:00Z,105.119,105.18,105.044,105.175,105.14,105.198,105.064,105.194
2024-07-17T18:00:00Z,105.175,105.178,104.971,104.986,105.193,105.199,104.99,105.005
2024-07-17T19:00:00Z,104.988,105.096,104.973,105.048,105.007,105.114,104.993,105.07
2024-07-17T20:00:00Z,105.047,105.201,105.034,105.087,105.066,105.218,105.054,105.162
2024-07-17T21:00:00Z,104.986,105.092,104.986,105.056,105.185,105.185,105.085,105.108
2024-07-17T22:00:00Z,105.053,105.145,104.968,105.077,105.103,105.163,104.988,105.092
2024-07-17T23:00:00Z,105.074,105.119,104.517,104.767,105.091,105.142,104.54,104.788
2024-07-18T00:00:00Z,104.762,104.809,104.614,104.68,104.784,104.831,104.635,104.7
2024-07-18T01:00:00Z,104.682,105.217,104.61,105.212,104.7,105.234,104.627,105.228
2024-07-18T02:00:00Z,105.215,105.346,105.125,105.335,105.229,105.364,105.142,105.356
2024-07-18T03:00:00Z,105.332,105.477,105.306,105.384,105.354,105.498,105.325,105.402
2024-07-18T04:00:00Z,105.382,105.437,105.238,105.327,105.399,105.458,105.261,105.347
2024-07-18T05:00:00Z,105.326,105.409,105.016,105.128,105.347,105.428,105.046,105.151
2024-07-18T06:00:00Z,105.128,105.375,105.084,105.208,105.143,105.396,105.104,105.229
2024-07-18T07:00:00Z,105.211,105.274,105.113,105.271,105.233,105.294,105.131,105.291
2024-07-18T08:00:00Z,105.272,105.452,105.233,105.391,105.293,105.473,105.252,105.41
2024-07-18T09:00:00Z,105.388,105.4,105.276,105.37,105.408,105.421,105.297,105.39
2024-07-18T10:00:00Z,105.37,105.383,105.314,105.366,105.391,105.405,105.334,105.385
2024-07-18T11:00:00Z,105.366,105.377,105.288,105.328,105.387,105.397,105.307,105.349
2024-07-18T12:00:00Z,105.326,105.425,105.247,105.345,105.348,105.447,105.272,105.365
2024-07-18T13:00:00Z,105.344,105.461,105.279,105.418,105.366,105.484,105.301,105.44
2024-07-18T14:00:00Z,105.423,105.613,105.348,105.553,105.443,105.629,105.367,105.572
2024-07-18T15:00:00Z,105.55,105.613,105.389,105.555,105.57,105.628,105.407,105.575
2024-07-18T16:00:00Z,105.557,105.699,105.441,105.684,105.575,105.715,105.463,105.704
2024-07-18T17:00:00Z,105.684,105.687,105.585,105.596,105.706,105.708,105.603,105.613
2024-07-18T18:00:00Z,105.595,105.601,105.389,105.447,105.613,105.618,105.406,105.468
2024-07-18T19:00:00Z,105.447,105.568,105.404,105.48,105.467,105.589,105.425,105.501
2024-07-18T20:00:00Z,105.479,105.554,105.473,105.512,105.501,105.574,105.494,105.551
2024-07-18T21:00:00Z,105.459,105.545,105.459,105.514,105.551,105.618,105.537,105.572
2024-07-18T22:00:00Z,105.514,105.514,105.441,105.446,105.563,105.57,105.46,105.466
2024-07-18T23:00:00Z,105.447,105.455,105.346,105.358,105.464,105.477,105.363,105.377
2024-07-19T00:00:00Z,105.357,105.475,105.199,105.328,105.378,105.495,105.217,105.344
2024-07-19T01:00:00Z,105.327,105.535,105.271,105.498,105.347,105.556,105.293,105.517
2024-07-19T02:00:00Z,105.496,105.595,105.422,105.556,105.513,105.616,105.442,105.573
2024-07-19T03:00:00Z,105.553,105.563,105.412,105.446,105.572,105.583,105.432,105.466
2024-07-19T04:00:00Z,105.445,105.515,105.445,105.494,105.466,105.536,105.466,105.512
2024-07-19T05:00:00Z,105.494,105.759,105.491,105.723,105.513,105.777,105.511,105.745
2024-07-19T06:00:00Z,105.723,105.766,105.313,105.392,105.738,105.783,105.336,105.413
2024-07-19T07:00:00Z,105.389,105.445,105.243,105.318,105.41,105.463,105.265,105.338
2024-07-19T08:00:00Z,105.319,105.4,105.163,105.217,105.338,105.419,105.183,105.237
2024-07-19T09:00:00Z,105.219,105.312,105.175,105.266,105.236,105.332,105.195,105.287
2024-07-19T10:00:00Z,105.264,105.425,105.245,105.347,105.286,105.446,105.262,105.365
2024-07-19T11:00:00Z,105.346,105.452,105.343,105.422,105.363,105.473,105.36,105.441
2024-07-19T12:00:00Z,105.423,105.5,105.377,105.474,105.441,105.521,105.397,105.492
2024-07-19T13:00:00Z,105.473,105.486,105.275,105.393,105.492,105.504,105.296,105.411
2024-07-19T14:00:00Z,105.392,105.411,105.256,105.302,105.411,105.432,105.274,105.317
2024-07-19T15:00:00Z,105.303,105.361,105.224,105.332,105.319,105.38,105.242,105.349
2024-07-19T16:00:00Z,105.331,105.341,105.232,105.263,105.347,105.359,105.25,105.282
2024-07-19T17:00:00Z,105.263,105.271,105.181,105.271,105.283,105.291,105.2,105.288
2024-07-19T18:00:00Z,105.271,105.286,105.193,105.249,105.289,105.306,105.212,105.268
2024-07-19T19:00:00Z,105.249,105.304,105.209,105.251,105.269,105.324,105.228,105.27
2024-07-19T20:00:00Z,105.252,105.284,105.202,105.233,105.272,105.33,105.246,105.318
2024-07-21T21:00:00Z,105.212,105.267,105.166,105.193,105.454,105.454,105.291,105.296
2024-07-21T22:00:00Z,105.188,105.382,105.187,105.36,105.291,105.404,105.291,105.379
2024-07-21T23:00:00Z,105.361,105.419,105.287,105.399,105.379,105.437,105.304,105.421
2024-07-22T00:00:00Z,105.399,105.4,105.263,105.313,105.42,105.422,105.28,105.329
2024-07-22T01:00:00Z,105.315,105.348,105.105,105.12,105.329,105.365,105.121,105.138
2024-07-22T02:00:00Z,105.119,105.209,104.986,105.117,105.138,105.229,105.006,105.138
2024-07-22T03:00:00Z,105.119,105.179,105.035,105.045,105.14,105.196,105.055,105.067
2024-07-22T04:00:00Z,105.047,105.072,104.976,104.977,105.067,105.093,104.994,104.997
2024-07-22T05:00:00Z,104.973,104.974,104.601,104.608,104.993,104.993,104.619,104.628
2024-07-22T06:00:00Z,104.603,104.617,104.164,104.263,104.621,104.636,104.184,104.283
2024-07-22T07:00:00Z,104.263,104.516,104.193,104.486,104.282,104.535,104.215,104.501
2024-07-22T08:00:00Z,104.485,104.609,104.408,104.508,104.504,104.627,104.425,104.525
2024-07-22T09:00:00Z,104.509,104.531,104.352,104.422,104.525,104.55,104.371,104.442
2024-07-22T10:00:00Z,104.421,104.587,104.279,104.471,104.44,104.607,104.299,104.488
2024-07-22T11:00:00Z,104.468,104.504,104.339,104.364,104.487,104.525,104.359,104.386
2024-07-22T12:00:00Z,104.364,104.434,104.2,104.214,104.384,104.457,104.222,104.232
2024-07-22T13:00:00Z,104.22,104.242,104.077,104.09,104.237,104.265,104.097,104.11
2024-07-22T14:00:00Z,104.089,104.201,103.97,104.142,104.11,104.218,103.987,104.157
2024-07-22T15:00:00Z,104.141,104.304,104.135,104.261,104.158,104.322,104.154,104.281
2024-07-22T16:00:00Z,104.26,104.299,104.206,104.28,104.279,104.318,104.227,104.3
2024-07-22T17:00:00Z,104.281,104.401,104.275,104.384,104.3,104.42,104.293,104.403
2024-07-22T18:00:00Z,104.383,104.398,104.293,104.303,104.403,104.416,104.311,104.322
2024-07-22T19:00:00Z,104.303,104.337,104.287,104.325,104.321,104.354,104.304,104.339
2024-07-22T20:00:00Z,104.325,104.335,104.288,104.304,104.338,104.356,104.309,104.336
2024-07-22T21:00:00Z,104.239,104.293,104.166,104.248,104.299,104.314,104.258,104.294
2024-07-22T22:00:00Z,104.253,104.349,104.25,104.325,104.296,104.37,104.289,104.342
2024-07-22T23:00:00Z,104.322,104.346,104.155,104.155,104.341,104.366,104.176,104.176
2024-07-23T00:00:00Z,104.155,104.176,103.91,103.93,104.175,104.192,103.93,103.952
2024-07-23T01:00:00Z,103.93,104.191,103.894,104.052,103.953,104.208,103.917,104.073
2024-07-23T02:00:00Z,104.052,104.07,103.867,103.931,104.071,104.091,103.888,103.948
2024-07-23T03:00:00Z,103.932,103.95,103.654,103.729,103.95,103.971,103.669,103.751
2024-07-23T04:00:00Z,103.73,103.765,103.638,103.647,103.75,103.787,103.658,103.664
2024-07-23T05:00:00Z,103.648,103.733,103.604,103.682,103.661,103.755,103.623,103.701
2024-07-23T06:00:00Z,103.679,103.813,103.604,103.751,103.698,103.831,103.621,103.769
2024-07-23T07:00:00Z,103.751,103.796,103.288,103.346,103.771,103.812,103.312,103.365
2024-07-23T08:00:00Z,103.346,103.391,103.235,103.311,103.366,103.407,103.255,103.329
2024-07-23T09:00:00Z,103.31,103.363,103.217,103.312,103.329,103.379,103.237,103.328
2024-07-23T10:00:00Z,103.315,103.409,103.294,103.391,103.332,103.426,103.314,103.41
2024-07-23T11:00:00Z,103.39,103.509,103.361,103.392,103.41,103.528,103.377,103.408
2024-07-23T12:00:00Z,103.392,103.504,103.239,103.316,103.409,103.521,103.256,103.333
2024-07-23T13:00:00Z,103.316,103.382,103.199,103.239,103.335,103.397,103.216,103.262
2024-07-23T14:00:00Z,103.239,103.362,103.164,103.169,103.263,103.382,103.183,103.188
2024-07-23T15:00:00Z,103.171,103.276,103.171,103.252,103.188,103.295,103.188,103.271
2024-07-23T16:00:00Z,103.253,103.28,103.035,103.05,103.271,103.298,103.057,103.07
2024-07-23T17:00:00Z,103.047,103.08,102.892,102.947,103.067,103.099,102.911,102.966
2024-07-23T18:00:00Z,102.944,102.998,102.924,102.928,102.963,103.017,102.94,102.943
2024-07-23T19:00:00Z,102.926,102.956,102.906,102.93,102.943,102.973,102.92,102.95
2024-07-23T20:00:00Z,102.928,102.955,102.898,102.91,102.947,102.987,102.919,102.966
2024-07-23T21:00:00Z,102.86,102.937,102.839,102.92,102.959,102.982,102.914,102.976
2024-07-23T22:00:00Z,102.917,102.954,102.849,102.943,102.972,102.975,102.881,102.963
2024-07-23T23:00:00Z,102.944,103.065,102.905,102.98,102.963,103.084,102.923,103.001
2024-07-24T00:00:00Z,102.985,103.11,102.957,103.009,103.001,103.126,102.978,103.03
2024-07-24T01:00:00Z,103.01,103.042,102.522,102.558,103.029,103.059,102.542,102.582
2024-07-24T02:00:00Z,102.559,102.671,102.482,102.489,102.581,102.69,102.502,102.508
2024-07-24T03:00:00Z,102.488,102.516,102.211,102.24,102.508,102.534,102.231,102.263
2024-07-24T04:00:00Z,102.241,102.253,101.789,101.815,102.263,102.275,101.807,101.835
2024-07-24T05:00:00Z,101.813,102.064,101.664,101.961,101.835,102.085,101.687,101.979
2024-07-24T06:00:00Z,101.959,102.004,101.781,101.959,101.975,102.022,101.802,101.978
2024-07-24T07:00:00Z,101.955,102.273,101.866,102.003,101.975,102.294,101.883,102.024
2024-07-24T08:00:00Z,102.003,102.19,101.973,102.134,102.023,102.211,101.993,102.154
2024-07-24T09:00:00Z,102.137,102.175,101.74,102.109,102.155,102.194,101.767,102.13
2024-07-24T10:00:00Z,102.11,102.144,101.91,101.97,102.13,102.165,101.932,101.988
2024-07-24T11:00:00Z,101.967,101.992,101.742,101.843,101.987,102.011,101.76,101.865
2024-07-24T12:00:00Z,101.845,101.873,101.531,101.632,101.865,101.889,101.549,101.649
2024-07-24T13:00:00Z,101.634,101.688,101.2,101.215,101.649,101.706,101.214,101.252
2024-07-24T14:00:00Z,101.227,101.397,101.044,101.236,101.264,101.415,101.065,101.255
2024-07-24T15:00:00Z,101.235,101.371,101.202,101.205,101.256,101.389,101.22,101.224
2024-07-24T16:00:00Z,101.206,101.311,101.149,101.23,101.227,101.331,101.169,101.249
2024-07-24T17:00:00Z,101.231,101.422,101.228,101.37,101.248,101.443,101.244,101.387
2024-07-24T18:00:00Z,101.37,101.403,101.324,101.33,101.386,101.424,101.342,101.348
2024-07-24T19:00:00Z,101.327,101.383,101.271,101.325,101.346,101.403,101.291,101.345
2024-07-24T20:00:00Z,101.324,101.344,101.264,101.265,101.345,101.362,101.288,101.291
2024-07-24T21:00:00Z,101.229,101.249,100.944,101.096,101.312,101.335,101.076,101.328
2024-07-24T22:00:00Z,101.094,101.198,101.039,101.052,101.282,101.325,101.058,101.065
2024-07-24T23:00:00Z,101.047,101.2,101.043,101.172,101.066,101.218,101.062,101.193
2024-07-25T00:00:00Z,101.166,101.2,100.283,100.582,101.185,101.219,100.307,100.603
2024-07-25T01:00:00Z,100.582,100.672,100.227,100.304,100.604,100.688,100.249,100.326
2024-07-25T02:00:00Z,100.305,100.307,99.916,100.014,100.326,100.326,99.939,100.033
2024-07-25T03:00:00Z,100.013,100.021,99.708,99.794,100.034,100.042,99.726,99.814
2024-07-25T04:00:00Z,99.794,99.87,99.705,99.827,99.816,99.889,99.725,99.845
2024-07-25T05:00:00Z,99.825,100.115,99.816,99.987,99.845,100.135,99.833,100.009
2024-07-25T06:00:00Z,99.983,100.06,99.851,99.983,100.002,100.082,99.871,100.001
2024-07-25T07:00:00Z,99.98,100.046,99.331,99.434,99.999,100.067,99.348,99.453
2024-07-25T08:00:00Z,99.436,99.834,99.285,99.804,99.454,99.854,99.302,99.824
2024-07-25T09:00:00Z,99.804,99.813,99.34,99.375,99.823,99.832,99.362,99.395
2024-07-25T10:00:00Z,99.378,99.391,99.205,99.277,99.396,99.409,99.223,99.294
2024-07-25T11:00:00Z,99.277,99.581,99.273,99.568,99.296,99.598,99.291,99.586
2024-07-25T12:00:00Z,99.566,100.45,99.479,100.297,99.586,100.473,99.499,100.313
2024-07-25T13:00:00Z,100.289,100.896,100.199,100.533,100.311,100.918,100.218,100.551
2024-07-25T14:00:00Z,100.534,100.705,100.199,100.68,100.555,100.723,100.219,100.698
2024-07-25T15:00:00Z,100.679,100.955,100.671,100.857,100.698,100.975,100.692,100.877
2024-07-25T16:00:00Z,100.858,101.146,100.84,100.97,100.877,101.163,100.862,100.992
2024-07-25T17:00:00Z,100.972,100.979,100.678,100.892,100.993,101.0,100.698,100.909
2024-07-25T18:00:00Z,100.89,100.906,100.608,100.611,100.909,100.924,100.632,100.633
2024-07-25T19:00:00Z,100.61,100.83,100.59,100.656,100.633,100.851,100.609,100.676
2024-07-25T20:00:00Z,100.654,100.706,100.525,100.59,100.675,100.737,100.545,100.667
2024-07-25T21:00:00Z,100.617,100.628,100.568,100.628,100.68,100.695,100.635,100.661
2024-07-25T22:00:00Z,100.628,100.665,100.586,100.594,100.662,100.691,100.609,100.615
2024-07-25T23:00:00Z,100.593,100.596,100.307,100.513,100.611,100.616,100.328,100.529
2024-07-26T00:00:00Z,100.511,100.873,100.337,100.755,100.528,100.896,100.353,100.777
2024-07-26T01:00:00Z,100.755,100.871,100.511,100.657,100.775,100.886,100.53,100.678
2024-07-26T02:00:00Z,100.654,100.826,100.626,100.804,100.675,100.843,100.646,100.82
2024-07-26T03:00:00Z,100.805,100.805,100.708,100.721,100.823,100.823,100.725,100.739
2024-07-26T04:00:00Z,100.721,100.799,100.654,100.696,100.741,100.819,100.674,100.712
2024-07-26T05:00:00Z,100.694,100.792,100.602,100.692,100.71,100.807,100.624,100.713
2024-07-26T06:00:00Z,100.691,100.772,100.626,100.691,100.707,100.792,100.643,100.711
2024-07-26T07:00:00Z,100.691,101.047,100.648,100.943,100.71,101.067,100.667,100.964
2024-07-26T08:00:00Z,100.943,101.306,100.9,101.304,100.963,101.327,100.919,101.326
2024-07-26T09:00:00Z,101.304,101.324,101.061,101.116,101.324,101.344,101.077,101.13
2024-07-26T10:00:00Z,101.115,101.486,101.111,101.419,101.13,101.502,101.127,101.436
2024-07-26T11:00:00Z,101.417,101.487,101.34,101.429,101.434,101.509,101.356,101.448
2024-07-26T12:00:00Z,101.43,101.441,101.095,101.185,101.447,101.455,101.115,101.205
2024-07-26T13:00:00Z,101.185,101.187,100.846,100.88,101.206,101.209,100.865,100.99
2024-07-26T14:00:00Z,100.916,101.107,100.388,100.59,100.988,101.129,100.434,100.61
2024-07-26T15:00:00Z,100.593,100.884,100.58,100.878,100.611,100.906,100.598,100.901
2024-07-26T16:00:00Z,100.877,100.941,100.825,100.932,100.898,100.962,100.843,100.951
2024-07-26T17:00:00Z,100.931,100.957,100.741,100.783,100.951,100.976,100.763,100.801
2024-07-26T18:00:00Z,100.782,100.868,100.715,100.728,100.801,100.885,100.734,100.749
2024-07-26T19:00:00Z,100.729,100.779,100.685,100.741,100.749,100.799,100.702,100.762
2024-07-26T20:00:00Z,100.741,100.779,100.621,100.638,100.763,100.8,100.67,100.715
2024-07-28T21:00:00Z,100.584,100.752,100.528,100.562,100.789,100.893,100.767,100.812
2024-07-28T22:00:00Z,100.625,100.952,100.587,100.952,100.824,100.969,100.731,100.968
2024-07-28T23:00:00Z,100.951,101.141,100.917,101.005,100.968,101.162,100.937,101.018
2024-07-29T00:00:00Z,101.008,101.225,100.818,100.889,101.021,101.246,100.835,100.91
2024-07-29T01:00:00Z,100.889,100.971,100.531,100.681,100.908,100.989,100.552,100.701
2024-07-29T02:00:00Z,100.682,100.755,100.413,100.628,100.7,100.776,100.434,100.644
2024-07-29T03:00:00Z,100.628,100.859,100.569,100.77,100.646,100.88,100.591,100.787
2024-07-29T04:00:00Z,100.768,100.793,100.4,100.469,100.788,100.812,100.421,100.49
2024-07-29T05:00:00Z,100.47,100.69,100.431,100.458,100.492,100.707,100.45,100.478
2024-07-29T06:00:00Z,100.455,100.588,100.408,100.522,100.473,100.604,100.428,100.541
2024-07-29T07:00:00Z,100.521,100.614,100.367,100.513,100.541,100.634,100.387,100.532
2024-07-29T08:00:00Z,100.511,100.702,100.467,100.557,100.53,100.721,100.486,100.575
2024-07-29T09:00:00Z,100.554,100.698,100.514,100.66,100.573,100.719,100.534,100.681
2024-07-29T10:00:00Z,100.661,100.858,100.645,100.677,100.681,100.878,100.664,100.693
2024-07-29T11:00:00Z,100.675,100.695,100.548,100.64,100.691,100.712,100.562,100.66
2024-07-29T12:00:00Z,100.641,100.812,100.58,100.605,100.662,100.829,100.6,100.625
2024-07-29T13:00:00Z,100.606,100.772,100.483,100.76,100.623,100.793,100.503,100.778
2024-07-29T14:00:00Z,100.753,100.794,100.518,100.648,100.773,100.811,100.536,100.666
2024-07-29T15:00:00Z,100.648,100.68,100.532,100.662,100.664,100.701,100.553,100.681
2024-07-29T16:00:00Z,100.661,100.784,100.643,100.706,100.682,100.801,100.663,100.724
2024-07-29T17:00:00Z,100.709,100.796,100.667,100.777,100.726,100.817,100.684,100.797
2024-07-29T18:00:00Z,100.777,100.815,100.739,100.798,100.795,100.835,100.761,100.818
2024-07-29T19:00:00Z,100.796,100.885,100.777,100.86,100.814,100.904,100.798,100.881
2024-07-29T20:00:00Z,100.86,100.888,100.825,100.868,100.882,100.907,100.843,100.895
2024-07-29T21:00:00Z,100.766,100.88,100.733,100.848,100.859,100.936,100.842,100.906
2024-07-29T22:00:00Z,100.854,101.002,100.844,100.996,100.911,101.026,100.901,101.012
2024-07-29T23:00:00Z,100.997,100.999,100.75,100.773,101.012,101.015,100.772,100.792
2024-07-30T00:00:00Z,100.77,100.867,100.574,100.803,100.788,100.885,100.594,100.821
2024-07-30T01:00:00Z,100.803,100.977,100.568,100.671,100.823,100.991,100.589,100.684
2024-07-30T02:00:00Z,100.668,100.875,100.651,100.836,100.685,100.895,100.664,100.856
2024-07-30T03:00:00Z,100.837,100.974,100.822,100.967,100.856,100.99,100.839,100.982
2024-07-30T04:00:00Z,100.968,101.24,100.949,101.235,100.985,101.259,100.968,101.257
2024-07-30T05:00:00Z,101.235,101.44,101.233,101.388,101.256,101.456,101.252,101.405
2024-07-30T06:00:00Z,101.383,101.749,101.314,101.685,101.402,101.767,101.332,101.704
2024-07-30T07:00:00Z,101.677,101.769,101.443,101.47,101.693,101.789,101.457,101.49
2024-07-30T08:00:00Z,101.471,101.543,101.233,101.3,101.49,101.565,101.254,101.32
2024-07-30T09:00:00Z,101.301,101.441,101.279,101.329,101.32,101.456,101.299,101.35
2024-07-30T10:00:00Z,101.331,101.379,101.194,101.209,101.352,101.394,101.212,101.228
2024-07-30T11:00:00Z,101.208,101.279,101.175,101.24,101.228,101.296,101.192,101.258
2024-07-30T12:00:00Z,101.241,101.336,101.177,101.237,101.261,101.354,101.197,101.258
2024-07-30T13:00:00Z,101.238,101.246,100.805,100.848,101.258,101.265,100.825,100.902
2024-07-30T14:00:00Z,100.839,101.146,100.78,101.095,100.902,101.165,100.891,101.113
2024-07-30T15:00:00Z,101.095,101.096,100.404,100.447,101.114,101.114,100.422,100.466
2024-07-30T16:00:00Z,100.447,100.551,100.14,100.156,100.467,100.574,100.158,100.175
2024-07-30T17:00:00Z,100.158,100.237,100.042,100.174,100.178,100.258,100.064,100.194
2024-07-30T18:00:00Z,100.172,100.335,100.117,100.22,100.194,100.356,100.137,100.24
2024-07-30T19:00:00Z,100.221,100.273,100.169,100.224,100.24,100.294,100.186,100.245
2024-07-30T20:00:00Z,100.229,100.236,99.772,99.85,100.247,100.255,99.799,99.883
2024-07-30T21:00:00Z,99.828,99.883,99.759,99.779,99.895,100.013,99.87,99.919
2024-07-30T22:00:00Z,99.797,100.145,99.655,99.974,99.898,100.167,99.679,99.994
2024-07-30T23:00:00Z,99.971,100.026,99.724,99.843,99.993,100.047,99.74,99.856
2024-07-31T00:00:00Z,99.84,99.882,99.462,99.581,99.853,99.897,99.48,99.604
2024-07-31T01:00:00Z,99.58,99.604,98.661,99.022,99.604,99.621,98.689,99.045
2024-07-31T02:00:00Z,99.012,99.507,98.968,99.341,99.034,99.567,98.991,99.368
2024-07-31T03:00:00Z,99.339,99.957,98.536,99.779,99.366,100.072,98.594,99.819
2024-07-31T04:00:00Z,99.768,100.001,98.961,99.063,99.803,100.036,98.975,99.082
2024-07-31T05:00:00Z,99.058,99.345,98.965,99.218,99.079,99.365,98.982,99.241
2024-07-31T06:00:00Z,99.217,99.355,99.04,99.049,99.232,99.373,99.066,99.078
2024-07-31T07:00:00Z,99.052,99.084,97.978,98.158,99.079,99.106,98.005,98.18
2024-07-31T08:00:00Z,98.155,98.193,97.387,97.98,98.179,98.22,97.404,97.999
2024-07-31T09:00:00Z,97.982,97.992,97.68,97.718,97.998,98.007,97.702,97.739
2024-07-31T10:00:00Z,97.717,97.851,97.541,97.825,97.739,97.871,97.565,97.848
2024-07-31T11:00:00Z,97.824,97.915,97.617,97.708,97.848,97.936,97.636,97.724
2024-07-31T12:00:00Z,97.705,98.162,97.651,98.092,97.725,98.181,97.671,98.112
2024-07-31T13:00:00Z,98.092,98.139,97.804,97.846,98.11,98.161,97.822,97.868
2024-07-31T14:00:00Z,97.847,98.357,97.741,98.242,97.87,98.381,97.755,98.26
2024-07-31T15:00:00Z,98.239,98.297,98.057,98.24,98.259,98.316,98.077,98.261
2024-07-31T16:00:00Z,98.241,98.444,98.221,98.328,98.261,98.465,98.24,98.349
2024-07-31T17:00:00Z,98.328,98.563,98.31,98.428,98.348,98.587,98.331,98.55
2024-07-31T18:00:00Z,98.432,98.631,98.367,98.45,98.549,98.65,98.386,98.472
2024-07-31T19:00:00Z,98.45,98.558,97.84,97.94,98.473,98.579,97.862,97.962
2024-07-31T20:00:00Z,97.94,98.308,97.911,98.08,97.96,98.33,97.932,98.136
2024-07-31T21:00:00Z,98.014,98.086,97.932,98.053,98.118,98.142,98.056,98.096
2024-07-31T22:00:00Z,98.048,98.28,98.018,98.276,98.092,98.3,98.05,98.294
2024-07-31T23:00:00Z,98.278,98.38,97.947,98.063,98.3,98.404,97.964,98.082
2024-08-01T00:00:00Z,98.064,98.086,97.634,97.682,98.081,98.106,97.654,97.703
2024-08-01T01:00:00Z,97.678,97.706,97.191,97.44,97.699,97.725,97.207,97.459
2024-08-01T02:00:00Z,97.438,97.885,97.296,97.864,97.456,97.904,97.319,97.884
2024-08-01T03:00:00Z,97.866,97.88,97.483,97.604,97.886,97.903,97.503,97.624
2024-08-01T04:00:00Z,97.605,97.721,97.491,97.701,97.624,97.741,97.512,97.723
2024-08-01T05:00:00Z,97.704,97.935,97.681,97.831,97.725,97.957,97.701,97.847
2024-08-01T06:00:00Z,97.825,98.09,97.675,97.932,97.841,98.109,97.695,97.953
2024-08-01T07:00:00Z,97.934,98.008,97.727,97.742,97.953,98.029,97.744,97.761
2024-08-01T08:00:00Z,97.738,97.761,97.372,97.549,97.758,97.782,97.392,97.569
2024-08-01T09:00:00Z,97.553,97.834,97.453,97.814,97.571,97.855,97.474,97.835
2024-08-01T10:00:00Z,97.816,98.045,97.81,97.927,97.837,98.068,97.827,97.95
2024-08-01T11:00:00Z,97.926,98.431,97.89,98.337,97.946,98.453,97.913,98.358
2024-08-01T12:00:00Z,98.34,98.738,98.337,98.727,98.361,98.751,98.356,98.747
2024-08-01T13:00:00Z,98.728,98.729,98.4,98.589,98.751,98.751,98.418,98.674
2024-08-01T14:00:00Z,98.586,98.586,97.839,97.926,98.599,98.656,97.858,97.945
2024-08-01T15:00:00Z,97.924,97.946,97.72,97.806,97.945,97.965,97.74,97.828
2024-08-01T16:00:00Z,97.808,97.915,97.513,97.582,97.829,97.936,97.532,97.603
2024-08-01T17:00:00Z,97.584,97.608,97.262,97.389,97.605,97.63,97.285,97.411
2024-08-01T18:00:00Z,97.389,97.417,97.037,97.059,97.412,97.436,97.059,97.077
2024-08-01T19:00:00Z,97.06,97.452,97.003,97.406,97.077,97.471,97.023,97.426
2024-08-01T20:00:00Z,97.409,97.409,97.025,97.062,97.428,97.43,97.048,97.096
2024-08-01T21:00:00Z,96.946,97.022,96.938,96.992,97.196,97.196,97.046,97.1
2024-08-01T22:00:00Z,96.992,97.048,96.754,96.932,97.069,97.095,96.775,96.951
2024-08-01T23:00:00Z,96.932,96.953,96.742,96.867,96.952,96.975,96.765,96.889
2024-08-02T00:00:00Z,96.864,96.94,96.6,96.912,96.888,96.962,96.621,96.932
2024-08-02T01:00:00Z,96.916,97.447,96.903,97.229,96.935,97.468,96.924,97.248
2024-08-02T02:00:00Z,97.226,97.372,96.9,97.301,97.247,97.394,96.922,97.321
2024-08-02T03:00:00Z,97.303,97.386,97.175,97.256,97.325,97.403,97.195,97.273
2024-08-02T04:00:00Z,97.253,97.39,97.188,97.196,97.273,97.408,97.206,97.215
2024-08-02T05:00:00Z,97.194,97.273,96.965,97.016,97.213,97.293,96.987,97.035
2024-08-02T06:00:00Z,97.012,97.313,96.919,97.063,97.032,97.332,96.939,97.081
2024-08-02T07:00:00Z,97.056,97.194,96.741,97.138,97.076,97.216,96.761,97.157
2024-08-02T08:00:00Z,97.138,97.224,96.86,97.071,97.158,97.242,96.878,97.091
2024-08-02T09:00:00Z,97.07,97.09,96.844,96.902,97.091,97.107,96.863,96.918
2024-08-02T10:00:00Z,96.901,96.983,96.726,96.893,96.918,97.003,96.746,96.91
2024-08-02T11:00:00Z,96.893,97.144,96.893,97.048,96.912,97.164,96.911,97.069
2024-08-02T12:00:00Z,97.054,97.153,95.588,96.266,97.073,97.249,95.608,96.287
2024-08-02T13:00:00Z,96.264,96.879,96.078,96.103,96.286,96.901,96.1,96.138
2024-08-02T14:00:00Z,96.102,96.313,95.504,95.588,96.136,96.339,95.529,95.609
2024-08-02T15:00:00Z,95.589,95.978,95.33,95.884,95.608,96.001,95.349,95.903
2024-08-02T16:00:00Z,95.882,96.104,95.559,95.656,95.905,96.125,95.582,95.68
2024-08-02T17:00:00Z,95.659,95.798,95.535,95.571,95.683,95.819,95.554,95.589
2024-08-02T18:00:00Z,95.571,95.721,95.386,95.412,95.59,95.742,95.405,95.435
2024-08-02T19:00:00Z,95.41,95.602,95.384,95.557,95.432,95.619,95.405,95.576
2024-08-02T20:00:00Z,95.555,95.578,95.325,95.363,95.576,95.6,95.352,95.431
2024-08-04T21:00:00Z,95.358,95.449,95.294,95.395,95.43,95.622,95.43,95.501
2024-08-04T22:00:00Z,95.397,95.402,94.906,95.241,95.51,95.51,94.94,95.263
2024-08-04T23:00:00Z,95.238,95.265,94.357,94.592,95.262,95.287,94.383,94.618
2024-08-05T00:00:00Z,94.586,94.776,94.134,94.432,94.606,94.802,94.162,94.462
2024-08-05T01:00:00Z,94.431,94.474,93.867,94.313,94.46,94.502,93.892,94.339
2024-08-05T02:00:00Z,94.31,94.753,94.233,94.347,94.335,94.779,94.257,94.368
2024-08-05T03:00:00Z,94.346,94.384,93.702,93.846,94.369,94.406,93.745,93.871
2024-08-05T04:00:00Z,93.834,93.891,92.162,92.91,93.858,93.919,92.197,92.939
2024-08-05T05:00:00Z,92.913,93.191,91.441,91.538,92.935,93.216,91.469,91.567
2024-08-05T06:00:00Z,91.533,91.991,90.121,91.31,91.56,92.02,90.157,91.359
2024-08-05T07:00:00Z,91.306,92.872,91.302,92.519,91.359,92.906,91.354,92.549
2024-08-05T08:00:00Z,92.517,92.554,91.66,91.834,92.551,92.586,91.684,91.861
2024-08-05T09:00:00Z,91.834,91.971,91.403,91.767,91.867,92.003,91.427,91.788
2024-08-05T10:00:00Z,91.764,91.955,91.406,91.901,91.788,91.989,91.436,91.93
2024-08-05T11:00:00Z,91.903,92.165,91.627,91.683,91.931,92.187,91.654,91.71
2024-08-05T12:00:00Z,91.679,91.894,91.336,91.581,91.695,91.923,91.367,91.612
2024-08-05T13:00:00Z,91.577,93.006,91.571,92.679,91.609,93.042,91.6,92.782
2024-08-05T14:00:00Z,92.754,93.595,92.274,92.353,92.785,93.646,92.297,92.374
2024-08-05T15:00:00Z,92.354,93.45,92.136,93.384,92.374,93.477,92.158,93.411
2024-08-05T16:00:00Z,93.386,94.197,93.346,93.43,93.411,94.225,93.375,93.457
2024-08-05T17:00:00Z,93.43,93.956,93.361,93.486,93.458,93.989,93.391,93.519
2024-08-05T18:00:00Z,93.49,93.643,92.983,93.027,93.52,93.675,93.017,93.055
2024-08-05T19:00:00Z,93.024,93.366,93.02,93.348,93.054,93.396,93.053,93.375
2024-08-05T20:00:00Z,93.351,93.706,93.309,93.638,93.373,93.751,93.339,93.682
2024-08-05T21:00:00Z,93.595,93.636,93.53,93.53,93.779,93.782,93.634,93.66
2024-08-05T22:00:00Z,93.525,94.277,93.419,94.188,93.653,94.305,93.454,94.214
2024-08-05T23:00:00Z,94.194,95.06,94.194,94.986,94.216,95.087,94.216,95.009
2024-08-06T00:00:00Z,94.989,95.492,94.634,94.807,95.018,95.531,94.663,94.834
2024-08-06T01:00:00Z,94.812,95.021,94.003,94.382,94.84,95.048,94.038,94.407
2024-08-06T02:00:00Z,94.385,94.71,93.928,94.672,94.409,94.74,93.954,94.697
2024-08-06T03:00:00Z,94.671,95.04,94.554,94.599,94.698,95.07,94.582,94.625
2024-08-06T04:00:00Z,94.598,94.775,94.243,94.65,94.625,94.817,94.264,94.68
2024-08-06T05:00:00Z,94.659,95.333,94.31,94.974,94.689,95.357,94.335,94.997
2024-08-06T06:00:00Z,94.967,95.322,94.699,94.816,94.98,95.349,94.723,94.84
2024-08-06T07:00:00Z,94.815,94.973,94.315,94.412,94.841,94.996,94.335,94.435
2024-08-06T08:00:00Z,94.41,94.504,93.81,94.2,94.432,94.527,93.832,94.221
2024-08-06T09:00:00Z,94.193,94.193,93.674,93.81,94.219,94.219,93.697,93.832
2024-08-06T10:00:00Z,93.81,94.094,93.536,93.909,93.833,94.116,93.562,93.927
2024-08-06T11:00:00Z,93.911,94.305,93.83,94.015,93.928,94.325,93.849,94.035
2024-08-06T12:00:00Z,94.011,94.138,93.565,93.642,94.03,94.159,93.588,93.664
2024-08-06T13:00:00Z,93.634,93.959,93.412,93.881,93.653,93.981,93.432,93.903
2024-08-06T14:00:00Z,93.877,94.532,93.737,94.012,93.896,94.555,93.76,94.028
2024-08-06T15:00:00Z,94.017,94.673,94.002,94.584,94.03,94.694,94.023,94.601
2024-08-06T16:00:00Z,94.585,95.043,94.508,94.994,94.6,95.063,94.53,95.013
2024-08-06T17:00:00Z,94.997,95.033,94.693,94.957,95.016,95.052,94.715,94.978
2024-08-06T18:00:00Z,94.957,94.975,94.715,94.715,94.979,94.992,94.734,94.735
2024-08-06T19:00:00Z,94.717,94.741,94.421,94.423,94.738,94.763,94.442,94.442
2024-08-06T20:00:00Z,94.419,94.482,93.965,94.057,94.442,94.503,94.02,94.094
2024-08-06T21:00:00Z,94.056,94.265,94.006,94.174,94.135,94.373,94.135,94.298
2024-08-06T22:00:00Z,94.203,94.371,94.092,94.274,94.326,94.395,94.118,94.297
2024-08-06T23:00:00Z,94.276,94.352,94.095,94.28,94.305,94.37,94.119,94.301
2024-08-07T00:00:00Z,94.291,94.905,94.17,94.638,94.311,94.93,94.189,94.656
2024-08-07T01:00:00Z,94.636,96.599,94.443,95.964,94.655,96.63,94.469,95.989
2024-08-07T02:00:00Z,95.957,96.212,95.61,96.09,95.986,96.239,95.638,96.114
2024-08-07T03:00:00Z,96.089,96.679,95.974,96.539,96.115,96.707,96.004,96.562
2024-08-07T04:00:00Z,96.534,97.075,96.497,96.781,96.558,97.105,96.527,96.799
2024-08-07T05:00:00Z,96.78,96.957,96.155,96.289,96.802,96.98,96.18,96.315
2024-08-07T06:00:00Z,96.289,96.385,95.751,95.978,96.313,96.412,95.777,96.001
2024-08-07T07:00:00Z,95.979,96.212,95.462,96.046,96.004,96.238,95.486,96.067
2024-08-07T08:00:00Z,96.051,96.587,95.95,96.545,96.071,96.605,95.97,96.566
2024-08-07T09:00:00Z,96.545,96.954,96.423,96.924,96.564,96.976,96.444,96.946
2024-08-07T10:00:00Z,96.926,96.964,96.532,96.699,96.944,96.986,96.554,96.72
2024-08-07T11:00:00Z,96.694,96.959,96.462,96.63,96.716,96.979,96.482,96.653
2024-08-07T12:00:00Z,96.633,96.676,96.402,96.479,96.653,96.692,96.425,96.499
2024-08-07T13:00:00Z,96.478,96.669,96.392,96.613,96.499,96.692,96.412,96.634
2024-08-07T14:00:00Z,96.613,96.643,96.021,96.544,96.635,96.665,96.044,96.563
2024-08-07T15:00:00Z,96.546,96.886,96.428,96.572,96.564,96.91,96.449,96.592
2024-08-07T16:00:00Z,96.579,96.624,96.19,96.312,96.6,96.644,96.212,96.332
2024-08-07T17:00:00Z,96.31,96.436,95.938,95.992,96.33,96.459,95.958,96.014
2024-08-07T18:00:00Z,95.989,95.991,95.669,95.701,96.013,96.013,95.69,95.718
2024-08-07T19:00:00Z,95.7,96.042,95.685,95.729,95.72,96.066,95.709,95.757
2024-08-07T20:00:00Z,95.73,95.786,95.613,95.624,95.757,95.808,95.652,95.674
2024-08-07T21:00:00Z,95.562,95.653,95.562,95.63,95.687,95.743,95.645,95.709
2024-08-07T22:00:00Z,95.63,95.67,95.326,95.471,95.711,95.727,95.361,95.495
2024-08-07T23:00:00Z,95.468,95.509,94.735,95.35,95.491,95.533,94.759,95.372
2024-08-08T00:00:00Z,95.358,95.582,94.718,95.154,95.375,95.608,94.743,95.179
2024-08-08T01:00:00Z,95.157,95.745,95.12,95.593,95.182,95.769,95.144,95.619
2024-08-08T02:00:00Z,95.593,96.106,95.586,96.055,95.618,96.131,95.608,96.079
2024-08-08T03:00:00Z,96.053,96.296,95.849,96.027,96.078,96.319,95.87,96.049
2024-08-08T04:00:00Z,96.033,96.066,95.654,95.795,96.052,96.091,95.679,95.818
2024-08-08T05:00:00Z,95.792,96.035,95.605,95.624,95.818,96.058,95.63,95.648
2024-08-08T06:00:00Z,95.625,96.019,95.518,95.952,95.648,96.044,95.543,95.972
2024-08-08T07:00:00Z,95.953,95.978,95.286,95.488,95.974,96.002,95.307,95.51
2024-08-08T08:00:00Z,95.492,95.882,95.47,95.845,95.515,95.903,95.49,95.865
2024-08-08T09:00:00Z,95.841,96.007,95.581,95.694,95.862,96.025,95.601,95.715
2024-08-08T10:00:00Z,95.693,95.879,95.613,95.732,95.713,95.901,95.63,95.749
2024-08-08T11:00:00Z,95.73,95.821,95.596,95.739,95.75,95.842,95.618,95.759
2024-08-08T12:00:00Z,95.741,96.487,95.602,96.31,95.761,96.508,95.627,96.332
2024-08-08T13:00:00Z,96.31,96.697,96.242,96.423,96.333,96.717,96.267,96.447
2024-08-08T14:00:00Z,96.43,96.992,96.38,96.763,96.45,97.016,96.404,96.784
2024-08-08T15:00:00Z,96.765,96.824,96.56,96.763,96.785,96.845,96.578,96.783
2024-08-08T16:00:00Z,96.763,96.926,96.733,96.848,96.784,96.947,96.757,96.869
2024-08-08T17:00:00Z,96.846,97.132,96.731,97.044,96.869,97.154,96.755,97.065
2024-08-08T18:00:00Z,97.044,97.128,97.001,97.045,97.064,97.148,97.025,97.064
2024-08-08T19:00:00Z,97.042,97.061,96.857,96.932,97.062,97.084,96.878,96.955
2024-08-08T20:00:00Z,96.934,97.108,96.91,97.082,96.955,97.127,96.934,97.111
2024-08-08T21:00:00Z,96.956,97.084,96.956,97.011,97.169,97.184,97.06,97.083
2024-08-08T22:00:00Z,97.02,97.095,96.988,97.044,97.091,97.135,97.011,97.065
2024-08-08T23:00:00Z,97.045,97.442,97.015,97.336,97.063,97.47,97.036,97.361
2024-08-09T00:00:00Z,97.334,97.361,96.887,97.102,97.359,97.387,96.912,97.131
2024-08-09T01:00:00Z,97.102,97.239,96.926,96.937,97.13,97.267,96.951,96.956
2024-08-09T02:00:00Z,96.935,97.331,96.863,97.316,96.956,97.357,96.888,97.34
2024-08-09T03:00:00Z,97.316,97.343,97.08,97.186,97.338,97.369,97.104,97.204
2024-08-09T04:00:00Z,97.188,97.215,96.742,96.779,97.204,97.233,96.762,96.798
2024-08-09T05:00:00Z,96.776,97.052,96.584,96.913,96.797,97.074,96.61,96.936
2024-08-09T06:00:00Z,96.911,97.224,96.8,97.215,96.937,97.242,96.826,97.234
2024-08-09T07:00:00Z,97.215,97.215,96.95,97.043,97.236,97.236,96.973,97.065
2024-08-09T08:00:00Z,97.045,97.165,96.837,97.015,97.068,97.188,96.86,97.034
2024-08-09T09:00:00Z,97.016,97.075,96.842,96.936,97.034,97.094,96.863,96.951
2024-08-09T10:00:00Z,96.934,96.945,96.684,96.748,96.95,96.967,96.702,96.769
2024-08-09T11:00:00Z,96.751,96.769,96.482,96.674,96.773,96.786,96.502,96.694
2024-08-09T12:00:00Z,96.677,96.697,96.207,96.468,96.698,96.715,96.231,96.489
2024-08-09T13:00:00Z,96.468,96.55,96.357,96.357,96.491,96.574,96.371,96.371
2024-08-09T14:00:00Z,96.355,96.505,96.274,96.45,96.368,96.527,96.295,96.47
2024-08-09T15:00:00Z,96.45,96.569,96.275,96.316,96.469,96.588,96.297,96.337
2024-08-09T16:00:00Z,96.315,96.406,96.256,96.387,96.337,96.426,96.276,96.403
2024-08-09T17:00:00Z,96.386,96.521,96.34,96.422,96.403,96.544,96.357,96.443
2024-08-09T18:00:00Z,96.425,96.446,96.343,96.378,96.443,96.465,96.359,96.392
2024-08-09T19:00:00Z,96.378,96.438,96.33,96.425,96.393,96.458,96.352,96.446
2024-08-09T20:00:00Z,96.424,96.441,96.314,96.337,96.444,96.462,96.375,96.392
2024-08-11T21:00:00Z,96.151,96.5,96.151,96.387,96.288,96.686,96.288,96.546
2024-08-11T22:00:00Z,96.456,96.644,96.38,96.616,96.542,96.664,96.451,96.633
2024-08-11T23:00:00Z,96.615,96.703,96.485,96.598,96.633,96.73,96.505,96.618
2024-08-12T00:00:00Z,96.598,96.724,96.499,96.592,96.619,96.743,96.513,96.612
2024-08-12T01:00:00Z,96.588,96.799,96.495,96.755,96.609,96.817,96.514,96.77
2024-08-12T02:00:00Z,96.752,96.779,96.669,96.746,96.77,96.795,96.69,96.761
2024-08-12T03:00:00Z,96.744,96.911,96.723,96.906,96.761,96.928,96.738,96.921
2024-08-12T04:00:00Z,96.905,96.922,96.761,96.858,96.922,96.937,96.785,96.878
2024-08-12T05:00:00Z,96.857,96.9,96.78,96.875,96.878,96.921,96.802,96.898
2024-08-12T06:00:00Z,96.874,97.01,96.843,96.944,96.892,97.028,96.866,96.963
2024-08-12T07:00:00Z,96.944,97.175,96.843,97.157,96.961,97.197,96.859,97.176
2024-08-12T08:00:00Z,97.156,97.235,97.136,97.203,97.178,97.257,97.156,97.221
2024-08-12T09:00:00Z,97.2,97.237,97.084,97.209,97.22,97.255,97.102,97.226
2024-08-12T10:00:00Z,97.211,97.331,97.2,97.283,97.232,97.35,97.218,97.3
2024-08-12T11:00:00Z,97.283,97.484,97.252,97.345,97.302,97.502,97.273,97.366
2024-08-12T12:00:00Z,97.348,97.4,97.291,97.382,97.368,97.42,97.313,97.403
2024-08-12T13:00:00Z,97.384,97.845,97.352,97.437,97.406,97.866,97.372,97.453
2024-08-12T14:00:00Z,97.431,97.685,97.375,97.608,97.451,97.704,97.396,97.625
2024-08-12T15:00:00Z,97.607,97.615,97.045,97.289,97.625,97.634,97.064,97.309
2024-08-12T16:00:00Z,97.291,97.303,96.991,97.027,97.309,97.321,97.011,97.049
2024-08-12T17:00:00Z,97.027,97.099,96.857,96.941,97.047,97.119,96.876,96.958
2024-08-12T18:00:00Z,96.944,97.054,96.867,97.038,96.961,97.074,96.887,97.057
2024-08-12T19:00:00Z,97.039,97.059,96.818,96.932,97.055,97.079,96.838,96.952
2024-08-12T20:00:00Z,96.932,96.992,96.893,96.926,96.951,97.008,96.911,96.978
2024-08-12T21:00:00Z,96.904,96.935,96.86,96.922,96.994,96.999,96.951,96.987
2024-08-12T22:00:00Z,96.92,96.971,96.89,96.928,96.971,97.015,96.92,96.947
2024-08-12T23:00:00Z,96.925,96.967,96.729,96.81,96.945,96.984,96.748,96.83
2024-08-13T00:00:00Z,96.81,96.988,96.716,96.953,96.831,97.007,96.737,96.972
2024-08-13T01:00:00Z,96.956,97.205,96.955,97.089,96.975,97.226,96.972,97.109
2024-08-13T02:00:00Z,97.087,97.155,96.979,97.128,97.106,97.17,96.999,97.146
2024-08-13T03:00:00Z,97.129,97.26,97.086,97.22,97.146,97.281,97.106,97.238
2024-08-13T04:00:00Z,97.22,97.53,97.218,97.41,97.239,97.549,97.234,97.432
2024-08-13T05:00:00Z,97.411,97.476,97.295,97.352,97.432,97.496,97.314,97.374
2024-08-13T06:00:00Z,97.352,97.626,97.239,97.552,97.372,97.642,97.261,97.57
2024-08-13T07:00:00Z,97.55,97.741,97.512,97.685,97.571,97.761,97.531,97.702
2024-08-13T08:00:00Z,97.681,97.712,97.497,97.615,97.7,97.733,97.517,97.633
2024-08-13T09:00:00Z,97.612,97.678,97.416,97.656,97.633,97.696,97.435,97.672
2024-08-13T10:00:00Z,97.656,97.682,97.27,97.282,97.673,97.699,97.29,97.299
2024-08-13T11:00:00Z,97.282,97.391,97.11,97.146,97.298,97.412,97.131,97.168
2024-08-13T12:00:00Z,97.146,97.402,97.015,97.385,97.167,97.423,97.046,97.404
2024-08-13T13:00:00Z,97.386,97.426,96.837,97.249,97.406,97.45,96.86,97.269
2024-08-13T14:00:00Z,97.251,97.305,97.037,97.145,97.273,97.326,97.061,97.164
2024-08-13T15:00:00Z,97.146,97.201,97.075,97.158,97.164,97.223,97.094,97.175
2024-08-13T16:00:00Z,97.155,97.294,97.038,97.196,97.172,97.316,97.059,97.215
2024-08-13T17:00:00Z,97.197,97.29,97.158,97.273,97.214,97.308,97.178,97.291
2024-08-13T18:00:00Z,97.273,97.357,97.221,97.333,97.294,97.372,97.24,97.349
2024-08-13T19:00:00Z,97.327,97.45,97.254,97.429,97.346,97.469,97.272,97.449
2024-08-13T20:00:00Z,97.428,97.468,97.384,97.409,97.449,97.489,97.404,97.445
2024-08-13T21:00:00Z,97.39,97.4,97.196,97.353,97.433,97.488,97.41,97.41
2024-08-13T22:00:00Z,97.352,97.42,97.336,97.419,97.411,97.47,97.354,97.438
2024-08-13T23:00:00Z,97.421,97.572,97.407,97.528,97.438,97.592,97.42,97.549
2024-08-14T00:00:00Z,97.526,97.684,97.516,97.674,97.547,97.702,97.537,97.691
2024-08-14T01:00:00Z,97.674,97.726,97.378,97.489,97.689,97.746,97.396,97.516
2024-08-14T02:00:00Z,97.488,97.488,96.755,97.056,97.514,97.514,96.778,97.072
2024-08-14T03:00:00Z,97.056,97.344,96.849,97.215,97.071,97.365,96.868,97.232
2024-08-14T04:00:00Z,97.215,97.462,97.199,97.289,97.23,97.481,97.219,97.304
2024-08-14T05:00:00Z,97.287,97.628,97.217,97.551,97.304,97.653,97.236,97.567
2024-08-14T06:00:00Z,97.552,97.718,97.354,97.655,97.567,97.739,97.373,97.674
2024-08-14T07:00:00Z,97.653,97.828,97.63,97.776,97.674,97.848,97.65,97.791
2024-08-14T08:00:00Z,97.777,97.863,97.479,97.537,97.791,97.882,97.495,97.557
2024-08-14T09:00:00Z,97.537,97.662,97.523,97.603,97.556,97.679,97.544,97.621
2024-08-14T10:00:00Z,97.601,97.617,97.355,97.42,97.62,97.631,97.374,97.441
2024-08-14T11:00:00Z,97.42,97.441,97.274,97.319,97.44,97.46,97.295,97.337
2024-08-14T12:00:00Z,97.321,97.689,97.111,97.555,97.34,97.713,97.235,97.576
2024-08-14T13:00:00Z,97.556,97.738,97.214,97.224,97.575,97.758,97.232,97.238
2024-08-14T14:00:00Z,97.227,97.28,96.984,97.161,97.24,97.302,97.005,97.177
2024-08-14T15:00:00Z,97.161,97.211,96.964,97.142,97.176,97.23,96.982,97.162
2024-08-14T16:00:00Z,97.141,97.149,96.925,97.071,97.16,97.171,96.945,97.092
2024-08-14T17:00:00Z,97.071,97.211,97.05,97.169,97.091,97.23,97.068,97.19
2024-08-14T18:00:00Z,97.169,97.248,97.074,97.224,97.189,97.267,97.094,97.24
2024-08-14T19:00:00Z,97.22,97.26,97.128,97.205,97.239,97.277,97.147,97.225
2024-08-14T20:00:00Z,97.203,97.299,97.149,97.16,97.22,97.318,97.173,97.198
2024-08-14T21:00:00Z,97.077,97.132,97.025,97.074,97.327,97.327,97.114,97.135
2024-08-14T22:00:00Z,97.092,97.231,97.032,97.22,97.139,97.248,97.051,97.238
2024-08-14T23:00:00Z,97.218,97.276,97.106,97.156,97.233,97.293,97.121,97.175
2024-08-15T00:00:00Z,97.156,97.205,96.982,97.006,97.172,97.226,97.004,97.03
2024-08-15T01:00:00Z,97.01,97.554,96.79,97.502,97.033,97.576,96.837,97.526
2024-08-15T02:00:00Z,97.5,97.667,97.366,97.595,97.525,97.686,97.387,97.613
2024-08-15T03:00:00Z,97.595,97.608,97.497,97.563,97.614,97.627,97.517,97.576
2024-08-15T04:00:00Z,97.566,97.622,97.512,97.555,97.579,97.637,97.53,97.572
2024-08-15T05:00:00Z,97.554,97.582,97.328,97.385,97.572,97.599,97.348,97.404
2024-08-15T06:00:00Z,97.387,97.561,97.367,97.417,97.404,97.58,97.386,97.437
2024-08-15T07:00:00Z,97.419,97.51,97.334,97.507,97.436,97.527,97.354,97.522
2024-08-15T08:00:00Z,97.507,97.55,97.435,97.479,97.525,97.571,97.453,97.498
2024-08-15T09:00:00Z,97.479,97.663,97.465,97.633,97.497,97.678,97.482,97.65
2024-08-15T10:00:00Z,97.631,97.684,97.52,97.535,97.65,97.7,97.536,97.554
2024-08-15T11:00:00Z,97.535,97.688,97.51,97.61,97.553,97.705,97.529,97.63
2024-08-15T12:00:00Z,97.611,98.577,97.564,98.419,97.633,98.597,97.585,98.436
2024-08-15T13:00:00Z,98.417,98.712,98.373,98.668,98.436,98.731,98.39,98.687
2024-08-15T14:00:00Z,98.669,98.791,98.426,98.786,98.686,98.808,98.448,98.804
2024-08-15T15:00:00Z,98.786,98.797,98.675,98.705,98.803,98.817,98.693,98.724
2024-08-15T16:00:00Z,98.702,98.776,98.664,98.714,98.721,98.795,98.683,98.731
2024-08-15T17:00:00Z,98.717,98.717,98.608,98.625,98.731,98.732,98.627,98.642
2024-08-15T18:00:00Z,98.626,98.628,98.531,98.561,98.642,98.642,98.551,98.579
2024-08-15T19:00:00Z,98.56,98.571,98.466,98.527,98.576,98.589,98.484,98.547
2024-08-15T20:00:00Z,98.526,98.748,98.501,98.67,98.547,98.776,98.521,98.716
2024-08-15T21:00:00Z,98.672,98.708,98.672,98.697,98.786,98.786,98.74,98.757
2024-08-15T22:00:00Z,98.688,98.692,98.509,98.636,98.73,98.757,98.527,98.654
2024-08-15T23:00:00Z,98.639,98.688,98.58,98.67,98.655,98.707,98.6,98.686
2024-08-16T00:00:00Z,98.668,98.7,98.446,98.648,98.687,98.718,98.467,98.667
2024-08-16T01:00:00Z,98.651,98.78,98.588,98.67,98.668,98.799,98.609,98.69
2024-08-16T02:00:00Z,98.671,98.724,98.525,98.636,98.69,98.742,98.545,98.657
2024-08-16T03:00:00Z,98.634,98.665,98.55,98.633,98.654,98.683,98.569,98.654
2024-08-16T04:00:00Z,98.634,98.686,98.572,98.628,98.654,98.705,98.592,98.648
2024-08-16T05:00:00Z,98.63,98.836,98.617,98.726,98.648,98.851,98.635,98.747
2024-08-16T06:00:00Z,98.729,98.899,98.687,98.878,98.748,98.918,98.708,98.897
2024-08-16T07:00:00Z,98.877,98.889,98.714,98.829,98.892,98.907,98.734,98.844
2024-08-16T08:00:00Z,98.827,98.852,98.532,98.621,98.844,98.871,98.553,98.641
2024-08-16T09:00:00Z,98.621,98.735,98.578,98.67,98.64,98.75,98.597,98.684
2024-08-16T10:00:00Z,98.671,98.672,98.404,98.416,98.684,98.686,98.42,98.434
2024-08-16T11:00:00Z,98.417,98.417,98.071,98.192,98.434,98.434,98.089,98.208
2024-08-16T12:00:00Z,98.19,98.203,97.845,97.858,98.208,98.222,97.865,97.879
2024-08-16T13:00:00Z,97.857,98.159,97.802,98.003,97.879,98.175,97.823,98.053
2024-08-16T14:00:00Z,98.003,98.278,97.988,98.216,98.056,98.3,98.056,98.234
2024-08-16T15:00:00Z,98.217,98.554,98.206,98.483,98.233,98.574,98.224,98.503
2024-08-16T16:00:00Z,98.483,98.564,98.449,98.499,98.501,98.585,98.468,98.519
2024-08-16T17:00:00Z,98.501,98.508,98.394,98.429,98.52,98.527,98.412,98.449
2024-08-16T18:00:00Z,98.429,98.511,98.394,98.486,98.45,98.531,98.413,98.506
2024-08-16T19:00:00Z,98.486,98.512,98.435,98.504,98.507,98.531,98.454,98.52
2024-08-16T20:00:00Z,98.503,98.504,98.4,98.406,98.52,98.522,98.421,98.487
2024-08-18T21:00:00Z,98.321,98.415,98.292,98.399,98.416,98.583,98.416,98.528
2024-08-18T22:00:00Z,98.398,98.699,98.352,98.628,98.528,98.713,98.524,98.649
2024-08-18T23:00:00Z,98.63,98.783,98.605,98.723,98.652,98.801,98.621,98.741
2024-08-19T00:00:00Z,98.721,98.918,98.617,98.742,98.741,98.938,98.633,98.758
2024-08-19T01:00:00Z,98.742,98.822,98.44,98.513,98.759,98.843,98.461,98.533
2024-08-19T02:00:00Z,98.511,98.629,98.455,98.489,98.532,98.647,98.475,98.506
2024-08-19T03:00:00Z,98.489,98.531,97.879,97.975,98.505,98.551,97.901,97.992
2024-08-19T04:00:00Z,97.974,98.08,97.511,97.75,97.993,98.103,97.535,97.772
2024-08-19T05:00:00Z,97.752,97.872,97.154,97.188,97.773,97.893,97.177,97.211
2024-08-19T06:00:00Z,97.193,97.56,96.985,97.555,97.212,97.58,97.006,97.575
2024-08-19T07:00:00Z,97.554,97.795,97.399,97.726,97.575,97.816,97.419,97.74
2024-08-19T08:00:00Z,97.726,97.837,97.566,97.694,97.742,97.856,97.587,97.713
2024-08-19T09:00:00Z,97.697,97.805,97.589,97.797,97.718,97.822,97.609,97.814
2024-08-19T10:00:00Z,97.795,98.017,97.791,97.899,97.814,98.037,97.81,97.916
2024-08-19T11:00:00Z,97.903,97.95,97.785,97.817,97.92,97.969,97.806,97.838
2024-08-19T12:00:00Z,97.818,97.915,97.741,97.914,97.837,97.934,97.761,97.933
2024-08-19T13:00:00Z,97.913,98.166,97.913,98.092,97.933,98.184,97.933,98.111
2024-08-19T14:00:00Z,98.093,98.383,97.98,98.293,98.111,98.406,98.0,98.312
2024-08-19T15:00:00Z,98.294,98.539,98.269,98.305,98.311,98.558,98.288,98.325
2024-08-19T16:00:00Z,98.304,98.474,98.296,98.441,98.326,98.493,98.315,98.458
2024-08-19T17:00:00Z,98.441,98.593,98.409,98.577,98.459,98.613,98.43,98.596
2024-08-19T18:00:00Z,98.574,98.714,98.537,98.694,98.594,98.729,98.559,98.715
2024-08-19T19:00:00Z,98.694,98.721,98.613,98.704,98.714,98.735,98.628,98.719
2024-08-19T20:00:00Z,98.704,98.738,98.673,98.684,98.72,98.758,98.69,98.718
2024-08-19T21:00:00Z,98.518,98.67,98.518,98.642,98.732,98.758,98.695,98.722
2024-08-19T22:00:00Z,98.633,98.733,98.626,98.72,98.716,98.749,98.68,98.734
2024-08-19T23:00:00Z,98.721,98.925,98.698,98.785,98.734,98.944,98.713,98.8
2024-08-20T00:00:00Z,98.786,98.797,98.318,98.426,98.802,98.815,98.338,98.444
2024-08-20T01:00:00Z,98.426,98.626,98.109,98.44,98.447,98.647,98.132,98.461
2024-08-20T02:00:00Z,98.438,98.834,98.404,98.788,98.461,98.856,98.424,98.811
2024-08-20T03:00:00Z,98.784,98.858,98.576,98.791,98.808,98.878,98.598,98.811
2024-08-20T04:00:00Z,98.789,98.828,98.564,98.703,98.811,98.843,98.585,98.724
2024-08-20T05:00:00Z,98.705,98.985,98.701,98.932,98.727,99.007,98.72,98.954
2024-08-20T06:00:00Z,98.939,99.025,98.849,98.942,98.96,99.048,98.868,98.965
2024-08-20T07:00:00Z,98.944,99.019,98.423,98.566,98.967,99.036,98.448,98.586
2024-08-20T08:00:00Z,98.569,98.631,98.377,98.573,98.587,98.651,98.398,98.594
2024-08-20T09:00:00Z,98.572,98.635,98.496,98.568,98.595,98.654,98.517,98.589
2024-08-20T10:00:00Z,98.568,98.633,98.461,98.58,98.588,98.653,98.481,98.6
2024-08-20T11:00:00Z,98.58,98.652,98.52,98.559,98.598,98.673,98.54,98.58
2024-08-20T12:00:00Z,98.557,98.622,98.473,98.538,98.58,98.644,98.493,98.555
2024-08-20T13:00:00Z,98.542,98.557,98.391,98.479,98.558,98.576,98.41,98.497
2024-08-20T14:00:00Z,98.474,98.571,98.146,98.19,98.494,98.59,98.167,98.209
2024-08-20T15:00:00Z,98.188,98.274,98.074,98.187,98.207,98.295,98.094,98.207
2024-08-20T16:00:00Z,98.188,98.205,97.928,97.939,98.211,98.224,97.946,97.954
2024-08-20T17:00:00Z,97.936,98.02,97.864,98.017,97.954,98.039,97.881,98.035
2024-08-20T18:00:00Z,98.017,98.146,98.017,98.071,98.036,98.166,98.035,98.084
2024-08-20T19:00:00Z,98.069,98.108,98.037,98.045,98.089,98.129,98.055,98.067
2024-08-20T20:00:00Z,98.047,98.073,97.967,97.991,98.071,98.094,97.987,98.023
2024-08-20T21:00:00Z,97.887,97.938,97.843,97.846,97.978,98.015,97.9,97.923
2024-08-20T22:00:00Z,97.843,97.935,97.789,97.89,97.919,97.953,97.809,97.908
2024-08-20T23:00:00Z,97.89,98.054,97.787,98.036,97.909,98.076,97.809,98.054
2024-08-21T00:00:00Z,98.035,98.245,97.843,98.172,98.054,98.266,97.863,98.192
2024-08-21T01:00:00Z,98.172,98.23,97.996,98.052,98.19,98.25,98.014,98.075
2024-08-21T02:00:00Z,98.054,98.117,97.938,98.015,98.076,98.136,97.954,98.035
2024-08-21T03:00:00Z,98.02,98.218,98.003,98.112,98.038,98.239,98.02,98.134
2024-08-21T04:00:00Z,98.112,98.288,98.038,98.24,98.133,98.306,98.06,98.258
2024-08-21T05:00:00Z,98.239,98.364,98.133,98.197,98.256,98.386,98.154,98.217
2024-08-21T06:00:00Z,98.197,98.453,98.136,98.398,98.218,98.466,98.157,98.42
2024-08-21T07:00:00Z,98.403,98.491,98.235,98.416,98.421,98.508,98.253,98.438
2024-08-21T08:00:00Z,98.417,98.442,98.283,98.357,98.438,98.464,98.301,98.376
2024-08-21T09:00:00Z,98.359,98.51,98.33,98.447,98.377,98.526,98.349,98.462
2024-08-21T10:00:00Z,98.449,98.58,98.369,98.546,98.463,98.598,98.392,98.564
2024-08-21T11:00:00Z,98.545,98.55,98.357,98.418,98.564,98.571,98.38,98.438
2024-08-21T12:00:00Z,98.419,98.421,98.269,98.293,98.44,98.44,98.286,98.31
2024-08-21T13:00:00Z,98.292,98.293,98.054,98.241,98.31,98.31,98.071,98.261
2024-08-21T14:00:00Z,98.239,98.914,97.989,98.133,98.259,98.954,98.011,98.155
2024-08-21T15:00:00Z,98.132,98.171,97.941,97.994,98.156,98.188,97.963,98.016
2024-08-21T16:00:00Z,97.993,98.0,97.797,97.872,98.017,98.021,97.814,97.891
2024-08-21T17:00:00Z,97.87,97.898,97.746,97.841,97.891,97.917,97.769,97.881
2024-08-21T18:00:00Z,97.834,97.835,97.627,97.721,97.877,97.877,97.649,97.741
2024-08-21T19:00:00Z,97.721,97.791,97.652,97.763,97.74,97.813,97.672,97.783
2024-08-21T20:00:00Z,97.762,97.967,97.761,97.967,97.784,98.004,97.782,98.004
2024-08-21T21:00:00Z,97.781,97.897,97.751,97.858,98.031,98.053,97.892,97.938
2024-08-21T22:00:00Z,97.857,97.921,97.779,97.801,97.939,97.95,97.806,97.82
2024-08-21T23:00:00Z,97.802,97.959,97.782,97.941,97.823,97.976,97.802,97.96
2024-08-22T00:00:00Z,97.941,98.13,97.832,98.0,97.961,98.148,97.847,98.017
2024-08-22T01:00:00Z,98.002,98.134,97.935,98.116,98.017,98.152,97.952,98.132
2024-08-22T02:00:00Z,98.116,98.132,97.795,97.884,98.134,98.15,97.814,97.904
2024-08-22T03:00:00Z,97.884,97.935,97.742,97.793,97.905,97.952,97.756,97.81
2024-08-22T04:00:00Z,97.793,97.857,97.595,97.742,97.811,97.873,97.613,97.761
2024-08-22T05:00:00Z,97.741,97.914,97.686,97.883,97.761,97.933,97.703,97.903
2024-08-22T06:00:00Z,97.881,98.038,97.871,97.991,97.901,98.059,97.892,98.008
2024-08-22T07:00:00Z,97.992,98.152,97.819,98.014,98.01,98.17,97.842,98.032
2024-08-22T08:00:00Z,98.017,98.316,98.017,98.237,98.036,98.336,98.036,98.258
2024-08-22T09:00:00Z,98.237,98.279,98.129,98.132,98.259,98.301,98.148,98.15
2024-08-22T10:00:00Z,98.132,98.303,98.08,98.187,98.152,98.319,98.102,98.207
2024-08-22T11:00:00Z,98.191,98.334,98.148,98.253,98.208,98.349,98.166,98.273
2024-08-22T12:00:00Z,98.25,98.416,98.151,98.341,98.268,98.439,98.21,98.362
2024-08-22T13:00:00Z,98.342,98.346,98.102,98.246,98.362,98.39,98.121,98.282
2024-08-22T14:00:00Z,98.248,98.322,98.096,98.179,98.282,98.344,98.116,98.199
2024-08-22T15:00:00Z,98.178,98.208,97.781,97.904,98.199,98.228,97.8,97.92
2024-08-22T16:00:00Z,97.904,98.236,97.895,98.125,97.924,98.258,97.911,98.146
2024-08-22T17:00:00Z,98.125,98.248,97.977,97.991,98.143,98.271,97.993,98.009
2024-08-22T18:00:00Z,97.991,98.123,97.95,98.047,98.008,98.144,97.97,98.067
2024-08-22T19:00:00Z,98.046,98.109,98.017,98.074,98.068,98.127,98.034,98.094
2024-08-22T20:00:00Z,98.072,98.132,98.05,98.086,98.093,98.151,98.068,98.126
2024-08-22T21:00:00Z,98.019,98.051,97.985,98.004,98.131,98.131,98.056,98.069
2024-08-22T22:00:00Z,97.996,98.055,97.975,97.997,98.088,98.122,97.996,98.015
2024-08-22T23:00:00Z,97.998,98.068,97.91,98.053,98.015,98.09,97.93,98.073
2024-08-23T00:00:00Z,98.054,98.144,97.913,98.0,98.073,98.163,97.938,98.019
2024-08-23T01:00:00Z,97.999,98.063,97.685,97.699,98.019,98.082,97.708,97.719
2024-08-23T02:00:00Z,97.7,97.78,97.559,97.73,97.719,97.8,97.579,97.75
2024-08-23T03:00:00Z,97.733,97.878,97.694,97.849,97.752,97.901,97.71,97.865
2024-08-23T04:00:00Z,97.849,98.07,97.804,98.007,97.862,98.09,97.823,98.027
2024-08-23T05:00:00Z,98.006,98.008,97.795,97.884,98.027,98.029,97.812,97.904
2024-08-23T06:00:00Z,97.887,97.947,97.744,97.822,97.907,97.965,97.766,97.844
2024-08-23T07:00:00Z,97.822,98.121,97.789,98.033,97.845,98.14,97.809,98.051
2024-08-23T08:00:00Z,98.032,98.166,97.955,98.129,98.051,98.185,97.974,98.147
2024-08-23T09:00:00Z,98.126,98.321,98.124,98.316,98.144,98.339,98.144,98.333
2024-08-23T10:00:00Z,98.316,98.325,98.211,98.249,98.334,98.342,98.228,98.266
2024-08-23T11:00:00Z,98.25,98.344,98.206,98.296,98.269,98.359,98.228,98.318
2024-08-23T12:00:00Z,98.294,98.373,98.233,98.264,98.312,98.391,98.25,98.284
2024-08-23T13:00:00Z,98.264,98.498,98.233,98.428,98.286,98.516,98.25,98.479
2024-08-23T14:00:00Z,98.428,98.603,98.164,98.318,98.483,98.625,98.182,98.338
2024-08-23T15:00:00Z,98.316,98.423,98.155,98.156,98.336,98.444,98.175,98.179
2024-08-23T16:00:00Z,98.156,98.249,98.09,98.233,98.178,98.269,98.107,98.253
2024-08-23T17:00:00Z,98.231,98.315,98.071,98.099,98.252,98.335,98.09,98.119
2024-08-23T18:00:00Z,98.099,98.132,97.963,97.988,98.12,98.153,97.981,98.008
2024-08-23T19:00:00Z,97.992,98.043,97.871,98.01,98.01,98.065,97.891,98.028
2024-08-23T20:00:00Z,98.008,98.139,98.001,98.11,98.029,98.183,98.021,98.171
2024-08-25T21:00:00Z,97.872,97.944,97.8,97.82,98.046,98.071,97.868,97.902
2024-08-25T22:00:00Z,97.802,98.036,97.614,97.661,97.89,98.089,97.636,97.681
2024-08-25T23:00:00Z,97.655,97.74,97.435,97.674,97.675,97.76,97.457,97.695
2024-08-26T00:00:00Z,97.678,97.762,97.424,97.577,97.697,97.785,97.445,97.593
2024-08-26T01:00:00Z,97.575,97.635,97.449,97.557,97.595,97.657,97.47,97.575
2024-08-26T02:00:00Z,97.557,97.682,97.468,97.634,97.574,97.703,97.487,97.652
2024-08-26T03:00:00Z,97.634,97.669,97.542,97.589,97.651,97.687,97.556,97.608
2024-08-26T04:00:00Z,97.593,97.602,97.435,97.59,97.613,97.62,97.452,97.608
2024-08-26T05:00:00Z,97.592,97.699,97.499,97.577,97.609,97.717,97.521,97.597
2024-08-26T06:00:00Z,97.578,97.595,97.343,97.39,97.597,97.615,97.363,97.409
2024-08-26T07:00:00Z,97.389,97.473,97.257,97.464,97.406,97.493,97.277,97.483
2024-08-26T08:00:00Z,97.468,97.545,97.437,97.456,97.487,97.565,97.457,97.469
2024-08-26T09:00:00Z,97.453,97.552,97.425,97.509,97.466,97.571,97.444,97.526
2024-08-26T10:00:00Z,97.51,97.619,97.502,97.596,97.526,97.638,97.523,97.616
2024-08-26T11:00:00Z,97.596,97.628,97.529,97.556,97.615,97.648,97.547,97.576
2024-08-26T12:00:00Z,97.557,97.723,97.5,97.515,97.576,97.748,97.52,97.536
2024-08-26T13:00:00Z,97.514,97.876,97.453,97.872,97.533,97.895,97.472,97.888
2024-08-26T14:00:00Z,97.871,97.911,97.705,97.746,97.888,97.93,97.724,97.766
2024-08-26T15:00:00Z,97.749,97.946,97.735,97.848,97.768,97.966,97.748,97.868
2024-08-26T16:00:00Z,97.848,98.037,97.829,97.964,97.869,98.055,97.849,97.983
2024-08-26T17:00:00Z,97.965,98.007,97.881,97.946,97.983,98.027,97.901,97.965
2024-08-26T18:00:00Z,97.943,98.019,97.888,97.927,97.962,98.042,97.908,97.948
2024-08-26T19:00:00Z,97.929,97.971,97.895,97.931,97.95,97.992,97.916,97.951
2024-08-26T20:00:00Z,97.932,97.934,97.799,97.845,97.95,97.953,97.817,97.883
2024-08-26T21:00:00Z,97.84,97.863,97.753,97.81,98.021,98.038,97.855,97.878
2024-08-26T22:00:00Z,97.815,97.818,97.717,97.751,97.886,97.887,97.734,97.767
2024-08-26T23:00:00Z,97.749,97.879,97.685,97.865,97.766,97.902,97.702,97.883
2024-08-27T00:00:00Z,97.864,98.051,97.795,97.95,97.884,98.066,97.813,97.968
2024-08-27T01:00:00Z,97.951,98.098,97.938,98.072,97.972,98.118,97.958,98.089
2024-08-27T02:00:00Z,98.072,98.24,98.021,98.194,98.088,98.261,98.039,98.212
2024-08-27T03:00:00Z,98.193,98.337,98.153,98.249,98.212,98.358,98.172,98.267
2024-08-27T04:00:00Z,98.244,98.251,98.095,98.116,98.261,98.27,98.111,98.135
2024-08-27T05:00:00Z,98.12,98.321,98.107,98.264,98.137,98.342,98.127,98.285
2024-08-27T06:00:00Z,98.263,98.331,98.122,98.174,98.282,98.351,98.137,98.187
2024-08-27T07:00:00Z,98.173,98.348,98.151,98.191,98.189,98.368,98.172,98.211
2024-08-27T08:00:00Z,98.191,98.407,98.181,98.297,98.212,98.424,98.2,98.317
2024-08-27T09:00:00Z,98.296,98.312,98.178,98.221,98.315,98.331,98.198,98.238
2024-08-27T10:00:00Z,98.221,98.253,98.108,98.171,98.239,98.271,98.127,98.189
2024-08-27T11:00:00Z,98.168,98.262,98.008,98.015,98.188,98.277,98.024,98.034
2024-08-27T12:00:00Z,98.015,98.015,97.752,97.786,98.036,98.036,97.772,97.808
2024-08-27T13:00:00Z,97.79,97.872,97.678,97.763,97.813,97.889,97.698,97.802
2024-08-27T14:00:00Z,97.756,97.968,97.685,97.8,97.794,97.984,97.702,97.818
2024-08-27T15:00:00Z,97.798,97.895,97.679,97.782,97.818,97.916,97.698,97.798
2024-08-27T16:00:00Z,97.781,97.798,97.66,97.673,97.799,97.817,97.68,97.693
2024-08-27T17:00:00Z,97.673,97.849,97.658,97.843,97.694,97.869,97.677,97.86
2024-08-27T18:00:00Z,97.84,97.882,97.761,97.81,97.859,97.899,97.782,97.83
2024-08-27T19:00:00Z,97.807,97.831,97.746,97.791,97.826,97.849,97.766,97.813
2024-08-27T20:00:00Z,97.792,97.81,97.752,97.766,97.813,97.83,97.783,97.805
2024-08-27T21:00:00Z,97.659,97.775,97.653,97.758,97.885,97.885,97.81,97.823
2024-08-27T22:00:00Z,97.757,97.788,97.572,97.658,97.826,97.835,97.591,97.674
2024-08-27T23:00:00Z,97.654,97.729,97.568,97.706,97.673,97.747,97.588,97.722
2024-08-28T00:00:00Z,97.706,97.977,97.681,97.837,97.726,97.994,97.701,97.853
2024-08-28T01:00:00Z,97.837,98.226,97.808,98.144,97.854,98.243,97.83,98.165
2024-08-28T02:00:00Z,98.147,98.235,98.094,98.197,98.166,98.252,98.115,98.218
2024-08-28T03:00:00Z,98.197,98.241,98.096,98.197,98.217,98.257,98.115,98.218
2024-08-28T04:00:00Z,98.197,98.248,98.056,98.074,98.216,98.265,98.073,98.091
2024-08-28T05:00:00Z,98.074,98.098,97.955,98.011,98.093,98.116,97.972,98.028
2024-08-28T06:00:00Z,98.01,98.274,97.998,98.187,98.025,98.29,98.014,98.2
2024-08-28T07:00:00Z,98.186,98.226,98.024,98.224,98.201,98.244,98.045,98.24
2024-08-28T08:00:00Z,98.224,98.248,98.033,98.101,98.241,98.264,98.051,98.115
2024-08-28T09:00:00Z,98.102,98.103,97.883,97.997,98.118,98.121,97.901,98.014
2024-08-28T10:00:00Z,97.997,98.116,97.959,98.007,98.017,98.133,97.976,98.025
2024-08-28T11:00:00Z,98.006,98.078,97.8,97.826,98.026,98.098,97.818,97.847
2024-08-28T12:00:00Z,97.824,98.074,97.806,98.044,97.844,98.087,97.823,98.057
2024-08-28T13:00:00Z,98.041,98.27,98.037,98.157,98.054,98.288,98.05,98.173
2024-08-28T14:00:00Z,98.156,98.221,98.056,98.11,98.174,98.239,98.071,98.13
2024-08-28T15:00:00Z,98.111,98.191,97.905,97.955,98.132,98.212,97.925,97.976
2024-08-28T16:00:00Z,97.955,98.072,97.836,98.065,97.974,98.092,97.854,98.081
2024-08-28T17:00:00Z,98.066,98.096,97.806,97.848,98.081,98.116,97.826,97.865
2024-08-28T18:00:00Z,97.846,98.063,97.786,98.027,97.864,98.081,97.803,98.047
2024-08-28T19:00:00Z,98.024,98.164,98.024,98.096,98.046,98.18,98.046,98.117
2024-08-28T20:00:00Z,98.096,98.191,97.903,98.086,98.116,98.213,97.92,98.13
2024-08-28T21:00:00Z,97.956,98.03,97.952,97.978,98.121,98.142,98.008,98.044
2024-08-28T22:00:00Z,97.975,98.013,97.871,97.887,98.044,98.056,97.893,97.906
2024-08-28T23:00:00Z,97.89,97.987,97.842,97.965,97.913,98.009,97.862,97.982
2024-08-29T00:00:00Z,97.965,98.281,97.878,98.195,97.981,98.3,97.898,98.216
2024-08-29T01:00:00Z,98.197,98.283,98.125,98.2,98.216,98.301,98.145,98.216
2024-08-29T02:00:00Z,98.2,98.263,98.107,98.188,98.217,98.284,98.124,98.207
2024-08-29T03:00:00Z,98.188,98.249,98.093,98.222,98.205,98.267,98.112,98.238
2024-08-29T04:00:00Z,98.223,98.444,98.217,98.422,98.241,98.463,98.234,98.443
2024-08-29T05:00:00Z,98.42,98.54,98.377,98.417,98.44,98.558,98.398,98.433
2024-08-29T06:00:00Z,98.414,98.471,98.294,98.442,98.434,98.493,98.318,98.463
2024-08-29T07:00:00Z,98.432,98.643,98.413,98.587,98.445,98.664,98.43,98.6
2024-08-29T08:00:00Z,98.583,98.59,98.233,98.478,98.596,98.604,98.258,98.499
2024-08-29T09:00:00Z,98.479,98.646,98.467,98.581,98.499,98.666,98.489,98.599
2024-08-29T10:00:00Z,98.58,98.62,98.498,98.546,98.601,98.641,98.52,98.565
2024-08-29T11:00:00Z,98.544,98.628,98.532,98.566,98.562,98.646,98.552,98.585
2024-08-29T12:00:00Z,98.565,98.949,98.501,98.897,98.585,98.972,98.52,98.918
2024-08-29T13:00:00Z,98.897,98.927,98.63,98.686,98.916,98.945,98.648,98.714
2024-08-29T14:00:00Z,98.684,98.87,98.563,98.703,98.711,98.89,98.585,98.718
2024-08-29T15:00:00Z,98.703,98.742,98.584,98.657,98.717,98.758,98.604,98.676
2024-08-29T16:00:00Z,98.657,98.709,98.588,98.643,98.677,98.725,98.607,98.665
2024-08-29T17:00:00Z,98.642,98.651,98.535,98.627,98.662,98.669,98.556,98.647
2024-08-29T18:00:00Z,98.628,98.645,98.324,98.416,98.647,98.666,98.341,98.438
2024-08-29T19:00:00Z,98.416,98.587,98.382,98.5,98.435,98.604,98.403,98.519
2024-08-29T20:00:00Z,98.499,98.577,98.499,98.556,98.519,98.611,98.518,98.611
2024-08-29T21:00:00Z,98.486,98.584,98.428,98.522,98.657,98.709,98.561,98.611
2024-08-29T22:00:00Z,98.509,98.577,98.456,98.496,98.629,98.662,98.476,98.515
2024-08-29T23:00:00Z,98.492,98.586,98.444,98.453,98.51,98.604,98.471,98.475
2024-08-30T00:00:00Z,98.453,98.496,98.328,98.39,98.473,98.519,98.35,98.412
2024-08-30T01:00:00Z,98.39,98.486,98.307,98.334,98.411,98.508,98.326,98.354
2024-08-30T02:00:00Z,98.334,98.435,98.247,98.432,98.355,98.453,98.266,98.447
2024-08-30T03:00:00Z,98.43,98.578,98.408,98.538,98.447,98.597,98.425,98.554
2024-08-30T04:00:00Z,98.537,98.564,98.47,98.488,98.555,98.583,98.49,98.507
2024-08-30T05:00:00Z,98.486,98.635,98.47,98.56,98.507,98.651,98.488,98.58
2024-08-30T06:00:00Z,98.569,98.69,98.569,98.616,98.582,98.709,98.582,98.636
2024-08-30T07:00:00Z,98.616,98.706,98.556,98.665,98.634,98.725,98.577,98.686
2024-08-30T08:00:00Z,98.664,98.812,98.613,98.781,98.684,98.829,98.633,98.799
2024-08-30T09:00:00Z,98.78,98.806,98.725,98.776,98.799,98.822,98.743,98.793
2024-08-30T10:00:00Z,98.774,98.816,98.692,98.775,98.795,98.835,98.712,98.794
2024-08-30T11:00:00Z,98.777,98.88,98.711,98.854,98.797,98.9,98.727,98.875
2024-08-30T12:00:00Z,98.851,98.959,98.75,98.801,98.871,98.99,98.771,98.821
2024-08-30T13:00:00Z,98.803,98.812,98.55,98.708,98.821,98.827,98.57,98.745
2024-08-30T14:00:00Z,98.7,98.911,98.579,98.761,98.74,98.932,98.597,98.777
2024-08-30T15:00:00Z,98.761,98.807,98.577,98.729,98.775,98.828,98.599,98.747
2024-08-30T16:00:00Z,98.727,98.819,98.636,98.812,98.747,98.84,98.656,98.834
2024-08-30T17:00:00Z,98.81,98.854,98.733,98.793,98.834,98.874,98.752,98.813
2024-08-30T18:00:00Z,98.792,98.893,98.782,98.849,98.813,98.912,98.802,98.867
2024-08-30T19:00:00Z,98.845,98.965,98.806,98.92,98.865,98.983,98.823,98.941
2024-08-30T20:00:00Z,98.916,98.95,98.849,98.858,98.938,98.969,98.903,98.94
2024-09-01T21:00:00Z,98.735,98.852,98.703,98.797,98.951,98.993,98.891,98.913
2024-09-01T22:00:00Z,98.802,99.153,98.798,99.143,98.973,99.172,98.893,99.165
2024-09-01T23:00:00Z,99.143,99.264,99.044,99.078,99.169,99.284,99.065,99.101
2024-09-02T00:00:00Z,99.078,99.191,99.02,99.033,99.1,99.209,99.041,99.053
2024-09-02T01:00:00Z,99.035,99.121,98.935,98.967,99.053,99.142,98.957,98.983
2024-09-02T02:00:00Z,98.961,98.961,98.697,98.734,98.979,98.979,98.714,98.75
2024-09-02T03:00:00Z,98.736,98.758,98.615,98.72,98.752,98.778,98.635,98.736
2024-09-02T04:00:00Z,98.721,98.721,98.536,98.656,98.736,98.736,98.559,98.673
2024-09-02T05:00:00Z,98.658,98.968,98.658,98.84,98.676,98.988,98.675,98.856
2024-09-02T06:00:00Z,98.839,99.169,98.792,99.078,98.856,99.19,98.812,99.098
2024-09-02T07:00:00Z,99.078,99.28,99.014,99.278,99.097,99.299,99.033,99.297
2024-09-02T08:00:00Z,99.278,99.626,99.271,99.495,99.295,99.647,99.289,99.514
2024-09-02T09:00:00Z,99.494,99.535,99.427,99.488,99.514,99.555,99.448,99.507
2024-09-02T10:00:00Z,99.49,99.51,99.428,99.483,99.508,99.529,99.449,99.503
2024-09-02T11:00:00Z,99.483,99.608,99.44,99.599,99.502,99.629,99.461,99.616
2024-09-02T12:00:00Z,99.596,99.686,99.55,99.645,99.614,99.704,99.57,99.663
2024-09-02T13:00:00Z,99.645,99.769,99.559,99.622,99.664,99.785,99.577,99.643
2024-09-02T14:00:00Z,99.622,99.854,99.532,99.775,99.642,99.876,99.551,99.796
2024-09-02T15:00:00Z,99.774,99.798,99.727,99.757,99.796,99.818,99.746,99.777
2024-09-02T16:00:00Z,99.758,99.772,99.684,99.691,99.78,99.793,99.704,99.711
2024-09-02T17:00:00Z,99.7,99.776,99.695,99.771,99.716,99.791,99.716,99.791
2024-09-02T18:00:00Z,99.772,99.809,99.759,99.791,99.791,99.83,99.779,99.806
2024-09-02T19:00:00Z,99.791,99.808,99.765,99.789,99.807,99.826,99.787,99.809
2024-09-02T20:00:00Z,99.804,99.808,99.733,99.753,99.819,99.829,99.757,99.806
2024-09-02T21:00:00Z,99.651,99.751,99.64,99.706,99.864,99.9,99.749,99.765
2024-09-02T22:00:00Z,99.706,99.764,99.681,99.727,99.761,99.793,99.702,99.747
2024-09-02T23:00:00Z,99.726,99.736,99.542,99.591,99.747,99.755,99.561,99.612
2024-09-03T00:00:00Z,99.593,99.834,99.559,99.804,99.612,99.853,99.582,99.822
2024-09-03T01:00:00Z,99.804,99.816,99.373,99.4,99.82,99.839,99.395,99.416
2024-09-03T02:00:00Z,99.397,99.481,99.172,99.186,99.415,99.498,99.19,99.202
2024-09-03T03:00:00Z,99.184,99.233,98.764,98.833,99.202,99.25,98.783,98.851
2024-09-03T04:00:00Z,98.833,98.834,98.563,98.787,98.853,98.853,98.582,98.806
2024-09-03T05:00:00Z,98.788,98.864,98.48,98.605,98.808,98.884,98.504,98.626
2024-09-03T06:00:00Z,98.608,98.629,98.372,98.421,98.627,98.65,98.392,98.442
2024-09-03T07:00:00Z,98.419,98.73,98.387,98.484,98.44,98.75,98.411,98.507
2024-09-03T08:00:00Z,98.483,98.534,98.255,98.366,98.505,98.553,98.277,98.386
2024-09-03T09:00:00Z,98.363,98.398,98.268,98.274,98.382,98.419,98.287,98.293
2024-09-03T10:00:00Z,98.273,98.325,98.2,98.292,98.291,98.344,98.221,98.309
2024-09-03T11:00:00Z,98.291,98.438,98.215,98.382,98.309,98.454,98.231,98.401
2024-09-03T12:00:00Z,98.381,98.518,98.294,98.297,98.402,98.536,98.312,98.315
2024-09-03T13:00:00Z,98.297,98.336,97.812,97.908,98.314,98.355,97.832,97.975
2024-09-03T14:00:00Z,97.896,98.01,97.626,97.735,97.95,98.059,97.646,97.754
2024-09-03T15:00:00Z,97.735,98.028,97.724,97.985,97.753,98.049,97.739,98.004
2024-09-03T16:00:00Z,97.988,98.032,97.896,97.906,98.007,98.047,97.915,97.926
2024-09-03T17:00:00Z,97.901,97.972,97.851,97.902,97.919,97.988,97.871,97.92
2024-09-03T18:00:00Z,97.896,97.937,97.785,97.892,97.916,97.959,97.803,97.91
2024-09-03T19:00:00Z,97.89,97.92,97.649,97.75,97.91,97.938,97.663,97.771
2024-09-03T20:00:00Z,97.751,97.805,97.589,97.608,97.771,97.824,97.633,97.659
2024-09-03T21:00:00Z,97.548,97.637,97.516,97.587,97.726,97.798,97.624,97.649
2024-09-03T22:00:00Z,97.59,97.709,97.516,97.544,97.654,97.727,97.537,97.565
2024-09-03T23:00:00Z,97.545,97.592,97.394,97.578,97.565,97.611,97.417,97.599
2024-09-04T00:00:00Z,97.576,97.671,97.006,97.083,97.597,97.69,97.03,97.101
2024-09-04T01:00:00Z,97.081,97.574,97.08,97.447,97.101,97.596,97.096,97.464
2024-09-04T02:00:00Z,97.447,97.519,97.254,97.464,97.466,97.539,97.277,97.482
2024-09-04T03:00:00Z,97.465,97.58,97.304,97.351,97.482,97.599,97.325,97.369
2024-09-04T04:00:00Z,97.348,97.547,97.324,97.371,97.368,97.566,97.344,97.386
2024-09-04T05:00:00Z,97.369,97.382,97.175,97.307,97.384,97.4,97.195,97.326
2024-09-04T06:00:00Z,97.304,97.417,97.193,97.209,97.325,97.437,97.213,97.231
2024-09-04T07:00:00Z,97.211,97.379,97.078,97.245,97.233,97.4,97.094,97.264
2024-09-04T08:00:00Z,97.248,97.51,97.196,97.327,97.266,97.532,97.214,97.346
2024-09-04T09:00:00Z,97.326,97.517,97.306,97.424,97.348,97.536,97.326,97.443
2024-09-04T10:00:00Z,97.423,97.477,97.235,97.407,97.443,97.496,97.255,97.425
2024-09-04T11:00:00Z,97.405,97.444,97.312,97.333,97.425,97.466,97.329,97.349
2024-09-04T12:00:00Z,97.333,97.596,97.316,97.54,97.351,97.615,97.337,97.558
2024-09-04T13:00:00Z,97.536,97.642,97.424,97.442,97.557,97.659,97.443,97.518
2024-09-04T14:00:00Z,97.44,97.454,97.055,97.063,97.518,97.631,97.07,97.078
2024-09-04T15:00:00Z,97.065,97.141,96.91,96.995,97.079,97.159,96.93,97.017
2024-09-04T16:00:00Z,96.996,97.032,96.803,96.864,97.016,97.051,96.821,96.882
2024-09-04T17:00:00Z,96.864,96.88,96.666,96.703,96.88,96.901,96.687,96.723
2024-09-04T18:00:00Z,96.702,96.8,96.602,96.622,96.723,96.821,96.624,96.641
2024-09-04T19:00:00Z,96.619,96.75,96.586,96.657,96.641,96.771,96.603,96.676
2024-09-04T20:00:00Z,96.661,96.703,96.62,96.646,96.682,96.724,96.639,96.678
2024-09-04T21:00:00Z,96.506,96.576,96.407,96.566,96.704,96.765,96.58,96.627
2024-09-04T22:00:00Z,96.567,96.64,96.497,96.548,96.626,96.658,96.517,96.568
2024-09-04T23:00:00Z,96.542,96.561,96.166,96.257,96.563,96.581,96.189,96.274
2024-09-05T00:00:00Z,96.256,96.687,96.22,96.607,96.275,96.708,96.243,96.628
2024-09-05T01:00:00Z,96.61,96.76,96.458,96.652,96.629,96.78,96.476,96.669
2024-09-05T02:00:00Z,96.65,96.833,96.562,96.75,96.669,96.851,96.579,96.77
2024-09-05T03:00:00Z,96.748,96.818,96.593,96.646,96.77,96.84,96.611,96.664
2024-09-05T04:00:00Z,96.648,96.69,96.437,96.525,96.667,96.708,96.454,96.546
2024-09-05T05:00:00Z,96.527,96.539,96.327,96.407,96.546,96.559,96.348,96.425
2024-09-05T06:00:00Z,96.414,96.436,96.17,96.265,96.427,96.457,96.186,96.285
2024-09-05T07:00:00Z,96.266,96.555,96.223,96.479,96.287,96.575,96.242,96.499
2024-09-05T08:00:00Z,96.478,96.691,96.473,96.633,96.499,96.714,96.493,96.655
2024-09-05T09:00:00Z,96.633,96.652,96.423,96.505,96.653,96.671,96.444,96.523
2024-09-05T10:00:00Z,96.502,96.543,96.451,96.519,96.523,96.561,96.468,96.538
2024-09-05T11:00:00Z,96.52,96.587,96.441,96.453,96.537,96.609,96.46,96.47
2024-09-05T12:00:00Z,96.45,96.634,96.1,96.321,96.468,96.658,96.119,96.341
2024-09-05T13:00:00Z,96.32,96.527,96.284,96.456,96.341,96.546,96.303,96.539
2024-09-05T14:00:00Z,96.514,97.039,96.434,96.736,96.547,97.061,96.541,96.754
2024-09-05T15:00:00Z,96.739,96.831,96.453,96.466,96.755,96.846,96.472,96.487
2024-09-05T16:00:00Z,96.463,96.627,96.459,96.551,96.484,96.645,96.476,96.57
2024-09-05T17:00:00Z,96.55,96.603,96.364,96.552,96.57,96.622,96.383,96.573
2024-09-05T18:00:00Z,96.551,96.652,96.483,96.586,96.573,96.673,96.502,96.606
2024-09-05T19:00:00Z,96.585,96.656,96.489,96.617,96.606,96.674,96.505,96.637
2024-09-05T20:00:00Z,96.621,96.697,96.602,96.682,96.64,96.735,96.621,96.714
2024-09-05T21:00:00Z,96.627,96.671,96.605,96.647,96.82,96.82,96.7,96.712
2024-09-05T22:00:00Z,96.651,96.682,96.596,96.639,96.712,96.718,96.618,96.66
2024-09-05T23:00:00Z,96.641,96.7,96.599,96.648,96.662,96.718,96.618,96.665
2024-09-06T00:00:00Z,96.647,96.672,96.471,96.503,96.662,96.691,96.493,96.521
2024-09-06T01:00:00Z,96.502,96.566,96.352,96.5,96.521,96.586,96.372,96.52
2024-09-06T02:00:00Z,96.499,96.525,96.351,96.37,96.52,96.546,96.371,96.389
2024-09-06T03:00:00Z,96.369,96.412,96.212,96.242,96.389,96.432,96.225,96.259
2024-09-06T04:00:00Z,96.242,96.303,96.133,96.265,96.26,96.32,96.153,96.28
2024-09-06T05:00:00Z,96.263,96.273,95.705,95.885,96.28,96.29,95.722,95.908
2024-09-06T06:00:00Z,95.881,95.962,95.719,95.928,95.904,95.981,95.736,95.951
2024-09-06T07:00:00Z,95.928,95.995,95.586,95.98,95.948,96.008,95.604,95.997
2024-09-06T08:00:00Z,95.982,96.105,95.934,96.039,96.001,96.123,95.955,96.057
2024-09-06T09:00:00Z,96.039,96.273,96.009,96.238,96.058,96.289,96.029,96.256
2024-09-06T10:00:00Z,96.239,96.34,96.196,96.223,96.256,96.36,96.214,96.242
2024-09-06T11:00:00Z,96.222,96.381,96.218,96.343,96.243,96.402,96.239,96.36
2024-09-06T12:00:00Z,96.343,96.917,95.97,96.503,96.361,97.114,96.005,96.524
2024-09-06T13:00:00Z,96.504,96.756,96.274,96.417,96.52,96.774,96.296,96.432
2024-09-06T14:00:00Z,96.41,96.421,95.281,95.415,96.433,96.442,95.298,95.43
2024-09-06T15:00:00Z,95.414,95.583,94.768,94.879,95.43,95.61,94.789,94.901
2024-09-06T16:00:00Z,94.871,95.139,94.803,94.964,94.893,95.164,94.825,94.984
2024-09-06T17:00:00Z,94.962,95.141,94.872,95.015,94.981,95.159,94.887,95.034
2024-09-06T18:00:00Z,95.018,95.05,94.888,94.949,95.035,95.068,94.907,94.967
2024-09-06T19:00:00Z,94.941,95.094,94.941,95.05,94.963,95.116,94.963,95.07
2024-09-06T20:00:00Z,95.048,95.056,94.852,94.882,95.069,95.078,94.876,94.955
2024-09-08T21:00:00Z,94.791,94.885,94.693,94.733,95.041,95.045,94.809,94.889
2024-09-08T22:00:00Z,94.742,94.918,94.65,94.781,94.892,94.955,94.689,94.8
2024-09-08T23:00:00Z,94.779,95.066,94.735,95.032,94.797,95.087,94.755,95.05
2024-09-09T00:00:00Z,95.025,95.257,95.001,95.147,95.046,95.275,95.023,95.166
2024-09-09T01:00:00Z,95.149,95.609,95.13,95.596,95.166,95.63,95.149,95.617
2024-09-09T02:00:00Z,95.596,95.622,95.366,95.444,95.619,95.64,95.386,95.464
2024-09-09T03:00:00Z,95.446,95.552,95.297,95.373,95.467,95.57,95.317,95.391
2024-09-09T04:00:00Z,95.372,95.559,95.337,95.437,95.392,95.579,95.357,95.458
2024-09-09T05:00:00Z,95.432,95.449,95.174,95.285,95.452,95.471,95.192,95.301
2024-09-09T06:00:00Z,95.288,95.408,95.203,95.352,95.304,95.429,95.222,95.372
2024-09-09T07:00:00Z,95.354,95.504,95.354,95.467,95.376,95.522,95.375,95.486
2024-09-09T08:00:00Z,95.469,95.47,95.297,95.412,95.484,95.489,95.316,95.429
2024-09-09T09:00:00Z,95.41,95.597,95.382,95.554,95.429,95.616,95.399,95.573
2024-09-09T10:00:00Z,95.554,95.62,95.499,95.551,95.571,95.639,95.516,95.571
2024-09-09T11:00:00Z,95.554,95.699,95.545,95.608,95.572,95.717,95.565,95.625
2024-09-09T12:00:00Z,95.601,95.649,95.252,95.265,95.62,95.666,95.268,95.283
2024-09-09T13:00:00Z,95.265,95.323,95.017,95.107,95.281,95.339,95.035,95.126
2024-09-09T14:00:00Z,95.106,95.258,94.937,94.949,95.128,95.278,94.956,94.963
2024-09-09T15:00:00Z,94.949,95.232,94.907,95.209,94.964,95.249,94.928,95.226
2024-09-09T16:00:00Z,95.209,95.328,95.157,95.292,95.227,95.347,95.178,95.312
2024-09-09T17:00:00Z,95.294,95.333,95.102,95.116,95.314,95.351,95.121,95.136
2024-09-09T18:00:00Z,95.117,95.2,95.065,95.09,95.136,95.218,95.086,95.107
2024-09-09T19:00:00Z,95.089,95.182,95.056,95.182,95.107,95.201,95.076,95.201
2024-09-09T20:00:00Z,95.18,95.349,95.167,95.339,95.198,95.382,95.188,95.374
2024-09-09T21:00:00Z,95.302,95.345,95.291,95.325,95.43,95.518,95.39,95.392
2024-09-09T22:00:00Z,95.323,95.351,95.201,95.318,95.394,95.394,95.221,95.337
2024-09-09T23:00:00Z,95.325,95.465,95.293,95.321,95.343,95.486,95.314,95.336
2024-09-10T00:00:00Z,95.323,95.429,95.151,95.399,95.338,95.449,95.174,95.421
2024-09-10T01:00:00Z,95.401,95.505,95.365,95.462,95.422,95.523,95.386,95.483
2024-09-10T02:00:00Z,95.466,95.471,95.196,95.411,95.484,95.489,95.213,95.429
2024-09-10T03:00:00Z,95.411,95.447,95.322,95.365,95.43,95.466,95.339,95.383
2024-09-10T04:00:00Z,95.365,95.431,95.322,95.352,95.381,95.45,95.338,95.369
2024-09-10T05:00:00Z,95.352,95.487,95.318,95.453,95.37,95.508,95.335,95.473
2024-09-10T06:00:00Z,95.453,95.704,95.395,95.632,95.472,95.725,95.413,95.654
2024-09-10T07:00:00Z,95.636,95.673,95.516,95.614,95.654,95.692,95.535,95.634
2024-09-10T08:00:00Z,95.619,95.687,95.49,95.533,95.642,95.709,95.51,95.552
2024-09-10T09:00:00Z,95.537,95.539,95.327,95.428,95.558,95.558,95.343,95.446
2024-09-10T10:00:00Z,95.428,95.468,95.313,95.425,95.449,95.481,95.332,95.443
2024-09-10T11:00:00Z,95.428,95.531,95.306,95.362,95.448,95.55,95.328,95.384
2024-09-10T12:00:00Z,95.361,95.417,95.146,95.208,95.382,95.435,95.166,95.226
2024-09-10T13:00:00Z,95.211,95.334,95.057,95.095,95.227,95.355,95.076,95.117
2024-09-10T14:00:00Z,95.095,95.095,94.695,94.873,95.114,95.114,94.716,94.89
2024-09-10T15:00:00Z,94.873,94.927,94.611,94.633,94.892,94.946,94.629,94.651
2024-09-10T16:00:00Z,94.631,94.785,94.503,94.758,94.651,94.805,94.52,94.775
2024-09-10T17:00:00Z,94.754,94.869,94.724,94.757,94.773,94.889,94.74,94.774
2024-09-10T18:00:00Z,94.761,94.833,94.666,94.777,94.776,94.851,94.684,94.797
2024-09-10T19:00:00Z,94.78,94.819,94.73,94.748,94.8,94.837,94.748,94.769
2024-09-10T20:00:00Z,94.745,94.798,94.691,94.749,94.765,94.819,94.71,94.794
2024-09-10T21:00:00Z,94.746,94.746,94.669,94.727,94.789,94.931,94.789,94.801
2024-09-10T22:00:00Z,94.719,94.794,94.681,94.775,94.803,94.815,94.701,94.795
2024-09-10T23:00:00Z,94.772,94.793,94.605,94.621,94.791,94.815,94.625,94.641
2024-09-11T00:00:00Z,94.623,94.645,94.391,94.59,94.642,94.662,94.412,94.606
2024-09-11T01:00:00Z,94.589,94.712,94.125,94.385,94.606,94.729,94.148,94.41
2024-09-11T02:00:00Z,94.392,94.438,94.226,94.383,94.414,94.461,94.244,94.401
2024-09-11T03:00:00Z,94.381,94.426,93.964,94.045,94.401,94.446,93.985,94.061
2024-09-11T04:00:00Z,94.044,94.044,93.699,93.864,94.062,94.062,93.723,93.883
2024-09-11T05:00:00Z,93.86,94.081,93.639,94.077,93.879,94.103,93.657,94.099
2024-09-11T06:00:00Z,94.077,94.249,93.952,94.2,94.097,94.268,93.973,94.222
2024-09-11T07:00:00Z,94.203,94.349,94.028,94.194,94.223,94.37,94.049,94.212
2024-09-11T08:00:00Z,94.191,94.394,94.126,94.249,94.211,94.411,94.147,94.268
2024-09-11T09:00:00Z,94.251,94.271,94.102,94.265,94.268,94.291,94.123,94.285
2024-09-11T10:00:00Z,94.261,94.436,94.243,94.435,94.284,94.455,94.262,94.455
2024-09-11T11:00:00Z,94.438,94.587,94.396,94.508,94.459,94.607,94.413,94.526
2024-09-11T12:00:00Z,94.51,94.701,94.218,94.675,94.526,94.722,94.367,94.697
2024-09-11T13:00:00Z,94.678,94.828,94.128,94.133,94.697,94.845,94.146,94.146
2024-09-11T14:00:00Z,94.13,94.171,93.584,93.83,94.145,94.186,93.603,93.849
2024-09-11T15:00:00Z,93.832,94.303,93.765,94.238,93.849,94.325,93.784,94.256
2024-09-11T16:00:00Z,94.238,94.546,94.219,94.494,94.254,94.565,94.241,94.508
2024-09-11T17:00:00Z,94.489,94.859,94.476,94.767,94.509,94.881,94.494,94.785
2024-09-11T18:00:00Z,94.765,94.913,94.705,94.813,94.785,94.93,94.724,94.828
2024-09-11T19:00:00Z,94.813,95.037,94.801,95.005,94.826,95.058,94.819,95.024
2024-09-11T20:00:00Z,95.005,95.093,94.989,94.994,95.025,95.115,95.023,95.03
2024-09-11T21:00:00Z,94.898,94.983,94.894,94.947,95.081,95.081,94.971,95.011
2024-09-11T22:00:00Z,94.95,95.119,94.932,95.102,95.015,95.14,94.966,95.123
2024-09-11T23:00:00Z,95.102,95.266,95.096,95.202,95.122,95.288,95.115,95.219
2024-09-12T00:00:00Z,95.204,95.502,95.176,95.213,95.222,95.524,95.201,95.235
2024-09-12T01:00:00Z,95.217,95.279,94.92,95.187,95.235,95.297,94.939,95.209
2024-09-12T02:00:00Z,95.183,95.2,95.051,95.14,95.205,95.218,95.074,95.162
2024-09-12T03:00:00Z,95.139,95.357,95.041,95.357,95.162,95.377,95.062,95.377
2024-09-12T04:00:00Z,95.355,95.569,95.333,95.524,95.374,95.586,95.351,95.54
2024-09-12T05:00:00Z,95.524,95.667,95.441,95.587,95.539,95.685,95.461,95.609
2024-09-12T06:00:00Z,95.583,95.587,95.279,95.306,95.6,95.608,95.298,95.324
2024-09-12T07:00:00Z,95.305,95.652,95.215,95.22,95.326,95.673,95.234,95.239
2024-09-12T08:00:00Z,95.217,95.259,94.942,95.123,95.239,95.276,94.963,95.141
2024-09-12T09:00:00Z,95.125,95.305,95.086,95.22,95.144,95.325,95.105,95.24
2024-09-12T10:00:00Z,95.219,95.326,95.181,95.307,95.24,95.343,95.2,95.323
2024-09-12T11:00:00Z,95.304,95.336,95.098,95.179,95.323,95.358,95.118,95.198
2024-09-12T12:00:00Z,95.175,95.242,94.867,94.893,95.195,95.279,94.885,94.912
2024-09-12T13:00:00Z,94.892,95.06,94.722,94.821,94.912,95.081,94.737,94.84
2024-09-12T14:00:00Z,94.824,95.415,94.792,95.328,94.841,95.433,94.809,95.344
2024-09-12T15:00:00Z,95.325,95.407,95.203,95.229,95.341,95.427,95.222,95.251
2024-09-12T16:00:00Z,95.229,95.604,95.202,95.559,95.25,95.626,95.225,95.578
2024-09-12T17:00:00Z,95.557,95.612,95.491,95.565,95.576,95.633,95.512,95.586
2024-09-12T18:00:00Z,95.565,95.598,95.262,95.405,95.585,95.617,95.281,95.423
2024-09-12T19:00:00Z,95.405,95.49,95.277,95.386,95.424,95.507,95.296,95.408
2024-09-12T20:00:00Z,95.387,95.4,95.295,95.306,95.407,95.42,95.323,95.366
2024-09-12T21:00:00Z,95.232,95.338,95.217,95.322,95.473,95.473,95.357,95.376
2024-09-12T22:00:00Z,95.323,95.382,95.251,95.378,95.375,95.409,95.278,95.398
2024-09-12T23:00:00Z,95.379,95.379,95.125,95.173,95.398,95.398,95.146,95.196
2024-09-13T00:00:00Z,95.178,95.209,94.971,95.025,95.198,95.231,94.988,95.044
2024-09-13T01:00:00Z,95.026,95.063,94.878,94.964,95.046,95.082,94.898,94.982
2024-09-13T02:00:00Z,94.964,94.99,94.627,94.836,94.984,95.009,94.645,94.856
2024-09-13T03:00:00Z,94.837,94.915,94.759,94.834,94.855,94.93,94.778,94.856
2024-09-13T04:00:00Z,94.836,94.853,94.612,94.789,94.856,94.87,94.634,94.808
2024-09-13T05:00:00Z,94.79,94.924,94.612,94.677,94.808,94.944,94.634,94.695
2024-09-13T06:00:00Z,94.675,94.841,94.636,94.766,94.694,94.863,94.659,94.782
2024-09-13T07:00:00Z,94.764,94.974,94.638,94.691,94.783,94.995,94.654,94.712
2024-09-13T08:00:00Z,94.691,94.715,94.296,94.48,94.711,94.736,94.315,94.499
2024-09-13T09:00:00Z,94.475,94.539,94.34,94.355,94.497,94.559,94.361,94.373
2024-09-13T10:00:00Z,94.355,94.401,94.16,94.286,94.371,94.421,94.177,94.3
2024-09-13T11:00:00Z,94.285,94.395,94.166,94.315,94.301,94.414,94.186,94.334
2024-09-13T12:00:00Z,94.315,94.453,94.294,94.393,94.332,94.472,94.316,94.412
2024-09-13T13:00:00Z,94.392,94.478,94.211,94.283,94.41,94.494,94.234,94.332
2024-09-13T14:00:00Z,94.286,94.611,94.224,94.445,94.331,94.63,94.242,94.462
2024-09-13T15:00:00Z,94.444,94.471,94.221,94.407,94.463,94.49,94.234,94.425
2024-09-13T16:00:00Z,94.406,94.496,94.316,94.464,94.423,94.518,94.333,94.486
2024-09-13T17:00:00Z,94.464,94.546,94.447,94.497,94.485,94.566,94.466,94.517
2024-09-13T18:00:00Z,94.498,94.529,94.434,94.462,94.52,94.551,94.454,94.481
2024-09-13T19:00:00Z,94.465,94.54,94.415,94.476,94.482,94.557,94.435,94.493
2024-09-13T20:00:00Z,94.476,94.494,94.381,94.397,94.491,94.515,94.437,94.451
2024-09-15T21:00:00Z,94.212,94.422,94.17,94.294,94.444,94.571,94.394,94.454
2024-09-15T22:00:00Z,94.293,94.418,94.175,94.39,94.472,94.475,94.198,94.41
2024-09-15T23:00:00Z,94.387,94.551,94.373,94.551,94.408,94.57,94.397,94.57
2024-09-16T00:00:00Z,94.553,94.557,94.24,94.315,94.572,94.576,94.26,94.337
2024-09-16T01:00:00Z,94.313,94.334,94.217,94.251,94.334,94.352,94.236,94.268
2024-09-16T02:00:00Z,94.253,94.337,94.22,94.336,94.268,94.359,94.238,94.356
2024-09-16T03:00:00Z,94.337,94.397,94.15,94.251,94.358,94.417,94.168,94.267
2024-09-16T04:00:00Z,94.251,94.373,94.159,94.322,94.268,94.392,94.183,94.345
2024-09-16T05:00:00Z,94.319,94.358,94.208,94.304,94.343,94.378,94.228,94.325
2024-09-16T06:00:00Z,94.301,94.307,93.955,94.056,94.323,94.328,93.978,94.076
2024-09-16T07:00:00Z,94.057,94.127,93.86,94.093,94.076,94.149,93.882,94.112
2024-09-16T08:00:00Z,94.093,94.299,94.045,94.224,94.113,94.323,94.062,94.244
2024-09-16T09:00:00Z,94.223,94.488,94.206,94.44,94.245,94.506,94.226,94.46
2024-09-16T10:00:00Z,94.438,94.513,94.379,94.465,94.457,94.533,94.395,94.481
2024-09-16T11:00:00Z,94.462,94.48,94.357,94.38,94.478,94.499,94.377,94.401
2024-09-16T12:00:00Z,94.381,94.646,94.275,94.519,94.401,94.663,94.293,94.537
2024-09-16T13:00:00Z,94.515,94.759,94.512,94.705,94.532,94.777,94.532,94.725
2024-09-16T14:00:00Z,94.709,94.84,94.507,94.597,94.73,94.861,94.528,94.618
2024-09-16T15:00:00Z,94.598,94.89,94.559,94.87,94.618,94.909,94.572,94.891
2024-09-16T16:00:00Z,94.871,94.902,94.781,94.831,94.89,94.921,94.8,94.852
2024-09-16T17:00:00Z,94.831,94.883,94.767,94.88,94.851,94.903,94.789,94.9
2024-09-16T18:00:00Z,94.88,94.916,94.795,94.879,94.899,94.936,94.815,94.898
2024-09-16T19:00:00Z,94.881,95.016,94.876,94.991,94.898,95.031,94.896,95.009
2024-09-16T20:00:00Z,94.986,94.991,94.902,94.916,95.006,95.013,94.927,94.953
2024-09-16T21:00:00Z,94.879,94.93,94.877,94.908,94.999,95.049,94.953,94.973
2024-09-16T22:00:00Z,94.908,95.087,94.908,95.08,94.969,95.106,94.957,95.1
2024-09-16T23:00:00Z,95.081,95.313,95.021,95.052,95.102,95.332,95.038,95.073
2024-09-17T00:00:00Z,95.051,95.101,94.765,94.84,95.069,95.123,94.784,94.859
2024-09-17T01:00:00Z,94.843,94.89,94.697,94.817,94.861,94.909,94.717,94.835
2024-09-17T02:00:00Z,94.819,94.921,94.724,94.903,94.841,94.939,94.745,94.92
2024-09-17T03:00:00Z,94.904,94.968,94.804,94.852,94.919,94.986,94.821,94.872
2024-09-17T04:00:00Z,94.851,94.921,94.8,94.845,94.872,94.943,94.82,94.867
2024-09-17T05:00:00Z,94.845,94.964,94.789,94.931,94.862,94.983,94.807,94.951
2024-09-17T06:00:00Z,94.932,95.111,94.889,95.066,94.953,95.134,94.905,95.088
2024-09-17T07:00:00Z,95.069,95.122,94.797,95.104,95.089,95.14,94.813,95.125
2024-09-17T08:00:00Z,95.101,95.14,94.949,95.08,95.122,95.158,94.964,95.101
2024-09-17T09:00:00Z,95.08,95.148,95.029,95.111,95.1,95.168,95.05,95.127
2024-09-17T10:00:00Z,95.108,95.126,95.002,95.033,95.125,95.142,95.022,95.055
2024-09-17T11:00:00Z,95.031,95.107,94.983,95.092,95.053,95.126,95.0,95.111
2024-09-17T12:00:00Z,95.093,95.252,95.039,95.147,95.114,95.302,95.059,95.168
2024-09-17T13:00:00Z,95.146,95.617,95.136,95.581,95.166,95.638,95.156,95.601
2024-09-17T14:00:00Z,95.583,95.978,95.546,95.815,95.6,95.997,95.566,95.831
2024-09-17T15:00:00Z,95.816,95.828,95.691,95.741,95.829,95.842,95.71,95.758
2024-09-17T16:00:00Z,95.742,95.906,95.634,95.695,95.761,95.927,95.654,95.716
2024-09-17T17:00:00Z,95.696,95.865,95.655,95.815,95.716,95.886,95.677,95.835
2024-09-17T18:00:00Z,95.818,95.886,95.795,95.849,95.836,95.908,95.815,95.867
2024-09-17T19:00:00Z,95.849,96.121,95.827,96.075,95.866,96.142,95.845,96.097
2024-09-17T20:00:00Z,96.074,96.248,96.072,96.18,96.094,96.262,96.092,96.238
2024-09-17T21:00:00Z,96.118,96.181,96.11,96.156,96.276,96.28,96.208,96.225
2024-09-17T22:00:00Z,96.154,96.193,95.965,95.986,96.224,96.229,95.985,96.007
2024-09-17T23:00:00Z,95.986,96.043,95.92,95.995,96.005,96.066,95.941,96.014
2024-09-18T00:00:00Z,95.996,96.012,95.829,95.861,96.013,96.032,95.85,95.879
2024-09-18T01:00:00Z,95.861,95.953,95.729,95.758,95.877,95.976,95.748,95.781
2024-09-18T02:00:00Z,95.758,95.818,95.578,95.721,95.78,95.839,95.6,95.741
2024-09-18T03:00:00Z,95.721,95.724,95.593,95.608,95.742,95.743,95.612,95.629
2024-09-18T04:00:00Z,95.605,95.696,95.313,95.396,95.627,95.713,95.333,95.418
2024-09-18T05:00:00Z,95.394,95.659,95.38,95.657,95.416,95.68,95.4,95.675
2024-09-18T06:00:00Z,95.66,95.859,95.656,95.779,95.677,95.874,95.671,95.8
2024-09-18T07:00:00Z,95.781,96.166,95.774,96.156,95.801,96.186,95.794,96.174
2024-09-18T08:00:00Z,96.156,96.209,96.02,96.057,96.173,96.23,96.041,96.075
2024-09-18T09:00:00Z,96.057,96.12,95.993,96.1,96.078,96.138,96.012,96.121
2024-09-18T10:00:00Z,96.101,96.141,96.062,96.093,96.121,96.159,96.082,96.111
2024-09-18T11:00:00Z,96.092,96.328,96.052,96.251,96.111,96.347,96.073,96.273
2024-09-18T12:00:00Z,96.255,96.325,96.105,96.175,96.277,96.346,96.124,96.196
2024-09-18T13:00:00Z,96.17,96.269,96.051,96.089,96.193,96.289,96.071,96.106
2024-09-18T14:00:00Z,96.091,96.159,95.937,96.11,96.106,96.177,95.955,96.128
2024-09-18T15:00:00Z,96.11,96.117,95.893,95.912,96.126,96.135,95.912,95.932
2024-09-18T16:00:00Z,95.912,96.013,95.884,95.992,95.931,96.033,95.901,96.011
2024-09-18T17:00:00Z,95.988,96.129,95.908,96.02,96.007,96.226,95.93,96.217
2024-09-18T18:00:00Z,96.022,96.212,95.65,95.769,96.212,96.252,95.678,95.799
2024-09-18T19:00:00Z,95.767,96.322,95.723,96.116,95.791,96.348,95.746,96.145
2024-09-18T20:00:00Z,96.115,96.26,96.071,96.23,96.145,96.284,96.099,96.267
2024-09-18T21:00:00Z,96.095,96.164,96.018,96.076,96.345,96.345,96.136,96.146
2024-09-18T22:00:00Z,96.074,96.304,95.972,96.191,96.148,96.324,96.005,96.22
2024-09-18T23:00:00Z,96.19,96.591,96.19,96.547,96.216,96.612,96.216,96.566
2024-09-19T00:00:00Z,96.543,96.944,96.543,96.772,96.565,96.963,96.565,96.789
2024-09-19T01:00:00Z,96.775,97.194,96.672,97.181,96.792,97.214,96.689,97.2
2024-09-19T02:00:00Z,97.185,97.316,97.092,97.098,97.206,97.34,97.116,97.121
2024-09-19T03:00:00Z,97.094,97.253,97.059,97.25,97.118,97.275,97.082,97.267
2024-09-19T04:00:00Z,97.25,97.307,97.143,97.231,97.269,97.324,97.164,97.255
2024-09-19T05:00:00Z,97.232,97.265,96.934,96.945,97.255,97.286,96.954,96.966
2024-09-19T06:00:00Z,96.944,97.242,96.884,96.996,96.963,97.264,96.908,97.017
2024-09-19T07:00:00Z,96.996,97.196,96.92,97.15,97.015,97.223,96.945,97.173
2024-09-19T08:00:00Z,97.153,97.519,97.134,97.476,97.172,97.542,97.154,97.494
2024-09-19T09:00:00Z,97.473,97.7,97.473,97.598,97.493,97.722,97.491,97.613
2024-09-19T10:00:00Z,97.592,97.849,97.578,97.622,97.612,97.868,97.6,97.638
2024-09-19T11:00:00Z,97.619,97.727,97.393,97.462,97.636,97.75,97.41,97.481
2024-09-19T12:00:00Z,97.464,97.867,97.288,97.842,97.484,97.888,97.307,97.862
2024-09-19T13:00:00Z,97.84,97.855,97.369,97.402,97.862,97.874,97.392,97.44
2024-09-19T14:00:00Z,97.402,97.441,97.107,97.242,97.441,97.466,97.125,97.261
2024-09-19T15:00:00Z,97.244,97.409,97.087,97.352,97.265,97.425,97.108,97.371
2024-09-19T16:00:00Z,97.352,97.626,97.346,97.525,97.372,97.645,97.365,97.545
2024-09-19T17:00:00Z,97.525,97.571,97.443,97.497,97.547,97.586,97.467,97.521
2024-09-19T18:00:00Z,97.497,97.522,97.182,97.288,97.519,97.54,97.2,97.309
2024-09-19T19:00:00Z,97.288,97.294,97.096,97.234,97.311,97.315,97.117,97.255
2024-09-19T20:00:00Z,97.235,97.253,97.089,97.178,97.257,97.276,97.112,97.212
2024-09-19T21:00:00Z,97.161,97.166,96.97,97.15,97.211,97.324,97.195,97.226
2024-09-19T22:00:00Z,97.142,97.171,97.055,97.155,97.227,97.235,97.077,97.178
2024-09-19T23:00:00Z,97.154,97.314,97.133,97.271,97.174,97.337,97.154,97.292
2024-09-20T00:00:00Z,97.27,97.298,96.914,96.914,97.292,97.32,96.934,96.934
2024-09-20T01:00:00Z,96.915,96.938,96.703,96.905,96.933,96.958,96.726,96.927
2024-09-20T02:00:00Z,96.903,97.256,96.893,97.111,96.927,97.284,96.911,97.137
2024-09-20T03:00:00Z,97.114,97.139,96.764,97.055,97.142,97.169,96.791,97.079
2024-09-20T04:00:00Z,97.055,97.08,96.887,96.915,97.077,97.103,96.909,96.934
2024-09-20T05:00:00Z,96.914,96.989,96.782,96.961,96.935,97.011,96.804,96.981
2024-09-20T06:00:00Z,96.961,97.499,96.775,97.45,96.984,97.52,96.795,97.473
2024-09-20T07:00:00Z,97.449,97.868,97.404,97.855,97.469,97.889,97.427,97.877
2024-09-20T08:00:00Z,97.854,98.034,97.677,97.928,97.874,98.057,97.701,97.945
2024-09-20T09:00:00Z,97.926,97.971,97.839,97.967,97.944,97.992,97.861,97.989
2024-09-20T10:00:00Z,97.969,98.254,97.849,98.241,97.99,98.272,97.865,98.261
2024-09-20T11:00:00Z,98.244,98.293,98.163,98.206,98.262,98.311,98.18,98.224
2024-09-20T12:00:00Z,98.208,98.298,97.938,97.995,98.228,98.316,97.958,98.016
2024-09-20T13:00:00Z,97.992,98.01,97.709,97.852,98.017,98.031,97.73,97.871
2024-09-20T14:00:00Z,97.854,98.12,97.781,98.101,97.87,98.138,97.802,98.12
2024-09-20T15:00:00Z,98.102,98.123,97.836,97.93,98.12,98.141,97.854,97.953
2024-09-20T16:00:00Z,97.93,98.027,97.855,97.995,97.952,98.049,97.874,98.014
2024-09-20T17:00:00Z,97.992,98.171,97.982,98.027,98.013,98.19,98.002,98.048
2024-09-20T18:00:00Z,98.029,98.031,97.855,98.001,98.048,98.049,97.878,98.022
2024-09-20T19:00:00Z,98.0,98.017,97.917,97.972,98.023,98.037,97.939,97.995
2024-09-20T20:00:00Z,97.973,98.035,97.871,97.887,97.995,98.095,97.964,98.094
2024-09-22T21:00:00Z,97.873,97.952,97.767,97.893,98.101,98.154,97.976,98.013
2024-09-22T22:00:00Z,97.866,98.074,97.768,97.998,97.996,98.096,97.842,98.022
2024-09-22T23:00:00Z,97.997,98.124,97.871,98.107,98.023,98.145,97.892,98.128
2024-09-23T00:00:00Z,98.111,98.247,98.066,98.207,98.129,98.263,98.09,98.222
2024-09-23T01:00:00Z,98.209,98.466,98.209,98.401,98.225,98.486,98.225,98.418
2024-09-23T02:00:00Z,98.402,98.477,98.334,98.466,98.418,98.496,98.355,98.487
2024-09-23T03:00:00Z,98.467,98.58,98.428,98.495,98.489,98.6,98.444,98.517
2024-09-23T04:00:00Z,98.494,98.602,98.492,98.569,98.517,98.619,98.512,98.59
2024-09-23T05:00:00Z,98.568,98.629,98.38,98.39,98.588,98.647,98.401,98.408
2024-09-23T06:00:00Z,98.393,98.415,98.184,98.211,98.412,98.435,98.204,98.232
2024-09-23T07:00:00Z,98.214,98.226,97.688,97.78,98.232,98.246,97.709,97.801
2024-09-23T08:00:00Z,97.78,97.879,97.618,97.796,97.799,97.9,97.639,97.817
2024-09-23T09:00:00Z,97.796,97.993,97.751,97.909,97.818,98.015,97.767,97.93
2024-09-23T10:00:00Z,97.907,97.949,97.802,97.84,97.928,97.97,97.821,97.86
2024-09-23T11:00:00Z,97.84,98.15,97.729,98.119,97.861,98.169,97.749,98.139
2024-09-23T12:00:00Z,98.114,98.346,98.009,98.299,98.136,98.367,98.024,98.32
2024-09-23T13:00:00Z,98.303,98.585,98.196,98.534,98.323,98.607,98.251,98.548
2024-09-23T14:00:00Z,98.533,98.709,98.368,98.477,98.548,98.726,98.389,98.499
2024-09-23T15:00:00Z,98.482,98.615,98.299,98.316,98.501,98.636,98.321,98.337
2024-09-23T16:00:00Z,98.316,98.316,97.964,98.026,98.335,98.335,97.982,98.044
2024-09-23T17:00:00Z,98.024,98.205,97.938,98.148,98.041,98.225,97.957,98.17
2024-09-23T18:00:00Z,98.145,98.214,98.102,98.12,98.167,98.234,98.121,98.141
2024-09-23T19:00:00Z,98.122,98.236,98.121,98.192,98.141,98.258,98.139,98.21
2024-09-23T20:00:00Z,98.188,98.22,98.147,98.16,98.208,98.241,98.177,98.203
2024-09-23T21:00:00Z,97.953,98.158,97.946,98.141,98.203,98.294,98.186,98.201
2024-09-23T22:00:00Z,98.137,98.262,98.136,98.157,98.193,98.283,98.163,98.176
2024-09-23T23:00:00Z,98.154,98.22,98.036,98.138,98.171,98.242,98.058,98.156
2024-09-24T00:00:00Z,98.133,98.144,97.977,98.041,98.153,98.164,98.001,98.062
2024-09-24T01:00:00Z,98.041,98.51,98.041,98.294,98.063,98.527,98.062,98.311
2024-09-24T02:00:00Z,98.293,98.295,98.046,98.293,98.309,98.316,98.065,98.315
2024-09-24T03:00:00Z,98.294,98.541,98.294,98.438,98.317,98.559,98.314,98.455
2024-09-24T04:00:00Z,98.435,98.787,98.416,98.696,98.454,98.806,98.436,98.715
2024-09-24T05:00:00Z,98.693,98.943,98.511,98.531,98.715,98.963,98.532,98.55
2024-09-24T06:00:00Z,98.534,98.727,98.279,98.691,98.55,98.749,98.3,98.709
2024-09-24T07:00:00Z,98.691,98.85,98.411,98.569,98.712,98.871,98.43,98.592
2024-09-24T08:00:00Z,98.569,98.83,98.527,98.627,98.59,98.852,98.545,98.645
2024-09-24T09:00:00Z,98.627,98.845,98.601,98.74,98.643,98.868,98.619,98.763
2024-09-24T10:00:00Z,98.74,98.813,98.506,98.542,98.761,98.832,98.526,98.563
2024-09-24T11:00:00Z,98.544,98.708,98.4,98.632,98.563,98.726,98.421,98.655
2024-09-24T12:00:00Z,98.635,98.813,98.577,98.723,98.657,98.836,98.597,98.746
2024-09-24T13:00:00Z,98.724,99.057,98.688,98.971,98.746,99.075,98.707,98.994
2024-09-24T14:00:00Z,98.977,98.977,98.52,98.655,98.994,98.994,98.542,98.673
2024-09-24T15:00:00Z,98.655,98.875,98.601,98.798,98.672,98.894,98.622,98.819
2024-09-24T16:00:00Z,98.799,98.825,98.683,98.71,98.819,98.844,98.704,98.731
2024-09-24T17:00:00Z,98.711,98.824,98.682,98.706,98.734,98.844,98.698,98.726
2024-09-24T18:00:00Z,98.709,98.753,98.591,98.707,98.728,98.771,98.612,98.722
2024-09-24T19:00:00Z,98.707,98.736,98.651,98.706,98.728,98.757,98.669,98.726
2024-09-24T20:00:00Z,98.709,98.721,98.606,98.685,98.729,98.742,98.628,98.722
2024-09-24T21:00:00Z,98.649,98.727,98.63,98.664,98.8,98.843,98.695,98.752
2024-09-24T22:00:00Z,98.664,98.736,98.569,98.677,98.754,98.76,98.588,98.698
2024-09-24T23:00:00Z,98.675,98.816,98.642,98.708,98.697,98.837,98.661,98.727
2024-09-25T00:00:00Z,98.715,98.871,98.677,98.752,98.735,98.891,98.697,98.77
2024-09-25T01:00:00Z,98.746,98.887,98.639,98.818,98.766,98.904,98.661,98.839
2024-09-25T02:00:00Z,98.812,98.886,98.706,98.722,98.833,98.902,98.724,98.743
2024-09-25T03:00:00Z,98.721,98.87,98.648,98.718,98.74,98.89,98.663,98.736
2024-09-25T04:00:00Z,98.724,98.757,98.572,98.668,98.742,98.777,98.593,98.689
2024-09-25T05:00:00Z,98.669,98.813,98.479,98.538,98.691,98.832,98.498,98.559
2024-09-25T06:00:00Z,98.541,98.84,98.515,98.823,98.56,98.859,98.538,98.841
2024-09-25T07:00:00Z,98.825,99.0,98.772,98.986,98.843,99.021,98.794,99.007
2024-09-25T08:00:00Z,98.986,99.175,98.986,99.092,99.006,99.188,99.006,99.115
2024-09-25T09:00:00Z,99.098,99.173,99.031,99.128,99.115,99.194,99.052,99.148
2024-09-25T10:00:00Z,99.128,99.221,99.034,99.221,99.149,99.24,99.051,99.238
2024-09-25T11:00:00Z,99.22,99.347,99.169,99.232,99.238,99.366,99.189,99.248
2024-09-25T12:00:00Z,99.232,99.273,98.955,99.068,99.247,99.291,98.976,99.088
2024-09-25T13:00:00Z,99.071,99.129,98.906,98.963,99.089,99.147,98.922,98.999
2024-09-25T14:00:00Z,98.962,99.085,98.906,99.075,98.997,99.101,98.925,99.095
2024-09-25T15:00:00Z,99.08,99.114,98.679,98.715,99.1,99.134,98.695,98.732
2024-09-25T16:00:00Z,98.714,98.763,98.624,98.664,98.733,98.784,98.643,98.684
2024-09-25T17:00:00Z,98.662,98.741,98.584,98.729,98.684,98.763,98.604,98.749
2024-09-25T18:00:00Z,98.73,98.83,98.659,98.744,98.748,98.85,98.68,98.76
2024-09-25T19:00:00Z,98.746,98.794,98.697,98.706,98.764,98.814,98.714,98.722
2024-09-25T20:00:00Z,98.706,98.851,98.702,98.75,98.719,98.872,98.716,98.799
2024-09-25T21:00:00Z,98.651,98.733,98.651,98.712,98.834,98.837,98.754,98.779
2024-09-25T22:00:00Z,98.74,98.741,98.611,98.68,98.806,98.806,98.642,98.705
2024-09-25T23:00:00Z,98.682,98.785,98.642,98.673,98.705,98.808,98.671,98.695
2024-09-26T00:00:00Z,98.67,98.794,98.622,98.718,98.689,98.816,98.644,98.741
2024-09-26T01:00:00Z,98.719,99.124,98.712,99.06,98.74,99.147,98.735,99.082
2024-09-26T02:00:00Z,99.06,99.151,99.038,99.069,99.083,99.166,99.059,99.088
2024-09-26T03:00:00Z,99.069,99.214,99.055,99.211,99.089,99.233,99.074,99.23
2024-09-26T04:00:00Z,99.211,99.217,98.973,99.025,99.229,99.234,98.992,99.045
2024-09-26T05:00:00Z,99.025,99.379,98.97,99.301,99.042,99.4,98.991,99.324
2024-09-26T06:00:00Z,99.305,99.4,99.223,99.393,99.33,99.421,99.24,99.413
2024-09-26T07:00:00Z,99.394,99.593,99.355,99.468,99.415,99.61,99.375,99.487
2024-09-26T08:00:00Z,99.465,99.593,99.304,99.363,99.485,99.614,99.318,99.383
2024-09-26T09:00:00Z,99.363,99.589,99.33,99.374,99.38,99.609,99.347,99.394
2024-09-26T10:00:00Z,99.371,99.479,99.307,99.402,99.391,99.501,99.328,99.424
2024-09-26T11:00:00Z,99.397,99.444,99.174,99.18,99.422,99.465,99.192,99.197
2024-09-26T12:00:00Z,99.179,99.554,99.113,99.536,99.193,99.572,99.136,99.554
2024-09-26T13:00:00Z,99.538,99.62,99.307,99.361,99.557,99.639,99.326,99.394
2024-09-26T14:00:00Z,99.361,99.754,99.351,99.733,99.386,99.77,99.368,99.753
2024-09-26T15:00:00Z,99.733,99.872,99.651,99.818,99.75,99.891,99.669,99.834
2024-09-26T16:00:00Z,99.818,99.851,99.697,99.746,99.836,99.872,99.719,99.767
2024-09-26T17:00:00Z,99.746,99.798,99.557,99.781,99.764,99.814,99.573,99.794
2024-09-26T18:00:00Z,99.783,99.853,99.717,99.773,99.796,99.871,99.737,99.791
2024-09-26T19:00:00Z,99.771,99.798,99.68,99.74,99.79,99.813,99.699,99.755
2024-09-26T20:00:00Z,99.739,99.891,99.739,99.828,99.756,99.915,99.755,99.895
2024-09-26T21:00:00Z,99.818,99.818,99.631,99.79,99.9,99.924,99.821,99.879
2024-09-26T22:00:00Z,99.783,99.964,99.77,99.928,99.872,99.986,99.843,99.947
2024-09-26T23:00:00Z,99.927,100.105,99.927,99.995,99.948,100.127,99.948,100.013
2024-09-27T00:00:00Z,99.988,100.257,99.819,100.174,100.005,100.274,99.841,100.191
2024-09-27T01:00:00Z,100.176,100.242,99.858,99.962,100.192,100.262,99.877,99.985
2024-09-27T02:00:00Z,99.963,99.993,99.659,99.775,99.984,100.015,99.681,99.797
2024-09-27T03:00:00Z,99.775,99.932,99.681,99.92,99.798,99.951,99.698,99.94
2024-09-27T04:00:00Z,99.923,100.287,99.913,100.268,99.943,100.305,99.933,100.287
2024-09-27T05:00:00Z,100.265,100.711,100.262,100.569,100.286,100.735,100.282,100.592
2024-09-27T06:00:00Z,100.572,100.624,98.5,98.562,100.586,100.646,98.523,98.582
2024-09-27T07:00:00Z,98.56,98.752,98.254,98.527,98.582,98.774,98.277,98.554
2024-09-27T08:00:00Z,98.527,98.989,98.43,98.562,98.553,99.012,98.451,98.585
2024-09-27T09:00:00Z,98.558,98.805,98.529,98.573,98.579,98.829,98.548,98.594
2024-09-27T10:00:00Z,98.574,98.713,98.519,98.56,98.594,98.731,98.538,98.581
2024-09-27T11:00:00Z,98.564,98.761,98.564,98.655,98.586,98.781,98.586,98.677
2024-09-27T12:00:00Z,98.656,98.901,98.517,98.69,98.676,98.92,98.548,98.705
2024-09-27T13:00:00Z,98.69,98.977,98.63,98.671,98.706,99.002,98.655,98.716
2024-09-27T14:00:00Z,98.682,99.16,98.557,99.007,98.719,99.183,98.588,99.027
2024-09-27T15:00:00Z,99.009,99.039,98.536,98.542,99.029,99.061,98.559,98.563
2024-09-27T16:00:00Z,98.54,98.6,98.352,98.462,98.563,98.624,98.367,98.484
2024-09-27T17:00:00Z,98.462,98.536,98.203,98.309,98.485,98.56,98.222,98.329
2024-09-27T18:00:00Z,98.307,98.356,98.018,98.27,98.326,98.377,98.037,98.287
2024-09-27T19:00:00Z,98.269,98.313,98.119,98.163,98.288,98.333,98.14,98.182
2024-09-27T20:00:00Z,98.162,98.227,98.102,98.138,98.186,98.25,98.128,98.219
2024-09-29T21:00:00Z,98.066,98.209,98.004,98.171,98.288,98.39,98.187,98.312
2024-09-29T22:00:00Z,98.171,98.682,98.17,98.65,98.313,98.706,98.243,98.673
2024-09-29T23:00:00Z,98.653,98.902,98.581,98.784,98.677,98.928,98.606,98.803
2024-09-30T00:00:00Z,98.783,98.87,98.59,98.763,98.803,98.892,98.612,98.781
2024-09-30T01:00:00Z,98.763,98.9,98.535,98.609,98.78,98.917,98.558,98.632
2024-09-30T02:00:00Z,98.598,98.671,98.385,98.653,98.618,98.688,98.401,98.672
2024-09-30T03:00:00Z,98.653,98.721,98.525,98.702,98.67,98.737,98.543,98.721
2024-09-30T04:00:00Z,98.702,98.798,98.473,98.511,98.723,98.819,98.492,98.531
2024-09-30T05:00:00Z,98.511,98.636,98.167,98.205,98.534,98.658,98.189,98.226
2024-09-30T06:00:00Z,98.203,98.518,98.081,98.483,98.223,98.54,98.103,98.503
2024-09-30T07:00:00Z,98.482,98.73,98.406,98.659,98.503,98.746,98.427,98.677
2024-09-30T08:00:00Z,98.662,98.741,98.539,98.717,98.678,98.758,98.556,98.733
2024-09-30T09:00:00Z,98.717,98.747,98.616,98.657,98.736,98.763,98.636,98.678
2024-09-30T10:00:00Z,98.658,98.809,98.612,98.629,98.678,98.825,98.632,98.644
2024-09-30T11:00:00Z,98.629,98.714,98.523,98.685,98.646,98.736,98.543,98.707
2024-09-30T12:00:00Z,98.684,99.033,98.679,99.022,98.704,99.055,98.701,99.043
2024-09-30T13:00:00Z,99.023,99.265,98.913,99.226,99.045,99.287,98.931,99.243
2024-09-30T14:00:00Z,99.23,99.273,98.92,99.211,99.244,99.29,98.942,99.231
2024-09-30T15:00:00Z,99.212,99.381,99.175,99.295,99.23,99.404,99.195,99.315
2024-09-30T16:00:00Z,99.291,99.337,99.215,99.3,99.312,99.356,99.237,99.317
2024-09-30T17:00:00Z,99.293,99.303,99.157,99.241,99.313,99.32,99.178,99.259
2024-09-30T18:00:00Z,99.241,99.437,99.203,99.404,99.261,99.456,99.225,99.421
2024-09-30T19:00:00Z,99.402,99.417,99.315,99.371,99.423,99.439,99.336,99.387
2024-09-30T20:00:00Z,99.369,99.376,99.261,99.284,99.387,99.395,99.279,99.325
2024-09-30T21:00:00Z,99.217,99.32,99.161,99.259,99.316,99.386,99.296,99.368
2024-09-30T22:00:00Z,99.259,99.379,99.254,99.287,99.366,99.41,99.301,99.311
2024-09-30T23:00:00Z,99.288,99.396,99.19,99.37,99.307,99.417,99.215,99.391
2024-10-01T00:00:00Z,99.369,99.617,99.327,99.506,99.391,99.643,99.345,99.531
2024-10-01T01:00:00Z,99.508,99.746,99.461,99.632,99.532,99.766,99.483,99.656
2024-10-01T02:00:00Z,99.632,99.779,99.508,99.716,99.655,99.801,99.531,99.731
2024-10-01T03:00:00Z,99.717,99.825,99.652,99.759,99.731,99.848,99.675,99.776
2024-10-01T04:00:00Z,99.758,100.016,99.712,99.968,99.776,100.037,99.732,99.986
2024-10-01T05:00:00Z,99.967,100.06,99.894,99.937,99.988,100.082,99.915,99.956
2024-10-01T06:00:00Z,99.943,100.091,99.849,99.973,99.959,100.115,99.872,99.992
2024-10-01T07:00:00Z,99.971,99.992,99.389,99.577,99.992,100.015,99.413,99.596
2024-10-01T08:00:00Z,99.576,99.598,99.191,99.325,99.593,99.617,99.211,99.35
2024-10-01T09:00:00Z,99.325,99.415,99.194,99.303,99.351,99.438,99.218,99.325
2024-10-01T10:00:00Z,99.305,99.349,99.072,99.187,99.327,99.373,99.095,99.208
2024-10-01T11:00:00Z,99.185,99.303,99.128,99.292,99.208,99.322,99.147,99.313
2024-10-01T12:00:00Z,99.294,99.551,99.269,99.504,99.316,99.573,99.289,99.523
2024-10-01T13:00:00Z,99.502,99.565,98.446,98.891,99.523,99.587,98.473,98.973
2024-10-01T14:00:00Z,98.893,99.132,98.346,98.916,98.998,99.155,98.367,98.936
2024-10-01T15:00:00Z,98.915,99.037,98.642,98.917,98.94,99.061,98.664,98.943
2024-10-01T16:00:00Z,98.915,98.916,98.446,98.711,98.941,98.941,98.471,98.73
2024-10-01T17:00:00Z,98.709,99.021,98.333,99.007,98.73,99.044,98.359,99.023
2024-10-01T18:00:00Z,99.004,99.185,98.939,99.015,99.022,99.205,98.961,99.038
2024-10-01T19:00:00Z,99.014,99.132,98.84,98.85,99.038,99.15,98.862,98.874
2024-10-01T20:00:00Z,98.852,98.88,98.768,98.797,98.874,98.903,98.79,98.851
2024-10-01T21:00:00Z,98.774,98.83,98.76,98.804,98.851,99.075,98.815,98.894
2024-10-01T22:00:00Z,98.804,98.825,98.681,98.763,98.903,98.921,98.701,98.786
2024-10-01T23:00:00Z,98.763,98.927,98.748,98.872,98.785,98.946,98.772,98.888
2024-10-02T00:00:00Z,98.873,99.033,98.834,98.973,98.888,99.053,98.851,98.993
2024-10-02T01:00:00Z,98.974,99.342,98.896,99.326,98.996,99.362,98.921,99.348
2024-10-02T02:00:00Z,99.327,99.495,99.316,99.48,99.348,99.517,99.335,99.5
2024-10-02T03:00:00Z,99.48,99.605,99.393,99.535,99.501,99.625,99.407,99.551
2024-10-02T04:00:00Z,99.533,99.55,98.876,99.027,99.551,99.572,98.899,99.045
2024-10-02T05:00:00Z,99.023,99.132,98.736,98.848,99.046,99.154,98.756,98.869
2024-10-02T06:00:00Z,98.848,99.254,98.789,99.178,98.868,99.275,98.812,99.197
2024-10-02T07:00:00Z,99.184,99.473,99.181,99.339,99.204,99.499,99.202,99.358
2024-10-02T08:00:00Z,99.339,99.586,99.239,99.502,99.361,99.608,99.262,99.521
2024-10-02T09:00:00Z,99.498,99.54,99.386,99.462,99.521,99.559,99.406,99.482
2024-10-02T10:00:00Z,99.463,99.951,99.328,99.912,99.484,99.973,99.35,99.933
2024-10-02T11:00:00Z,99.916,99.988,99.747,99.807,99.937,100.009,99.771,99.829
2024-10-02T12:00:00Z,99.803,100.28,99.786,100.213,99.825,100.302,99.808,100.23
2024-10-02T13:00:00Z,100.215,100.374,100.112,100.336,100.235,100.394,100.133,100.357
2024-10-02T14:00:00Z,100.336,100.616,100.247,100.578,100.356,100.638,100.27,100.598
2024-10-02T15:00:00Z,100.58,100.76,100.492,100.685,100.6,100.781,100.518,100.707
2024-10-02T16:00:00Z,100.686,100.752,100.52,100.521,100.707,100.77,100.541,100.542
2024-10-02T17:00:00Z,100.52,100.688,100.444,100.665,100.542,100.708,100.466,100.687
2024-10-02T18:00:00Z,100.661,100.749,100.592,100.679,100.683,100.771,100.615,100.7
2024-10-02T19:00:00Z,100.678,100.893,100.654,100.849,100.7,100.912,100.675,100.871
2024-10-02T20:00:00Z,100.849,100.879,100.788,100.828,100.869,100.902,100.808,100.865
2024-10-02T21:00:00Z,100.715,100.728,100.588,100.712,100.822,100.85,100.757,100.786
2024-10-02T22:00:00Z,100.711,101.087,100.693,100.899,100.79,101.121,100.722,100.919
2024-10-02T23:00:00Z,100.9,101.03,100.78,100.882,100.923,101.051,100.803,100.901
2024-10-03T00:00:00Z,100.881,101.161,100.771,101.108,100.901,101.176,100.792,101.132
2024-10-03T01:00:00Z,101.11,101.266,100.737,100.869,101.135,101.288,100.762,100.887
2024-10-03T02:00:00Z,100.864,100.958,100.688,100.793,100.886,100.979,100.708,100.809
2024-10-03T03:00:00Z,100.788,100.936,100.718,100.784,100.809,100.955,100.743,100.803
2024-10-03T04:00:00Z,100.783,100.832,100.605,100.626,100.803,100.854,100.627,100.65
2024-10-03T05:00:00Z,100.624,100.701,100.498,100.559,100.649,100.72,100.519,100.581
2024-10-03T06:00:00Z,100.559,100.861,100.515,100.807,100.58,100.88,100.535,100.823
2024-10-03T07:00:00Z,100.804,100.872,100.354,100.501,100.823,100.887,100.38,100.518
2024-10-03T08:00:00Z,100.505,100.624,100.376,100.516,100.526,100.646,100.401,100.533
2024-10-03T09:00:00Z,100.514,100.687,100.49,100.579,100.533,100.707,100.512,100.597
2024-10-03T10:00:00Z,100.577,100.605,100.434,100.499,100.597,100.624,100.452,100.521
2024-10-03T11:00:00Z,100.502,100.583,100.394,100.465,100.523,100.604,100.415,100.485
2024-10-03T12:00:00Z,100.463,100.501,100.228,100.345,100.484,100.518,100.249,100.363
2024-10-03T13:00:00Z,100.349,100.44,100.236,100.363,100.365,100.502,100.261,100.502
2024-10-03T14:00:00Z,100.367,100.723,100.256,100.374,100.514,100.75,100.28,100.393
2024-10-03T15:00:00Z,100.374,100.492,100.253,100.443,100.396,100.516,100.276,100.465
2024-10-03T16:00:00Z,100.447,100.644,100.435,100.477,100.468,100.668,100.456,100.499
2024-10-03T17:00:00Z,100.478,100.485,100.345,100.372,100.501,100.502,100.363,100.389
2024-10-03T18:00:00Z,100.372,100.502,100.363,100.441,100.392,100.523,100.379,100.46
2024-10-03T19:00:00Z,100.438,100.497,100.408,100.493,100.461,100.518,100.428,100.514
2024-10-03T20:00:00Z,100.496,100.54,100.47,100.502,100.518,100.555,100.484,100.538
2024-10-03T21:00:00Z,100.474,100.474,100.318,100.388,100.528,100.607,100.471,100.513
2024-10-03T22:00:00Z,100.376,100.539,100.35,100.501,100.523,100.559,100.456,100.523
2024-10-03T23:00:00Z,100.501,100.572,100.413,100.571,100.524,100.595,100.438,100.59
2024-10-04T00:00:00Z,100.572,100.631,100.407,100.426,100.594,100.654,100.429,100.451
2024-10-04T01:00:00Z,100.427,100.44,100.285,100.307,100.449,100.463,100.312,100.326
2024-10-04T02:00:00Z,100.31,100.367,100.197,100.216,100.335,100.39,100.223,100.237
2024-10-04T03:00:00Z,100.212,100.28,100.154,100.205,100.234,100.299,100.169,100.225
2024-10-04T04:00:00Z,100.205,100.22,99.974,100.012,100.226,100.236,99.994,100.031
2024-10-04T05:00:00Z,100.011,100.137,99.893,100.012,100.031,100.158,99.911,100.03
2024-10-04T06:00:00Z,100.013,100.041,99.901,100.0,100.034,100.064,99.924,100.021
2024-10-04T07:00:00Z,100.002,100.137,99.977,100.108,100.02,100.159,99.999,100.125
2024-10-04T08:00:00Z,100.108,100.173,100.033,100.093,100.127,100.194,100.049,100.11
2024-10-04T09:00:00Z,100.093,100.193,100.065,100.193,100.114,100.213,100.085,100.21
2024-10-04T10:00:00Z,100.194,100.3,100.136,100.203,100.21,100.32,100.158,100.222
2024-10-04T11:00:00Z,100.203,100.283,100.157,100.259,100.22,100.305,100.18,100.28
2024-10-04T12:00:00Z,100.258,101.009,100.099,100.967,100.282,101.033,100.224,100.987
2024-10-04T13:00:00Z,100.971,101.081,100.797,100.84,100.991,101.099,100.82,100.869
2024-10-04T14:00:00Z,100.845,101.119,100.828,100.965,100.872,101.138,100.852,100.98
2024-10-04T15:00:00Z,100.964,101.079,100.814,101.04,100.98,101.104,100.838,101.061
2024-10-04T16:00:00Z,101.039,101.215,100.986,101.194,101.059,101.236,101.008,101.213
2024-10-04T17:00:00Z,101.193,101.261,101.075,101.114,101.213,101.284,101.098,101.137
2024-10-04T18:00:00Z,101.114,101.202,101.078,101.2,101.133,101.225,101.1,101.217
2024-10-04T19:00:00Z,101.2,101.243,101.137,101.146,101.218,101.263,101.16,101.169
2024-10-04T20:00:00Z,101.144,101.146,100.934,100.998,101.168,101.168,101.006,101.063
2024-10-06T21:00:00Z,100.902,101.151,100.89,101.126,101.152,101.348,101.083,101.214
2024-10-06T22:00:00Z,101.125,101.401,101.112,101.315,101.203,101.431,101.199,101.337
2024-10-06T23:00:00Z,101.315,101.412,101.128,101.132,101.336,101.435,101.154,101.16
2024-10-07T00:00:00Z,101.132,101.186,100.903,100.929,101.15,101.204,100.927,100.944
2024-10-07T01:00:00Z,100.927,101.081,100.843,100.923,100.944,101.099,100.863,100.943
2024-10-07T02:00:00Z,100.921,101.128,100.834,101.114,100.94,101.147,100.856,101.131
2024-10-07T03:00:00Z,101.115,101.199,100.958,101.018,101.133,101.216,100.979,101.038
2024-10-07T04:00:00Z,101.018,101.092,100.977,101.08,101.039,101.113,100.996,101.101
2024-10-07T05:00:00Z,101.08,101.126,100.892,100.91,101.102,101.144,100.911,100.933
2024-10-07T06:00:00Z,100.912,101.007,100.846,100.931,100.934,101.029,100.866,100.95
2024-10-07T07:00:00Z,100.928,100.968,100.592,100.722,100.947,100.987,100.612,100.743
2024-10-07T08:00:00Z,100.723,100.798,100.581,100.63,100.745,100.818,100.6,100.654
2024-10-07T09:00:00Z,100.63,100.69,100.547,100.667,100.652,100.714,100.567,100.686
2024-10-07T10:00:00Z,100.666,100.85,100.633,100.818,100.683,100.874,100.654,100.837
2024-10-07T11:00:00Z,100.818,100.846,100.63,100.718,100.836,100.867,100.651,100.742
2024-10-07T12:00:00Z,100.72,100.733,100.484,100.545,100.742,100.751,100.505,100.565
2024-10-07T13:00:00Z,100.547,100.581,100.286,100.298,100.565,100.602,100.309,100.312
2024-10-07T14:00:00Z,100.298,100.459,100.096,100.242,100.314,100.475,100.116,100.259
2024-10-07T15:00:00Z,100.242,100.294,100.08,100.115,100.26,100.311,100.096,100.138
2024-10-07T16:00:00Z,100.117,100.151,100.018,100.062,100.14,100.173,100.041,100.083
2024-10-07T17:00:00Z,100.064,100.128,100.021,100.084,100.085,100.149,100.047,100.103
2024-10-07T18:00:00Z,100.086,100.092,99.833,99.884,100.107,100.109,99.851,99.903
2024-10-07T19:00:00Z,99.883,100.04,99.86,100.022,99.903,100.062,99.88,100.044
2024-10-07T20:00:00Z,100.022,100.153,100.022,100.113,100.045,100.179,100.043,100.143
2024-10-07T21:00:00Z,100.059,100.116,99.971,100.096,100.2,100.291,100.131,100.177
2024-10-07T22:00:00Z,100.102,100.136,99.652,99.705,100.175,100.199,99.669,99.732
2024-10-07T23:00:00Z,99.7,100.093,99.7,100.052,99.731,100.112,99.728,100.074
2024-10-08T00:00:00Z,100.059,100.125,99.989,100.041,100.078,100.149,100.014,100.063
2024-10-08T01:00:00Z,100.042,100.101,99.819,99.928,100.063,100.124,99.841,99.953
2024-10-08T02:00:00Z,99.929,99.944,99.075,99.423,99.953,99.965,99.102,99.444
2024-10-08T03:00:00Z,99.424,99.68,99.424,99.584,99.444,99.703,99.444,99.603
2024-10-08T04:00:00Z,99.586,99.776,99.529,99.753,99.606,99.798,99.552,99.771
2024-10-08T05:00:00Z,99.753,99.883,99.404,99.503,99.77,99.906,99.426,99.526
2024-10-08T06:00:00Z,99.506,99.632,99.451,99.566,99.527,99.654,99.472,99.587
2024-10-08T07:00:00Z,99.569,99.599,99.194,99.409,99.589,99.618,99.217,99.432
2024-10-08T08:00:00Z,99.414,99.502,99.293,99.491,99.434,99.522,99.318,99.513
2024-10-08T09:00:00Z,99.494,99.527,99.318,99.425,99.515,99.549,99.337,99.442
2024-10-08T10:00:00Z,99.425,99.655,99.404,99.567,99.443,99.678,99.426,99.585
2024-10-08T11:00:00Z,99.565,99.727,99.526,99.659,99.585,99.749,99.547,99.678
2024-10-08T12:00:00Z,99.658,99.838,99.639,99.663,99.678,99.856,99.657,99.681
2024-10-08T13:00:00Z,99.67,99.822,99.574,99.772,99.686,99.842,99.594,99.794
2024-10-08T14:00:00Z,99.777,99.868,99.672,99.785,99.795,99.886,99.693,99.806
2024-10-08T15:00:00Z,99.787,99.894,99.662,99.857,99.807,99.914,99.684,99.878
2024-10-08T16:00:00Z,99.855,99.896,99.776,99.822,99.878,99.917,99.794,99.845
2024-10-08T17:00:00Z,99.824,99.92,99.746,99.919,99.845,99.942,99.768,99.942
2024-10-08T18:00:00Z,99.921,100.02,99.864,100.011,99.943,100.043,99.886,100.032
2024-10-08T19:00:00Z,100.011,100.095,99.977,100.062,100.033,100.113,99.996,100.082
2024-10-08T20:00:00Z,100.06,100.081,99.94,99.985,100.081,100.103,99.96,100.013
2024-10-08T21:00:00Z,99.939,99.997,99.913,99.98,100.088,100.088,100.025,100.061
2024-10-08T22:00:00Z,99.979,100.041,99.952,99.979,100.061,100.068,99.966,99.997
2024-10-08T23:00:00Z,99.979,100.036,99.819,99.828,99.999,100.055,99.843,99.851
2024-10-09T00:00:00Z,99.832,99.92,99.711,99.892,99.853,99.949,99.73,99.929
2024-10-09T01:00:00Z,99.895,100.099,99.822,99.892,99.931,100.123,99.856,99.913
2024-10-09T02:00:00Z,99.889,99.898,99.717,99.84,99.912,99.916,99.738,99.858
2024-10-09T03:00:00Z,99.839,99.874,99.701,99.803,99.858,99.896,99.725,99.825
2024-10-09T04:00:00Z,99.803,99.908,99.709,99.822,99.827,99.93,99.731,99.839
2024-10-09T05:00:00Z,99.822,100.4,99.821,100.212,99.837,100.424,99.837,100.231
2024-10-09T06:00:00Z,100.207,100.271,99.939,99.943,100.231,100.292,99.957,99.965
2024-10-09T07:00:00Z,99.941,100.006,99.694,99.975,99.963,100.028,99.712,99.996
2024-10-09T08:00:00Z,99.975,100.078,99.894,100.077,99.997,100.097,99.916,100.097
2024-10-09T09:00:00Z,100.079,100.163,100.041,100.117,100.097,100.183,100.059,100.14
2024-10-09T10:00:00Z,100.117,100.163,99.988,100.064,100.141,100.181,100.012,100.086
2024-10-09T11:00:00Z,100.063,100.084,99.986,100.057,100.084,100.101,100.009,100.079
2024-10-09T12:00:00Z,100.057,100.15,99.988,100.079,100.08,100.167,100.008,100.1
2024-10-09T13:00:00Z,100.08,100.239,99.906,100.229,100.1,100.26,99.923,100.247
2024-10-09T14:00:00Z,100.229,100.264,100.025,100.101,100.248,100.286,100.044,100.121
2024-10-09T15:00:00Z,100.101,100.393,100.096,100.319,100.122,100.411,100.115,100.337
2024-10-09T16:00:00Z,100.318,100.348,100.203,100.23,100.338,100.369,100.224,100.249
2024-10-09T17:00:00Z,100.228,100.288,100.164,100.179,100.249,100.308,100.186,100.22
2024-10-09T18:00:00Z,100.178,100.262,100.176,100.243,100.221,100.286,100.198,100.264
2024-10-09T19:00:00Z,100.245,100.273,100.206,100.242,100.265,100.296,100.226,100.265
2024-10-09T20:00:00Z,100.243,100.325,100.208,100.301,100.264,100.355,100.229,100.342
2024-10-09T21:00:00Z,100.209,100.209,100.071,100.143,100.302,100.325,100.165,100.202
2024-10-09T22:00:00Z,100.143,100.245,100.13,100.175,100.197,100.263,100.185,100.193
2024-10-09T23:00:00Z,100.177,100.251,100.138,100.173,100.195,100.272,100.16,100.193
2024-10-10T00:00:00Z,100.174,100.328,100.039,100.214,100.193,100.347,100.059,100.236
2024-10-10T01:00:00Z,100.211,100.327,100.15,100.2,100.231,100.35,100.173,100.221
2024-10-10T02:00:00Z,100.199,100.395,100.167,100.354,100.222,100.413,100.187,100.377
2024-10-10T03:00:00Z,100.352,100.456,100.315,100.455,100.376,100.479,100.336,100.478
2024-10-10T04:00:00Z,100.456,100.7,100.443,100.667,100.48,100.721,100.463,100.688
2024-10-10T05:00:00Z,100.665,100.76,100.441,100.473,100.686,100.783,100.461,100.494
2024-10-10T06:00:00Z,100.471,100.471,100.293,100.345,100.494,100.494,100.312,100.364
2024-10-10T07:00:00Z,100.342,100.414,100.209,100.261,100.362,100.432,100.233,100.278
2024-10-10T08:00:00Z,100.263,100.328,100.212,100.212,100.28,100.347,100.231,100.231
2024-10-10T09:00:00Z,100.21,100.224,100.06,100.113,100.226,100.242,100.079,100.127
2024-10-10T10:00:00Z,100.114,100.161,100.039,100.072,100.129,100.18,100.053,100.092
2024-10-10T11:00:00Z,100.071,100.149,100.042,100.042,100.092,100.171,100.061,100.061
2024-10-10T12:00:00Z,100.042,100.191,99.773,100.047,100.064,100.317,99.886,100.069
2024-10-10T13:00:00Z,100.048,100.11,99.676,99.845,100.069,100.13,99.695,99.859
2024-10-10T14:00:00Z,99.848,100.048,99.778,99.949,99.863,100.065,99.801,99.966
2024-10-10T15:00:00Z,99.951,100.065,99.851,100.011,99.966,100.086,99.869,100.034
2024-10-10T16:00:00Z,100.013,100.084,99.939,100.042,100.034,100.104,99.96,100.063
2024-10-10T17:00:00Z,100.043,100.193,99.969,100.167,100.066,100.216,99.99,100.182
2024-10-10T18:00:00Z,100.17,100.181,100.021,100.087,100.187,100.204,100.044,100.108
2024-10-10T19:00:00Z,100.089,100.096,100.005,100.089,100.108,100.116,100.027,100.112
2024-10-10T20:00:00Z,100.087,100.156,100.056,100.119,100.109,100.2,100.076,100.169
2024-10-10T21:00:00Z,100.066,100.106,99.98,100.084,100.264,100.272,100.137,100.164
2024-10-10T22:00:00Z,100.084,100.197,100.073,100.187,100.162,100.217,100.13,100.209
2024-10-10T23:00:00Z,100.179,100.257,100.121,100.233,100.202,100.277,100.139,100.256
2024-10-11T00:00:00Z,100.237,100.299,100.031,100.07,100.258,100.322,100.053,100.091
2024-10-11T01:00:00Z,100.066,100.296,100.029,100.276,100.09,100.316,100.047,100.297
2024-10-11T02:00:00Z,100.272,100.316,100.214,100.266,100.295,100.338,100.238,100.287
2024-10-11T03:00:00Z,100.268,100.363,100.197,100.342,100.287,100.384,100.218,100.357
2024-10-11T04:00:00Z,100.342,100.38,100.261,100.266,100.356,100.405,100.282,100.285
2024-10-11T05:00:00Z,100.264,100.281,100.131,100.168,100.284,100.3,100.15,100.19
2024-10-11T06:00:00Z,100.165,100.239,100.06,100.111,100.184,100.259,100.082,100.13
2024-10-11T07:00:00Z,100.107,100.344,100.09,100.307,100.128,100.366,100.111,100.329
2024-10-11T08:00:00Z,100.304,100.346,100.174,100.215,100.328,100.37,100.197,100.232
2024-10-11T09:00:00Z,100.212,100.346,100.212,100.31,100.23,100.367,100.23,100.324
2024-10-11T10:00:00Z,100.312,100.394,100.263,100.388,100.328,100.414,100.282,100.407
2024-10-11T11:00:00Z,100.385,100.41,100.252,100.282,100.407,100.43,100.267,100.301
2024-10-11T12:00:00Z,100.28,100.507,100.235,100.352,100.298,100.542,100.296,100.368
2024-10-11T13:00:00Z,100.353,100.571,100.31,100.486,100.376,100.588,100.332,100.55
2024-10-11T14:00:00Z,100.486,100.717,100.435,100.674,100.548,100.738,100.486,100.69
2024-10-11T15:00:00Z,100.674,100.774,100.655,100.729,100.689,100.796,100.672,100.748
2024-10-11T16:00:00Z,100.73,100.753,100.656,100.685,100.748,100.77,100.677,100.702
2024-10-11T17:00:00Z,100.685,100.76,100.67,100.705,100.704,100.779,100.687,100.725
2024-10-11T18:00:00Z,100.703,100.761,100.69,100.733,100.726,100.782,100.71,100.754
2024-10-11T19:00:00Z,100.733,100.754,100.708,100.715,100.753,100.773,100.731,100.74
2024-10-11T20:00:00Z,100.714,100.765,100.594,100.658,100.74,100.788,100.683,100.743
2024-10-13T21:00:00Z,100.353,100.564,100.301,100.5,100.602,100.691,100.473,100.6
2024-10-13T22:00:00Z,100.511,100.602,100.406,100.553,100.605,100.635,100.445,100.58
2024-10-13T23:00:00Z,100.553,100.641,100.369,100.481,100.579,100.665,100.392,100.503
2024-10-14T00:00:00Z,100.478,100.614,100.426,100.477,100.501,100.638,100.446,100.499
2024-10-14T01:00:00Z,100.473,100.517,100.324,100.465,100.494,100.538,100.344,100.489
2024-10-14T02:00:00Z,100.467,100.523,100.313,100.522,100.489,100.546,100.333,100.546
2024-10-14T03:00:00Z,100.524,100.726,100.459,100.623,100.547,100.742,100.482,100.646
2024-10-14T04:00:00Z,100.628,100.647,100.557,100.569,100.648,100.668,100.579,100.591
2024-10-14T05:00:00Z,100.568,100.634,100.489,100.549,100.591,100.655,100.513,100.565
2024-10-14T06:00:00Z,100.547,100.605,100.462,100.479,100.565,100.628,100.484,100.501
2024-10-14T07:00:00Z,100.478,100.578,100.441,100.53,100.499,100.595,100.463,100.552
2024-10-14T08:00:00Z,100.527,100.632,100.479,100.522,100.549,100.65,100.502,100.538
2024-10-14T09:00:00Z,100.519,100.579,100.432,100.433,100.538,100.596,100.455,100.455
2024-10-14T10:00:00Z,100.433,100.483,100.411,100.445,100.457,100.503,100.425,100.467
2024-10-14T11:00:00Z,100.444,100.547,100.435,100.496,100.465,100.567,100.459,100.517
2024-10-14T12:00:00Z,100.498,100.575,100.376,100.395,100.519,100.593,100.397,100.417
2024-10-14T13:00:00Z,100.395,100.876,100.372,100.826,100.416,100.896,100.395,100.847
2024-10-14T14:00:00Z,100.829,100.941,100.744,100.772,100.847,100.962,100.761,100.793
2024-10-14T15:00:00Z,100.774,100.805,100.672,100.721,100.794,100.828,100.693,100.742
2024-10-14T16:00:00Z,100.723,100.813,100.684,100.81,100.743,100.833,100.705,100.829
2024-10-14T17:00:00Z,100.809,100.813,100.673,100.736,100.83,100.834,100.693,100.757
2024-10-14T18:00:00Z,100.736,100.779,100.685,100.698,100.756,100.802,100.702,100.716
2024-10-14T19:00:00Z,100.699,100.712,100.625,100.666,100.721,100.731,100.648,100.691
2024-10-14T20:00:00Z,100.667,100.72,100.65,100.717,100.691,100.756,100.671,100.75
2024-10-14T21:00:00Z,100.702,100.707,100.601,100.702,100.776,100.86,100.722,100.765
2024-10-14T22:00:00Z,100.7,100.715,100.634,100.69,100.762,100.763,100.654,100.71
2024-10-14T23:00:00Z,100.69,100.77,100.616,100.679,100.711,100.793,100.639,100.699
2024-10-15T00:00:00Z,100.685,100.703,100.547,100.621,100.708,100.721,100.566,100.639
2024-10-15T01:00:00Z,100.62,100.647,100.5,100.597,100.637,100.666,100.516,100.613
2024-10-15T02:00:00Z,100.597,100.754,100.57,100.639,100.612,100.775,100.591,100.662
2024-10-15T03:00:00Z,100.639,100.703,100.497,100.557,100.664,100.722,100.514,100.576
2024-10-15T04:00:00Z,100.558,100.562,100.473,100.473,100.579,100.583,100.494,100.495
2024-10-15T05:00:00Z,100.472,100.472,100.171,100.375,100.493,100.493,100.192,100.397
2024-10-15T06:00:00Z,100.374,100.382,100.178,100.273,100.395,100.405,100.195,100.293
2024-10-15T07:00:00Z,100.273,100.283,100.005,100.092,100.292,100.299,100.019,100.114
2024-10-15T08:00:00Z,100.095,100.168,99.935,100.148,100.117,100.19,99.955,100.167
2024-10-15T09:00:00Z,100.149,100.175,99.934,99.956,100.173,100.193,99.954,99.974
2024-10-15T10:00:00Z,99.953,100.111,99.931,100.057,99.973,100.132,99.951,100.073
2024-10-15T11:00:00Z,100.056,100.331,100.056,100.283,100.073,100.352,100.073,100.303
2024-10-15T12:00:00Z,100.283,100.343,100.06,100.128,100.304,100.359,100.079,100.151
2024-10-15T13:00:00Z,100.128,100.332,100.127,100.239,100.149,100.354,100.149,100.259
2024-10-15T14:00:00Z,100.237,100.375,99.834,100.232,100.258,100.395,99.853,100.249
2024-10-15T15:00:00Z,100.23,100.26,100.034,100.092,100.248,100.281,100.054,100.106
2024-10-15T16:00:00Z,100.089,100.28,100.073,100.215,100.106,100.299,100.091,100.235
2024-10-15T17:00:00Z,100.217,100.248,100.111,100.117,100.237,100.268,100.126,100.131
2024-10-15T18:00:00Z,100.119,100.149,100.005,100.03,100.133,100.17,100.024,100.048
2024-10-15T19:00:00Z,100.03,100.042,99.947,99.989,100.046,100.06,99.966,100.01
2024-10-15T20:00:00Z,99.989,100.016,99.953,100.016,100.009,100.062,99.977,100.061
2024-10-15T21:00:00Z,99.997,100.006,99.923,99.961,100.057,100.228,100.023,100.024
2024-10-15T22:00:00Z,99.962,99.974,99.866,99.942,100.024,100.024,99.887,99.963
2024-10-15T23:00:00Z,99.941,99.973,99.481,99.546,99.96,99.996,99.503,99.567
2024-10-16T00:00:00Z,99.546,99.714,99.423,99.698,99.564,99.733,99.447,99.721
2024-10-16T01:00:00Z,99.7,99.753,99.431,99.718,99.722,99.776,99.456,99.738
2024-10-16T02:00:00Z,99.718,99.801,99.63,99.75,99.737,99.82,99.651,99.768
2024-10-16T03:00:00Z,99.751,99.941,99.721,99.828,99.768,99.963,99.74,99.848
2024-10-16T04:00:00Z,99.828,99.92,99.793,99.864,99.847,99.94,99.812,99.881
2024-10-16T05:00:00Z,99.865,100.043,99.793,100.023,99.88,100.066,99.808,100.045
2024-10-16T06:00:00Z,100.026,100.026,99.712,99.848,100.049,100.049,99.732,99.864
2024-10-16T07:00:00Z,99.849,100.029,99.774,99.988,99.867,100.049,99.791,100.009
2024-10-16T08:00:00Z,99.988,99.991,99.83,99.974,100.008,100.012,99.847,99.992
2024-10-16T09:00:00Z,99.975,99.985,99.779,99.822,99.99,100.002,99.8,99.844
2024-10-16T10:00:00Z,99.824,99.876,99.743,99.792,99.844,99.894,99.764,99.811
2024-10-16T11:00:00Z,99.793,99.861,99.667,99.718,99.811,99.882,99.685,99.734
2024-10-16T12:00:00Z,99.72,99.822,99.712,99.737,99.741,99.842,99.73,99.758
2024-10-16T13:00:00Z,99.737,99.787,99.563,99.651,99.759,99.806,99.579,99.669
2024-10-16T14:00:00Z,99.653,99.827,99.6,99.771,99.67,99.845,99.62,99.787
2024-10-16T15:00:00Z,99.771,99.771,99.657,99.73,99.785,99.785,99.672,99.751
2024-10-16T16:00:00Z,99.73,99.834,99.708,99.831,99.75,99.851,99.729,99.849
2024-10-16T17:00:00Z,99.833,99.858,99.798,99.828,99.849,99.879,99.817,99.845
2024-10-16T18:00:00Z,99.83,99.858,99.782,99.809,99.845,99.879,99.801,99.829
2024-10-16T19:00:00Z,99.809,99.834,99.781,99.785,99.83,99.852,99.8,99.807
2024-10-16T20:00:00Z,99.784,99.793,99.727,99.747,99.805,99.811,99.746,99.776
2024-10-16T21:00:00Z,99.602,99.712,99.602,99.681,99.749,99.796,99.725,99.745
2024-10-16T22:00:00Z,99.68,99.754,99.621,99.646,99.746,99.775,99.643,99.667
2024-10-16T23:00:00Z,99.645,99.702,99.619,99.669,99.667,99.725,99.636,99.691
2024-10-17T00:00:00Z,99.671,100.127,99.61,100.091,99.692,100.15,99.629,100.109
2024-10-17T01:00:00Z,100.09,100.158,100.009,100.13,100.11,100.177,100.023,100.148
2024-10-17T02:00:00Z,100.131,100.215,99.825,100.057,100.148,100.235,99.845,100.078
2024-10-17T03:00:00Z,100.06,100.093,99.874,99.991,100.079,100.112,99.896,100.011
2024-10-17T04:00:00Z,99.992,100.053,99.927,100.033,100.013,100.074,99.945,100.047
2024-10-17T05:00:00Z,100.03,100.093,99.973,100.003,100.044,100.114,99.996,100.016
2024-10-17T06:00:00Z,100.0,100.084,99.929,99.975,100.018,100.105,99.95,99.996
2024-10-17T07:00:00Z,99.977,100.034,99.867,100.005,99.997,100.056,99.886,100.023
2024-10-17T08:00:00Z,100.004,100.086,99.988,100.057,100.021,100.103,100.009,100.075
2024-10-17T09:00:00Z,100.058,100.123,100.013,100.081,100.075,100.143,100.03,100.1
2024-10-17T10:00:00Z,100.079,100.188,100.059,100.186,100.1,100.205,100.079,100.204
2024-10-17T11:00:00Z,100.182,100.23,100.098,100.119,100.203,100.251,100.118,100.14
2024-10-17T12:00:00Z,100.12,100.367,100.041,100.236,100.14,100.401,100.088,100.25
2024-10-17T13:00:00Z,100.236,100.288,100.065,100.202,100.251,100.308,100.085,100.228
2024-10-17T14:00:00Z,100.203,100.537,100.134,100.483,100.228,100.558,100.155,100.505
2024-10-17T15:00:00Z,100.485,100.602,100.414,100.602,100.505,100.623,100.431,100.622
2024-10-17T16:00:00Z,100.602,100.667,100.533,100.629,100.621,100.685,100.553,100.644
2024-10-17T17:00:00Z,100.629,100.677,100.529,100.654,100.643,100.699,100.547,100.674
2024-10-17T18:00:00Z,100.654,100.658,100.55,100.599,100.672,100.679,100.57,100.618
2024-10-17T19:00:00Z,100.601,100.657,100.547,100.566,100.617,100.674,100.569,100.588
2024-10-17T20:00:00Z,100.565,100.598,100.539,100.572,100.588,100.623,100.556,100.613
2024-10-17T21:00:00Z,100.5,100.555,100.497,100.544,100.673,100.767,100.578,100.599
2024-10-17T22:00:00Z,100.551,100.635,100.547,100.587,100.6,100.649,100.585,100.603
2024-10-17T23:00:00Z,100.586,100.629,100.54,100.552,100.604,100.648,100.56,100.574
2024-10-18T00:00:00Z,100.552,100.602,100.38,100.499,100.576,100.626,100.398,100.517
2024-10-18T01:00:00Z,100.499,100.603,100.456,100.568,100.518,100.622,100.479,100.591
2024-10-18T02:00:00Z,100.569,100.714,100.513,100.59,100.594,100.736,100.531,100.608
2024-10-18T03:00:00Z,100.587,100.631,100.431,100.489,100.605,100.652,100.448,100.508
2024-10-18T04:00:00Z,100.489,100.572,100.441,100.467,100.509,100.591,100.46,100.482
2024-10-18T05:00:00Z,100.466,100.539,100.343,100.539,100.482,100.554,100.362,100.554
2024-10-18T06:00:00Z,100.539,100.711,100.467,100.646,100.552,100.73,100.488,100.668
2024-10-18T07:00:00Z,100.646,100.831,100.624,100.762,100.667,100.848,100.643,100.785
2024-10-18T08:00:00Z,100.763,100.817,100.604,100.617,100.785,100.833,100.624,100.636
2024-10-18T09:00:00Z,100.617,100.657,100.551,100.611,100.638,100.677,100.571,100.632
2024-10-18T10:00:00Z,100.613,100.646,100.374,100.643,100.634,100.669,100.392,100.666
2024-10-18T11:00:00Z,100.64,100.738,100.614,100.671,100.662,100.755,100.633,100.693
2024-10-18T12:00:00Z,100.677,100.724,100.539,100.595,100.695,100.747,100.561,100.614
2024-10-18T13:00:00Z,100.594,100.69,100.468,100.468,100.616,100.708,100.484,100.484
2024-10-18T14:00:00Z,100.468,100.489,100.301,100.316,100.482,100.51,100.321,100.335
2024-10-18T15:00:00Z,100.318,100.331,100.182,100.202,100.335,100.35,100.201,100.219
2024-10-18T16:00:00Z,100.2,100.279,100.196,100.237,100.218,100.3,100.214,100.254
2024-10-18T17:00:00Z,100.238,100.298,100.218,100.266,100.254,100.317,100.237,100.282
2024-10-18T18:00:00Z,100.263,100.281,100.182,100.233,100.28,100.303,100.204,100.255
2024-10-18T19:00:00Z,100.232,100.236,100.175,100.217,100.255,100.256,100.193,100.24
2024-10-18T20:00:00Z,100.215,100.267,100.175,100.233,100.237,100.406,100.19,100.359
2024-10-20T21:00:00Z,100.16,100.227,100.099,100.224,100.322,100.397,100.289,100.337
2024-10-20T22:00:00Z,100.244,100.437,100.211,100.428,100.358,100.461,100.308,100.45
2024-10-20T23:00:00Z,100.428,100.434,100.315,100.432,100.448,100.453,100.341,100.45
2024-10-21T00:00:00Z,100.432,100.448,100.102,100.195,100.448,100.471,100.124,100.212
2024-10-21T01:00:00Z,100.202,100.295,100.125,100.179,100.223,100.317,100.146,100.196
2024-10-21T02:00:00Z,100.178,100.275,100.117,100.188,100.196,100.295,100.138,100.206
2024-10-21T03:00:00Z,100.185,100.233,100.116,100.22,100.207,100.254,100.135,100.238
2024-10-21T04:00:00Z,100.218,100.27,100.062,100.099,100.234,100.289,100.079,100.119
2024-10-21T05:00:00Z,100.101,100.123,99.936,100.06,100.119,100.141,99.957,100.079
2024-10-21T06:00:00Z,100.06,100.071,99.937,100.032,100.08,100.088,99.956,100.048
2024-10-21T07:00:00Z,100.029,100.251,100.025,100.217,100.049,100.271,100.044,100.235
2024-10-21T08:00:00Z,100.214,100.336,100.199,100.325,100.232,100.355,100.219,100.341
2024-10-21T09:00:00Z,100.324,100.341,100.206,100.27,100.341,100.362,100.222,100.291
2024-10-21T10:00:00Z,100.27,100.278,100.168,100.185,100.289,100.299,100.187,100.205
2024-10-21T11:00:00Z,100.185,100.281,100.158,100.252,100.202,100.299,100.177,100.273
2024-10-21T12:00:00Z,100.254,100.364,100.2,100.324,100.273,100.385,100.218,100.337
2024-10-21T13:00:00Z,100.324,100.449,100.306,100.434,100.339,100.468,100.32,100.456
2024-10-21T14:00:00Z,100.433,100.447,100.189,100.229,100.454,100.463,100.21,100.249
2024-10-21T15:00:00Z,100.232,100.236,100.027,100.193,100.25,100.254,100.047,100.206
2024-10-21T16:00:00Z,100.188,100.263,100.136,100.232,100.204,100.28,100.159,100.25
2024-10-21T17:00:00Z,100.232,100.436,100.226,100.413,100.252,100.454,100.241,100.432
2024-10-21T18:00:00Z,100.413,100.43,100.318,100.318,100.431,100.447,100.338,100.339
2024-10-21T19:00:00Z,100.318,100.423,100.313,100.378,100.338,100.444,100.332,100.401
2024-10-21T20:00:00Z,100.378,100.45,100.36,100.398,100.395,100.473,100.374,100.459
2024-10-21T21:00:00Z,100.334,100.351,100.19,100.315,100.481,100.538,100.377,100.392
2024-10-21T22:00:00Z,100.314,100.378,100.221,100.233,100.395,100.408,100.243,100.252
2024-10-21T23:00:00Z,100.233,100.337,100.182,100.215,100.253,100.354,100.198,100.237
2024-10-22T00:00:00Z,100.215,100.343,100.175,100.241,100.238,100.361,100.191,100.257
2024-10-22T01:00:00Z,100.24,100.448,100.149,100.407,100.258,100.466,100.172,100.427
2024-10-22T02:00:00Z,100.407,100.616,100.388,100.578,100.426,100.634,100.411,100.598
2024-10-22T03:00:00Z,100.577,100.897,100.566,100.873,100.598,100.917,100.582,100.892
2024-10-22T04:00:00Z,100.872,101.03,100.834,100.873,100.892,101.045,100.848,100.887
2024-10-22T05:00:00Z,100.873,100.997,100.759,100.775,100.888,101.017,100.778,100.791
2024-10-22T06:00:00Z,100.776,100.896,100.702,100.8,100.794,100.916,100.722,100.821
2024-10-22T07:00:00Z,100.799,100.961,100.729,100.889,100.819,100.98,100.751,100.909
2024-10-22T08:00:00Z,100.884,100.899,100.768,100.834,100.907,100.921,100.785,100.852
2024-10-22T09:00:00Z,100.834,100.856,100.747,100.79,100.85,100.877,100.767,100.807
2024-10-22T10:00:00Z,100.789,100.882,100.742,100.818,100.807,100.902,100.759,100.84
2024-10-22T11:00:00Z,100.822,100.916,100.778,100.835,100.843,100.936,100.793,100.856
2024-10-22T12:00:00Z,100.839,100.917,100.804,100.883,100.857,100.937,100.821,100.904
2024-10-22T13:00:00Z,100.881,100.932,100.738,100.869,100.903,100.946,100.756,100.887
2024-10-22T14:00:00Z,100.87,100.953,100.794,100.88,100.887,100.974,100.812,100.897
2024-10-22T15:00:00Z,100.878,100.946,100.831,100.91,100.898,100.964,100.848,100.929
2024-10-22T16:00:00Z,100.911,100.991,100.889,100.944,100.929,101.01,100.91,100.963
2024-10-22T17:00:00Z,100.947,101.036,100.924,100.981,100.966,101.053,100.942,101.002
2024-10-22T18:00:00Z,100.982,100.988,100.861,100.919,101.002,101.009,100.879,100.938
2024-10-22T19:00:00Z,100.92,101.016,100.89,100.956,100.938,101.033,100.91,100.975
2024-10-22T20:00:00Z,100.955,100.977,100.917,100.951,100.975,100.997,100.931,100.984
2024-10-22T21:00:00Z,100.815,100.947,100.815,100.931,101.065,101.065,100.96,101.014
2024-10-22T22:00:00Z,100.928,100.979,100.896,100.947,101.008,101.015,100.939,100.967
2024-10-22T23:00:00Z,100.951,101.007,100.912,100.986,100.968,101.025,100.93,101.005
2024-10-23T00:00:00Z,100.983,101.217,100.943,101.033,101.0,101.237,100.958,101.053
2024-10-23T01:00:00Z,101.033,101.297,100.995,101.254,101.051,101.319,101.015,101.273
2024-10-23T02:00:00Z,101.255,101.464,101.247,101.425,101.272,101.483,101.267,101.447
2024-10-23T03:00:00Z,101.427,101.581,101.357,101.366,101.45,101.6,101.378,101.386
2024-10-23T04:00:00Z,101.363,101.559,101.342,101.524,101.383,101.578,101.363,101.54
2024-10-23T05:00:00Z,101.522,101.648,101.471,101.593,101.537,101.669,101.49,101.612
2024-10-23T06:00:00Z,101.598,101.642,101.417,101.483,101.618,101.662,101.431,101.503
2024-10-23T07:00:00Z,101.485,101.681,101.471,101.509,101.503,101.702,101.488,101.531
2024-10-23T08:00:00Z,101.509,101.614,101.468,101.477,101.533,101.633,101.481,101.494
2024-10-23T09:00:00Z,101.475,101.685,101.467,101.637,101.492,101.705,101.484,101.656
2024-10-23T10:00:00Z,101.636,101.653,101.547,101.624,101.654,101.677,101.565,101.646
2024-10-23T11:00:00Z,101.624,101.658,101.492,101.575,101.645,101.677,101.51,101.592
2024-10-23T12:00:00Z,101.573,101.594,101.416,101.551,101.589,101.615,101.435,101.573
2024-10-23T13:00:00Z,101.554,101.653,101.44,101.605,101.571,101.671,101.457,101.63
2024-10-23T14:00:00Z,101.608,101.621,101.437,101.531,101.632,101.647,101.457,101.546
2024-10-23T15:00:00Z,101.53,101.554,101.278,101.33,101.546,101.575,101.297,101.35
2024-10-23T16:00:00Z,101.329,101.348,101.276,101.291,101.35,101.369,101.297,101.312
2024-10-23T17:00:00Z,101.289,101.292,101.138,101.15,101.309,101.31,101.159,101.172
2024-10-23T18:00:00Z,101.147,101.155,100.895,101.126,101.17,101.178,100.913,101.145
2024-10-23T19:00:00Z,101.125,101.221,101.101,101.215,101.147,101.241,101.124,101.235
2024-10-23T20:00:00Z,101.214,101.352,101.182,101.327,101.236,101.374,101.205,101.355
2024-10-23T21:00:00Z,101.205,101.316,101.188,101.31,101.371,101.379,101.309,101.364
2024-10-23T22:00:00Z,101.309,101.415,101.293,101.299,101.359,101.436,101.317,101.319
2024-10-23T23:00:00Z,101.298,101.368,101.218,101.342,101.32,101.392,101.238,101.367
2024-10-24T00:00:00Z,101.34,101.37,101.166,101.36,101.361,101.389,101.187,101.382
2024-10-24T01:00:00Z,101.361,101.421,101.29,101.346,101.382,101.442,101.312,101.365
2024-10-24T02:00:00Z,101.346,101.355,101.238,101.268,101.363,101.377,101.256,101.288
2024-10-24T03:00:00Z,101.273,101.398,101.224,101.269,101.291,101.418,101.242,101.289
2024-10-24T04:00:00Z,101.268,101.277,101.092,101.173,101.289,101.299,101.11,101.189
2024-10-24T05:00:00Z,101.173,101.244,101.139,101.23,101.19,101.264,101.159,101.25
2024-10-24T06:00:00Z,101.227,101.235,101.076,101.118,101.244,101.256,101.096,101.14
2024-10-24T07:00:00Z,101.12,101.393,101.114,101.261,101.143,101.415,101.136,101.28
2024-10-24T08:00:00Z,101.259,101.322,101.107,101.154,101.28,101.343,101.127,101.176
2024-10-24T09:00:00Z,101.154,101.179,101.071,101.132,101.175,101.2,101.088,101.152
2024-10-24T10:00:00Z,101.134,101.16,101.05,101.066,101.155,101.176,101.07,101.083
2024-10-24T11:00:00Z,101.065,101.181,101.027,101.167,101.084,101.2,101.044,101.187
2024-10-24T12:00:00Z,101.168,101.223,101.023,101.114,101.186,101.279,101.045,101.134
2024-10-24T13:00:00Z,101.117,101.226,101.053,101.119,101.138,101.245,101.072,101.158
2024-10-24T14:00:00Z,101.119,101.171,100.711,100.771,101.154,101.194,100.731,100.784
2024-10-24T15:00:00Z,100.769,100.799,100.527,100.666,100.784,100.816,100.547,100.684
2024-10-24T16:00:00Z,100.668,100.686,100.443,100.593,100.685,100.703,100.46,100.612
2024-10-24T17:00:00Z,100.59,100.739,100.589,100.615,100.612,100.757,100.61,100.636
2024-10-24T18:00:00Z,100.616,100.811,100.589,100.783,100.635,100.832,100.611,100.803
2024-10-24T19:00:00Z,100.787,100.861,100.768,100.829,100.805,100.879,100.788,100.85
2024-10-24T20:00:00Z,100.831,100.846,100.779,100.799,100.849,100.866,100.797,100.831
2024-10-24T21:00:00Z,100.788,100.834,100.7,100.8,100.847,100.971,100.842,100.864
2024-10-24T22:00:00Z,100.803,100.803,100.601,100.608,100.874,100.876,100.618,100.627
2024-10-24T23:00:00Z,100.607,100.712,100.514,100.7,100.627,100.73,100.537,100.718
2024-10-25T00:00:00Z,100.701,100.873,100.619,100.834,100.722,100.891,100.642,100.857
2024-10-25T01:00:00Z,100.833,100.864,100.646,100.702,100.857,100.883,100.666,100.723
2024-10-25T02:00:00Z,100.703,100.796,100.614,100.766,100.723,100.813,100.636,100.785
2024-10-25T03:00:00Z,100.765,100.773,100.533,100.564,100.785,100.794,100.552,100.581
2024-10-25T04:00:00Z,100.563,100.575,100.369,100.424,100.582,100.594,100.383,100.444
2024-10-25T05:00:00Z,100.423,100.519,100.289,100.511,100.444,100.535,100.308,100.528
2024-10-25T06:00:00Z,100.505,100.732,100.477,100.604,100.524,100.753,100.495,100.625
2024-10-25T07:00:00Z,100.604,100.736,100.584,100.716,100.624,100.755,100.599,100.734
2024-10-25T08:00:00Z,100.719,100.787,100.645,100.707,100.736,100.806,100.667,100.724
2024-10-25T09:00:00Z,100.705,100.861,100.674,100.771,100.719,100.876,100.692,100.789
2024-10-25T10:00:00Z,100.771,100.796,100.674,100.693,100.788,100.816,100.693,100.712
2024-10-25T11:00:00Z,100.693,100.741,100.626,100.706,100.711,100.763,100.645,100.726
2024-10-25T12:00:00Z,100.706,100.954,100.706,100.945,100.725,100.972,100.725,100.967
2024-10-25T13:00:00Z,100.945,101.113,100.867,100.871,100.966,101.132,100.887,100.912
2024-10-25T14:00:00Z,100.872,100.982,100.825,100.935,100.912,101.003,100.85,100.954
2024-10-25T15:00:00Z,100.937,100.941,100.673,100.684,100.957,100.96,100.693,100.698
2024-10-25T16:00:00Z,100.682,100.727,100.605,100.635,100.698,100.746,100.625,100.648
2024-10-25T17:00:00Z,100.632,100.677,100.435,100.501,100.647,100.697,100.454,100.523
2024-10-25T18:00:00Z,100.503,100.611,100.395,100.584,100.522,100.627,100.416,100.603
2024-10-25T19:00:00Z,100.587,100.664,100.508,100.533,100.605,100.685,100.529,100.551
2024-10-25T20:00:00Z,100.529,100.606,100.488,100.558,100.547,100.666,100.511,100.639
2024-10-27T21:00:00Z,101.247,101.284,100.825,101.083,101.408,101.46,101.012,101.193
2024-10-27T22:00:00Z,101.084,101.231,100.825,101.031,101.193,101.289,100.854,101.051
2024-10-27T23:00:00Z,101.032,101.161,100.913,100.983,101.05,101.182,100.932,101.008
2024-10-28T00:00:00Z,100.984,101.325,100.908,101.25,101.007,101.339,100.927,101.274
2024-10-28T01:00:00Z,101.245,101.506,101.241,101.506,101.27,101.527,101.265,101.527
2024-10-28T02:00:00Z,101.504,101.515,101.303,101.316,101.527,101.536,101.32,101.332
2024-10-28T03:00:00Z,101.315,101.38,101.069,101.12,101.332,101.401,101.092,101.143
2024-10-28T04:00:00Z,101.117,101.259,100.935,101.25,101.14,101.275,100.96,101.27
2024-10-28T05:00:00Z,101.249,101.311,101.14,101.164,101.27,101.327,101.16,101.183
2024-10-28T06:00:00Z,101.164,101.227,101.038,101.182,101.182,101.247,101.055,101.2
2024-10-28T07:00:00Z,101.188,101.3,101.09,101.168,101.205,101.322,101.111,101.189
2024-10-28T08:00:00Z,101.168,101.249,101.096,101.165,101.19,101.269,101.119,101.187
2024-10-28T09:00:00Z,101.168,101.179,100.91,100.944,101.19,101.201,100.93,100.961
2024-10-28T10:00:00Z,100.942,100.951,100.678,100.747,100.96,100.971,100.698,100.767
2024-10-28T11:00:00Z,100.748,100.924,100.703,100.897,100.767,100.946,100.722,100.92
2024-10-28T12:00:00Z,100.894,100.905,100.669,100.834,100.917,100.926,100.684,100.854
2024-10-28T13:00:00Z,100.836,100.935,100.753,100.897,100.852,100.957,100.774,100.916
2024-10-28T14:00:00Z,100.901,101.065,100.846,100.999,100.918,101.082,100.866,101.016
2024-10-28T15:00:00Z,101.0,101.015,100.864,100.905,101.016,101.034,100.886,100.923
2024-10-28T16:00:00Z,100.906,100.974,100.864,100.899,100.923,100.993,100.881,100.918
2024-10-28T17:00:00Z,100.897,100.937,100.862,100.89,100.918,100.955,100.881,100.911
2024-10-28T18:00:00Z,100.889,100.95,100.852,100.857,100.911,100.971,100.871,100.875
2024-10-28T19:00:00Z,100.854,100.917,100.819,100.869,100.872,100.931,100.839,100.889
2024-10-28T20:00:00Z,100.869,100.918,100.851,100.897,100.89,100.939,100.873,100.934
2024-10-28T21:00:00Z,100.834,100.924,100.831,100.875,101.045,101.046,100.919,100.925
2024-10-28T22:00:00Z,100.878,100.924,100.834,100.882,100.933,100.943,100.871,100.904
2024-10-28T23:00:00Z,100.88,100.9,100.795,100.808,100.904,100.923,100.815,100.829
2024-10-29T00:00:00Z,100.807,100.812,100.52,100.614,100.826,100.829,100.541,100.635
2024-10-29T01:00:00Z,100.616,100.749,100.507,100.611,100.634,100.766,100.524,100.63
2024-10-29T02:00:00Z,100.613,100.735,100.56,100.641,100.632,100.755,100.579,100.659
2024-10-29T03:00:00Z,100.637,100.649,100.405,100.442,100.659,100.666,100.422,100.463
2024-10-29T04:00:00Z,100.441,100.447,100.331,100.384,100.461,100.467,100.35,100.403
2024-10-29T05:00:00Z,100.387,100.425,100.26,100.318,100.404,100.44,100.278,100.333
2024-10-29T06:00:00Z,100.318,100.551,100.318,100.506,100.335,100.568,100.335,100.526
2024-10-29T07:00:00Z,100.51,100.642,100.507,100.545,100.527,100.66,100.527,100.568
2024-10-29T08:00:00Z,100.549,100.95,100.51,100.859,100.568,100.967,100.531,100.877
2024-10-29T09:00:00Z,100.86,100.912,100.791,100.845,100.877,100.933,100.814,100.861
2024-10-29T10:00:00Z,100.845,100.898,100.774,100.789,100.863,100.916,100.795,100.808
2024-10-29T11:00:00Z,100.786,100.848,100.7,100.845,100.807,100.867,100.718,100.858
2024-10-29T12:00:00Z,100.849,100.861,100.782,100.825,100.862,100.882,100.8,100.848
2024-10-29T13:00:00Z,100.83,100.894,100.651,100.746,100.851,100.911,100.67,100.835
2024-10-29T14:00:00Z,100.746,100.763,100.352,100.619,100.852,101.003,100.563,100.638
2024-10-29T15:00:00Z,100.617,100.739,100.584,100.63,100.635,100.761,100.605,100.643
2024-10-29T16:00:00Z,100.63,100.652,100.556,100.611,100.647,100.669,100.578,100.634
2024-10-29T17:00:00Z,100.608,100.662,100.522,100.554,100.63,100.684,100.539,100.568
2024-10-29T18:00:00Z,100.553,100.648,100.547,100.578,100.57,100.669,100.564,100.599
2024-10-29T19:00:00Z,100.571,100.617,100.523,100.574,100.592,100.636,100.543,100.59
2024-10-29T20:00:00Z,100.576,100.616,100.547,100.605,100.591,100.646,100.567,100.644
2024-10-29T21:00:00Z,100.55,100.633,100.48,100.565,100.687,100.744,100.626,100.648
2024-10-29T22:00:00Z,100.566,100.623,100.502,100.541,100.646,100.652,100.524,100.561
2024-10-29T23:00:00Z,100.539,100.604,100.441,100.506,100.558,100.628,100.465,100.528
2024-10-30T00:00:00Z,100.506,100.584,100.361,100.542,100.53,100.617,100.386,100.563
2024-10-30T01:00:00Z,100.544,100.666,100.526,100.578,100.563,100.688,100.547,100.595
2024-10-30T02:00:00Z,100.585,100.683,100.452,100.5,100.606,100.705,100.47,100.514
2024-10-30T03:00:00Z,100.5,100.515,100.242,100.288,100.515,100.535,100.262,100.309
2024-10-30T04:00:00Z,100.286,100.342,100.197,100.33,100.308,100.361,100.217,100.347
2024-10-30T05:00:00Z,100.328,100.343,100.179,100.236,100.347,100.364,100.198,100.254
2024-10-30T06:00:00Z,100.235,100.495,100.233,100.476,100.254,100.511,100.252,100.492
2024-10-30T07:00:00Z,100.474,100.61,100.44,100.569,100.49,100.633,100.46,100.586
2024-10-30T08:00:00Z,100.57,100.708,100.544,100.567,100.592,100.723,100.564,100.59
2024-10-30T09:00:00Z,100.587,100.762,100.551,100.659,100.6,100.779,100.572,100.681
2024-10-30T10:00:00Z,100.659,100.705,100.491,100.565,100.682,100.725,100.511,100.587
2024-10-30T11:00:00Z,100.565,100.638,100.506,100.631,100.585,100.656,100.526,100.648
2024-10-30T12:00:00Z,100.632,100.842,100.613,100.796,100.65,100.862,100.636,100.819
2024-10-30T13:00:00Z,100.798,100.836,100.56,100.753,100.822,100.858,100.584,100.785
2024-10-30T14:00:00Z,100.757,100.959,100.754,100.819,100.791,100.977,100.776,100.838
2024-10-30T15:00:00Z,100.815,100.959,100.795,100.798,100.836,100.978,100.815,100.819
2024-10-30T16:00:00Z,100.8,100.807,100.646,100.701,100.818,100.828,100.663,100.723
2024-10-30T17:00:00Z,100.697,100.817,100.691,100.793,100.719,100.839,100.712,100.814
2024-10-30T18:00:00Z,100.795,100.872,100.781,100.837,100.814,100.892,100.8,100.857
2024-10-30T19:00:00Z,100.837,100.903,100.787,100.8,100.859,100.922,100.808,100.818
2024-10-30T20:00:00Z,100.797,100.854,100.751,100.807,100.818,100.878,100.773,100.849
2024-10-30T21:00:00Z,100.688,100.792,100.688,100.738,100.929,100.984,100.805,100.838
2024-10-30T22:00:00Z,100.727,100.759,100.688,100.74,100.826,100.828,100.707,100.758
2024-10-30T23:00:00Z,100.741,100.806,100.687,100.711,100.761,100.825,100.705,100.733
2024-10-31T00:00:00Z,100.711,100.813,100.595,100.781,100.728,100.834,100.618,100.799
2024-10-31T01:00:00Z,100.78,100.914,100.724,100.78,100.8,100.933,100.743,100.802
2024-10-31T02:00:00Z,100.783,100.959,100.67,100.842,100.802,100.995,100.69,100.866
2024-10-31T03:00:00Z,100.842,100.852,100.51,100.566,100.865,100.876,100.532,100.585
2024-10-31T04:00:00Z,100.562,100.58,100.377,100.438,100.583,100.6,100.396,100.461
2024-10-31T05:00:00Z,100.435,100.555,100.41,100.485,100.457,100.575,100.432,100.5
2024-10-31T06:00:00Z,100.486,100.543,99.964,100.042,100.503,100.566,99.99,100.063
2024-10-31T07:00:00Z,100.04,100.357,99.959,100.113,100.064,100.379,99.983,100.134
2024-10-31T08:00:00Z,100.113,100.191,99.868,100.139,100.135,100.212,99.888,100.16
2024-10-31T09:00:00Z,100.139,100.244,100.036,100.197,100.161,100.264,100.05,100.221
2024-10-31T10:00:00Z,100.197,100.2,100.014,100.088,100.223,100.226,100.033,100.11
2024-10-31T11:00:00Z,100.09,100.357,100.09,100.35,100.111,100.376,100.111,100.367
2024-10-31T12:00:00Z,100.348,100.453,100.244,100.394,100.367,100.513,100.269,100.415
2024-10-31T13:00:00Z,100.398,100.497,100.089,100.165,100.417,100.513,100.11,100.187
2024-10-31T14:00:00Z,100.163,100.191,99.851,99.889,100.183,100.211,99.869,99.903
2024-10-31T15:00:00Z,99.888,99.954,99.533,99.779,99.907,99.973,99.55,99.794
2024-10-31T16:00:00Z,99.778,100.016,99.692,100.006,99.796,100.034,99.71,100.027
2024-10-31T17:00:00Z,100.006,100.08,99.907,99.924,100.026,100.095,99.927,99.945
2024-10-31T18:00:00Z,99.925,99.983,99.798,99.963,99.947,100.003,99.82,99.984
2024-10-31T19:00:00Z,99.962,100.054,99.922,99.967,99.985,100.073,99.942,99.988
2024-10-31T20:00:00Z,99.968,100.101,99.956,100.042,99.993,100.127,99.98,100.078
2024-10-31T21:00:00Z,99.997,100.033,99.983,100.03,100.13,100.132,100.053,100.106
2024-10-31T22:00:00Z,100.03,100.113,100.015,100.025,100.103,100.144,100.035,100.045
2024-10-31T23:00:00Z,100.025,100.056,99.858,99.948,100.044,100.076,99.883,99.966
2024-11-01T00:00:00Z,99.948,100.064,99.816,99.914,99.964,100.086,99.842,99.938
2024-11-01T01:00:00Z,99.915,100.137,99.895,100.031,99.938,100.156,99.917,100.051
2024-11-01T02:00:00Z,100.031,100.184,99.934,100.183,100.053,100.205,99.952,100.204
2024-11-01T03:00:00Z,100.182,100.278,100.152,100.248,100.205,100.293,100.168,100.269
2024-11-01T04:00:00Z,100.251,100.352,100.248,100.267,100.273,100.374,100.269,100.285
2024-11-01T05:00:00Z,100.27,100.306,100.14,100.141,100.284,100.323,100.158,100.162
2024-11-01T06:00:00Z,100.143,100.152,99.915,99.98,100.162,100.173,99.934,100.0
2024-11-01T07:00:00Z,99.976,100.099,99.852,100.053,100.0,100.122,99.874,100.078
2024-11-01T08:00:00Z,100.054,100.208,100.019,100.195,100.078,100.229,100.044,100.216
2024-11-01T09:00:00Z,100.194,100.335,100.174,100.303,100.214,100.356,100.189,100.32
2024-11-01T10:00:00Z,100.309,100.331,100.203,100.214,100.328,100.351,100.222,100.23
2024-11-01T11:00:00Z,100.212,100.274,100.173,100.257,100.231,100.294,100.19,100.273
2024-11-01T12:00:00Z,100.255,100.331,99.963,100.101,100.273,100.372,99.993,100.119
2024-11-01T13:00:00Z,100.096,100.367,100.048,100.263,100.116,100.389,100.065,100.377
2024-11-01T14:00:00Z,100.256,100.572,100.223,100.546,100.378,100.591,100.291,100.568
2024-11-01T15:00:00Z,100.546,100.721,100.492,100.672,100.567,100.739,100.508,100.693
2024-11-01T16:00:00Z,100.668,100.688,100.5,100.541,100.691,100.708,100.523,100.56
2024-11-01T17:00:00Z,100.542,100.562,100.324,100.331,100.56,100.582,100.344,100.356
2024-11-01T18:00:00Z,100.332,100.37,100.276,100.331,100.353,100.392,100.299,100.351
2024-11-01T19:00:00Z,100.332,100.386,100.236,100.282,100.353,100.406,100.258,100.305
2024-11-01T20:00:00Z,100.284,100.365,100.27,100.294,100.306,100.407,100.292,100.393
2024-11-03T22:00:00Z,100.653,100.671,100.394,100.441,100.761,100.905,100.457,100.511
2024-11-03T23:00:00Z,100.45,100.553,100.275,100.361,100.489,100.579,100.299,100.387
2024-11-04T00:00:00Z,100.358,100.38,100.157,100.358,100.382,100.403,100.179,100.375
2024-11-04T01:00:00Z,100.358,100.411,100.165,100.209,100.374,100.435,100.188,100.23
2024-11-04T02:00:00Z,100.208,100.347,100.187,100.235,100.23,100.367,100.206,100.248
2024-11-04T03:00:00Z,100.227,100.371,100.134,100.354,100.244,100.394,100.154,100.372
2024-11-04T04:00:00Z,100.352,100.364,100.274,100.334,100.369,100.386,100.293,100.355
2024-11-04T05:00:00Z,100.333,100.389,100.275,100.384,100.356,100.411,100.293,100.404
2024-11-04T06:00:00Z,100.383,100.405,100.274,100.392,100.404,100.427,100.294,100.409
2024-11-04T07:00:00Z,100.394,100.426,100.208,100.209,100.416,100.444,100.228,100.231
2024-11-04T08:00:00Z,100.213,100.29,100.127,100.205,100.234,100.309,100.148,100.226
2024-11-04T09:00:00Z,100.206,100.218,100.048,100.139,100.229,100.237,100.066,100.16
2024-11-04T10:00:00Z,100.14,100.192,100.032,100.114,100.159,100.213,100.056,100.127
2024-11-04T11:00:00Z,100.114,100.126,100.002,100.075,100.13,100.148,100.022,100.098
2024-11-04T12:00:00Z,100.079,100.217,100.063,100.191,100.102,100.239,100.082,100.211
2024-11-04T13:00:00Z,100.191,100.284,100.083,100.132,100.214,100.306,100.104,100.156
2024-11-04T14:00:00Z,100.132,100.33,100.084,100.241,100.155,100.352,100.104,100.269
2024-11-04T15:00:00Z,100.239,100.467,100.187,100.304,100.271,100.488,100.207,100.323
2024-11-04T16:00:00Z,100.304,100.349,100.023,100.075,100.325,100.368,100.043,100.094
2024-11-04T17:00:00Z,100.075,100.241,100.02,100.203,100.097,100.26,100.04,100.22
2024-11-04T18:00:00Z,100.205,100.267,100.105,100.218,100.223,100.287,100.123,100.237
2024-11-04T19:00:00Z,100.221,100.253,100.185,100.215,100.238,100.275,100.207,100.235
2024-11-04T20:00:00Z,100.215,100.246,100.16,100.173,100.237,100.265,100.177,100.194
2024-11-04T21:00:00Z,100.173,100.221,100.158,100.167,100.192,100.24,100.178,100.201
2024-11-04T22:00:00Z,100.143,100.212,100.026,100.172,100.215,100.284,100.183,100.227
2024-11-04T23:00:00Z,100.163,100.263,100.134,100.253,100.213,100.284,100.212,100.273
2024-11-05T00:00:00Z,100.248,100.305,100.119,100.249,100.269,100.322,100.14,100.267
2024-11-05T01:00:00Z,100.25,100.452,100.243,100.354,100.267,100.469,100.265,100.374
2024-11-05T02:00:00Z,100.355,100.399,100.257,100.308,100.374,100.418,100.278,100.33
2024-11-05T03:00:00Z,100.308,100.518,100.291,100.34,100.329,100.545,100.307,100.357
2024-11-05T04:00:00Z,100.343,100.581,100.327,100.522,100.357,100.601,100.348,100.541
2024-11-05T05:00:00Z,100.52,100.628,100.509,100.554,100.543,100.648,100.529,100.573
2024-11-05T06:00:00Z,100.551,100.634,100.468,100.592,100.572,100.651,100.49,100.612
2024-11-05T07:00:00Z,100.592,100.719,100.572,100.645,100.613,100.741,100.596,100.663
2024-11-05T08:00:00Z,100.644,100.766,100.639,100.714,100.66,100.789,100.657,100.736
2024-11-05T09:00:00Z,100.714,100.759,100.625,100.692,100.735,100.782,100.644,100.713
2024-11-05T10:00:00Z,100.691,100.778,100.663,100.77,100.711,100.799,100.679,100.786
2024-11-05T11:00:00Z,100.769,100.834,100.765,100.782,100.784,100.85,100.784,100.802
2024-11-05T12:00:00Z,100.78,100.903,100.739,100.867,100.799,100.92,100.761,100.883
2024-11-05T13:00:00Z,100.869,100.897,100.701,100.747,100.885,100.913,100.722,100.766
2024-11-05T14:00:00Z,100.745,100.775,100.681,100.694,100.766,100.793,100.707,100.781
2024-11-05T15:00:00Z,100.678,100.858,100.678,100.853,100.783,100.923,100.72,100.868
2024-11-05T16:00:00Z,100.854,100.925,100.754,100.758,100.87,100.944,100.778,100.779
2024-11-05T17:00:00Z,100.756,100.759,100.56,100.622,100.78,100.783,100.58,100.639
2024-11-05T18:00:00Z,100.621,100.676,100.455,100.539,100.639,100.695,100.474,100.559
2024-11-05T19:00:00Z,100.54,100.586,100.422,100.482,100.561,100.608,100.442,100.505
2024-11-05T20:00:00Z,100.479,100.552,100.447,100.549,100.5,100.575,100.466,100.572
2024-11-05T21:00:00Z,100.55,100.655,100.529,100.628,100.57,100.703,100.553,100.695
2024-11-05T22:00:00Z,100.5,100.566,100.396,100.47,100.743,100.76,100.568,100.613
2024-11-05T23:00:00Z,100.462,100.727,100.462,100.55,100.612,100.752,100.53,100.581
2024-11-06T00:00:00Z,100.552,100.836,100.462,100.774,100.582,100.866,100.493,100.803
2024-11-06T01:00:00Z,100.774,100.851,100.661,100.813,100.8,100.878,100.686,100.839
2024-11-06T02:00:00Z,100.813,101.006,100.699,100.931,100.836,101.031,100.722,100.947
2024-11-06T03:00:00Z,100.929,100.995,100.262,100.319,100.943,101.023,100.287,100.349
2024-11-06T04:00:00Z,100.319,100.584,100.251,100.464,100.348,100.609,100.278,100.496
2024-11-06T05:00:00Z,100.468,100.701,100.292,100.666,100.497,100.728,100.321,100.688
2024-11-06T06:00:00Z,100.663,100.744,100.531,100.7,100.687,100.765,100.559,100.728
2024-11-06T07:00:00Z,100.697,100.841,100.634,100.802,100.728,100.863,100.659,100.825
2024-11-06T08:00:00Z,100.801,101.474,100.786,101.372,100.821,101.499,100.811,101.393
2024-11-06T09:00:00Z,101.372,101.428,101.199,101.413,101.394,101.451,101.219,101.433
2024-11-06T10:00:00Z,101.414,101.533,101.324,101.342,101.437,101.557,101.343,101.362
2024-11-06T11:00:00Z,101.342,101.367,101.035,101.104,101.363,101.389,101.057,101.131
2024-11-06T12:00:00Z,101.104,101.412,101.086,101.391,101.133,101.434,101.109,101.415
2024-11-06T13:00:00Z,101.389,101.395,101.059,101.166,101.414,101.417,101.079,101.187
2024-11-06T14:00:00Z,101.166,101.379,101.048,101.09,101.184,101.398,101.072,101.112
2024-11-06T15:00:00Z,101.095,101.478,101.095,101.465,101.117,101.496,101.117,101.484
2024-11-06T16:00:00Z,101.465,101.653,101.34,101.59,101.487,101.674,101.365,101.615
2024-11-06T17:00:00Z,101.594,101.618,101.488,101.593,101.616,101.642,101.509,101.618
2024-11-06T18:00:00Z,101.593,101.802,101.547,101.755,101.616,101.821,101.565,101.777
2024-11-06T19:00:00Z,101.755,101.771,101.589,101.664,101.778,101.791,101.614,101.686
2024-11-06T20:00:00Z,101.663,101.744,101.559,101.566,101.686,101.767,101.582,101.59
2024-11-06T21:00:00Z,101.563,101.608,101.457,101.595,101.587,101.651,101.478,101.642
2024-11-06T22:00:00Z,101.497,101.527,101.45,101.464,101.591,101.636,101.536,101.554
2024-11-06T23:00:00Z,101.465,101.531,101.296,101.328,101.552,101.57,101.322,101.351
2024-11-07T00:00:00Z,101.325,101.584,101.307,101.539,101.348,101.609,101.333,101.561
2024-11-07T01:00:00Z,101.541,101.704,101.477,101.688,101.562,101.725,101.502,101.709
2024-11-07T02:00:00Z,101.687,102.158,101.658,102.111,101.707,102.181,101.68,102.136
2024-11-07T03:00:00Z,102.108,102.263,102.04,102.163,102.133,102.287,102.062,102.188
2024-11-07T04:00:00Z,102.165,102.211,101.938,102.074,102.189,102.233,101.96,102.097
2024-11-07T05:00:00Z,102.074,102.177,101.982,101.993,102.098,102.201,102.002,102.015
2024-11-07T06:00:00Z,101.992,102.075,101.909,101.983,102.011,102.101,101.934,102.008
2024-11-07T07:00:00Z,101.977,102.058,101.899,101.988,102.002,102.082,101.919,102.007
2024-11-07T08:00:00Z,101.99,102.218,101.972,102.202,102.006,102.241,101.994,102.22
2024-11-07T09:00:00Z,102.203,102.233,102.032,102.052,102.224,102.258,102.055,102.075
2024-11-07T10:00:00Z,102.052,102.13,101.98,102.13,102.074,102.149,102.005,102.146
2024-11-07T11:00:00Z,102.13,102.199,102.071,102.149,102.147,102.22,102.091,102.172
2024-11-07T12:00:00Z,102.149,102.233,102.089,102.195,102.175,102.255,102.11,102.219
2024-11-07T13:00:00Z,102.193,102.368,102.17,102.272,102.216,102.39,102.192,102.293
2024-11-07T14:00:00Z,102.274,102.313,102.157,102.297,102.296,102.333,102.176,102.318
2024-11-07T15:00:00Z,102.292,102.396,102.125,102.26,102.316,102.416,102.146,102.276
2024-11-07T16:00:00Z,102.262,102.281,102.062,102.102,102.279,102.298,102.085,102.126
2024-11-07T17:00:00Z,102.105,102.184,102.063,102.162,102.127,102.206,102.081,102.183
2024-11-07T18:00:00Z,102.164,102.169,101.932,102.008,102.183,102.188,101.955,102.102
2024-11-07T19:00:00Z,102.008,102.168,101.951,102.058,102.112,102.196,102.0,102.085
2024-11-07T20:00:00Z,102.057,102.147,102.012,102.054,102.085,102.17,102.035,102.076
2024-11-07T21:00:00Z,102.052,102.156,102.009,102.11,102.076,102.189,102.029,102.186
2024-11-07T22:00:00Z,101.891,102.143,101.89,102.094,102.136,102.227,102.108,102.169
2024-11-07T23:00:00Z,102.09,102.283,102.087,102.234,102.168,102.305,102.131,102.255
2024-11-08T00:00:00Z,102.227,102.259,102.003,102.086,102.251,102.284,102.028,102.11
2024-11-08T01:00:00Z,102.089,102.184,101.938,101.965,102.111,102.209,101.963,101.989
2024-11-08T02:00:00Z,101.964,101.965,101.878,101.916,101.987,101.99,101.9,101.939
2024-11-08T03:00:00Z,101.914,101.918,101.56,101.578,101.936,101.94,101.576,101.602
2024-11-08T04:00:00Z,101.577,101.646,101.449,101.624,101.602,101.665,101.472,101.644
2024-11-08T05:00:00Z,101.627,101.75,101.568,101.674,101.647,101.774,101.591,101.696
2024-11-08T06:00:00Z,101.675,101.708,101.544,101.669,101.695,101.728,101.566,101.684
2024-11-08T07:00:00Z,101.661,101.698,101.514,101.528,101.68,101.72,101.534,101.547
2024-11-08T08:00:00Z,101.527,101.562,101.108,101.221,101.547,101.586,101.128,101.242
2024-11-08T09:00:00Z,101.221,101.361,101.142,101.15,101.241,101.38,101.161,101.174
2024-11-08T10:00:00Z,101.149,101.201,100.958,101.014,101.174,101.22,100.976,101.031
2024-11-08T11:00:00Z,101.018,101.17,100.985,101.098,101.038,101.191,101.004,101.12
2024-11-08T12:00:00Z,101.097,101.104,100.923,100.941,101.12,101.124,100.945,100.962
2024-11-08T13:00:00Z,100.939,101.05,100.881,100.917,100.961,101.074,100.899,100.941
2024-11-08T14:00:00Z,100.921,101.0,100.803,100.893,100.944,101.019,100.82,100.941
2024-11-08T15:00:00Z,100.889,100.976,100.575,100.596,100.939,101.003,100.597,100.613
2024-11-08T16:00:00Z,100.596,100.601,100.244,100.252,100.614,100.62,100.266,100.275
2024-11-08T17:00:00Z,100.249,100.394,100.137,100.385,100.275,100.411,100.153,100.403
2024-11-08T18:00:00Z,100.387,100.471,100.307,100.346,100.403,100.495,100.325,100.368
2024-11-08T19:00:00Z,100.344,100.455,100.327,100.437,100.366,100.476,100.352,100.46
2024-11-08T20:00:00Z,100.436,100.462,100.352,100.371,100.457,100.483,100.372,100.389
2024-11-08T21:00:00Z,100.367,100.495,100.35,100.385,100.389,100.559,100.371,100.515
2024-11-10T22:00:00Z,100.453,100.517,100.347,100.392,100.691,100.711,100.484,100.526
2024-11-10T23:00:00Z,100.411,100.714,100.391,100.668,100.526,100.738,100.491,100.687
2024-11-11T00:00:00Z,100.666,100.923,100.639,100.922,100.686,100.94,100.66,100.94
2024-11-11T01:00:00Z,100.923,100.995,100.877,100.965,100.94,101.015,100.9,100.987
2024-11-11T02:00:00Z,100.968,101.094,100.914,101.083,100.987,101.116,100.934,101.103
2024-11-11T03:00:00Z,101.083,101.171,101.033,101.17,101.104,101.192,101.055,101.192
2024-11-11T04:00:00Z,101.169,101.271,101.127,101.238,101.192,101.294,101.148,101.259
2024-11-11T05:00:00Z,101.239,101.349,101.165,101.172,101.259,101.37,101.189,101.19
2024-11-11T06:00:00Z,101.173,101.239,101.096,101.125,101.19,101.259,101.115,101.147
2024-11-11T07:00:00Z,101.121,101.164,100.921,101.132,101.144,101.182,100.942,101.151
2024-11-11T08:00:00Z,101.132,101.255,101.084,101.185,101.153,101.275,101.104,101.203
2024-11-11T09:00:00Z,101.184,101.266,101.019,101.118,101.205,101.285,101.043,101.139
2024-11-11T10:00:00Z,101.116,101.273,101.09,101.169,101.136,101.294,101.109,101.185
2024-11-11T11:00:00Z,101.168,101.267,101.116,101.247,101.186,101.285,101.141,101.263
2024-11-11T12:00:00Z,101.254,101.307,101.195,101.202,101.27,101.328,101.216,101.223
2024-11-11T13:00:00Z,101.201,101.222,101.019,101.052,101.223,101.238,101.039,101.074
2024-11-11T14:00:00Z,101.05,101.133,100.979,101.069,101.073,101.157,100.996,101.087
2024-11-11T15:00:00Z,101.072,101.144,101.007,101.072,101.095,101.165,101.027,101.093
2024-11-11T16:00:00Z,101.072,101.12,101.043,101.069,101.092,101.139,101.062,101.092
2024-11-11T17:00:00Z,101.069,101.115,101.02,101.062,101.093,101.14,101.041,101.081
2024-11-11T18:00:00Z,101.056,101.062,100.9,101.057,101.076,101.082,100.918,101.076
2024-11-11T19:00:00Z,101.058,101.066,100.986,100.994,101.075,101.084,101.007,101.013
2024-11-11T20:00:00Z,100.994,101.033,100.949,100.974,101.012,101.054,100.97,100.987
2024-11-11T21:00:00Z,100.971,101.064,100.949,101.058,100.986,101.107,100.964,101.099
2024-11-11T22:00:00Z,101.035,101.086,100.999,101.06,101.153,101.156,101.097,101.107
2024-11-11T23:00:00Z,101.06,101.075,100.904,100.989,101.108,101.114,100.923,101.006
2024-11-12T00:00:00Z,100.988,101.08,100.884,101.069,101.007,101.097,100.908,101.087
2024-11-12T01:00:00Z,101.071,101.26,100.98,101.099,101.091,101.282,101.003,101.116
2024-11-12T02:00:00Z,101.099,101.099,100.752,100.812,101.115,101.116,100.772,100.832
2024-11-12T03:00:00Z,100.813,100.833,100.641,100.665,100.832,100.854,100.659,100.687
2024-11-12T04:00:00Z,100.663,100.674,100.544,100.61,100.686,100.696,100.563,100.629
2024-11-12T05:00:00Z,100.611,100.651,100.492,100.62,100.629,100.671,100.511,100.635
2024-11-12T06:00:00Z,100.619,100.795,100.572,100.791,100.635,100.816,100.588,100.813
2024-11-12T07:00:00Z,100.792,100.818,100.682,100.761,100.809,100.839,100.698,100.778
2024-11-12T08:00:00Z,100.76,100.825,100.629,100.819,100.779,100.846,100.65,100.833
2024-11-12T09:00:00Z,100.82,100.866,100.717,100.825,100.835,100.888,100.735,100.843
2024-11-12T10:00:00Z,100.827,100.827,100.675,100.733,100.844,100.846,100.696,100.753
2024-11-12T11:00:00Z,100.736,100.836,100.674,100.804,100.755,100.858,100.694,100.826
2024-11-12T12:00:00Z,100.803,100.944,100.777,100.935,100.826,100.966,100.8,100.959
2024-11-12T13:00:00Z,100.935,101.131,100.935,101.124,100.958,101.151,100.957,101.141
2024-11-12T14:00:00Z,101.124,101.144,100.962,100.988,101.14,101.163,100.982,101.006
2024-11-12T15:00:00Z,100.988,101.122,100.878,101.073,101.004,101.137,100.901,101.094
2024-11-12T16:00:00Z,101.075,101.11,100.897,100.908,101.097,101.127,100.918,100.927
2024-11-12T17:00:00Z,100.91,101.01,100.846,100.858,100.928,101.028,100.869,100.879
2024-11-12T18:00:00Z,100.858,101.067,100.848,101.05,100.882,101.086,100.871,101.07
2024-11-12T19:00:00Z,101.05,101.09,101.036,101.064,101.071,101.112,101.06,101.085
2024-11-12T20:00:00Z,101.065,101.128,101.0,101.021,101.088,101.151,101.021,101.041
2024-11-12T21:00:00Z,101.022,101.078,100.97,101.017,101.043,101.1,100.992,101.041
2024-11-12T22:00:00Z,100.952,100.992,100.914,100.915,101.114,101.119,100.957,100.957
2024-11-12T23:00:00Z,100.918,100.977,100.851,100.976,100.957,100.997,100.877,100.993
2024-11-13T00:00:00Z,100.977,101.075,100.827,101.067,100.995,101.094,100.851,101.088
2024-11-13T01:00:00Z,101.068,101.193,101.0,101.056,101.088,101.214,101.016,101.076
2024-11-13T02:00:00Z,101.057,101.17,100.982,101.161,101.079,101.189,101.002,101.181
2024-11-13T03:00:00Z,101.162,101.195,101.11,101.132,101.181,101.213,101.128,101.152
2024-11-13T04:00:00Z,101.132,101.22,101.108,101.2,101.153,101.241,101.127,101.219
2024-11-13T05:00:00Z,101.199,101.22,101.067,101.196,101.219,101.234,101.085,101.213
2024-11-13T06:00:00Z,101.193,101.28,101.136,101.171,101.213,101.297,101.157,101.193
2024-11-13T07:00:00Z,101.17,101.206,101.054,101.154,101.189,101.223,101.07,101.174
2024-11-13T08:00:00Z,101.151,101.21,101.071,101.121,101.172,101.227,101.092,101.138
2024-11-13T09:00:00Z,101.12,101.212,101.068,101.175,101.139,101.233,101.089,101.195
2024-11-13T10:00:00Z,101.174,101.184,101.058,101.119,101.193,101.202,101.079,101.139
2024-11-13T11:00:00Z,101.12,101.14,101.018,101.058,101.139,101.16,101.036,101.079
2024-11-13T12:00:00Z,101.056,101.117,101.026,101.062,101.076,101.138,101.047,101.077
2024-11-13T13:00:00Z,101.062,101.178,100.861,100.908,101.079,101.237,100.88,100.928
2024-11-13T14:00:00Z,100.906,100.918,100.571,100.625,100.929,100.938,100.592,100.645
2024-11-13T15:00:00Z,100.623,100.756,100.451,100.724,100.644,100.777,100.475,100.738
2024-11-13T16:00:00Z,100.727,100.76,100.639,100.691,100.743,100.779,100.658,100.714
2024-11-13T17:00:00Z,100.691,100.831,100.682,100.825,100.713,100.855,100.705,100.843
2024-11-13T18:00:00Z,100.828,100.952,100.8,100.944,100.847,100.972,100.819,100.963
2024-11-13T19:00:00Z,100.941,101.009,100.828,100.859,100.96,101.028,100.85,100.874
2024-11-13T20:00:00Z,100.854,100.925,100.824,100.84,100.872,100.946,100.844,100.864
2024-11-13T21:00:00Z,100.842,100.888,100.773,100.827,100.865,100.909,100.789,100.857
2024-11-13T22:00:00Z,100.778,100.93,100.662,100.917,100.907,101.03,100.85,101.019
2024-11-13T23:00:00Z,100.9,100.95,100.843,100.915,101.007,101.014,100.866,100.938
2024-11-14T00:00:00Z,100.917,101.137,100.861,101.087,100.939,101.158,100.883,101.106
2024-11-14T01:00:00Z,101.086,101.144,100.98,101.06,101.106,101.163,101.002,101.082
2024-11-14T02:00:00Z,101.061,101.066,100.927,100.971,101.082,101.087,100.948,100.988
2024-11-14T03:00:00Z,100.971,101.025,100.795,100.887,100.987,101.046,100.817,100.907
2024-11-14T04:00:00Z,100.887,101.007,100.795,100.961,100.905,101.028,100.815,100.981
2024-11-14T05:00:00Z,100.961,100.97,100.783,100.844,100.982,100.988,100.803,100.865
2024-11-14T06:00:00Z,100.842,100.893,100.776,100.804,100.862,100.914,100.795,100.823
2024-11-14T07:00:00Z,100.8,100.924,100.723,100.875,100.818,100.945,100.741,100.895
2024-11-14T08:00:00Z,100.873,100.968,100.843,100.922,100.891,100.988,100.865,100.944
2024-11-14T09:00:00Z,100.923,101.0,100.852,100.898,100.944,101.017,100.872,100.919
2024-11-14T10:00:00Z,100.895,100.911,100.783,100.802,100.916,100.932,100.804,100.817
2024-11-14T11:00:00Z,100.8,100.874,100.679,100.837,100.817,100.895,100.7,100.858
2024-11-14T12:00:00Z,100.839,100.94,100.782,100.862,100.86,100.96,100.803,100.884
2024-11-14T13:00:00Z,100.864,100.927,100.8,100.852,100.886,100.983,100.82,100.873
2024-11-14T14:00:00Z,100.852,100.893,100.762,100.827,100.872,100.914,100.782,100.845
2024-11-14T15:00:00Z,100.828,101.167,100.797,101.06,100.845,101.187,100.817,101.078
2024-11-14T16:00:00Z,101.063,101.09,100.923,100.944,101.081,101.106,100.945,100.964
2024-11-14T17:00:00Z,100.947,101.003,100.771,100.879,100.965,101.023,100.791,100.898
2024-11-14T18:00:00Z,100.88,100.924,100.809,100.827,100.9,100.944,100.829,100.845
2024-11-14T19:00:00Z,100.824,100.941,100.822,100.874,100.843,100.961,100.841,100.894
2024-11-14T20:00:00Z,100.876,100.933,100.72,100.792,100.894,100.96,100.74,100.811
2024-11-14T21:00:00Z,100.793,100.897,100.767,100.842,100.814,100.934,100.786,100.9
2024-11-14T22:00:00Z,100.81,100.876,100.755,100.841,100.908,101.016,100.868,100.91
2024-11-14T23:00:00Z,100.842,101.024,100.807,101.0,100.912,101.047,100.837,101.025
2024-11-15T00:00:00Z,101.001,101.09,100.95,101.009,101.025,101.114,100.969,101.032
2024-11-15T01:00:00Z,101.009,101.069,100.852,101.035,101.033,101.092,100.874,101.052
2024-11-15T02:00:00Z,101.032,101.099,100.958,101.075,101.052,101.121,100.976,101.093
2024-11-15T03:00:00Z,101.074,101.171,101.018,101.139,101.093,101.189,101.037,101.16
2024-11-15T04:00:00Z,101.14,101.192,101.065,101.086,101.16,101.213,101.082,101.107
2024-11-15T05:00:00Z,101.087,101.143,101.043,101.105,101.106,101.164,101.061,101.123
2024-11-15T06:00:00Z,101.105,101.16,100.816,100.918,101.126,101.178,100.838,100.94
2024-11-15T07:00:00Z,100.914,100.956,100.69,100.696,100.936,100.978,100.71,100.714
2024-11-15T08:00:00Z,100.693,100.693,100.483,100.592,100.713,100.713,100.498,100.612
2024-11-15T09:00:00Z,100.593,100.765,100.406,100.456,100.612,100.784,100.427,100.475
2024-11-15T10:00:00Z,100.458,100.523,100.361,100.495,100.474,100.543,100.379,100.513
2024-11-15T11:00:00Z,100.492,100.678,100.42,100.67,100.512,100.698,100.44,100.688
2024-11-15T12:00:00Z,100.67,100.691,100.575,100.611,100.69,100.709,100.595,100.63
2024-11-15T13:00:00Z,100.604,100.618,100.374,100.382,100.628,100.738,100.393,100.401
2024-11-15T14:00:00Z,100.381,100.412,100.203,100.284,100.401,100.432,100.223,100.312
2024-11-15T15:00:00Z,100.282,100.295,99.833,100.089,100.313,100.319,99.858,100.106
2024-11-15T16:00:00Z,100.089,100.134,99.83,99.877,100.107,100.15,99.849,99.897
2024-11-15T17:00:00Z,99.875,99.959,99.626,99.703,99.897,99.982,99.648,99.721
2024-11-15T18:00:00Z,99.706,99.714,99.409,99.48,99.725,99.734,99.431,99.503
2024-11-15T19:00:00Z,99.481,99.655,99.47,99.549,99.505,99.676,99.49,99.571
2024-11-15T20:00:00Z,99.55,99.634,99.505,99.608,99.573,99.657,99.523,99.63
2024-11-15T21:00:00Z,99.606,99.781,99.593,99.664,99.63,99.947,99.624,99.867
2024-11-17T22:00:00Z,99.69,99.846,99.608,99.776,99.937,99.983,99.762,99.871
2024-11-17T23:00:00Z,99.769,100.011,99.706,99.966,99.865,100.034,99.751,99.987
2024-11-18T00:00:00Z,99.966,99.974,99.558,99.899,99.989,99.997,99.58,99.921
2024-11-18T01:00:00Z,99.898,100.365,99.813,100.048,99.919,100.387,99.839,100.069
2024-11-18T02:00:00Z,100.05,100.253,100.024,100.146,100.069,100.272,100.045,100.167
2024-11-18T03:00:00Z,100.145,100.236,99.965,99.979,100.167,100.257,99.984,100.0
2024-11-18T04:00:00Z,99.979,100.081,99.855,100.075,100.001,100.1,99.875,100.091
2024-11-18T05:00:00Z,100.077,100.096,99.889,99.955,100.091,100.116,99.907,99.976
2024-11-18T06:00:00Z,99.955,99.955,99.727,99.923,99.977,99.977,99.746,99.942
2024-11-18T07:00:00Z,99.919,99.954,99.734,99.792,99.938,99.974,99.755,99.811
2024-11-18T08:00:00Z,99.794,100.03,99.777,100.013,99.812,100.049,99.795,100.03
2024-11-18T09:00:00Z,100.011,100.019,99.828,99.968,100.03,100.039,99.847,99.986
2024-11-18T10:00:00Z,99.967,100.124,99.947,100.095,99.986,100.146,99.969,100.111
2024-11-18T11:00:00Z,100.093,100.114,99.968,100.034,100.109,100.137,99.988,100.056
2024-11-18T12:00:00Z,100.033,100.187,100.023,100.168,100.056,100.207,100.047,100.191
2024-11-18T13:00:00Z,100.17,100.225,100.084,100.132,100.191,100.247,100.102,100.153
2024-11-18T14:00:00Z,100.129,100.212,100.032,100.172,100.15,100.233,100.048,100.194
2024-11-18T15:00:00Z,100.18,100.54,100.166,100.488,100.202,100.555,100.188,100.507
2024-11-18T16:00:00Z,100.486,100.642,100.462,100.553,100.504,100.664,100.481,100.569
2024-11-18T17:00:00Z,100.55,100.627,100.48,100.614,100.568,100.645,100.5,100.636
2024-11-18T18:00:00Z,100.618,100.679,100.538,100.641,100.639,100.699,100.559,100.66
2024-11-18T19:00:00Z,100.64,100.668,100.552,100.646,100.66,100.688,100.572,100.664
2024-11-18T20:00:00Z,100.645,100.66,100.557,100.589,100.664,100.678,100.577,100.608
2024-11-18T21:00:00Z,100.591,100.652,100.565,100.643,100.609,100.693,100.585,100.693
2024-11-18T22:00:00Z,100.498,100.61,100.498,100.599,100.731,100.731,100.659,100.663
2024-11-18T23:00:00Z,100.609,100.614,100.437,100.576,100.673,100.673,100.46,100.6
2024-11-19T00:00:00Z,100.578,100.578,100.283,100.31,100.601,100.601,100.302,100.333
2024-11-19T01:00:00Z,100.314,100.354,100.148,100.294,100.336,100.376,100.17,100.307
2024-11-19T02:00:00Z,100.291,100.374,100.239,100.322,100.304,100.391,100.261,100.344
2024-11-19T03:00:00Z,100.319,100.54,100.252,100.535,100.341,100.555,100.273,100.553
2024-11-19T04:00:00Z,100.537,100.622,100.477,100.483,100.554,100.641,100.496,100.502
2024-11-19T05:00:00Z,100.485,100.495,100.375,100.468,100.505,100.513,100.395,100.486
2024-11-19T06:00:00Z,100.468,100.681,100.446,100.666,100.488,100.698,100.461,100.685
2024-11-19T07:00:00Z,100.669,100.721,100.541,100.596,100.688,100.741,100.561,100.613
2024-11-19T08:00:00Z,100.596,100.658,99.642,99.954,100.612,100.676,99.663,99.977
2024-11-19T09:00:00Z,99.953,100.173,99.477,99.775,99.974,100.192,99.497,99.799
2024-11-19T10:00:00Z,99.772,99.95,99.636,99.897,99.796,99.971,99.657,99.921
2024-11-19T11:00:00Z,99.897,100.078,99.799,100.039,99.92,100.098,99.823,100.059
2024-11-19T12:00:00Z,100.042,100.175,100.018,100.092,100.061,100.196,100.036,100.113
2024-11-19T13:00:00Z,100.093,100.154,99.765,99.792,100.116,100.173,99.788,99.811
2024-11-19T14:00:00Z,99.794,100.405,99.763,100.218,99.812,100.426,99.783,100.241
2024-11-19T15:00:00Z,100.218,100.423,100.126,100.383,100.24,100.443,100.145,100.401
2024-11-19T16:00:00Z,100.38,100.706,100.342,100.657,100.4,100.722,100.359,100.676
2024-11-19T17:00:00Z,100.659,100.925,100.655,100.88,100.68,100.947,100.674,100.903
2024-11-19T18:00:00Z,100.88,100.955,100.812,100.929,100.901,100.977,100.835,100.949
2024-11-19T19:00:00Z,100.928,101.023,100.925,101.013,100.949,101.045,100.945,101.032
2024-11-19T20:00:00Z,101.012,101.051,100.983,101.017,101.033,101.074,101.004,101.04
2024-11-19T21:00:00Z,101.019,101.068,100.974,100.989,101.04,101.088,101.015,101.046
2024-11-19T22:00:00Z,100.92,100.984,100.844,100.944,101.064,101.091,100.966,101.011
2024-11-19T23:00:00Z,100.938,101.198,100.924,101.196,101.005,101.219,100.981,101.219
2024-11-20T00:00:00Z,101.198,101.315,101.146,101.236,101.219,101.339,101.164,101.252
2024-11-20T01:00:00Z,101.235,101.24,101.065,101.145,101.249,101.26,101.085,101.166
2024-11-20T02:00:00Z,101.146,101.228,101.102,101.142,101.166,101.249,101.124,101.161
2024-11-20T03:00:00Z,101.139,101.185,101.048,101.113,101.157,101.205,101.068,101.131
2024-11-20T04:00:00Z,101.113,101.238,101.106,101.203,101.133,101.257,101.123,101.222
2024-11-20T05:00:00Z,101.206,101.223,101.149,101.22,101.224,101.24,101.165,101.238
2024-11-20T06:00:00Z,101.217,101.495,101.197,101.382,101.237,101.514,101.216,101.401
2024-11-20T07:00:00Z,101.373,101.552,101.369,101.49,101.392,101.57,101.388,101.508
2024-11-20T08:00:00Z,101.489,101.54,101.384,101.395,101.509,101.555,101.404,101.414
2024-11-20T09:00:00Z,101.39,101.525,101.34,101.411,101.41,101.546,101.359,101.431
2024-11-20T10:00:00Z,101.413,101.441,101.282,101.288,101.431,101.459,101.302,101.309
2024-11-20T11:00:00Z,101.288,101.336,101.233,101.319,101.31,101.354,101.252,101.338
2024-11-20T12:00:00Z,101.316,101.369,101.279,101.308,101.338,101.391,101.297,101.325
2024-11-20T13:00:00Z,101.307,101.351,101.199,101.257,101.325,101.371,101.215,101.278
2024-11-20T14:00:00Z,101.259,101.28,100.821,100.915,101.279,101.299,100.845,100.938
2024-11-20T15:00:00Z,100.912,100.978,100.559,100.938,100.935,101.0,100.583,100.959
2024-11-20T16:00:00Z,100.937,101.031,100.697,100.875,100.957,101.05,100.721,100.896
2024-11-20T17:00:00Z,100.873,100.944,100.766,100.858,100.896,100.967,100.787,100.879
2024-11-20T18:00:00Z,100.858,100.946,100.81,100.898,100.878,100.97,100.832,100.918
2024-11-20T19:00:00Z,100.901,100.958,100.818,100.916,100.921,100.977,100.838,100.937
2024-11-20T20:00:00Z,100.916,101.089,100.896,101.087,100.935,101.105,100.916,101.104
2024-11-20T21:00:00Z,101.089,101.144,101.008,101.104,101.108,101.168,101.033,101.138
2024-11-20T22:00:00Z,101.019,101.087,100.953,101.053,101.197,101.243,101.071,101.12
2024-11-20T23:00:00Z,101.051,101.141,101.032,101.107,101.117,101.162,101.06,101.129
2024-11-21T00:00:00Z,101.107,101.134,100.828,100.992,101.128,101.154,100.846,101.011
2024-11-21T01:00:00Z,100.991,101.05,100.902,101.003,101.011,101.071,100.92,101.023
2024-11-21T02:00:00Z,101.006,101.059,100.855,100.936,101.026,101.079,100.871,100.954
2024-11-21T03:00:00Z,100.933,101.058,100.88,101.046,100.95,101.078,100.898,101.062
2024-11-21T04:00:00Z,101.047,101.101,101.002,101.037,101.064,101.118,101.017,101.059
2024-11-21T05:00:00Z,101.034,101.136,100.989,101.044,101.055,101.157,101.007,101.06
2024-11-21T06:00:00Z,101.035,101.063,100.741,100.821,101.055,101.082,100.761,100.843
2024-11-21T07:00:00Z,100.822,100.986,100.643,100.877,100.843,101.006,100.666,100.898
2024-11-21T08:00:00Z,100.876,101.0,100.598,100.684,100.895,101.021,100.618,100.705
2024-11-21T09:00:00Z,100.681,100.683,100.292,100.492,100.703,100.704,100.31,100.513
2024-11-21T10:00:00Z,100.491,100.549,100.398,100.534,100.511,100.568,100.419,100.555
2024-11-21T11:00:00Z,100.536,100.789,100.518,100.722,100.553,100.809,100.538,100.74
2024-11-21T12:00:00Z,100.721,100.865,100.697,100.762,100.741,100.884,100.714,100.783
2024-11-21T13:00:00Z,100.764,100.825,100.531,100.659,100.782,100.849,100.551,100.678
2024-11-21T14:00:00Z,100.66,100.772,100.351,100.578,100.682,100.791,100.371,100.613
2024-11-21T15:00:00Z,100.578,100.663,100.421,100.536,100.612,100.685,100.445,100.556
2024-11-21T16:00:00Z,100.535,100.668,100.465,100.541,100.556,100.691,100.484,100.56
2024-11-21T17:00:00Z,100.541,100.68,100.423,100.637,100.561,100.7,100.447,100.66
2024-11-21T18:00:00Z,100.638,100.805,100.637,100.721,100.66,100.823,100.66,100.742
2024-11-21T19:00:00Z,100.721,100.73,100.625,100.667,100.741,100.745,100.646,100.687
2024-11-21T20:00:00Z,100.664,100.682,100.613,100.641,100.684,100.702,100.629,100.66
2024-11-21T21:00:00Z,100.64,100.647,100.565,100.605,100.66,100.667,100.591,100.652
2024-11-21T22:00:00Z,100.509,100.599,100.502,100.568,100.742,100.742,100.635,100.659
2024-11-21T23:00:00Z,100.559,100.585,100.325,100.336,100.653,100.666,100.347,100.358
2024-11-22T00:00:00Z,100.336,100.617,100.249,100.556,100.356,100.639,100.269,100.575
2024-11-22T01:00:00Z,100.556,100.678,100.529,100.611,100.574,100.695,100.549,100.626
2024-11-22T02:00:00Z,100.611,100.677,100.55,100.606,100.625,100.699,100.57,100.628
2024-11-22T03:00:00Z,100.604,100.67,100.404,100.449,100.624,100.691,100.419,100.471
2024-11-22T04:00:00Z,100.451,100.52,100.37,100.458,100.472,100.537,100.388,100.476
2024-11-22T05:00:00Z,100.459,100.462,100.253,100.388,100.476,100.48,100.275,100.403
2024-11-22T06:00:00Z,100.39,100.614,100.37,100.568,100.408,100.631,100.388,100.588
2024-11-22T07:00:00Z,100.562,100.699,100.459,100.633,100.584,100.718,100.478,100.653
2024-11-22T08:00:00Z,100.637,100.798,100.489,100.5,100.656,100.82,100.511,100.523
2024-11-22T09:00:00Z,100.502,100.502,100.043,100.238,100.523,100.524,100.063,100.255
2024-11-22T10:00:00Z,100.236,100.391,100.096,100.334,100.255,100.41,100.118,100.356
2024-11-22T11:00:00Z,100.332,100.42,100.289,100.337,100.354,100.441,100.312,100.359
2024-11-22T12:00:00Z,100.334,100.416,100.301,100.38,100.356,100.437,100.32,100.401
2024-11-22T13:00:00Z,100.38,100.461,100.304,100.327,100.402,100.481,100.323,100.341
2024-11-22T14:00:00Z,100.325,100.715,100.325,100.622,100.341,100.77,100.341,100.667
2024-11-22T15:00:00Z,100.628,100.702,100.461,100.584,100.667,100.72,100.481,100.6
2024-11-22T16:00:00Z,100.583,100.595,100.364,100.467,100.6,100.612,100.383,100.487
2024-11-22T17:00:00Z,100.466,100.636,100.449,100.605,100.487,100.654,100.469,100.627
2024-11-22T18:00:00Z,100.607,100.673,100.536,100.543,100.627,100.691,100.556,100.564
2024-11-22T19:00:00Z,100.542,100.594,100.478,100.574,100.564,100.611,100.494,100.594
2024-11-22T20:00:00Z,100.572,100.643,100.505,100.617,100.594,100.659,100.523,100.638
2024-11-22T21:00:00Z,100.616,100.679,100.504,100.574,100.636,100.817,100.618,100.807
2024-11-24T22:00:00Z,100.718,100.829,100.605,100.764,100.93,100.951,100.783,100.867
2024-11-24T23:00:00Z,100.759,101.027,100.673,100.798,100.862,101.051,100.723,100.821
2024-11-25T00:00:00Z,100.797,100.944,100.67,100.915,100.821,100.965,100.691,100.936
2024-11-25T01:00:00Z,100.923,100.977,100.471,100.494,100.944,100.998,100.49,100.516
2024-11-25T02:00:00Z,100.495,100.523,100.358,100.42,100.516,100.544,100.377,100.436
2024-11-25T03:00:00Z,100.418,100.451,100.295,100.421,100.436,100.468,100.315,100.437
2024-11-25T04:00:00Z,100.422,100.586,100.416,100.53,100.439,100.603,100.435,100.55
2024-11-25T05:00:00Z,100.53,100.631,100.505,100.575,100.551,100.649,100.524,100.594
2024-11-25T06:00:00Z,100.575,100.698,100.497,100.637,100.596,100.717,100.517,100.653
2024-11-25T07:00:00Z,100.638,100.643,100.361,100.542,100.657,100.661,100.381,100.562
2024-11-25T08:00:00Z,100.541,100.646,100.398,100.591,100.562,100.664,100.419,100.607
2024-11-25T09:00:00Z,100.587,100.697,100.552,100.601,100.608,100.718,100.573,100.622
2024-11-25T10:00:00Z,100.601,100.625,100.506,100.53,100.619,100.645,100.525,100.543
2024-11-25T11:00:00Z,100.528,100.548,100.451,100.499,100.543,100.568,100.471,100.519
2024-11-25T12:00:00Z,100.498,100.515,100.325,100.36,100.52,100.533,100.346,100.38
2024-11-25T13:00:00Z,100.36,100.478,100.242,100.426,100.381,100.499,100.26,100.446
2024-11-25T14:00:00Z,100.429,100.447,100.062,100.106,100.449,100.469,100.079,100.127
2024-11-25T15:00:00Z,100.098,100.372,100.0,100.36,100.119,100.39,100.02,100.376
2024-11-25T16:00:00Z,100.36,100.394,100.132,100.141,100.375,100.408,100.152,100.157
2024-11-25T17:00:00Z,100.137,100.211,100.095,100.17,100.157,100.232,100.115,100.185
2024-11-25T18:00:00Z,100.171,100.211,100.098,100.2,100.185,100.226,100.118,100.218
2024-11-25T19:00:00Z,100.203,100.25,100.142,100.235,100.223,100.269,100.162,100.248
2024-11-25T20:00:00Z,100.236,100.263,100.174,100.202,100.251,100.281,100.192,100.221
2024-11-25T21:00:00Z,100.202,100.303,100.193,100.262,100.22,100.328,100.213,100.309
2024-11-25T22:00:00Z,100.202,100.261,100.136,100.18,100.393,100.428,100.249,100.26
2024-11-25T23:00:00Z,100.182,100.216,99.598,99.775,100.261,100.262,99.625,99.806
2024-11-26T00:00:00Z,99.779,99.805,99.182,99.208,99.806,99.834,99.204,99.231
2024-11-26T01:00:00Z,99.211,99.709,99.059,99.63,99.234,99.73,99.082,99.647
2024-11-26T02:00:00Z,99.631,99.796,99.573,99.716,99.647,99.816,99.588,99.734
2024-11-26T03:00:00Z,99.715,99.881,99.703,99.793,99.735,99.901,99.721,99.812
2024-11-26T04:00:00Z,99.791,100.014,99.771,99.884,99.811,100.035,99.791,99.904
2024-11-26T05:00:00Z,99.879,99.903,99.645,99.741,99.9,99.925,99.663,99.759
2024-11-26T06:00:00Z,99.741,99.906,99.687,99.901,99.76,99.927,99.707,99.922
2024-11-26T07:00:00Z,99.905,99.963,99.732,99.736,99.926,99.981,99.752,99.759
2024-11-26T08:00:00Z,99.736,99.767,99.618,99.755,99.758,99.79,99.64,99.777
2024-11-26T09:00:00Z,99.755,99.993,99.751,99.815,99.778,100.015,99.773,99.836
2024-11-26T10:00:00Z,99.812,99.897,99.797,99.841,99.835,99.915,99.818,99.859
2024-11-26T11:00:00Z,99.839,99.882,99.726,99.83,99.861,99.903,99.744,99.852
2024-11-26T12:00:00Z,99.828,99.832,99.515,99.601,99.85,99.85,99.536,99.622
2024-11-26T13:00:00Z,99.602,99.655,99.389,99.462,99.622,99.675,99.41,99.483
2024-11-26T14:00:00Z,99.459,99.516,99.261,99.273,99.481,99.535,99.278,99.321
2024-11-26T15:00:00Z,99.273,99.376,99.194,99.226,99.322,99.394,99.211,99.243
2024-11-26T16:00:00Z,99.223,99.305,99.091,99.136,99.241,99.325,99.109,99.157
2024-11-26T17:00:00Z,99.138,99.138,98.887,98.965,99.156,99.158,98.907,98.984
2024-11-26T18:00:00Z,98.964,99.041,98.884,98.964,98.985,99.058,98.901,99.031
2024-11-26T19:00:00Z,98.968,98.992,98.864,98.896,99.036,99.045,98.881,98.916
2024-11-26T20:00:00Z,98.897,98.956,98.857,98.901,98.916,98.975,98.876,98.92
2024-11-26T21:00:00Z,98.904,99.123,98.9,99.113,98.921,99.158,98.919,99.154
2024-11-26T22:00:00Z,98.971,99.104,98.959,99.099,99.2,99.22,99.103,99.167
2024-11-26T23:00:00Z,99.096,99.215,99.009,99.009,99.163,99.239,99.028,99.028
2024-11-27T00:00:00Z,99.01,99.044,98.702,98.98,99.028,99.067,98.749,99.003
2024-11-27T01:00:00Z,98.978,99.171,98.694,98.729,99.001,99.19,98.713,98.75
2024-11-27T02:00:00Z,98.727,98.872,98.685,98.799,98.747,98.891,98.707,98.82
2024-11-27T03:00:00Z,98.795,98.846,98.698,98.789,98.815,98.866,98.713,98.81
2024-11-27T04:00:00Z,98.787,98.792,98.611,98.621,98.807,98.812,98.633,98.642
2024-11-27T05:00:00Z,98.618,98.727,98.528,98.66,98.64,98.747,98.545,98.68
2024-11-27T06:00:00Z,98.661,98.685,98.492,98.503,98.68,98.704,98.513,98.523
2024-11-27T07:00:00Z,98.506,98.642,98.505,98.549,98.527,98.659,98.525,98.568
2024-11-27T08:00:00Z,98.549,98.549,98.331,98.478,98.569,98.569,98.351,98.499
2024-11-27T09:00:00Z,98.475,98.516,98.147,98.255,98.496,98.537,98.165,98.277
2024-11-27T10:00:00Z,98.255,98.28,98.086,98.197,98.273,98.302,98.103,98.216
2024-11-27T11:00:00Z,98.194,98.209,98.098,98.151,98.212,98.23,98.116,98.173
2024-11-27T12:00:00Z,98.15,98.243,98.011,98.183,98.17,98.264,98.032,98.204
2024-11-27T13:00:00Z,98.188,98.322,98.162,98.302,98.204,98.34,98.195,98.321
2024-11-27T14:00:00Z,98.3,98.396,98.04,98.242,98.32,98.417,98.059,98.364
2024-11-27T15:00:00Z,98.214,98.404,97.989,98.105,98.369,98.427,98.006,98.122
2024-11-27T16:00:00Z,98.105,98.249,97.758,97.813,98.119,98.266,97.781,97.835
2024-11-27T17:00:00Z,97.812,97.979,97.703,97.898,97.836,98.001,97.725,97.919
2024-11-27T18:00:00Z,97.893,98.019,97.869,98.001,97.916,98.04,97.892,98.017
2024-11-27T19:00:00Z,98.0,98.122,97.992,98.1,98.017,98.139,98.011,98.117
2024-11-27T20:00:00Z,98.099,98.205,98.098,98.173,98.118,98.227,98.117,98.195
2024-11-27T21:00:00Z,98.175,98.232,98.156,98.163,98.197,98.254,98.187,98.201
2024-11-27T22:00:00Z,98.036,98.151,97.991,98.036,98.269,98.305,98.122,98.132
2024-11-27T23:00:00Z,98.02,98.348,97.959,98.312,98.124,98.369,98.12,98.336
2024-11-28T00:00:00Z,98.312,98.577,98.26,98.548,98.333,98.599,98.279,98.567
2024-11-28T01:00:00Z,98.548,98.606,98.422,98.483,98.568,98.627,98.442,98.501
2024-11-28T02:00:00Z,98.482,98.534,98.393,98.441,98.501,98.553,98.415,98.457
2024-11-28T03:00:00Z,98.438,98.458,98.346,98.372,98.456,98.477,98.368,98.392
2024-11-28T04:00:00Z,98.375,98.42,98.285,98.416,98.393,98.44,98.298,98.434
2024-11-28T05:00:00Z,98.416,98.444,98.282,98.327,98.435,98.462,98.301,98.347
2024-11-28T06:00:00Z,98.326,98.367,98.124,98.277,98.347,98.384,98.146,98.296
2024-11-28T07:00:00Z,98.277,98.393,98.244,98.369,98.298,98.413,98.266,98.387
2024-11-28T08:00:00Z,98.364,98.666,98.309,98.657,98.383,98.686,98.329,98.675
2024-11-28T09:00:00Z,98.657,98.726,98.601,98.676,98.677,98.749,98.623,98.695
2024-11-28T10:00:00Z,98.676,98.718,98.64,98.692,98.698,98.741,98.661,98.71
2024-11-28T11:00:00Z,98.691,98.745,98.615,98.647,98.711,98.767,98.637,98.669
2024-11-28T12:00:00Z,98.649,98.654,98.497,98.562,98.669,98.676,98.515,98.585
2024-11-28T13:00:00Z,98.558,98.611,98.495,98.519,98.58,98.63,98.514,98.54
2024-11-28T14:00:00Z,98.52,98.552,98.432,98.491,98.539,98.571,98.453,98.511
2024-11-28T15:00:00Z,98.491,98.517,98.337,98.474,98.512,98.535,98.355,98.488
2024-11-28T16:00:00Z,98.475,98.522,98.45,98.509,98.49,98.544,98.473,98.529
2024-11-28T17:00:00Z,98.508,98.532,98.477,98.5,98.53,98.555,98.495,98.521
2024-11-28T18:00:00Z,98.499,98.524,98.457,98.517,98.521,98.549,98.476,98.545
2024-11-28T19:00:00Z,98.52,98.53,98.485,98.504,98.546,98.551,98.514,98.53
2024-11-28T20:00:00Z,98.502,98.514,98.462,98.464,98.53,98.539,98.484,98.487
2024-11-28T21:00:00Z,98.45,98.506,98.429,98.466,98.475,98.542,98.457,98.542
2024-11-28T22:00:00Z,98.306,98.502,98.293,98.485,98.531,98.653,98.509,98.552
2024-11-28T23:00:00Z,98.486,98.506,98.185,98.369,98.547,98.557,98.211,98.387
2024-11-29T00:00:00Z,98.366,98.379,97.919,97.953,98.387,98.401,97.941,97.972
2024-11-29T01:00:00Z,97.951,97.955,97.51,97.571,97.973,97.977,97.528,97.589
2024-11-29T02:00:00Z,97.568,97.825,97.567,97.724,97.588,97.848,97.588,97.742
2024-11-29T03:00:00Z,97.726,97.971,97.688,97.871,97.743,97.99,97.711,97.887
2024-11-29T04:00:00Z,97.871,97.89,97.663,97.749,97.888,97.912,97.684,97.771
2024-11-29T05:00:00Z,97.745,97.903,97.723,97.787,97.768,97.921,97.746,97.804
2024-11-29T06:00:00Z,97.782,97.849,97.727,97.805,97.799,97.87,97.749,97.826
2024-11-29T07:00:00Z,97.803,97.813,97.59,97.736,97.825,97.831,97.61,97.76
2024-11-29T08:00:00Z,97.741,97.895,97.664,97.752,97.763,97.915,97.683,97.775
2024-11-29T09:00:00Z,97.751,97.775,97.645,97.718,97.773,97.8,97.666,97.736
2024-11-29T10:00:00Z,97.712,97.811,97.495,97.508,97.735,97.834,97.517,97.531
2024-11-29T11:00:00Z,97.505,97.668,97.44,97.632,97.53,97.688,97.463,97.656
2024-11-29T12:00:00Z,97.631,97.663,97.566,97.632,97.654,97.687,97.586,97.651
2024-11-29T13:00:00Z,97.632,97.676,97.482,97.53,97.652,97.697,97.504,97.549
2024-11-29T14:00:00Z,97.532,97.706,97.48,97.677,97.55,97.729,97.502,97.695
2024-11-29T15:00:00Z,97.674,97.922,97.627,97.821,97.694,97.944,97.648,97.838
2024-11-29T16:00:00Z,97.819,98.024,97.807,97.937,97.837,98.045,97.825,97.958
2024-11-29T17:00:00Z,97.937,97.968,97.518,97.559,97.957,97.989,97.54,97.579
2024-11-29T18:00:00Z,97.555,97.629,97.517,97.581,97.575,97.657,97.539,97.598
2024-11-29T19:00:00Z,97.58,97.64,97.513,97.627,97.598,97.664,97.537,97.646
2024-11-29T20:00:00Z,97.627,97.644,97.572,97.622,97.647,97.694,97.594,97.652
2024-11-29T21:00:00Z,97.619,97.635,97.411,97.418,97.65,97.706,97.553,97.64
2024-12-01T22:00:00Z,97.311,97.483,97.301,97.358,97.523,97.658,97.381,97.445
2024-12-01T23:00:00Z,97.358,97.566,97.222,97.428,97.442,97.59,97.399,97.456
2024-12-02T00:00:00Z,97.434,97.665,97.396,97.564,97.461,97.688,97.41,97.586
2024-12-02T01:00:00Z,97.563,97.904,97.534,97.871,97.588,97.926,97.557,97.894
2024-12-02T02:00:00Z,97.873,97.95,97.776,97.84,97.897,97.968,97.796,97.86
2024-12-02T03:00:00Z,97.841,97.94,97.797,97.803,97.862,97.96,97.816,97.824
2024-12-02T04:00:00Z,97.798,97.866,97.765,97.798,97.821,97.887,97.785,97.819
2024-12-02T05:00:00Z,97.798,98.014,97.759,97.935,97.818,98.034,97.779,97.957
2024-12-02T06:00:00Z,97.934,97.942,97.77,97.831,97.957,97.963,97.793,97.85
2024-12-02T07:00:00Z,97.825,97.879,97.486,97.604,97.841,97.903,97.508,97.624
2024-12-02T08:00:00Z,97.605,97.651,97.482,97.574,97.623,97.674,97.502,97.597
2024-12-02T09:00:00Z,97.572,97.679,97.507,97.631,97.594,97.7,97.528,97.653
2024-12-02T10:00:00Z,97.632,97.672,97.497,97.504,97.652,97.694,97.516,97.525
2024-12-02T11:00:00Z,97.503,97.584,97.414,97.45,97.526,97.605,97.434,97.469
2024-12-02T12:00:00Z,97.45,97.482,97.188,97.247,97.471,97.503,97.207,97.264
2024-12-02T13:00:00Z,97.247,97.33,97.052,97.09,97.265,97.348,97.075,97.109
2024-12-02T14:00:00Z,97.093,97.105,96.717,96.717,97.111,97.124,96.752,96.818
2024-12-02T15:00:00Z,96.716,96.837,96.577,96.616,96.818,96.909,96.597,96.636
2024-12-02T16:00:00Z,96.616,96.661,96.263,96.367,96.634,96.68,96.285,96.39
2024-12-02T17:00:00Z,96.368,96.664,96.352,96.647,96.392,96.686,96.369,96.666
2024-12-02T18:00:00Z,96.648,96.794,96.63,96.767,96.67,96.815,96.652,96.79
2024-12-02T19:00:00Z,96.767,96.815,96.727,96.754,96.789,96.832,96.749,96.775
2024-12-02T20:00:00Z,96.757,96.837,96.72,96.827,96.775,96.858,96.741,96.847
2024-12-02T21:00:00Z,96.819,96.886,96.803,96.839,96.835,96.921,96.827,96.91
2024-12-02T22:00:00Z,96.807,96.86,96.729,96.784,96.917,96.959,96.858,96.858
2024-12-02T23:00:00Z,96.78,97.003,96.767,96.795,96.853,97.025,96.809,96.818
2024-12-03T00:00:00Z,96.792,97.069,96.782,97.031,96.817,97.094,96.806,97.049
2024-12-03T01:00:00Z,97.027,97.052,96.881,96.903,97.047,97.076,96.903,96.926
2024-12-03T02:00:00Z,96.903,96.937,96.753,96.824,96.925,96.957,96.773,96.844
2024-12-03T03:00:00Z,96.825,97.114,96.804,97.084,96.844,97.134,96.827,97.099
2024-12-03T04:00:00Z,97.084,97.165,97.072,97.135,97.101,97.185,97.091,97.151
2024-12-03T05:00:00Z,97.136,97.183,97.039,97.054,97.154,97.204,97.059,97.071
2024-12-03T06:00:00Z,97.051,97.169,97.014,97.112,97.07,97.189,97.035,97.134
2024-12-03T07:00:00Z,97.11,97.286,97.06,97.26,97.131,97.304,97.082,97.279
2024-12-03T08:00:00Z,97.26,97.535,97.251,97.469,97.277,97.555,97.27,97.491
2024-12-03T09:00:00Z,97.471,97.471,97.27,97.306,97.493,97.493,97.289,97.327
2024-12-03T10:00:00Z,97.306,97.417,97.261,97.34,97.325,97.437,97.278,97.357
2024-12-03T11:00:00Z,97.34,97.364,97.121,97.174,97.358,97.385,97.14,97.195
2024-12-03T12:00:00Z,97.174,97.177,96.971,96.989,97.196,97.199,96.993,97.012
2024-12-03T13:00:00Z,96.991,96.995,96.533,96.553,97.01,97.016,96.555,96.572
2024-12-03T14:00:00Z,96.549,96.7,96.344,96.45,96.57,96.721,96.364,96.516
2024-12-03T15:00:00Z,96.449,96.614,96.161,96.602,96.516,96.635,96.179,96.619
2024-12-03T16:00:00Z,96.603,96.822,96.525,96.639,96.624,96.841,96.545,96.662
2024-12-03T17:00:00Z,96.642,96.909,96.622,96.834,96.664,96.93,96.645,96.856
2024-12-03T18:00:00Z,96.836,96.845,96.691,96.748,96.856,96.868,96.713,96.77
2024-12-03T19:00:00Z,96.751,96.896,96.656,96.869,96.77,96.915,96.679,96.891
2024-12-03T20:00:00Z,96.866,96.912,96.831,96.895,96.887,96.932,96.85,96.914
2024-12-03T21:00:00Z,96.897,97.014,96.875,97.006,96.914,97.064,96.899,97.053
2024-12-03T22:00:00Z,96.937,97.02,96.927,97.015,97.038,97.087,97.009,97.081
2024-12-03T23:00:00Z,97.023,97.068,96.971,97.018,97.084,97.09,96.997,97.039
2024-12-04T00:00:00Z,97.017,97.141,96.768,96.882,97.04,97.164,96.794,96.901
2024-12-04T01:00:00Z,96.881,96.986,96.672,96.753,96.901,97.013,96.689,96.773
2024-12-04T02:00:00Z,96.756,96.76,96.23,96.281,96.776,96.78,96.248,96.302
2024-12-04T03:00:00Z,96.281,96.281,95.901,96.176,96.301,96.302,95.924,96.195
2024-12-04T04:00:00Z,96.177,96.528,96.177,96.528,96.195,96.552,96.195,96.552
2024-12-04T05:00:00Z,96.533,96.718,96.432,96.694,96.556,96.739,96.455,96.712
2024-12-04T06:00:00Z,96.693,96.73,96.513,96.643,96.712,96.751,96.534,96.666
2024-12-04T07:00:00Z,96.641,96.843,96.619,96.827,96.663,96.866,96.643,96.845
2024-12-04T08:00:00Z,96.826,96.911,96.572,96.642,96.848,96.934,96.594,96.66
2024-12-04T09:00:00Z,96.642,96.797,96.59,96.675,96.656,96.821,96.61,96.697
2024-12-04T10:00:00Z,96.675,96.782,96.626,96.729,96.699,96.803,96.647,96.749
2024-12-04T11:00:00Z,96.73,96.833,96.678,96.759,96.749,96.857,96.696,96.783
2024-12-04T12:00:00Z,96.761,96.839,96.691,96.781,96.782,96.861,96.713,96.803
2024-12-04T13:00:00Z,96.776,96.81,96.675,96.794,96.798,96.832,96.696,96.811
2024-12-04T14:00:00Z,96.793,96.833,96.681,96.695,96.809,96.852,96.705,96.776
2024-12-04T15:00:00Z,96.685,96.885,96.589,96.754,96.787,96.949,96.67,96.773
2024-12-04T16:00:00Z,96.753,96.781,96.562,96.634,96.774,96.798,96.581,96.654
2024-12-04T17:00:00Z,96.634,96.71,96.552,96.691,96.656,96.731,96.571,96.711
2024-12-04T18:00:00Z,96.692,96.751,96.592,96.714,96.713,96.775,96.613,96.752
2024-12-04T19:00:00Z,96.714,96.86,96.675,96.81,96.753,96.88,96.695,96.829
2024-12-04T20:00:00Z,96.811,97.005,96.808,96.92,96.829,97.022,96.829,96.942
2024-12-04T21:00:00Z,96.923,96.956,96.818,96.827,96.942,96.974,96.85,96.883
2024-12-04T22:00:00Z,96.779,96.779,96.707,96.738,96.906,96.943,96.765,96.802
2024-12-04T23:00:00Z,96.757,96.965,96.741,96.813,96.796,96.985,96.796,96.836
2024-12-05T00:00:00Z,96.811,96.815,96.449,96.475,96.832,96.838,96.468,96.492
2024-12-05T01:00:00Z,96.477,96.913,96.477,96.768,96.499,96.936,96.499,96.793
2024-12-05T02:00:00Z,96.765,96.774,96.626,96.679,96.79,96.796,96.649,96.698
2024-12-05T03:00:00Z,96.682,96.726,96.589,96.703,96.699,96.744,96.607,96.719
2024-12-05T04:00:00Z,96.702,96.757,96.646,96.727,96.719,96.774,96.665,96.749
2024-12-05T05:00:00Z,96.73,96.733,96.393,96.501,96.751,96.754,96.414,96.523
2024-12-05T06:00:00Z,96.501,96.514,96.328,96.43,96.521,96.537,96.348,96.453
2024-12-05T07:00:00Z,96.431,96.641,96.43,96.563,96.451,96.66,96.451,96.586
2024-12-05T08:00:00Z,96.565,96.805,96.476,96.778,96.586,96.827,96.496,96.797
2024-12-05T09:00:00Z,96.778,96.806,96.703,96.765,96.799,96.828,96.723,96.787
2024-12-05T10:00:00Z,96.765,96.821,96.625,96.632,96.786,96.846,96.646,96.654
2024-12-05T11:00:00Z,96.631,96.708,96.608,96.68,96.654,96.728,96.63,96.7
2024-12-05T12:00:00Z,96.678,96.785,96.654,96.766,96.698,96.805,96.674,96.787
2024-12-05T13:00:00Z,96.763,97.042,96.694,97.026,96.786,97.062,96.746,97.046
2024-12-05T14:00:00Z,97.025,97.078,96.894,96.985,97.043,97.099,96.916,97.006
2024-12-05T15:00:00Z,96.982,96.986,96.616,96.68,97.003,97.007,96.634,96.701
2024-12-05T16:00:00Z,96.68,96.757,96.568,96.676,96.702,96.777,96.591,96.697
2024-12-05T17:00:00Z,96.676,96.691,96.545,96.646,96.696,96.71,96.569,96.668
2024-12-05T18:00:00Z,96.647,96.725,96.553,96.709,96.668,96.747,96.573,96.727
2024-12-05T19:00:00Z,96.711,96.805,96.63,96.793,96.73,96.826,96.651,96.812
2024-12-05T20:00:00Z,96.794,96.825,96.761,96.8,96.811,96.844,96.782,96.823
2024-12-05T21:00:00Z,96.799,96.867,96.785,96.822,96.819,96.907,96.806,96.907
2024-12-05T22:00:00Z,96.826,96.842,96.702,96.818,96.903,96.966,96.868,96.887
2024-12-05T23:00:00Z,96.81,96.912,96.758,96.83,96.89,96.933,96.848,96.853
2024-12-06T00:00:00Z,96.831,96.887,96.59,96.668,96.855,96.909,96.61,96.692
2024-12-06T01:00:00Z,96.665,96.711,96.366,96.373,96.688,96.731,96.387,96.391
2024-12-06T02:00:00Z,96.374,96.499,96.291,96.352,96.389,96.523,96.313,96.373
2024-12-06T03:00:00Z,96.35,96.486,96.346,96.449,96.372,96.507,96.365,96.466
2024-12-06T04:00:00Z,96.45,96.455,96.353,96.423,96.466,96.477,96.375,96.446
2024-12-06T05:00:00Z,96.424,96.465,96.349,96.434,96.446,96.485,96.372,96.452
2024-12-06T06:00:00Z,96.432,96.453,96.255,96.319,96.452,96.475,96.271,96.342
2024-12-06T07:00:00Z,96.314,96.512,96.263,96.497,96.338,96.534,96.282,96.518
2024-12-06T08:00:00Z,96.501,96.649,96.499,96.616,96.521,96.67,96.52,96.633
2024-12-06T09:00:00Z,96.615,96.79,96.609,96.755,96.633,96.811,96.63,96.774
2024-12-06T10:00:00Z,96.758,96.771,96.662,96.676,96.779,96.792,96.681,96.696
2024-12-06T11:00:00Z,96.678,96.718,96.535,96.563,96.696,96.74,96.555,96.582
2024-12-06T12:00:00Z,96.56,96.674,96.463,96.469,96.582,96.694,96.484,96.49
2024-12-06T13:00:00Z,96.471,96.709,96.284,96.289,96.49,96.732,96.305,96.311
2024-12-06T14:00:00Z,96.29,96.321,95.923,95.962,96.309,96.341,95.943,96.001
2024-12-06T15:00:00Z,95.964,96.021,95.651,95.755,96.009,96.051,95.672,95.772
2024-12-06T16:00:00Z,95.758,95.873,95.574,95.58,95.775,95.894,95.594,95.603
2024-12-06T17:00:00Z,95.58,95.665,95.512,95.649,95.604,95.687,95.535,95.67
2024-12-06T18:00:00Z,95.65,95.784,95.619,95.678,95.669,95.807,95.639,95.699
2024-12-06T19:00:00Z,95.675,95.768,95.654,95.749,95.699,95.789,95.675,95.772
2024-12-06T20:00:00Z,95.747,95.848,95.737,95.815,95.767,95.868,95.758,95.834
2024-12-06T21:00:00Z,95.813,95.895,95.793,95.825,95.831,96.034,95.82,95.922
2024-12-08T22:00:00Z,95.725,95.948,95.725,95.903,95.975,96.084,95.957,95.987
2024-12-08T23:00:00Z,95.904,96.043,95.861,95.913,95.989,96.066,95.896,95.938
2024-12-09T00:00:00Z,95.914,95.914,95.634,95.813,95.938,95.938,95.652,95.836
2024-12-09T01:00:00Z,95.813,96.032,95.779,95.88,95.834,96.056,95.803,95.898
2024-12-09T02:00:00Z,95.88,96.009,95.824,95.895,95.899,96.033,95.844,95.918
2024-12-09T03:00:00Z,95.895,95.908,95.736,95.742,95.92,95.927,95.757,95.763
2024-12-09T04:00:00Z,95.744,95.797,95.608,95.65,95.764,95.821,95.63,95.671
2024-12-09T05:00:00Z,95.651,95.754,95.636,95.747,95.674,95.777,95.657,95.769
2024-12-09T06:00:00Z,95.749,95.92,95.739,95.909,95.773,95.941,95.76,95.926
2024-12-09T07:00:00Z,95.909,96.565,95.839,96.56,95.928,96.587,95.864,96.579
2024-12-09T08:00:00Z,96.56,96.812,96.516,96.805,96.577,96.829,96.537,96.827
2024-12-09T09:00:00Z,96.805,96.965,96.777,96.857,96.826,96.986,96.8,96.878
2024-12-09T10:00:00Z,96.852,97.013,96.845,96.968,96.872,97.034,96.867,96.99
2024-12-09T11:00:00Z,96.97,97.048,96.911,96.935,96.99,97.066,96.932,96.956
2024-12-09T12:00:00Z,96.937,97.198,96.885,97.182,96.957,97.216,96.903,97.201
2024-12-09T13:00:00Z,97.184,97.563,97.175,97.519,97.201,97.584,97.195,97.541
2024-12-09T14:00:00Z,97.518,97.549,97.302,97.492,97.541,97.57,97.319,97.513
2024-12-09T15:00:00Z,97.489,97.769,97.471,97.656,97.511,97.789,97.491,97.674
2024-12-09T16:00:00Z,97.657,97.731,97.569,97.69,97.676,97.752,97.59,97.706
2024-12-09T17:00:00Z,97.687,97.792,97.668,97.671,97.707,97.811,97.687,97.69
2024-12-09T18:00:00Z,97.672,97.672,97.563,97.58,97.692,97.692,97.583,97.597
2024-12-09T19:00:00Z,97.575,97.581,97.418,97.452,97.594,97.599,97.438,97.472
2024-12-09T20:00:00Z,97.453,97.465,97.26,97.334,97.471,97.485,97.277,97.353
2024-12-09T21:00:00Z,97.333,97.384,97.285,97.364,97.353,97.424,97.308,97.403
2024-12-09T22:00:00Z,97.256,97.432,97.18,97.39,97.474,97.546,97.408,97.444
2024-12-09T23:00:00Z,97.392,97.471,97.337,97.447,97.445,97.501,97.407,97.471
2024-12-10T00:00:00Z,97.447,97.458,97.252,97.37,97.473,97.484,97.275,97.39
2024-12-10T01:00:00Z,97.369,97.416,97.121,97.196,97.387,97.437,97.142,97.218
2024-12-10T02:00:00Z,97.194,97.232,97.003,97.014,97.218,97.253,97.02,97.037
2024-12-10T03:00:00Z,97.009,97.046,96.44,96.574,97.032,97.068,96.47,96.596
2024-12-10T04:00:00Z,96.574,96.752,96.47,96.479,96.595,96.777,96.492,96.5
2024-12-10T05:00:00Z,96.477,96.714,96.443,96.536,96.5,96.735,96.467,96.559
2024-12-10T06:00:00Z,96.536,96.786,96.52,96.774,96.56,96.81,96.541,96.798
2024-12-10T07:00:00Z,96.771,96.822,96.682,96.724,96.795,96.843,96.705,96.745
2024-12-10T08:00:00Z,96.727,96.942,96.725,96.929,96.747,96.965,96.747,96.95
2024-12-10T09:00:00Z,96.93,96.947,96.822,96.925,96.953,96.969,96.841,96.948
2024-12-10T10:00:00Z,96.925,96.995,96.906,96.976,96.949,97.014,96.928,96.994
2024-12-10T11:00:00Z,96.974,97.071,96.911,97.057,96.994,97.093,96.934,97.08
2024-12-10T12:00:00Z,97.058,97.13,96.831,97.118,97.08,97.148,96.854,97.139
2024-12-10T13:00:00Z,97.119,97.149,96.887,96.977,97.139,97.166,96.904,96.997
2024-12-10T14:00:00Z,96.974,97.022,96.847,96.918,96.993,97.043,96.867,96.939
2024-12-10T15:00:00Z,96.919,96.953,96.818,96.886,96.937,96.971,96.835,96.903
2024-12-10T16:00:00Z,96.887,96.961,96.822,96.938,96.9,96.979,96.841,96.952
2024-12-10T17:00:00Z,96.938,96.965,96.872,96.937,96.953,96.979,96.892,96.957
2024-12-10T18:00:00Z,96.935,96.988,96.914,96.924,96.956,97.007,96.933,96.943
2024-12-10T19:00:00Z,96.929,96.958,96.902,96.947,96.947,96.976,96.921,96.966
2024-12-10T20:00:00Z,96.947,96.955,96.881,96.912,96.964,96.973,96.895,96.931
2024-12-10T21:00:00Z,96.915,96.938,96.867,96.898,96.934,96.961,96.883,96.942
2024-12-10T22:00:00Z,96.771,96.937,96.771,96.895,96.993,97.004,96.942,96.951
2024-12-10T23:00:00Z,96.896,96.965,96.782,96.8,96.941,96.999,96.802,96.82
2024-12-11T00:00:00Z,96.8,96.855,96.655,96.708,96.821,96.875,96.676,96.73
2024-12-11T01:00:00Z,96.704,96.842,96.704,96.79,96.727,96.863,96.727,96.811
2024-12-11T02:00:00Z,96.79,96.808,96.644,96.644,96.809,96.83,96.666,96.667
2024-12-11T03:00:00Z,96.642,96.846,96.615,96.721,96.666,96.867,96.636,96.744
2024-12-11T04:00:00Z,96.718,96.731,96.529,96.582,96.741,96.753,96.55,96.604
2024-12-11T05:00:00Z,96.583,96.733,96.539,96.684,96.604,96.754,96.556,96.706
2024-12-11T06:00:00Z,96.681,96.738,96.611,96.709,96.704,96.758,96.631,96.733
2024-12-11T07:00:00Z,96.711,96.733,96.112,96.291,96.734,96.754,96.134,96.312
2024-12-11T08:00:00Z,96.295,96.467,96.233,96.4,96.314,96.489,96.257,96.417
2024-12-11T09:00:00Z,96.399,96.919,95.977,96.893,96.417,96.939,96.011,96.913
2024-12-11T10:00:00Z,96.893,96.902,96.739,96.84,96.914,96.926,96.758,96.855
2024-12-11T11:00:00Z,96.837,96.899,96.81,96.887,96.853,96.918,96.829,96.91
2024-12-11T12:00:00Z,96.885,97.116,96.882,97.023,96.909,97.138,96.903,97.043
2024-12-11T13:00:00Z,97.025,97.241,96.87,96.974,97.046,97.292,96.893,96.997
2024-12-11T14:00:00Z,96.968,97.018,96.637,96.799,96.991,97.036,96.659,96.82
2024-12-11T15:00:00Z,96.804,97.072,96.739,97.033,96.825,97.088,96.758,97.053
2024-12-11T16:00:00Z,97.036,97.127,97.024,97.125,97.055,97.149,97.042,97.144
2024-12-11T17:00:00Z,97.125,97.194,97.032,97.054,97.146,97.213,97.052,97.078
2024-12-11T18:00:00Z,97.055,97.187,97.033,97.153,97.078,97.207,97.055,97.178
2024-12-11T19:00:00Z,97.154,97.236,97.138,97.231,97.177,97.255,97.16,97.252
2024-12-11T20:00:00Z,97.234,97.246,97.175,97.211,97.255,97.266,97.195,97.229
2024-12-11T21:00:00Z,97.211,97.226,97.067,97.096,97.228,97.247,97.099,97.142
2024-12-11T22:00:00Z,96.973,97.113,96.925,97.11,97.212,97.218,97.1,97.17
2024-12-11T23:00:00Z,97.11,97.206,97.087,97.165,97.169,97.227,97.115,97.184
2024-12-12T00:00:00Z,97.164,97.662,97.019,97.449,97.184,97.687,97.042,97.471
2024-12-12T01:00:00Z,97.45,97.514,97.343,97.425,97.471,97.538,97.368,97.448
2024-12-12T02:00:00Z,97.424,97.589,97.405,97.571,97.446,97.608,97.426,97.586
2024-12-12T03:00:00Z,97.572,97.782,97.556,97.751,97.586,97.802,97.576,97.771
2024-12-12T04:00:00Z,97.751,97.776,97.601,97.64,97.77,97.8,97.623,97.659
2024-12-12T05:00:00Z,97.64,97.909,97.631,97.847,97.662,97.929,97.654,97.868
2024-12-12T06:00:00Z,97.848,98.057,97.848,97.901,97.868,98.078,97.867,97.923
2024-12-12T07:00:00Z,97.899,97.935,97.81,97.871,97.92,97.956,97.835,97.894
2024-12-12T08:00:00Z,97.868,97.95,97.61,97.657,97.89,97.974,97.629,97.68
2024-12-12T09:00:00Z,97.659,97.872,97.628,97.831,97.682,97.896,97.648,97.854
2024-12-12T10:00:00Z,97.831,97.865,97.462,97.552,97.853,97.888,97.484,97.57
2024-12-12T11:00:00Z,97.552,97.73,97.375,97.434,97.568,97.756,97.395,97.454
2024-12-12T12:00:00Z,97.437,97.497,97.297,97.357,97.459,97.517,97.32,97.381
2024-12-12T13:00:00Z,97.357,97.376,97.093,97.261,97.378,97.433,97.111,97.28
2024-12-12T14:00:00Z,97.265,97.467,97.102,97.396,97.279,97.487,97.124,97.417
2024-12-12T15:00:00Z,97.395,97.442,96.957,97.16,97.418,97.466,96.978,97.179
2024-12-12T16:00:00Z,97.16,97.22,97.095,97.116,97.18,97.235,97.112,97.135
2024-12-12T17:00:00Z,97.114,97.237,97.08,97.136,97.135,97.258,97.1,97.156
2024-12-12T18:00:00Z,97.136,97.23,97.115,97.14,97.158,97.251,97.136,97.16
2024-12-12T19:00:00Z,97.14,97.173,97.044,97.065,97.161,97.194,97.065,97.084
2024-12-12T20:00:00Z,97.066,97.144,97.041,97.135,97.084,97.165,97.057,97.154
2024-12-12T21:00:00Z,97.137,97.218,97.121,97.193,97.154,97.245,97.142,97.232
2024-12-12T22:00:00Z,97.099,97.163,96.99,97.11,97.301,97.301,97.123,97.181
2024-12-12T23:00:00Z,97.108,97.227,97.075,97.211,97.18,97.251,97.107,97.232
2024-12-13T00:00:00Z,97.212,97.399,97.172,97.302,97.237,97.418,97.196,97.317
2024-12-13T01:00:00Z,97.302,97.367,97.124,97.188,97.318,97.389,97.14,97.205
2024-12-13T02:00:00Z,97.188,97.247,97.004,97.214,97.204,97.268,97.02,97.235
2024-12-13T03:00:00Z,97.214,97.357,97.214,97.271,97.234,97.379,97.234,97.288
2024-12-13T04:00:00Z,97.27,97.434,97.255,97.376,97.288,97.453,97.276,97.399
2024-12-13T05:00:00Z,97.379,97.419,97.27,97.287,97.401,97.441,97.287,97.308
2024-12-13T06:00:00Z,97.288,97.336,97.124,97.206,97.306,97.358,97.143,97.225
2024-12-13T07:00:00Z,97.204,97.345,97.155,97.309,97.22,97.364,97.175,97.327
2024-12-13T08:00:00Z,97.307,97.489,97.295,97.483,97.324,97.51,97.316,97.502
2024-12-13T09:00:00Z,97.486,97.715,97.479,97.663,97.502,97.738,97.502,97.685
2024-12-13T10:00:00Z,97.663,97.813,97.65,97.769,97.686,97.831,97.666,97.791
2024-12-13T11:00:00Z,97.77,97.887,97.761,97.863,97.793,97.907,97.781,97.884
2024-12-13T12:00:00Z,97.862,97.914,97.761,97.914,97.884,97.935,97.782,97.934
2024-12-13T13:00:00Z,97.915,97.959,97.774,97.808,97.937,97.975,97.797,97.829
2024-12-13T14:00:00Z,97.811,97.861,97.723,97.766,97.829,97.879,97.741,97.78
2024-12-13T15:00:00Z,97.766,97.766,97.557,97.712,97.781,97.785,97.579,97.728
2024-12-13T16:00:00Z,97.712,97.789,97.604,97.727,97.729,97.807,97.621,97.746
2024-12-13T17:00:00Z,97.727,97.75,97.662,97.695,97.747,97.769,97.681,97.712
2024-12-13T18:00:00Z,97.696,97.761,97.671,97.708,97.717,97.782,97.687,97.728
2024-12-13T19:00:00Z,97.708,97.765,97.681,97.69,97.726,97.783,97.701,97.707
2024-12-13T20:00:00Z,97.692,97.705,97.656,97.669,97.71,97.724,97.676,97.687
2024-12-13T21:00:00Z,97.669,97.746,97.528,97.574,97.688,97.937,97.666,97.803
2024-12-15T22:00:00Z,97.557,97.705,97.492,97.658,97.67,97.778,97.628,97.733
2024-12-15T23:00:00Z,97.649,97.774,97.621,97.697,97.724,97.795,97.665,97.717
2024-12-16T00:00:00Z,97.699,98.004,97.629,97.886,97.719,98.025,97.65,97.904
2024-12-16T01:00:00Z,97.886,98.078,97.884,98.06,97.905,98.099,97.901,98.082
2024-12-16T02:00:00Z,98.052,98.124,97.891,97.929,98.07,98.146,97.911,97.949
2024-12-16T03:00:00Z,97.93,98.035,97.854,98.033,97.952,98.056,97.875,98.054
2024-12-16T04:00:00Z,98.034,98.197,98.001,98.021,98.052,98.212,98.023,98.04
2024-12-16T05:00:00Z,98.022,98.062,97.916,97.948,98.04,98.079,97.937,97.969
2024-12-16T06:00:00Z,97.949,97.998,97.842,97.849,97.969,98.014,97.861,97.87
2024-12-16T07:00:00Z,97.845,97.938,97.768,97.79,97.867,97.957,97.788,97.808
2024-12-16T08:00:00Z,97.789,97.95,97.761,97.857,97.808,97.968,97.781,97.878
2024-12-16T09:00:00Z,97.862,97.959,97.814,97.891,97.879,97.98,97.833,97.909
2024-12-16T10:00:00Z,97.89,97.914,97.699,97.717,97.909,97.935,97.719,97.739
2024-12-16T11:00:00Z,97.717,97.74,97.622,97.711,97.738,97.759,97.64,97.729
2024-12-16T12:00:00Z,97.708,97.969,97.706,97.944,97.729,97.99,97.722,97.962
2024-12-16T13:00:00Z,97.944,98.007,97.89,97.958,97.961,98.026,97.91,97.977
2024-12-16T14:00:00Z,97.961,98.011,97.786,98.011,97.979,98.032,97.886,98.032
2024-12-16T15:00:00Z,98.014,98.254,97.98,98.242,98.032,98.272,97.996,98.26
2024-12-16T16:00:00Z,98.244,98.256,98.155,98.209,98.259,98.275,98.172,98.229
2024-12-16T17:00:00Z,98.206,98.274,98.157,98.22,98.225,98.293,98.171,98.238
2024-12-16T18:00:00Z,98.217,98.238,98.146,98.195,98.238,98.256,98.165,98.212
2024-12-16T19:00:00Z,98.194,98.2,98.075,98.145,98.21,98.219,98.091,98.163
2024-12-16T20:00:00Z,98.145,98.178,98.108,98.164,98.164,98.196,98.127,98.179
2024-12-16T21:00:00Z,98.174,98.217,98.151,98.185,98.187,98.241,98.166,98.226
2024-12-16T22:00:00Z,98.087,98.215,98.032,98.164,98.29,98.375,98.202,98.235
2024-12-16T23:00:00Z,98.169,98.337,98.161,98.249,98.24,98.358,98.212,98.269
2024-12-17T00:00:00Z,98.246,98.34,98.19,98.202,98.268,98.361,98.209,98.221
2024-12-17T01:00:00Z,98.2,98.248,98.096,98.202,98.219,98.269,98.115,98.224
2024-12-17T02:00:00Z,98.203,98.211,97.977,98.035,98.224,98.233,97.994,98.051
2024-12-17T03:00:00Z,98.035,98.075,97.884,97.988,98.05,98.091,97.902,98.008
2024-12-17T04:00:00Z,97.989,98.126,97.911,97.911,98.008,98.148,97.932,97.932
2024-12-17T05:00:00Z,97.912,97.986,97.827,97.872,97.932,98.006,97.845,97.893
2024-12-17T06:00:00Z,97.872,97.943,97.734,97.837,97.894,97.962,97.755,97.861
2024-12-17T07:00:00Z,97.84,97.95,97.779,97.834,97.862,97.968,97.797,97.853
2024-12-17T08:00:00Z,97.835,97.857,97.562,97.598,97.851,97.878,97.58,97.618
2024-12-17T09:00:00Z,97.595,97.675,97.495,97.528,97.614,97.697,97.511,97.547
2024-12-17T10:00:00Z,97.525,97.572,97.429,97.539,97.544,97.596,97.451,97.559
2024-12-17T11:00:00Z,97.543,97.642,97.437,97.621,97.561,97.662,97.46,97.641
2024-12-17T12:00:00Z,97.624,97.668,97.572,97.605,97.644,97.686,97.594,97.625
2024-12-17T13:00:00Z,97.606,97.692,97.486,97.655,97.628,97.711,97.509,97.674
2024-12-17T14:00:00Z,97.656,97.661,97.396,97.399,97.674,97.683,97.415,97.418
2024-12-17T15:00:00Z,97.4,97.4,97.239,97.34,97.418,97.418,97.258,97.357
2024-12-17T16:00:00Z,97.34,97.369,97.208,97.216,97.356,97.386,97.229,97.237
2024-12-17T17:00:00Z,97.218,97.238,97.118,97.184,97.237,97.26,97.139,97.205
2024-12-17T18:00:00Z,97.182,97.236,97.095,97.158,97.203,97.259,97.112,97.179
2024-12-17T19:00:00Z,97.158,97.208,97.13,97.139,97.18,97.229,97.15,97.16
2024-12-17T20:00:00Z,97.14,97.247,97.116,97.239,97.16,97.267,97.136,97.259
2024-12-17T21:00:00Z,97.237,97.291,97.203,97.21,97.258,97.328,97.255,97.3
2024-12-17T22:00:00Z,97.242,97.271,97.137,97.224,97.311,97.422,97.289,97.296
2024-12-17T23:00:00Z,97.231,97.347,97.164,97.343,97.303,97.37,97.2,97.366
2024-12-18T00:00:00Z,97.344,97.415,97.281,97.316,97.365,97.433,97.302,97.337
2024-12-18T01:00:00Z,97.32,97.352,97.138,97.2,97.341,97.371,97.158,97.221
2024-12-18T02:00:00Z,97.199,97.265,97.058,97.215,97.215,97.284,97.079,97.236
2024-12-18T03:00:00Z,97.214,97.233,97.006,97.042,97.234,97.251,97.027,97.062
2024-12-18T04:00:00Z,97.042,97.067,96.837,96.861,97.064,97.088,96.851,96.882
2024-12-18T05:00:00Z,96.861,96.904,96.79,96.809,96.88,96.923,96.811,96.828
2024-12-18T06:00:00Z,96.806,97.032,96.802,97.014,96.826,97.051,96.823,97.035
2024-12-18T07:00:00Z,97.017,97.068,96.94,96.971,97.037,97.087,96.96,96.99
2024-12-18T08:00:00Z,96.974,96.998,96.879,96.928,96.991,97.017,96.902,96.943
2024-12-18T09:00:00Z,96.928,97.056,96.866,96.886,96.947,97.078,96.886,96.907
2024-12-18T10:00:00Z,96.883,96.993,96.881,96.965,96.905,97.014,96.903,96.986
2024-12-18T11:00:00Z,96.965,97.055,96.938,97.023,96.984,97.078,96.958,97.044
2024-12-18T12:00:00Z,97.023,97.221,97.02,97.22,97.042,97.244,97.038,97.241
2024-12-18T13:00:00Z,97.22,97.337,97.202,97.269,97.24,97.355,97.224,97.289
2024-12-18T14:00:00Z,97.268,97.323,97.174,97.259,97.289,97.341,97.195,97.279
2024-12-18T15:00:00Z,97.262,97.262,97.11,97.119,97.281,97.281,97.128,97.134
2024-12-18T16:00:00Z,97.119,97.152,97.016,97.023,97.135,97.169,97.035,97.042
2024-12-18T17:00:00Z,97.021,97.034,96.935,96.943,97.042,97.051,96.949,96.963
2024-12-18T18:00:00Z,96.944,96.986,96.882,96.882,96.963,97.009,96.901,97.0
2024-12-18T19:00:00Z,96.881,97.006,96.479,96.508,97.003,97.15,96.499,96.528
2024-12-18T20:00:00Z,96.511,96.519,96.166,96.29,96.531,96.537,96.186,96.313
2024-12-18T21:00:00Z,96.288,96.332,96.163,96.224,96.312,96.356,96.191,96.31
2024-12-18T22:00:00Z,96.184,96.28,96.132,96.136,96.315,96.399,96.2,96.208
2024-12-18T23:00:00Z,96.136,96.233,95.794,95.959,96.207,96.258,95.817,95.985
2024-12-19T00:00:00Z,95.962,96.34,95.894,96.286,95.987,96.358,95.913,96.308
2024-12-19T01:00:00Z,96.289,96.386,96.199,96.253,96.31,96.406,96.222,96.27
2024-12-19T02:00:00Z,96.253,96.688,96.135,96.632,96.271,96.715,96.156,96.653
2024-12-19T03:00:00Z,96.631,96.885,96.55,96.7,96.654,96.909,96.57,96.719
2024-12-19T04:00:00Z,96.697,96.709,96.566,96.669,96.717,96.733,96.585,96.695
2024-12-19T05:00:00Z,96.667,96.747,96.481,96.496,96.692,96.77,96.503,96.521
2024-12-19T06:00:00Z,96.492,97.288,96.492,97.251,96.517,97.312,96.517,97.274
2024-12-19T07:00:00Z,97.256,97.747,97.25,97.577,97.277,97.771,97.271,97.603
2024-12-19T08:00:00Z,97.576,98.072,97.545,97.905,97.6,98.092,97.562,97.927
2024-12-19T09:00:00Z,97.902,98.055,97.753,98.036,97.926,98.078,97.777,98.058
2024-12-19T10:00:00Z,98.028,98.066,97.858,98.022,98.053,98.087,97.878,98.045
2024-12-19T11:00:00Z,98.022,98.15,97.902,97.919,98.044,98.17,97.922,97.943
2024-12-19T12:00:00Z,97.919,98.12,97.907,98.068,97.942,98.141,97.928,98.088
2024-12-19T13:00:00Z,98.07,98.17,97.863,98.096,98.092,98.253,97.886,98.119
2024-12-19T14:00:00Z,98.096,98.513,98.096,98.402,98.118,98.532,98.118,98.438
2024-12-19T15:00:00Z,98.405,98.659,98.345,98.617,98.438,98.677,98.365,98.636
2024-12-19T16:00:00Z,98.619,98.728,98.531,98.571,98.638,98.75,98.547,98.593
2024-12-19T17:00:00Z,98.57,98.625,98.47,98.508,98.591,98.645,98.493,98.529
2024-12-19T18:00:00Z,98.504,98.572,98.391,98.491,98.528,98.596,98.413,98.512
2024-12-19T19:00:00Z,98.486,98.534,98.242,98.262,98.507,98.553,98.258,98.281
2024-12-19T20:00:00Z,98.266,98.298,98.178,98.197,98.283,98.317,98.198,98.214
2024-12-19T21:00:00Z,98.191,98.23,98.134,98.185,98.211,98.264,98.154,98.245
2024-12-19T22:00:00Z,98.064,98.193,98.039,98.13,98.3,98.326,98.186,98.195
2024-12-19T23:00:00Z,98.136,98.251,98.103,98.223,98.2,98.275,98.142,98.247
2024-12-20T00:00:00Z,98.22,98.402,98.185,98.19,98.246,98.425,98.208,98.212
2024-12-20T01:00:00Z,98.188,98.221,97.839,97.968,98.212,98.245,97.862,97.99
2024-12-20T02:00:00Z,97.968,98.018,97.653,97.744,97.991,98.039,97.676,97.765
2024-12-20T03:00:00Z,97.748,97.822,97.56,97.706,97.773,97.846,97.582,97.729
2024-12-20T04:00:00Z,97.708,97.929,97.707,97.909,97.729,97.948,97.728,97.931
2024-12-20T05:00:00Z,97.912,97.927,97.691,97.735,97.932,97.943,97.711,97.757
2024-12-20T06:00:00Z,97.739,98.066,97.631,97.984,97.759,98.087,97.655,98.005
2024-12-20T07:00:00Z,97.985,97.985,97.789,97.95,98.007,98.007,97.811,97.969
2024-12-20T08:00:00Z,97.953,98.025,97.804,97.864,97.974,98.048,97.821,97.885
2024-12-20T09:00:00Z,97.866,97.887,97.593,97.679,97.888,97.908,97.607,97.7
2024-12-20T10:00:00Z,97.679,97.706,97.562,97.646,97.699,97.727,97.581,97.669
2024-12-20T11:00:00Z,97.643,97.65,97.562,97.608,97.665,97.669,97.582,97.628
2024-12-20T12:00:00Z,97.61,97.778,97.599,97.703,97.63,97.799,97.622,97.724
2024-12-20T13:00:00Z,97.703,97.75,97.58,97.595,97.723,97.772,97.601,97.614
2024-12-20T14:00:00Z,97.59,97.683,97.427,97.643,97.612,97.704,97.445,97.683
2024-12-20T15:00:00Z,97.643,98.027,97.629,97.752,97.692,98.047,97.668,97.77
2024-12-20T16:00:00Z,97.754,97.852,97.704,97.796,97.772,97.873,97.727,97.817
2024-12-20T17:00:00Z,97.799,97.902,97.746,97.776,97.817,97.921,97.767,97.797
2024-12-20T18:00:00Z,97.775,97.819,97.718,97.729,97.798,97.838,97.737,97.748
2024-12-20T19:00:00Z,97.728,97.864,97.703,97.762,97.746,97.879,97.722,97.781
2024-12-20T20:00:00Z,97.762,97.816,97.715,97.776,97.78,97.834,97.735,97.794
2024-12-20T21:00:00Z,97.776,97.821,97.732,97.766,97.795,97.86,97.755,97.843
2024-12-22T22:00:00Z,97.702,97.841,97.702,97.783,97.95,97.999,97.809,97.895
2024-12-22T23:00:00Z,97.779,97.935,97.756,97.904,97.898,97.985,97.8,97.929
2024-12-23T00:00:00Z,97.914,97.918,97.797,97.821,97.933,97.941,97.821,97.843
2024-12-23T01:00:00Z,97.821,97.903,97.763,97.842,97.841,97.926,97.786,97.866
2024-12-23T02:00:00Z,97.834,97.958,97.792,97.955,97.858,97.977,97.814,97.973
2024-12-23T03:00:00Z,97.953,97.984,97.8,97.813,97.973,98.006,97.819,97.835
2024-12-23T04:00:00Z,97.811,98.005,97.794,97.976,97.834,98.027,97.814,97.996
2024-12-23T05:00:00Z,97.977,98.053,97.945,98.05,97.996,98.071,97.96,98.07
2024-12-23T06:00:00Z,98.052,98.063,97.958,97.992,98.07,98.087,97.981,98.014
2024-12-23T07:00:00Z,97.991,98.042,97.905,97.968,98.014,98.064,97.927,97.987
2024-12-23T08:00:00Z,97.97,98.001,97.816,97.935,97.991,98.025,97.835,97.958
2024-12-23T09:00:00Z,97.937,98.124,97.894,98.054,97.961,98.141,97.918,98.073
2024-12-23T10:00:00Z,98.05,98.059,97.946,97.968,98.07,98.08,97.969,97.993
2024-12-23T11:00:00Z,97.968,98.038,97.875,97.922,97.994,98.063,97.895,97.943
2024-12-23T12:00:00Z,97.922,98.081,97.831,98.038,97.945,98.1,97.851,98.06
2024-12-23T13:00:00Z,98.035,98.069,97.91,97.912,98.06,98.086,97.928,97.928
2024-12-23T14:00:00Z,97.91,97.946,97.809,97.861,97.929,97.968,97.826,97.928
2024-12-23T15:00:00Z,97.864,97.949,97.735,97.89,97.928,97.969,97.759,97.908
2024-12-23T16:00:00Z,97.889,98.037,97.806,98.007,97.908,98.055,97.822,98.023
2024-12-23T17:00:00Z,98.006,98.156,98.0,98.12,98.024,98.177,98.016,98.142
2024-12-23T18:00:00Z,98.122,98.186,98.092,98.158,98.144,98.204,98.109,98.175
2024-12-23T19:00:00Z,98.158,98.167,98.091,98.146,98.176,98.186,98.109,98.162
2024-12-23T20:00:00Z,98.144,98.233,98.083,98.187,98.162,98.252,98.102,98.208
2024-12-23T21:00:00Z,98.187,98.215,98.156,98.166,98.207,98.251,98.176,98.247
2024-12-23T22:00:00Z,98.172,98.172,98.047,98.062,98.259,98.276,98.124,98.129
2024-12-23T23:00:00Z,98.065,98.171,98.03,98.084,98.132,98.195,98.068,98.106
2024-12-24T00:00:00Z,98.086,98.162,98.032,98.111,98.111,98.185,98.056,98.137
2024-12-24T01:00:00Z,98.111,98.119,97.855,97.941,98.136,98.145,97.877,97.967
2024-12-24T02:00:00Z,97.944,98.064,97.824,97.843,97.968,98.087,97.845,97.868
2024-12-24T03:00:00Z,97.843,97.936,97.741,97.928,97.869,97.958,97.762,97.948
2024-12-24T04:00:00Z,97.925,97.962,97.805,97.913,97.945,97.983,97.827,97.937
2024-12-24T05:00:00Z,97.915,97.95,97.819,97.944,97.937,97.974,97.839,97.961
2024-12-24T06:00:00Z,97.945,98.099,97.845,98.068,97.96,98.118,97.867,98.088
2024-12-24T07:00:00Z,98.069,98.09,97.953,98.009,98.09,98.113,97.975,98.028
2024-12-24T08:00:00Z,98.008,98.035,97.889,97.97,98.03,98.06,97.91,97.989
2024-12-24T09:00:00Z,97.97,97.995,97.884,97.909,97.988,98.019,97.907,97.93
2024-12-24T10:00:00Z,97.908,97.914,97.845,97.881,97.93,97.938,97.869,97.902
2024-12-24T11:00:00Z,97.88,97.911,97.84,97.881,97.902,97.935,97.864,97.905
2024-12-24T12:00:00Z,97.881,97.889,97.776,97.817,97.904,97.913,97.801,97.84
2024-12-24T13:00:00Z,97.816,97.997,97.81,97.988,97.838,98.019,97.829,98.009
2024-12-24T14:00:00Z,97.988,98.086,97.956,98.059,98.01,98.11,97.975,98.083
2024-12-24T15:00:00Z,98.062,98.109,97.923,97.937,98.086,98.132,97.943,97.953
2024-12-24T16:00:00Z,97.938,98.001,97.896,97.904,97.952,98.02,97.918,97.924
2024-12-24T17:00:00Z,97.904,98.01,97.89,97.923,97.923,98.031,97.91,97.944
2024-12-24T18:00:00Z,97.923,98.023,97.919,97.991,97.943,98.08,97.943,98.055
2024-12-24T19:00:00Z,97.993,98.095,97.846,98.006,98.056,98.212,98.043,98.158
2024-12-24T20:00:00Z,98.006,98.062,97.859,97.965,98.159,98.183,98.07,98.175
2024-12-24T21:00:00Z,97.933,98.056,97.87,97.974,98.175,98.276,98.08,98.224
2024-12-25T22:00:00Z,97.913,97.913,97.913,97.913,98.163,98.163,98.163,98.163
2024-12-25T23:00:00Z,97.986,98.203,97.917,98.09,98.111,98.241,98.035,98.118
2024-12-26T00:00:00Z,98.09,98.233,98.036,98.188,98.115,98.257,98.062,98.215
2024-12-26T01:00:00Z,98.186,98.296,98.105,98.269,98.213,98.323,98.13,98.296
2024-12-26T02:00:00Z,98.267,98.383,98.262,98.357,98.294,98.406,98.287,98.381
2024-12-26T03:00:00Z,98.357,98.435,98.328,98.333,98.38,98.459,98.355,98.358
2024-12-26T04:00:00Z,98.33,98.331,98.188,98.208,98.358,98.358,98.214,98.233
2024-12-26T05:00:00Z,98.207,98.281,98.116,98.143,98.234,98.304,98.138,98.162
2024-12-26T06:00:00Z,98.142,98.205,98.105,98.119,98.163,98.226,98.127,98.142
2024-12-26T07:00:00Z,98.12,98.19,98.047,98.145,98.142,98.21,98.073,98.17
2024-12-26T08:00:00Z,98.143,98.145,97.962,97.962,98.17,98.171,97.986,97.987
2024-12-26T09:00:00Z,97.962,98.022,97.898,98.008,97.984,98.044,97.922,98.034
2024-12-26T10:00:00Z,98.011,98.125,97.992,98.11,98.034,98.148,98.02,98.129
2024-12-26T11:00:00Z,98.104,98.247,98.086,98.235,98.128,98.271,98.112,98.259
2024-12-26T12:00:00Z,98.236,98.241,98.089,98.125,98.259,98.264,98.109,98.148
2024-12-26T13:00:00Z,98.124,98.277,98.124,98.247,98.148,98.298,98.146,98.268
2024-12-26T14:00:00Z,98.247,98.332,98.214,98.264,98.267,98.353,98.232,98.287
2024-12-26T15:00:00Z,98.266,98.278,98.19,98.254,98.288,98.299,98.21,98.276
2024-12-26T16:00:00Z,98.258,98.355,98.234,98.348,98.28,98.379,98.255,98.372
2024-12-26T17:00:00Z,98.343,98.359,98.247,98.29,98.368,98.383,98.269,98.314
2024-12-26T18:00:00Z,98.291,98.405,98.283,98.301,98.313,98.427,98.305,98.324
2024-12-26T19:00:00Z,98.298,98.321,98.246,98.283,98.321,98.343,98.267,98.302
2024-12-26T20:00:00Z,98.282,98.282,98.205,98.276,98.3,98.303,98.222,98.301
2024-12-26T21:00:00Z,98.277,98.315,98.245,98.266,98.301,98.357,98.273,98.343
2024-12-26T22:00:00Z,98.21,98.231,98.067,98.103,98.339,98.457,98.168,98.172
2024-12-26T23:00:00Z,98.107,98.206,98.063,98.17,98.175,98.235,98.091,98.198
2024-12-27T00:00:00Z,98.17,98.259,98.072,98.255,98.196,98.286,98.097,98.279
2024-12-27T01:00:00Z,98.255,98.273,98.046,98.109,98.277,98.296,98.072,98.13
2024-12-27T02:00:00Z,98.108,98.12,97.925,97.996,98.131,98.141,97.951,98.02
2024-12-27T03:00:00Z,97.996,98.066,97.932,97.996,98.016,98.09,97.952,98.017
2024-12-27T04:00:00Z,97.996,98.028,97.838,97.843,98.019,98.052,97.858,97.861
2024-12-27T05:00:00Z,97.84,97.968,97.838,97.883,97.862,97.986,97.859,97.905
2024-12-27T06:00:00Z,97.883,98.105,97.872,98.083,97.904,98.128,97.892,98.106
2024-12-27T07:00:00Z,98.089,98.208,98.048,98.18,98.112,98.233,98.07,98.203
2024-12-27T08:00:00Z,98.18,98.26,98.104,98.139,98.201,98.282,98.127,98.159
2024-12-27T09:00:00Z,98.136,98.158,97.955,98.031,98.158,98.183,97.974,98.054
2024-12-27T10:00:00Z,98.033,98.055,97.892,97.973,98.054,98.078,97.914,97.997
2024-12-27T11:00:00Z,97.977,98.036,97.941,98.029,98.001,98.061,97.96,98.051
2024-12-27T12:00:00Z,98.029,98.166,98.02,98.15,98.052,98.188,98.042,98.173
2024-12-27T13:00:00Z,98.149,98.17,98.04,98.133,98.17,98.194,98.062,98.155
2024-12-27T14:00:00Z,98.135,98.163,97.974,98.003,98.156,98.181,97.997,98.023
2024-12-27T15:00:00Z,98.008,98.013,97.827,97.894,98.029,98.034,97.847,97.909
2024-12-27T16:00:00Z,97.894,97.965,97.777,97.893,97.911,97.985,97.794,97.916
2024-12-27T17:00:00Z,97.894,97.991,97.779,97.952,97.916,98.008,97.804,97.974
2024-12-27T18:00:00Z,97.949,98.09,97.949,98.072,97.972,98.115,97.972,98.094
2024-12-27T19:00:00Z,98.07,98.212,98.05,98.211,98.092,98.235,98.071,98.23
2024-12-27T20:00:00Z,98.209,98.211,98.057,98.142,98.23,98.233,98.076,98.169
2024-12-27T21:00:00Z,98.144,98.185,98.009,98.082,98.169,98.229,98.126,98.175
2024-12-29T22:00:00Z,97.938,98.152,97.912,98.144,98.149,98.25,98.097,98.249
2024-12-29T23:00:00Z,98.139,98.347,98.131,98.28,98.244,98.377,98.218,98.307
2024-12-30T00:00:00Z,98.282,98.397,98.157,98.343,98.307,98.422,98.183,98.364
2024-12-30T01:00:00Z,98.342,98.354,98.255,98.321,98.364,98.378,98.277,98.347
2024-12-30T02:00:00Z,98.306,98.376,98.235,98.367,98.331,98.4,98.258,98.392
2024-12-30T03:00:00Z,98.364,98.511,98.346,98.504,98.39,98.533,98.371,98.527
2024-12-30T04:00:00Z,98.502,98.504,98.414,98.456,98.525,98.526,98.434,98.479
2024-12-30T05:00:00Z,98.461,98.598,98.443,98.536,98.482,98.616,98.463,98.554
2024-12-30T06:00:00Z,98.536,98.724,98.483,98.509,98.556,98.745,98.507,98.533
2024-12-30T07:00:00Z,98.512,98.515,98.398,98.482,98.533,98.539,98.419,98.506
2024-12-30T08:00:00Z,98.48,98.48,98.221,98.23,98.506,98.506,98.24,98.251
2024-12-30T09:00:00Z,98.227,98.343,98.221,98.257,98.247,98.367,98.241,98.279
2024-12-30T10:00:00Z,98.256,98.37,98.223,98.349,98.274,98.391,98.243,98.371
2024-12-30T11:00:00Z,98.348,98.418,98.334,98.372,98.371,98.441,98.353,98.397
2024-12-30T12:00:00Z,98.373,98.38,98.227,98.267,98.397,98.401,98.249,98.292
2024-12-30T13:00:00Z,98.271,98.271,97.879,97.885,98.291,98.292,97.9,97.904
2024-12-30T14:00:00Z,97.88,98.04,97.651,97.72,97.901,98.059,97.674,97.743
2024-12-30T15:00:00Z,97.719,97.741,97.292,97.699,97.743,97.762,97.315,97.719
2024-12-30T16:00:00Z,97.697,97.803,97.59,97.761,97.717,97.823,97.611,97.782
2024-12-30T17:00:00Z,97.763,97.861,97.754,97.83,97.785,97.883,97.775,97.85
2024-12-30T18:00:00Z,97.831,97.872,97.759,97.81,97.852,97.893,97.779,97.829
2024-12-30T19:00:00Z,97.81,97.828,97.724,97.763,97.83,97.845,97.742,97.778
2024-12-30T20:00:00Z,97.762,97.781,97.537,97.552,97.778,97.801,97.552,97.57
2024-12-30T21:00:00Z,97.555,97.59,97.497,97.55,97.57,97.631,97.52,97.623
2024-12-30T22:00:00Z,97.55,97.617,97.515,97.521,97.615,97.82,97.586,97.593
2024-12-30T23:00:00Z,97.515,97.654,97.466,97.621,97.593,97.683,97.514,97.643
2024-12-31T00:00:00Z,97.619,97.643,97.418,97.419,97.641,97.666,97.445,97.446
2024-12-31T01:00:00Z,97.421,97.526,97.358,97.435,97.447,97.548,97.384,97.456
2024-12-31T02:00:00Z,97.437,97.446,97.264,97.283,97.457,97.469,97.289,97.309
2024-12-31T03:00:00Z,97.281,97.298,97.143,97.192,97.305,97.319,97.169,97.219
2024-12-31T04:00:00Z,97.191,97.221,97.065,97.102,97.217,97.238,97.089,97.126
2024-12-31T05:00:00Z,97.102,97.141,97.036,97.111,97.124,97.165,97.059,97.134
2024-12-31T06:00:00Z,97.111,97.141,96.979,97.121,97.135,97.164,97.005,97.148
2024-12-31T07:00:00Z,97.125,97.195,97.037,97.179,97.148,97.219,97.061,97.2
2024-12-31T08:00:00Z,97.179,97.194,96.923,97.038,97.202,97.216,96.948,97.064
2024-12-31T09:00:00Z,97.039,97.425,96.98,97.398,97.064,97.449,97.005,97.423
2024-12-31T10:00:00Z,97.398,97.508,97.316,97.443,97.422,97.534,97.339,97.466
2024-12-31T11:00:00Z,97.443,97.454,97.299,97.382,97.467,97.477,97.32,97.401
2024-12-31T12:00:00Z,97.38,97.384,97.19,97.272,97.401,97.405,97.212,97.291
2024-12-31T13:00:00Z,97.269,97.37,97.133,97.346,97.289,97.392,97.156,97.369
2024-12-31T14:00:00Z,97.345,97.369,97.111,97.173,97.369,97.392,97.135,97.197
2024-12-31T15:00:00Z,97.172,97.416,97.095,97.305,97.195,97.437,97.118,97.321
2024-12-31T16:00:00Z,97.304,97.354,97.221,97.294,97.321,97.375,97.243,97.316
2024-12-31T17:00:00Z,97.292,97.416,97.237,97.323,97.314,97.438,97.257,97.346
2024-12-31T18:00:00Z,97.318,97.354,97.283,97.334,97.341,97.372,97.307,97.356
2024-12-31T19:00:00Z,97.333,97.39,97.278,97.354,97.356,97.412,97.3,97.376
2024-12-31T20:00:00Z,97.351,97.468,97.346,97.375,97.375,97.492,97.37,97.403
2024-12-31T21:00:00Z,97.376,97.385,97.185,97.209,97.403,97.409,97.303,97.327
2025-01-01T22:00:00Z,97.182,97.288,97.157,97.274,97.423,97.432,97.341,97.393
2025-01-01T23:00:00Z,97.274,97.706,97.227,97.66,97.392,97.733,97.273,97.688
2025-01-02T00:00:00Z,97.67,97.691,97.464,97.608,97.697,97.719,97.49,97.631
2025-01-02T01:00:00Z,97.611,97.92,97.587,97.828,97.634,97.943,97.608,97.854
2025-01-02T02:00:00Z,97.83,97.87,97.736,97.867,97.854,97.889,97.762,97.886
2025-01-02T03:00:00Z,97.866,97.87,97.671,97.672,97.886,97.889,97.693,97.695
2025-01-02T04:00:00Z,97.673,97.69,97.601,97.61,97.695,97.712,97.624,97.634
2025-01-02T05:00:00Z,97.615,97.729,97.54,97.721,97.638,97.748,97.563,97.742
2025-01-02T06:00:00Z,97.721,97.721,97.334,97.341,97.74,97.74,97.356,97.362
2025-01-02T07:00:00Z,97.339,97.403,97.111,97.2,97.364,97.427,97.134,97.223
2025-01-02T08:00:00Z,97.205,97.422,97.043,97.399,97.227,97.444,97.067,97.425
2025-01-02T09:00:00Z,97.399,97.529,97.377,97.485,97.426,97.554,97.404,97.5
2025-01-02T10:00:00Z,97.485,97.631,97.468,97.553,97.501,97.653,97.484,97.58
2025-01-02T11:00:00Z,97.553,97.726,97.517,97.702,97.579,97.747,97.541,97.728
2025-01-02T12:00:00Z,97.708,97.717,97.468,97.516,97.728,97.741,97.49,97.537
2025-01-02T13:00:00Z,97.52,97.601,97.32,97.466,97.539,97.621,97.342,97.487
2025-01-02T14:00:00Z,97.468,97.642,97.368,97.545,97.487,97.662,97.389,97.567
2025-01-02T15:00:00Z,97.546,97.632,97.427,97.572,97.567,97.649,97.446,97.589
2025-01-02T16:00:00Z,97.573,97.848,97.532,97.843,97.594,97.867,97.552,97.86
2025-01-02T17:00:00Z,97.842,98.03,97.64,97.712,97.862,98.051,97.663,97.735
2025-01-02T18:00:00Z,97.715,97.757,97.547,97.589,97.737,97.781,97.569,97.609
2025-01-02T19:00:00Z,97.589,97.733,97.574,97.619,97.61,97.753,97.595,97.636
2025-01-02T20:00:00Z,97.62,97.799,97.616,97.77,97.635,97.82,97.635,97.786
2025-01-02T21:00:00Z,97.771,97.78,97.667,97.682,97.786,97.8,97.709,97.763
2025-01-02T22:00:00Z,97.572,97.738,97.517,97.642,97.801,97.808,97.663,97.707
2025-01-02T23:00:00Z,97.657,97.715,97.551,97.568,97.722,97.736,97.576,97.592
2025-01-03T00:00:00Z,97.572,97.784,97.538,97.726,97.599,97.805,97.561,97.747
2025-01-03T01:00:00Z,97.725,97.763,97.676,97.69,97.747,97.784,97.696,97.711
2025-01-03T02:00:00Z,97.687,97.795,97.667,97.724,97.709,97.816,97.689,97.747
2025-01-03T03:00:00Z,97.724,97.8,97.632,97.712,97.748,97.821,97.654,97.736
2025-01-03T04:00:00Z,97.709,97.777,97.678,97.75,97.731,97.796,97.698,97.774
2025-01-03T05:00:00Z,97.75,97.851,97.724,97.777,97.775,97.872,97.747,97.797
2025-01-03T06:00:00Z,97.776,97.831,97.703,97.722,97.797,97.854,97.722,97.743
2025-01-03T07:00:00Z,97.714,97.721,97.485,97.599,97.737,97.745,97.508,97.622
2025-01-03T08:00:00Z,97.601,97.728,97.575,97.664,97.621,97.748,97.597,97.684
2025-01-03T09:00:00Z,97.662,97.773,97.651,97.697,97.68,97.793,97.673,97.721
2025-01-03T10:00:00Z,97.697,97.811,97.653,97.81,97.719,97.831,97.678,97.829
2025-01-03T11:00:00Z,97.813,97.886,97.781,97.825,97.833,97.909,97.803,97.846
2025-01-03T12:00:00Z,97.824,97.833,97.682,97.756,97.844,97.85,97.705,97.77
2025-01-03T13:00:00Z,97.756,97.763,97.673,97.711,97.772,97.784,97.692,97.729
2025-01-03T14:00:00Z,97.712,97.834,97.641,97.672,97.729,97.854,97.655,97.738
2025-01-03T15:00:00Z,97.69,97.75,97.537,97.661,97.819,97.835,97.556,97.677
2025-01-03T16:00:00Z,97.658,97.712,97.57,97.588,97.675,97.73,97.592,97.605
2025-01-03T17:00:00Z,97.589,97.621,97.52,97.608,97.605,97.642,97.538,97.63
2025-01-03T18:00:00Z,97.605,97.677,97.593,97.645,97.628,97.696,97.616,97.667
2025-01-03T19:00:00Z,97.641,97.73,97.629,97.717,97.664,97.75,97.652,97.737
2025-01-03T20:00:00Z,97.716,97.825,97.703,97.819,97.737,97.842,97.725,97.838
2025-01-03T21:00:00Z,97.82,97.847,97.672,97.758,97.837,97.914,97.805,97.855
2025-01-05T22:00:00Z,97.574,97.714,97.52,97.672,97.824,97.824,97.68,97.743
2025-01-05T23:00:00Z,97.682,97.993,97.682,97.968,97.728,98.015,97.728,97.994
2025-01-06T00:00:00Z,97.977,98.255,97.962,98.197,97.999,98.276,97.987,98.215
2025-01-06T01:00:00Z,98.197,98.287,98.086,98.145,98.214,98.309,98.108,98.166
2025-01-06T02:00:00Z,98.146,98.281,98.102,98.252,98.166,98.296,98.122,98.273
2025-01-06T03:00:00Z,98.253,98.282,98.043,98.136,98.272,98.305,98.065,98.16
2025-01-06T04:00:00Z,98.136,98.182,98.066,98.138,98.158,98.2,98.088,98.156
2025-01-06T05:00:00Z,98.138,98.298,98.107,98.275,98.155,98.319,98.127,98.297
2025-01-06T06:00:00Z,98.273,98.29,98.158,98.218,98.295,98.31,98.178,98.242
2025-01-06T07:00:00Z,98.215,98.253,98.143,98.227,98.237,98.274,98.164,98.247
2025-01-06T08:00:00Z,98.227,98.549,98.205,98.543,98.249,98.569,98.225,98.565
2025-01-06T09:00:00Z,98.545,98.584,98.443,98.505,98.565,98.606,98.463,98.526
2025-01-06T10:00:00Z,98.506,98.583,98.435,98.517,98.528,98.605,98.456,98.54
2025-01-06T11:00:00Z,98.518,98.903,98.453,98.799,98.54,98.922,98.477,98.822
2025-01-06T12:00:00Z,98.801,98.816,98.446,98.584,98.826,98.842,98.466,98.603
2025-01-06T13:00:00Z,98.586,98.64,98.4,98.502,98.608,98.658,98.421,98.519
2025-01-06T14:00:00Z,98.502,98.618,98.133,98.513,98.522,98.642,98.17,98.56
2025-01-06T15:00:00Z,98.519,98.665,98.367,98.392,98.56,98.686,98.388,98.411
2025-01-06T16:00:00Z,98.389,98.455,98.253,98.449,98.408,98.476,98.271,98.464
2025-01-06T17:00:00Z,98.449,98.449,98.249,98.302,98.465,98.465,98.27,98.319
2025-01-06T18:00:00Z,98.302,98.388,98.213,98.235,98.324,98.41,98.235,98.256
2025-01-06T19:00:00Z,98.236,98.338,98.195,98.327,98.256,98.359,98.217,98.345
2025-01-06T20:00:00Z,98.323,98.405,98.306,98.404,98.344,98.423,98.325,98.419
2025-01-06T21:00:00Z,98.401,98.458,98.384,98.437,98.419,98.49,98.403,98.49
2025-01-06T22:00:00Z,98.307,98.425,98.248,98.355,98.553,98.559,98.425,98.433
2025-01-06T23:00:00Z,98.35,98.445,98.348,98.392,98.427,98.47,98.393,98.414
2025-01-07T00:00:00Z,98.396,98.836,98.392,98.806,98.416,98.855,98.414,98.832
2025-01-07T01:00:00Z,98.805,98.97,98.768,98.941,98.83,98.986,98.792,98.964
2025-01-07T02:00:00Z,98.943,98.97,98.86,98.922,98.964,98.983,98.881,98.939
2025-01-07T03:00:00Z,98.922,99.018,98.86,98.988,98.941,99.031,98.881,99.01
2025-01-07T04:00:00Z,98.989,99.004,98.888,98.921,99.01,99.024,98.91,98.938
2025-01-07T05:00:00Z,98.922,99.008,98.859,98.941,98.941,99.024,98.88,98.96
2025-01-07T06:00:00Z,98.94,98.941,98.795,98.819,98.96,98.961,98.816,98.839
2025-01-07T07:00:00Z,98.802,98.91,98.777,98.822,98.824,98.929,98.798,98.844
2025-01-07T08:00:00Z,98.828,98.931,98.73,98.901,98.847,98.953,98.752,98.923
2025-01-07T09:00:00Z,98.903,99.105,98.875,99.028,98.926,99.128,98.898,99.051
2025-01-07T10:00:00Z,99.033,99.159,98.968,99.136,99.056,99.182,98.986,99.156
2025-01-07T11:00:00Z,99.136,99.149,98.92,98.983,99.158,99.171,98.937,99.002
2025-01-07T12:00:00Z,98.982,99.083,98.925,98.977,99.003,99.101,98.944,98.991
2025-01-07T13:00:00Z,98.977,99.075,98.875,98.883,98.994,99.099,98.894,98.903
2025-01-07T14:00:00Z,98.881,98.901,98.739,98.813,98.901,98.922,98.761,98.91
2025-01-07T15:00:00Z,98.77,98.982,98.587,98.673,99.02,99.074,98.603,98.688
2025-01-07T16:00:00Z,98.672,98.676,98.435,98.531,98.688,98.696,98.454,98.553
2025-01-07T17:00:00Z,98.529,98.589,98.404,98.471,98.553,98.612,98.425,98.493
2025-01-07T18:00:00Z,98.473,98.495,98.412,98.455,98.493,98.515,98.434,98.475
2025-01-07T19:00:00Z,98.456,98.492,98.42,98.438,98.477,98.513,98.434,98.457
2025-01-07T20:00:00Z,98.437,98.441,98.252,98.367,98.457,98.458,98.275,98.386
2025-01-07T21:00:00Z,98.368,98.503,98.361,98.45,98.385,98.543,98.38,98.531
2025-01-07T22:00:00Z,98.367,98.473,98.367,98.467,98.546,98.555,98.474,98.523
2025-01-07T23:00:00Z,98.468,98.649,98.465,98.625,98.523,98.67,98.504,98.647
2025-01-08T00:00:00Z,98.627,98.654,98.288,98.428,98.647,98.672,98.317,98.446
2025-01-08T01:00:00Z,98.428,98.438,98.142,98.295,98.448,98.458,98.163,98.312
2025-01-08T02:00:00Z,98.295,98.514,98.266,98.47,98.313,98.537,98.288,98.491
2025-01-08T03:00:00Z,98.47,98.619,98.435,98.581,98.492,98.638,98.457,98.606
2025-01-08T04:00:00Z,98.583,98.637,98.507,98.548,98.606,98.656,98.528,98.569
2025-01-08T05:00:00Z,98.548,98.581,98.468,98.577,98.568,98.6,98.49,98.599
2025-01-08T06:00:00Z,98.578,98.599,98.459,98.502,98.599,98.621,98.481,98.523
2025-01-08T07:00:00Z,98.499,98.499,98.33,98.441,98.522,98.522,98.349,98.46
2025-01-08T08:00:00Z,98.441,98.57,98.36,98.381,98.463,98.588,98.38,98.399
2025-01-08T09:00:00Z,98.377,98.42,98.31,98.38,98.397,98.443,98.329,98.403
2025-01-08T10:00:00Z,98.382,98.4,98.309,98.372,98.404,98.422,98.329,98.39
2025-01-08T11:00:00Z,98.372,98.4,98.125,98.188,98.392,98.418,98.148,98.211
2025-01-08T12:00:00Z,98.189,98.259,98.045,98.133,98.213,98.282,98.067,98.155
2025-01-08T13:00:00Z,98.133,98.191,98.062,98.153,98.158,98.252,98.088,98.169
2025-01-08T14:00:00Z,98.151,98.319,98.124,98.148,98.17,98.336,98.142,98.167
2025-01-08T15:00:00Z,98.148,98.352,98.139,98.316,98.166,98.373,98.157,98.333
2025-01-08T16:00:00Z,98.32,98.424,98.265,98.401,98.337,98.446,98.285,98.42
2025-01-08T17:00:00Z,98.398,98.421,98.247,98.296,98.419,98.44,98.267,98.318
2025-01-08T18:00:00Z,98.294,98.466,98.294,98.342,98.318,98.486,98.317,98.422
2025-01-08T19:00:00Z,98.356,98.494,98.34,98.405,98.426,98.515,98.383,98.424
2025-01-08T20:00:00Z,98.402,98.459,98.36,98.435,98.418,98.481,98.383,98.454
2025-01-08T21:00:00Z,98.435,98.479,98.399,98.41,98.455,98.503,98.433,98.462
2025-01-08T22:00:00Z,98.292,98.387,98.246,98.328,98.506,98.506,98.369,98.386
2025-01-08T23:00:00Z,98.319,98.418,98.228,98.239,98.378,98.448,98.249,98.261
2025-01-09T00:00:00Z,98.241,98.27,98.078,98.16,98.264,98.292,98.102,98.181
2025-01-09T01:00:00Z,98.163,98.191,98.011,98.042,98.185,98.214,98.028,98.064
2025-01-09T02:00:00Z,98.037,98.127,98.021,98.043,98.058,98.147,98.041,98.063
2025-01-09T03:00:00Z,98.042,98.057,97.919,97.925,98.064,98.08,97.94,97.942
2025-01-09T04:00:00Z,97.923,97.936,97.738,97.886,97.942,97.952,97.759,97.908
2025-01-09T05:00:00Z,97.884,98.052,97.839,97.983,97.904,98.074,97.86,98.005
2025-01-09T06:00:00Z,97.983,98.063,97.917,97.977,98.007,98.089,97.938,98.001
2025-01-09T07:00:00Z,97.985,98.063,97.706,97.779,98.007,98.087,97.728,97.8
2025-01-09T08:00:00Z,97.782,97.955,97.674,97.938,97.804,97.977,97.697,97.959
2025-01-09T09:00:00Z,97.941,97.98,97.852,97.874,97.961,98.003,97.874,97.895
2025-01-09T10:00:00Z,97.872,97.923,97.828,97.9,97.895,97.944,97.847,97.915
2025-01-09T11:00:00Z,97.899,97.931,97.806,97.898,97.913,97.953,97.826,97.916
2025-01-09T12:00:00Z,97.899,97.905,97.671,97.729,97.915,97.924,97.691,97.751
2025-01-09T13:00:00Z,97.727,97.816,97.662,97.7,97.749,97.836,97.678,97.723
2025-01-09T14:00:00Z,97.699,97.855,97.699,97.83,97.719,97.878,97.719,97.85
2025-01-09T15:00:00Z,97.834,97.853,97.777,97.812,97.853,97.873,97.797,97.829
2025-01-09T16:00:00Z,97.81,97.874,97.758,97.871,97.829,97.895,97.775,97.892
2025-01-09T17:00:00Z,97.874,97.973,97.871,97.946,97.894,97.988,97.889,97.963
2025-01-09T18:00:00Z,97.944,97.97,97.917,97.955,97.96,97.987,97.931,97.976
2025-01-09T19:00:00Z,97.957,98.01,97.944,97.981,97.978,98.028,97.96,97.996
2025-01-09T20:00:00Z,97.986,98.017,97.963,97.999,97.999,98.037,97.983,98.018
2025-01-09T21:00:00Z,97.998,98.004,97.937,97.951,98.019,98.019,97.951,97.985
2025-01-09T22:00:00Z,97.887,98.006,97.886,97.977,98.135,98.135,98.018,98.047
2025-01-09T23:00:00Z,97.973,97.998,97.794,97.813,98.043,98.056,97.82,97.836
2025-01-10T00:00:00Z,97.816,97.992,97.783,97.819,97.839,98.013,97.807,97.838
2025-01-10T01:00:00Z,97.819,98.105,97.78,98.029,97.84,98.126,97.801,98.053
2025-01-10T02:00:00Z,98.029,98.118,97.982,98.087,98.054,98.14,98.005,98.104
2025-01-10T03:00:00Z,98.087,98.122,98.002,98.037,98.103,98.143,98.02,98.059
2025-01-10T04:00:00Z,98.037,98.097,97.996,98.081,98.057,98.12,98.017,98.102
2025-01-10T05:00:00Z,98.081,98.193,98.045,98.081,98.105,98.214,98.065,98.098
2025-01-10T06:00:00Z,98.081,98.082,97.937,97.95,98.1,98.102,97.956,97.971
2025-01-10T07:00:00Z,97.946,98.143,97.935,98.084,97.967,98.163,97.954,98.106
2025-01-10T08:00:00Z,98.084,98.103,97.601,97.649,98.107,98.126,97.621,97.67
2025-01-10T09:00:00Z,97.648,97.659,97.477,97.641,97.67,97.682,97.497,97.663
2025-01-10T10:00:00Z,97.644,97.816,97.586,97.786,97.666,97.837,97.606,97.806
2025-01-10T11:00:00Z,97.786,97.901,97.758,97.764,97.807,97.923,97.777,97.782
2025-01-10T12:00:00Z,97.763,97.779,97.683,97.776,97.784,97.802,97.7,97.791
2025-01-10T13:00:00Z,97.776,97.803,97.456,97.56,97.792,97.823,97.476,97.58
2025-01-10T14:00:00Z,97.563,97.629,97.288,97.367,97.583,97.647,97.304,97.422
2025-01-10T15:00:00Z,97.377,97.422,96.972,96.979,97.432,97.505,96.989,96.998
2025-01-10T16:00:00Z,96.98,97.005,96.784,96.893,96.998,97.026,96.807,96.912
2025-01-10T17:00:00Z,96.894,97.04,96.866,97.035,96.912,97.059,96.889,97.053
2025-01-10T18:00:00Z,97.032,97.2,97.007,97.19,97.051,97.219,97.022,97.212
2025-01-10T19:00:00Z,97.192,97.197,97.012,97.047,97.213,97.216,97.03,97.067
2025-01-10T20:00:00Z,97.046,97.071,96.931,96.986,97.065,97.092,96.946,97.005
2025-01-10T21:00:00Z,96.985,96.989,96.861,96.874,97.01,97.013,96.899,96.967
2025-01-12T22:00:00Z,96.97,96.986,96.832,96.897,97.22,97.22,96.978,96.981
2025-01-12T23:00:00Z,96.897,97.192,96.864,97.159,96.993,97.217,96.904,97.189
2025-01-13T00:00:00Z,97.155,97.23,97.093,97.116,97.183,97.254,97.119,97.136
2025-01-13T01:00:00Z,97.117,97.182,96.836,96.959,97.136,97.209,96.852,96.981
2025-01-13T02:00:00Z,96.956,97.113,96.931,97.014,96.979,97.133,96.954,97.036
2025-01-13T03:00:00Z,97.009,97.057,96.669,96.683,97.035,97.073,96.69,96.705
2025-01-13T04:00:00Z,96.682,96.769,96.557,96.616,96.705,96.793,96.575,96.634
2025-01-13T05:00:00Z,96.61,96.667,96.483,96.626,96.63,96.69,96.507,96.649
2025-01-13T06:00:00Z,96.626,96.795,96.562,96.765,96.648,96.816,96.586,96.782
2025-01-13T07:00:00Z,96.759,96.79,96.571,96.767,96.773,96.812,96.588,96.789
2025-01-13T08:00:00Z,96.764,96.992,96.715,96.885,96.788,97.016,96.739,96.906
2025-01-13T09:00:00Z,96.885,96.9,96.372,96.424,96.908,96.922,96.395,96.446
2025-01-13T10:00:00Z,96.423,96.744,96.38,96.741,96.446,96.764,96.401,96.762
2025-01-13T11:00:00Z,96.747,96.775,96.604,96.669,96.767,96.796,96.627,96.688
2025-01-13T12:00:00Z,96.67,96.73,96.542,96.61,96.691,96.753,96.563,96.632
2025-01-13T13:00:00Z,96.612,96.73,96.54,96.665,96.636,96.748,96.562,96.687
2025-01-13T14:00:00Z,96.666,96.91,96.554,96.871,96.689,96.93,96.575,96.892
2025-01-13T15:00:00Z,96.87,96.956,96.717,96.866,96.889,96.973,96.736,96.882
2025-01-13T16:00:00Z,96.864,97.062,96.812,96.931,96.882,97.078,96.832,96.953
2025-01-13T17:00:00Z,96.931,96.977,96.852,96.911,96.951,96.997,96.869,96.933
2025-01-13T18:00:00Z,96.912,97.047,96.863,96.991,96.933,97.067,96.883,97.015
2025-01-13T19:00:00Z,96.991,97.138,96.964,97.122,97.016,97.16,96.985,97.145
2025-01-13T20:00:00Z,97.119,97.138,97.019,97.138,97.142,97.158,97.036,97.158
2025-01-13T21:00:00Z,97.137,97.279,97.08,97.223,97.158,97.335,97.099,97.33
2025-01-13T22:00:00Z,97.221,97.496,97.079,97.305,97.402,97.674,97.285,97.426
2025-01-13T23:00:00Z,97.285,97.48,97.282,97.378,97.405,97.499,97.356,97.404
2025-01-14T00:00:00Z,97.377,97.43,97.246,97.429,97.404,97.452,97.272,97.45
2025-01-14T01:00:00Z,97.428,97.686,97.191,97.431,97.45,97.71,97.204,97.451
2025-01-14T02:00:00Z,97.431,97.567,97.312,97.54,97.452,97.59,97.332,97.561
2025-01-14T03:00:00Z,97.538,97.674,97.465,97.465,97.557,97.695,97.482,97.482
2025-01-14T04:00:00Z,97.462,97.541,97.388,97.447,97.48,97.562,97.409,97.467
2025-01-14T05:00:00Z,97.447,97.532,97.349,97.431,97.468,97.551,97.362,97.45
2025-01-14T06:00:00Z,97.429,97.572,97.395,97.507,97.451,97.592,97.416,97.526
2025-01-14T07:00:00Z,97.5,97.616,97.395,97.608,97.52,97.638,97.416,97.627
2025-01-14T08:00:00Z,97.609,97.779,97.55,97.736,97.63,97.8,97.57,97.755
2025-01-14T09:00:00Z,97.735,97.877,97.717,97.756,97.755,97.896,97.735,97.773
2025-01-14T10:00:00Z,97.756,97.783,97.632,97.641,97.774,97.801,97.649,97.66
2025-01-14T11:00:00Z,97.639,97.694,97.587,97.611,97.656,97.715,97.609,97.627
2025-01-14T12:00:00Z,97.608,97.677,97.422,97.447,97.627,97.695,97.443,97.466
2025-01-14T13:00:00Z,97.444,97.555,97.216,97.41,97.463,97.622,97.359,97.429
2025-01-14T14:00:00Z,97.412,97.576,97.371,97.5,97.432,97.594,97.392,97.522
2025-01-14T15:00:00Z,97.499,97.95,97.498,97.861,97.52,97.969,97.52,97.881
2025-01-14T16:00:00Z,97.861,97.876,97.617,97.636,97.88,97.897,97.637,97.657
2025-01-14T17:00:00Z,97.634,97.813,97.583,97.768,97.656,97.835,97.597,97.788
2025-01-14T18:00:00Z,97.765,97.825,97.7,97.791,97.785,97.843,97.719,97.812
2025-01-14T19:00:00Z,97.792,97.844,97.676,97.7,97.811,97.865,97.696,97.719
2025-01-14T20:00:00Z,97.699,97.782,97.63,97.764,97.719,97.801,97.649,97.784
2025-01-14T21:00:00Z,97.764,97.852,97.758,97.837,97.783,97.887,97.778,97.876
2025-01-14T22:00:00Z,97.737,97.838,97.737,97.801,97.948,98.049,97.87,97.876
2025-01-14T23:00:00Z,97.801,97.859,97.773,97.838,97.874,97.891,97.796,97.855
2025-01-15T00:00:00Z,97.84,97.852,97.644,97.646,97.86,97.873,97.666,97.667
2025-01-15T01:00:00Z,97.645,97.771,97.63,97.685,97.671,97.793,97.653,97.706
2025-01-15T02:00:00Z,97.685,97.736,97.617,97.733,97.705,97.758,97.64,97.756
2025-01-15T03:00:00Z,97.73,97.816,97.676,97.787,97.753,97.838,97.696,97.808
2025-01-15T04:00:00Z,97.787,97.805,97.61,97.626,97.807,97.822,97.631,97.646
2025-01-15T05:00:00Z,97.626,97.628,97.288,97.331,97.645,97.647,97.309,97.354
2025-01-15T06:00:00Z,97.331,97.489,97.309,97.402,97.355,97.509,97.33,97.42
2025-01-15T07:00:00Z,97.402,97.426,97.291,97.307,97.422,97.449,97.313,97.329
2025-01-15T08:00:00Z,97.306,97.432,97.274,97.334,97.326,97.452,97.294,97.357
2025-01-15T09:00:00Z,97.334,97.368,97.23,97.343,97.356,97.39,97.248,97.365
2025-01-15T10:00:00Z,97.346,97.384,97.217,97.261,97.367,97.406,97.237,97.281
2025-01-15T11:00:00Z,97.261,97.42,97.238,97.381,97.28,97.441,97.256,97.402
2025-01-15T12:00:00Z,97.38,97.409,97.223,97.281,97.402,97.429,97.239,97.303
2025-01-15T13:00:00Z,97.279,97.649,97.264,97.634,97.3,97.665,97.282,97.654
2025-01-15T14:00:00Z,97.633,97.654,97.348,97.459,97.654,97.676,97.368,97.479
2025-01-15T15:00:00Z,97.46,97.479,97.232,97.299,97.481,97.499,97.255,97.318
2025-01-15T16:00:00Z,97.301,97.444,97.277,97.336,97.318,97.463,97.298,97.358
2025-01-15T17:00:00Z,97.34,97.415,97.322,97.373,97.36,97.434,97.341,97.391
2025-01-15T18:00:00Z,97.375,97.409,97.331,97.399,97.397,97.43,97.35,97.422
2025-01-15T19:00:00Z,97.4,97.473,97.386,97.439,97.424,97.493,97.407,97.456
2025-01-15T20:00:00Z,97.438,97.471,97.404,97.443,97.454,97.49,97.425,97.462
2025-01-15T21:00:00Z,97.444,97.474,97.399,97.405,97.462,97.495,97.428,97.472
2025-01-15T22:00:00Z,97.279,97.357,97.16,97.331,97.428,97.461,97.362,97.411
2025-01-15T23:00:00Z,97.336,97.465,97.316,97.397,97.415,97.486,97.395,97.42
2025-01-16T00:00:00Z,97.397,97.681,97.346,97.426,97.419,97.727,97.372,97.451
2025-01-16T01:00:00Z,97.427,97.427,96.721,96.801,97.451,97.451,96.743,96.824
2025-01-16T02:00:00Z,96.802,96.888,96.578,96.782,96.824,96.906,96.603,96.805
2025-01-16T03:00:00Z,96.782,96.857,96.681,96.741,96.804,96.88,96.704,96.761
2025-01-16T04:00:00Z,96.742,96.792,96.682,96.776,96.761,96.815,96.7,96.796
2025-01-16T05:00:00Z,96.777,96.783,96.652,96.765,96.796,96.804,96.673,96.785
2025-01-16T06:00:00Z,96.766,96.967,96.75,96.911,96.787,96.986,96.77,96.933
2025-01-16T07:00:00Z,96.906,97.135,96.872,97.098,96.922,97.156,96.893,97.119
2025-01-16T08:00:00Z,97.098,97.132,96.868,96.937,97.12,97.154,96.889,96.958
2025-01-16T09:00:00Z,96.937,96.946,96.684,96.724,96.959,96.968,96.704,96.745
2025-01-16T10:00:00Z,96.723,96.789,96.65,96.694,96.743,96.81,96.669,96.717
2025-01-16T11:00:00Z,96.697,96.837,96.657,96.771,96.718,96.858,96.675,96.79
2025-01-16T12:00:00Z,96.772,96.833,96.718,96.774,96.793,96.852,96.74,96.792
2025-01-16T13:00:00Z,96.771,96.848,96.673,96.759,96.79,96.932,96.752,96.783
2025-01-16T14:00:00Z,96.765,96.918,96.697,96.889,96.785,96.94,96.718,96.909
2025-01-16T15:00:00Z,96.889,96.925,96.624,96.666,96.908,96.947,96.642,96.679
2025-01-16T16:00:00Z,96.666,96.718,96.499,96.668,96.68,96.738,96.521,96.691
2025-01-16T17:00:00Z,96.67,96.759,96.506,96.524,96.692,96.779,96.526,96.545
2025-01-16T18:00:00Z,96.523,96.566,96.452,96.515,96.545,96.586,96.472,96.536
2025-01-16T19:00:00Z,96.514,96.534,96.408,96.463,96.536,96.554,96.425,96.484
2025-01-16T20:00:00Z,96.462,96.467,96.346,96.364,96.485,96.488,96.368,96.387
2025-01-16T21:00:00Z,96.363,96.376,96.316,96.354,96.384,96.415,96.341,96.39
2025-01-16T22:00:00Z,96.286,96.398,96.222,96.36,96.472,96.494,96.398,96.432
2025-01-16T23:00:00Z,96.36,96.495,96.34,96.473,96.433,96.514,96.372,96.494
2025-01-17T00:00:00Z,96.473,96.545,96.254,96.372,96.493,96.568,96.267,96.391
2025-01-17T01:00:00Z,96.371,96.473,96.345,96.411,96.391,96.493,96.359,96.431
2025-01-17T02:00:00Z,96.411,96.596,96.391,96.546,96.435,96.614,96.413,96.568
2025-01-17T03:00:00Z,96.547,96.589,96.45,96.571,96.567,96.607,96.472,96.592
2025-01-17T04:00:00Z,96.574,96.596,96.29,96.312,96.596,96.612,96.306,96.331
2025-01-17T05:00:00Z,96.313,96.53,96.31,96.477,96.33,96.549,96.329,96.497
2025-01-17T06:00:00Z,96.477,96.564,96.419,96.552,96.496,96.583,96.442,96.574
2025-01-17T07:00:00Z,96.552,96.63,96.45,96.594,96.567,96.65,96.473,96.615
2025-01-17T08:00:00Z,96.595,96.693,96.497,96.673,96.618,96.713,96.515,96.692
2025-01-17T09:00:00Z,96.676,96.711,96.548,96.588,96.691,96.735,96.57,96.609
2025-01-17T10:00:00Z,96.588,96.641,96.529,96.602,96.612,96.661,96.549,96.622
2025-01-17T11:00:00Z,96.602,96.622,96.45,96.486,96.624,96.646,96.472,96.505
2025-01-17T12:00:00Z,96.486,96.506,96.28,96.316,96.507,96.525,96.294,96.332
2025-01-17T13:00:00Z,96.314,96.322,96.125,96.168,96.331,96.341,96.147,96.184
2025-01-17T14:00:00Z,96.166,96.867,96.054,96.836,96.184,96.886,96.073,96.855
2025-01-17T15:00:00Z,96.836,97.102,96.8,97.067,96.854,97.12,96.82,97.085
2025-01-17T16:00:00Z,97.066,97.156,96.997,97.023,97.083,97.176,97.014,97.046
2025-01-17T17:00:00Z,97.023,97.043,96.924,96.944,97.044,97.064,96.945,96.965
2025-01-17T18:00:00Z,96.942,96.955,96.821,96.874,96.963,96.976,96.841,96.893
2025-01-17T19:00:00Z,96.872,96.887,96.764,96.786,96.893,96.909,96.784,96.805
2025-01-17T20:00:00Z,96.787,96.793,96.71,96.75,96.805,96.815,96.731,96.774
2025-01-17T21:00:00Z,96.751,96.776,96.711,96.742,96.773,96.938,96.746,96.815
2025-01-19T22:00:00Z,96.767,96.91,96.726,96.827,97.007,97.007,96.893,96.895
2025-01-19T23:00:00Z,96.747,96.954,96.747,96.86,96.934,96.981,96.82,96.879
2025-01-20T00:00:00Z,96.864,96.923,96.73,96.744,96.882,96.941,96.747,96.762
2025-01-20T01:00:00Z,96.744,96.81,96.661,96.8,96.763,96.833,96.681,96.818
2025-01-20T02:00:00Z,96.798,96.879,96.757,96.821,96.818,96.895,96.78,96.842
2025-01-20T03:00:00Z,96.82,96.84,96.724,96.822,96.842,96.859,96.744,96.841
2025-01-20T04:00:00Z,96.822,96.934,96.815,96.904,96.842,96.954,96.835,96.923
2025-01-20T05:00:00Z,96.903,96.94,96.834,96.862,96.924,96.961,96.853,96.883
2025-01-20T06:00:00Z,96.86,97.074,96.78,97.028,96.882,97.09,96.801,97.051
2025-01-20T07:00:00Z,97.026,97.089,96.996,97.046,97.05,97.109,97.012,97.067
2025-01-20T08:00:00Z,97.046,97.101,96.92,96.965,97.065,97.123,96.941,96.984
2025-01-20T09:00:00Z,96.968,96.977,96.84,96.876,96.985,97.001,96.859,96.896
2025-01-20T10:00:00Z,96.876,97.006,96.876,96.944,96.897,97.026,96.895,96.965
2025-01-20T11:00:00Z,96.943,97.056,96.921,96.995,96.965,97.08,96.942,97.018
2025-01-20T12:00:00Z,96.995,97.095,96.946,97.072,97.017,97.112,96.965,97.094
2025-01-20T13:00:00Z,97.073,97.693,97.014,97.557,97.096,97.72,97.034,97.582
2025-01-20T14:00:00Z,97.561,97.707,97.428,97.617,97.582,97.727,97.452,97.64
2025-01-20T15:00:00Z,97.619,97.768,97.364,97.415,97.64,97.787,97.386,97.437
2025-01-20T16:00:00Z,97.416,97.516,97.355,97.429,97.436,97.541,97.378,97.455
2025-01-20T17:00:00Z,97.43,97.548,97.211,97.458,97.455,97.574,97.241,97.483
2025-01-20T18:00:00Z,97.45,97.507,97.412,97.488,97.48,97.531,97.445,97.509
2025-01-20T19:00:00Z,97.488,97.67,97.459,97.642,97.513,97.695,97.482,97.662
2025-01-20T20:00:00Z,97.636,97.715,97.557,97.605,97.66,97.744,97.588,97.628
2025-01-20T21:00:00Z,97.608,97.651,97.558,97.605,97.631,97.719,97.585,97.71
2025-01-20T22:00:00Z,97.476,97.608,97.476,97.52,97.717,97.793,97.606,97.622
2025-01-20T23:00:00Z,97.477,97.644,97.455,97.512,97.639,97.68,97.478,97.539
2025-01-21T00:00:00Z,97.512,97.526,96.929,97.056,97.538,97.549,96.963,97.078
2025-01-21T01:00:00Z,97.055,97.363,96.877,96.911,97.076,97.395,96.895,96.935
2025-01-21T02:00:00Z,96.914,96.995,96.819,96.882,96.938,97.019,96.84,96.905
2025-01-21T03:00:00Z,96.879,97.013,96.834,96.965,96.902,97.031,96.858,96.985
2025-01-21T04:00:00Z,96.965,96.976,96.854,96.877,96.984,96.993,96.877,96.894
2025-01-21T05:00:00Z,96.874,96.906,96.77,96.789,96.893,96.927,96.791,96.811
2025-01-21T06:00:00Z,96.795,96.976,96.774,96.929,96.816,96.997,96.795,96.948
2025-01-21T07:00:00Z,96.928,97.123,96.879,97.079,96.951,97.147,96.9,97.095
2025-01-21T08:00:00Z,97.073,97.132,96.986,97.074,97.094,97.153,97.009,97.097
2025-01-21T09:00:00Z,97.072,97.165,97.045,97.144,97.094,97.186,97.069,97.166
2025-01-21T10:00:00Z,97.145,97.167,97.011,97.068,97.17,97.191,97.033,97.09
2025-01-21T11:00:00Z,97.067,97.072,96.904,96.953,97.09,97.093,96.925,96.977
2025-01-21T12:00:00Z,96.956,97.007,96.895,96.98,96.977,97.03,96.916,97.002
2025-01-21T13:00:00Z,96.983,97.036,96.878,96.998,97.001,97.058,96.901,97.016
2025-01-21T14:00:00Z,97.003,97.234,96.971,97.166,97.023,97.255,96.991,97.185
2025-01-21T15:00:00Z,97.168,97.299,97.143,97.203,97.186,97.318,97.164,97.223
2025-01-21T16:00:00Z,97.204,97.497,97.184,97.496,97.225,97.517,97.204,97.514
2025-01-21T17:00:00Z,97.497,97.557,97.472,97.499,97.514,97.577,97.492,97.517
2025-01-21T18:00:00Z,97.5,97.568,97.466,97.519,97.519,97.587,97.488,97.537
2025-01-21T19:00:00Z,97.519,97.533,97.424,97.455,97.54,97.552,97.44,97.468
2025-01-21T20:00:00Z,97.453,97.518,97.447,97.509,97.466,97.539,97.461,97.526
2025-01-21T21:00:00Z,97.508,97.586,97.478,97.522,97.527,97.621,97.515,97.599
2025-01-21T22:00:00Z,97.491,97.543,97.39,97.462,97.66,97.671,97.518,97.543
2025-01-21T23:00:00Z,97.469,97.579,97.41,97.515,97.544,97.602,97.442,97.537
2025-01-22T00:00:00Z,97.523,97.591,97.471,97.523,97.543,97.614,97.493,97.548
2025-01-22T01:00:00Z,97.523,97.569,97.455,97.503,97.546,97.59,97.479,97.524
2025-01-22T02:00:00Z,97.501,97.614,97.477,97.611,97.524,97.635,97.501,97.63
2025-01-22T03:00:00Z,97.614,97.688,97.541,97.668,97.632,97.707,97.562,97.686
2025-01-22T04:00:00Z,97.668,97.67,97.58,97.59,97.688,97.69,97.598,97.612
2025-01-22T05:00:00Z,97.588,97.662,97.572,97.618,97.61,97.683,97.589,97.64
2025-01-22T06:00:00Z,97.62,97.634,97.453,97.511,97.642,97.656,97.474,97.531
2025-01-22T07:00:00Z,97.514,97.668,97.471,97.655,97.532,97.688,97.493,97.676
2025-01-22T08:00:00Z,97.655,97.742,97.502,97.678,97.678,97.761,97.523,97.697
2025-01-22T09:00:00Z,97.682,97.825,97.672,97.824,97.703,97.846,97.692,97.842
2025-01-22T10:00:00Z,97.824,98.008,97.81,97.923,97.844,98.026,97.829,97.946
2025-01-22T11:00:00Z,97.923,98.067,97.889,97.928,97.944,98.089,97.911,97.95
2025-01-22T12:00:00Z,97.93,97.991,97.879,97.927,97.952,98.012,97.898,97.949
2025-01-22T13:00:00Z,97.93,98.039,97.882,97.934,97.951,98.056,97.901,97.955
2025-01-22T14:00:00Z,97.935,97.998,97.816,97.976,97.955,98.017,97.835,98.001
2025-01-22T15:00:00Z,97.977,98.1,97.852,98.086,98.0,98.118,97.872,98.106
2025-01-22T16:00:00Z,98.087,98.293,97.996,98.268,98.106,98.311,98.014,98.288
2025-01-22T17:00:00Z,98.268,98.327,98.229,98.304,98.289,98.347,98.25,98.323
2025-01-22T18:00:00Z,98.3,98.328,98.218,98.289,98.32,98.347,98.236,98.307
2025-01-22T19:00:00Z,98.289,98.313,98.227,98.259,98.308,98.332,98.247,98.28
2025-01-22T20:00:00Z,98.259,98.269,98.187,98.206,98.279,98.29,98.207,98.227
2025-01-22T21:00:00Z,98.205,98.212,98.151,98.169,98.225,98.255,98.174,98.247
2025-01-22T22:00:00Z,98.119,98.126,97.975,98.041,98.233,98.247,98.106,98.118
2025-01-22T23:00:00Z,98.032,98.135,98.009,98.112,98.112,98.158,98.029,98.133
2025-01-23T00:00:00Z,98.114,98.134,98.039,98.087,98.137,98.156,98.059,98.105
2025-01-23T01:00:00Z,98.089,98.238,98.045,98.191,98.108,98.259,98.067,98.215
2025-01-23T02:00:00Z,98.191,98.232,98.081,98.132,98.213,98.252,98.103,98.155
2025-01-23T03:00:00Z,98.13,98.202,98.116,98.163,98.152,98.219,98.136,98.183
2025-01-23T04:00:00Z,98.161,98.245,98.151,98.24,98.181,98.268,98.171,98.255
2025-01-23T05:00:00Z,98.241,98.309,98.231,98.253,98.255,98.328,98.251,98.273
2025-01-23T06:00:00Z,98.255,98.29,98.072,98.106,98.278,98.309,98.089,98.128
2025-01-23T07:00:00Z,98.102,98.188,98.024,98.129,98.124,98.207,98.045,98.15
2025-01-23T08:00:00Z,98.128,98.142,97.866,97.878,98.148,98.164,97.884,97.896
2025-01-23T09:00:00Z,97.876,97.97,97.871,97.937,97.896,97.991,97.888,97.958
2025-01-23T10:00:00Z,97.937,98.0,97.851,97.986,97.957,98.02,97.871,98.005
2025-01-23T11:00:00Z,97.985,98.12,97.967,98.055,98.006,98.141,97.987,98.076
2025-01-23T12:00:00Z,98.057,98.062,97.974,98.034,98.076,98.079,97.993,98.051
2025-01-23T13:00:00Z,98.032,98.055,97.895,97.961,98.05,98.071,97.916,97.981
2025-01-23T14:00:00Z,97.959,98.117,97.953,98.045,97.978,98.135,97.975,98.066
2025-01-23T15:00:00Z,98.05,98.116,97.922,97.942,98.07,98.132,97.941,97.96
2025-01-23T16:00:00Z,97.938,98.122,97.791,98.054,97.958,98.143,97.817,98.074
2025-01-23T17:00:00Z,98.053,98.199,98.031,98.169,98.075,98.22,98.05,98.19
2025-01-23T18:00:00Z,98.17,98.171,98.043,98.066,98.19,98.19,98.063,98.081
2025-01-23T19:00:00Z,98.064,98.072,97.931,97.962,98.081,98.093,97.948,97.98
2025-01-23T20:00:00Z,97.956,98.046,97.93,98.015,97.972,98.063,97.946,98.031
2025-01-23T21:00:00Z,98.016,98.066,98.008,98.048,98.031,98.103,98.029,98.103
2025-01-23T22:00:00Z,98.02,98.071,98.008,98.023,98.154,98.154,98.07,98.076
2025-01-23T23:00:00Z,98.024,98.096,97.977,98.075,98.075,98.12,98.003,98.099
2025-01-24T00:00:00Z,98.077,98.161,97.992,98.151,98.102,98.183,98.012,98.173
2025-01-24T01:00:00Z,98.151,98.189,98.062,98.187,98.172,98.211,98.086,98.207
2025-01-24T02:00:00Z,98.188,98.556,98.185,98.526,98.21,98.58,98.205,98.551
2025-01-24T03:00:00Z,98.526,98.643,98.072,98.231,98.552,98.674,98.093,98.252
2025-01-24T04:00:00Z,98.23,98.253,97.873,98.0,98.25,98.272,97.89,98.017
2025-01-24T05:00:00Z,98.0,98.254,97.96,98.229,98.018,98.273,97.981,98.248
2025-01-24T06:00:00Z,98.23,98.482,97.947,98.179,98.247,98.527,97.969,98.196
2025-01-24T07:00:00Z,98.182,98.303,98.041,98.093,98.198,98.319,98.064,98.115
2025-01-24T08:00:00Z,98.09,98.217,97.921,98.205,98.112,98.241,97.942,98.229
2025-01-24T09:00:00Z,98.207,98.396,98.096,98.356,98.229,98.413,98.113,98.377
2025-01-24T10:00:00Z,98.357,98.566,98.34,98.51,98.376,98.586,98.362,98.531
2025-01-24T11:00:00Z,98.512,98.608,98.439,98.539,98.531,98.626,98.459,98.561
2025-01-24T12:00:00Z,98.539,98.703,98.524,98.693,98.56,98.726,98.547,98.715
2025-01-24T13:00:00Z,98.695,98.755,98.504,98.545,98.719,98.777,98.526,98.561
2025-01-24T14:00:00Z,98.544,98.705,98.463,98.607,98.559,98.83,98.482,98.662
2025-01-24T15:00:00Z,98.605,98.653,98.308,98.46,98.664,98.676,98.329,98.475
2025-01-24T16:00:00Z,98.459,98.465,98.298,98.324,98.473,98.484,98.32,98.344
2025-01-24T17:00:00Z,98.325,98.455,98.294,98.397,98.346,98.475,98.315,98.412
2025-01-24T18:00:00Z,98.396,98.505,98.376,98.439,98.413,98.526,98.392,98.456
2025-01-24T19:00:00Z,98.435,98.458,98.317,98.364,98.457,98.477,98.335,98.384
2025-01-24T20:00:00Z,98.364,98.425,98.349,98.41,98.38,98.446,98.369,98.427
2025-01-24T21:00:00Z,98.412,98.486,98.372,98.45,98.427,98.595,98.425,98.531
2025-01-26T22:00:00Z,98.095,98.165,98.08,98.105,98.302,98.302,98.181,98.207
2025-01-26T23:00:00Z,98.117,98.194,97.895,97.99,98.219,98.261,97.91,98.017
2025-01-27T00:00:00Z,97.993,98.043,97.816,97.887,98.02,98.065,97.837,97.91
2025-01-27T01:00:00Z,97.885,97.997,97.699,97.759,97.907,98.018,97.721,97.781
2025-01-27T02:00:00Z,97.761,97.867,97.705,97.848,97.78,97.886,97.725,97.864
2025-01-27T03:00:00Z,97.85,98.101,97.824,98.08,97.865,98.121,97.846,98.103
2025-01-27T04:00:00Z,98.084,98.185,98.044,98.149,98.107,98.203,98.065,98.17
2025-01-27T05:00:00Z,98.149,98.171,98.046,98.169,98.169,98.191,98.067,98.184
2025-01-27T06:00:00Z,98.17,98.242,98.026,98.033,98.191,98.263,98.047,98.053
2025-01-27T07:00:00Z,98.028,98.037,97.832,97.86,98.049,98.059,97.854,97.88
2025-01-27T08:00:00Z,97.861,97.889,97.503,97.634,97.883,97.909,97.521,97.654
2025-01-27T09:00:00Z,97.635,97.654,97.223,97.28,97.657,97.677,97.242,97.299
2025-01-27T10:00:00Z,97.275,97.275,96.832,96.963,97.297,97.297,96.854,96.985
2025-01-27T11:00:00Z,96.958,97.053,96.812,96.982,96.979,97.075,96.832,97.001
2025-01-27T12:00:00Z,96.982,97.24,96.967,97.096,96.999,97.261,96.988,97.118
2025-01-27T13:00:00Z,97.096,97.179,96.981,97.031,97.119,97.199,97.004,97.05
2025-01-27T14:00:00Z,97.031,97.061,96.817,97.03,97.051,97.079,96.837,97.052
2025-01-27T15:00:00Z,97.029,97.082,96.889,96.992,97.05,97.104,96.908,97.006
2025-01-27T16:00:00Z,96.991,97.01,96.757,96.815,97.007,97.026,96.779,96.835
2025-01-27T17:00:00Z,96.814,96.939,96.794,96.839,96.835,96.956,96.812,96.858
2025-01-27T18:00:00Z,96.836,97.036,96.815,96.95,96.855,97.058,96.833,96.97
2025-01-27T19:00:00Z,96.951,97.203,96.95,97.111,96.972,97.223,96.97,97.13
2025-01-27T20:00:00Z,97.111,97.264,97.086,97.241,97.131,97.283,97.1,97.261
2025-01-27T21:00:00Z,97.243,97.319,97.173,97.19,97.264,97.34,97.214,97.267
2025-01-27T22:00:00Z,97.123,97.25,97.079,97.225,97.343,97.345,97.251,97.285
2025-01-27T23:00:00Z,97.235,97.264,96.932,96.96,97.286,97.3,96.951,96.978
2025-01-28T00:00:00Z,96.953,97.203,96.925,97.199,96.973,97.224,96.946,97.219
2025-01-28T01:00:00Z,97.197,97.498,97.197,97.293,97.219,97.52,97.216,97.313
2025-01-28T02:00:00Z,97.29,97.449,97.247,97.34,97.313,97.462,97.269,97.36
2025-01-28T03:00:00Z,97.337,97.446,97.236,97.352,97.359,97.467,97.254,97.371
2025-01-28T04:00:00Z,97.352,97.437,97.289,97.393,97.373,97.458,97.309,97.411
2025-01-28T05:00:00Z,97.391,97.424,97.301,97.347,97.408,97.443,97.321,97.368
2025-01-28T06:00:00Z,97.348,97.405,97.233,97.355,97.368,97.425,97.254,97.376
2025-01-28T07:00:00Z,97.352,97.485,97.3,97.435,97.374,97.504,97.321,97.456
2025-01-28T08:00:00Z,97.435,97.459,97.16,97.316,97.455,97.481,97.18,97.333
2025-01-28T09:00:00Z,97.317,97.449,97.125,97.2,97.335,97.469,97.143,97.219
2025-01-28T10:00:00Z,97.2,97.259,97.044,97.119,97.221,97.278,97.059,97.139
2025-01-28T11:00:00Z,97.12,97.155,96.992,97.095,97.143,97.176,97.008,97.115
2025-01-28T12:00:00Z,97.095,97.111,96.866,96.902,97.117,97.133,96.886,96.925
2025-01-28T13:00:00Z,96.901,97.043,96.877,97.004,96.921,97.062,96.892,97.027
2025-01-28T14:00:00Z,97.006,97.194,96.833,96.956,97.027,97.213,96.854,97.009
2025-01-28T15:00:00Z,96.964,97.284,96.937,97.224,97.01,97.305,96.975,97.238
2025-01-28T16:00:00Z,97.224,97.302,97.147,97.2,97.237,97.322,97.169,97.218
2025-01-28T17:00:00Z,97.199,97.245,97.172,97.214,97.218,97.265,97.193,97.232
2025-01-28T18:00:00Z,97.214,97.278,97.168,97.265,97.235,97.298,97.187,97.284
2025-01-28T19:00:00Z,97.266,97.31,97.191,97.27,97.284,97.327,97.213,97.29
2025-01-28T20:00:00Z,97.271,97.31,97.227,97.258,97.29,97.33,97.249,97.28
2025-01-28T21:00:00Z,97.256,97.274,97.197,97.203,97.278,97.299,97.229,97.276
2025-01-28T22:00:00Z,97.114,97.25,97.114,97.233,97.359,97.359,97.28,97.301
2025-01-28T23:00:00Z,97.235,97.289,97.224,97.24,97.3,97.314,97.253,97.263
2025-01-29T00:00:00Z,97.239,97.328,96.84,96.996,97.261,97.352,96.861,97.019
2025-01-29T01:00:00Z,96.994,97.086,96.929,97.03,97.019,97.103,96.95,97.051
2025-01-29T02:00:00Z,97.031,97.152,97.017,97.03,97.05,97.173,97.035,97.052
2025-01-29T03:00:00Z,97.027,97.032,96.818,96.882,97.047,97.054,96.836,96.905
2025-01-29T04:00:00Z,96.882,96.925,96.8,96.851,96.904,96.945,96.818,96.87
2025-01-29T05:00:00Z,96.852,96.939,96.784,96.813,96.869,96.955,96.803,96.834
2025-01-29T06:00:00Z,96.823,97.035,96.816,96.924,96.844,97.058,96.836,96.941
2025-01-29T07:00:00Z,96.927,96.956,96.8,96.837,96.951,96.98,96.82,96.855
2025-01-29T08:00:00Z,96.846,96.878,96.701,96.756,96.865,96.899,96.722,96.774
2025-01-29T09:00:00Z,96.755,96.807,96.681,96.71,96.774,96.826,96.704,96.731
2025-01-29T10:00:00Z,96.709,96.767,96.699,96.756,96.729,96.79,96.717,96.774
2025-01-29T11:00:00Z,96.757,96.792,96.723,96.758,96.774,96.814,96.741,96.782
2025-01-29T12:00:00Z,96.757,96.757,96.651,96.675,96.779,96.779,96.67,96.695
2025-01-29T13:00:00Z,96.677,96.693,96.47,96.566,96.7,96.713,96.492,96.583
2025-01-29T14:00:00Z,96.569,96.652,96.497,96.526,96.585,96.672,96.516,96.546
2025-01-29T15:00:00Z,96.528,96.634,96.483,96.517,96.549,96.655,96.503,96.536
2025-01-29T16:00:00Z,96.517,96.644,96.513,96.636,96.535,96.665,96.533,96.656
2025-01-29T17:00:00Z,96.638,96.757,96.587,96.604,96.659,96.775,96.607,96.623
2025-01-29T18:00:00Z,96.612,96.697,96.548,96.668,96.627,96.738,96.569,96.738
2025-01-29T19:00:00Z,96.662,96.855,96.588,96.73,96.745,96.879,96.61,96.753
2025-01-29T20:00:00Z,96.735,96.817,96.681,96.752,96.755,96.84,96.719,96.768
2025-01-29T21:00:00Z,96.751,96.778,96.675,96.721,96.769,96.799,96.695,96.782
2025-01-29T22:00:00Z,96.603,96.733,96.567,96.716,96.761,96.804,96.716,96.767
2025-01-29T23:00:00Z,96.716,96.82,96.685,96.81,96.768,96.849,96.709,96.834
2025-01-30T00:00:00Z,96.811,96.821,96.491,96.511,96.834,96.848,96.512,96.537
2025-01-30T01:00:00Z,96.514,96.514,96.325,96.464,96.539,96.54,96.348,96.485
2025-01-30T02:00:00Z,96.465,96.477,96.218,96.242,96.485,96.498,96.24,96.263
2025-01-30T03:00:00Z,96.243,96.333,96.199,96.294,96.265,96.356,96.219,96.313
2025-01-30T04:00:00Z,96.294,96.327,96.197,96.22,96.315,96.346,96.216,96.239
2025-01-30T05:00:00Z,96.22,96.233,96.049,96.081,96.238,96.255,96.069,96.099
2025-01-30T06:00:00Z,96.083,96.179,95.973,96.042,96.102,96.201,95.993,96.062
2025-01-30T07:00:00Z,96.04,96.206,95.964,96.13,96.059,96.224,95.982,96.151
2025-01-30T08:00:00Z,96.146,96.336,96.124,96.287,96.159,96.361,96.142,96.31
2025-01-30T09:00:00Z,96.292,96.294,96.145,96.167,96.313,96.318,96.167,96.19
2025-01-30T10:00:00Z,96.168,96.205,96.105,96.184,96.189,96.227,96.124,96.202
2025-01-30T11:00:00Z,96.184,96.254,96.133,96.25,96.204,96.273,96.151,96.271
2025-01-30T12:00:00Z,96.246,96.259,95.973,95.994,96.266,96.276,95.993,96.012
2025-01-30T13:00:00Z,95.991,96.01,95.82,95.946,96.012,96.027,95.892,95.968
2025-01-30T14:00:00Z,95.941,96.131,95.92,95.948,95.962,96.15,95.939,95.969
2025-01-30T15:00:00Z,95.944,96.088,95.839,96.068,95.966,96.108,95.853,96.087
2025-01-30T16:00:00Z,96.071,96.266,96.036,96.216,96.088,96.285,96.056,96.234
2025-01-30T17:00:00Z,96.217,96.222,96.044,96.12,96.234,96.24,96.065,96.14
2025-01-30T18:00:00Z,96.121,96.305,96.121,96.26,96.142,96.326,96.142,96.277
2025-01-30T19:00:00Z,96.26,96.26,96.119,96.122,96.275,96.275,96.139,96.143
2025-01-30T20:00:00Z,96.125,96.152,95.686,95.904,96.144,96.172,95.711,95.919
2025-01-30T21:00:00Z,95.899,95.959,95.678,95.77,95.92,95.984,95.704,95.827
2025-01-30T22:00:00Z,95.644,95.757,95.61,95.678,95.894,95.894,95.703,95.741
2025-01-30T23:00:00Z,95.691,95.962,95.668,95.74,95.738,95.981,95.738,95.763
2025-01-31T00:00:00Z,95.744,95.856,95.718,95.756,95.766,95.878,95.738,95.777
2025-01-31T01:00:00Z,95.757,95.792,95.595,95.746,95.777,95.812,95.618,95.765
2025-01-31T02:00:00Z,95.747,95.941,95.661,95.905,95.765,95.961,95.678,95.923
2025-01-31T03:00:00Z,95.905,96.05,95.852,96.0,95.924,96.071,95.872,96.02
2025-01-31T04:00:00Z,96.001,96.131,95.956,96.118,96.02,96.151,95.976,96.135
2025-01-31T05:00:00Z,96.121,96.338,96.119,96.275,96.138,96.359,96.136,96.29
2025-01-31T06:00:00Z,96.277,96.434,96.241,96.325,96.292,96.45,96.257,96.343
2025-01-31T07:00:00Z,96.323,96.453,96.271,96.409,96.341,96.475,96.289,96.426
2025-01-31T08:00:00Z,96.409,96.467,96.17,96.179,96.425,96.484,96.192,96.192
2025-01-31T09:00:00Z,96.17,96.281,96.105,96.281,96.19,96.302,96.127,96.299
2025-01-31T10:00:00Z,96.281,96.295,96.127,96.132,96.303,96.318,96.145,96.149
2025-01-31T11:00:00Z,96.131,96.196,96.025,96.188,96.15,96.215,96.042,96.207
2025-01-31T12:00:00Z,96.185,96.267,96.17,96.247,96.206,96.286,96.192,96.265
2025-01-31T13:00:00Z,96.246,96.391,96.231,96.286,96.267,96.419,96.253,96.304
2025-01-31T14:00:00Z,96.285,96.296,96.097,96.133,96.304,96.313,96.117,96.151
2025-01-31T15:00:00Z,96.128,96.616,96.11,96.562,96.148,96.631,96.13,96.582
2025-01-31T16:00:00Z,96.564,96.755,96.519,96.668,96.585,96.774,96.538,96.685
2025-01-31T17:00:00Z,96.669,96.923,96.568,96.807,96.684,96.95,96.581,96.829
2025-01-31T18:00:00Z,96.805,96.861,96.366,96.467,96.825,96.883,96.389,96.486
2025-01-31T19:00:00Z,96.469,96.482,96.255,96.408,96.49,96.503,96.276,96.428
2025-01-31T20:00:00Z,96.409,96.517,96.347,96.364,96.428,96.538,96.368,96.384
2025-01-31T21:00:00Z,96.367,96.457,96.244,96.361,96.385,96.472,96.267,96.446
2025-02-02T22:00:00Z,95.298,95.556,95.227,95.374,95.506,95.777,95.399,95.438
2025-02-02T23:00:00Z,95.369,95.633,95.287,95.397,95.441,95.667,95.319,95.426
2025-02-03T00:00:00Z,95.403,95.674,95.143,95.255,95.433,95.702,95.161,95.28
2025-02-03T01:00:00Z,95.253,95.558,95.188,95.218,95.275,95.58,95.213,95.238
2025-02-03T02:00:00Z,95.217,95.23,94.677,94.807,95.239,95.254,94.701,94.83
2025-02-03T03:00:00Z,94.81,94.933,94.72,94.908,94.833,94.955,94.737,94.928
2025-02-03T04:00:00Z,94.91,95.311,94.901,95.224,94.932,95.335,94.922,95.245
2025-02-03T05:00:00Z,95.221,95.26,95.09,95.214,95.243,95.282,95.109,95.233
2025-02-03T06:00:00Z,95.216,95.414,95.171,95.358,95.234,95.434,95.195,95.371
2025-02-03T07:00:00Z,95.366,95.586,95.366,95.466,95.38,95.608,95.38,95.489
2025-02-03T08:00:00Z,95.47,95.622,95.376,95.434,95.493,95.642,95.399,95.454
2025-02-03T09:00:00Z,95.438,95.457,95.173,95.185,95.456,95.479,95.194,95.202
2025-02-03T10:00:00Z,95.187,95.358,95.168,95.208,95.202,95.376,95.187,95.228
2025-02-03T11:00:00Z,95.207,95.227,94.907,95.044,95.228,95.247,94.923,95.066
2025-02-03T12:00:00Z,95.045,95.136,94.964,95.118,95.066,95.163,94.988,95.14
2025-02-03T13:00:00Z,95.118,95.364,95.102,95.26,95.139,95.385,95.124,95.275
2025-02-03T14:00:00Z,95.263,95.3,94.963,95.018,95.276,95.322,94.983,95.073
2025-02-03T15:00:00Z,95.009,95.895,94.613,95.84,95.058,95.914,94.63,95.858
2025-02-03T16:00:00Z,95.84,95.924,95.505,95.519,95.857,95.943,95.527,95.54
2025-02-03T17:00:00Z,95.521,95.708,95.273,95.543,95.543,95.751,95.322,95.566
2025-02-03T18:00:00Z,95.546,95.753,95.426,95.722,95.569,95.771,95.449,95.743
2025-02-03T19:00:00Z,95.718,95.864,95.703,95.759,95.738,95.885,95.72,95.779
2025-02-03T20:00:00Z,95.762,95.787,95.648,95.674,95.781,95.805,95.669,95.694
2025-02-03T21:00:00Z,95.677,96.455,95.638,96.33,95.698,96.478,95.657,96.42
2025-02-03T22:00:00Z,96.188,96.412,96.178,96.315,96.434,96.529,96.318,96.434
2025-02-03T23:00:00Z,96.321,96.626,96.313,96.53,96.437,96.656,96.418,96.554
2025-02-04T00:00:00Z,96.529,96.604,96.386,96.453,96.555,96.628,96.408,96.473
2025-02-04T01:00:00Z,96.456,96.456,96.221,96.288,96.472,96.474,96.245,96.313
2025-02-04T02:00:00Z,96.293,96.414,96.25,96.367,96.316,96.436,96.27,96.383
2025-02-04T03:00:00Z,96.368,96.372,96.249,96.261,96.385,96.394,96.27,96.281
2025-02-04T04:00:00Z,96.261,96.287,96.156,96.175,96.28,96.311,96.178,96.193
2025-02-04T05:00:00Z,96.176,96.181,95.563,96.012,96.192,96.199,95.586,96.032
2025-02-04T06:00:00Z,96.011,96.227,95.998,96.217,96.032,96.243,96.019,96.234
2025-02-04T07:00:00Z,96.217,96.414,96.156,96.398,96.23,96.436,96.176,96.418
2025-02-04T08:00:00Z,96.394,96.494,96.16,96.292,96.416,96.516,96.18,96.309
2025-02-04T09:00:00Z,96.292,96.428,96.22,96.415,96.31,96.448,96.241,96.433
2025-02-04T10:00:00Z,96.412,96.496,96.345,96.492,96.432,96.516,96.367,96.513
2025-02-04T11:00:00Z,96.488,96.507,96.366,96.392,96.507,96.526,96.387,96.408
2025-02-04T12:00:00Z,96.39,96.464,96.382,96.443,96.408,96.486,96.399,96.461
2025-02-04T13:00:00Z,96.443,96.58,96.441,96.513,96.46,96.602,96.459,96.529
2025-02-04T14:00:00Z,96.514,96.587,96.391,96.566,96.531,96.606,96.411,96.599
2025-02-04T15:00:00Z,96.566,96.696,96.386,96.64,96.605,96.716,96.405,96.659
2025-02-04T16:00:00Z,96.641,96.747,96.586,96.664,96.659,96.768,96.606,96.686
2025-02-04T17:00:00Z,96.664,96.693,96.376,96.45,96.684,96.713,96.397,96.464
2025-02-04T18:00:00Z,96.446,96.569,96.406,96.53,96.462,96.587,96.428,96.548
2025-02-04T19:00:00Z,96.53,96.587,96.495,96.577,96.547,96.605,96.512,96.596
2025-02-04T20:00:00Z,96.581,96.586,96.515,96.574,96.6,96.604,96.535,96.595
2025-02-04T21:00:00Z,96.574,96.592,96.513,96.529,96.594,96.61,96.533,96.579
2025-02-04T22:00:00Z,96.432,96.525,96.419,96.503,96.594,96.611,96.523,96.563
2025-02-04T23:00:00Z,96.498,96.596,96.313,96.316,96.558,96.62,96.335,96.336
2025-02-05T00:00:00Z,96.319,96.461,96.191,96.197,96.338,96.478,96.21,96.22
2025-02-05T01:00:00Z,96.197,96.211,95.86,95.884,96.221,96.23,95.883,95.907
2025-02-05T02:00:00Z,95.882,95.924,95.703,95.897,95.906,95.944,95.722,95.918
2025-02-05T03:00:00Z,95.899,95.953,95.739,95.76,95.919,95.973,95.761,95.777
2025-02-05T04:00:00Z,95.755,95.839,95.685,95.816,95.775,95.859,95.708,95.838
2025-02-05T05:00:00Z,95.818,95.955,95.804,95.923,95.84,95.975,95.823,95.945
2025-02-05T06:00:00Z,95.925,95.996,95.795,95.813,95.948,96.017,95.813,95.832
2025-02-05T07:00:00Z,95.81,96.135,95.762,96.111,95.83,96.157,95.783,96.13
2025-02-05T08:00:00Z,96.111,96.252,96.011,96.105,96.128,96.272,96.03,96.124
2025-02-05T09:00:00Z,96.105,96.198,95.9,95.959,96.125,96.216,95.918,95.978
2025-02-05T10:00:00Z,95.958,95.995,95.848,95.953,95.978,96.017,95.868,95.971
2025-02-05T11:00:00Z,95.952,96.036,95.916,96.025,95.971,96.055,95.936,96.046
2025-02-05T12:00:00Z,96.027,96.085,95.935,96.034,96.047,96.102,95.955,96.051
2025-02-05T13:00:00Z,96.032,96.147,95.956,96.069,96.054,96.169,96.023,96.088
2025-02-05T14:00:00Z,96.069,96.207,95.919,95.919,96.089,96.229,95.961,96.029
2025-02-05T15:00:00Z,95.919,95.978,95.675,95.747,95.963,96.015,95.693,95.766
2025-02-05T16:00:00Z,95.747,95.878,95.703,95.868,95.765,95.896,95.723,95.883
2025-02-05T17:00:00Z,95.864,95.926,95.783,95.813,95.881,95.946,95.802,95.831
2025-02-05T18:00:00Z,95.809,95.87,95.77,95.779,95.83,95.889,95.791,95.8
2025-02-05T19:00:00Z,95.78,95.878,95.776,95.863,95.798,95.899,95.797,95.879
2025-02-05T20:00:00Z,95.861,96.009,95.86,95.988,95.879,96.028,95.879,96.008
2025-02-05T21:00:00Z,95.991,96.001,95.876,95.878,96.011,96.019,95.911,95.925
2025-02-05T22:00:00Z,95.806,95.855,95.784,95.819,95.95,96.02,95.853,95.876
2025-02-05T23:00:00Z,95.816,95.971,95.78,95.918,95.872,95.994,95.827,95.94
2025-02-06T00:00:00Z,95.915,95.949,95.675,95.685,95.936,95.971,95.694,95.707
2025-02-06T01:00:00Z,95.685,95.725,95.387,95.526,95.705,95.746,95.406,95.548
2025-02-06T02:00:00Z,95.526,95.548,95.426,95.508,95.547,95.571,95.446,95.529
2025-02-06T03:00:00Z,95.511,95.527,95.269,95.361,95.532,95.549,95.286,95.379
2025-02-06T04:00:00Z,95.364,95.432,95.331,95.399,95.379,95.45,95.354,95.42
2025-02-06T05:00:00Z,95.399,95.581,95.346,95.443,95.422,95.602,95.368,95.465
2025-02-06T06:00:00Z,95.441,95.651,95.437,95.613,95.463,95.673,95.46,95.636
2025-02-06T07:00:00Z,95.609,95.685,95.495,95.555,95.632,95.706,95.517,95.575
2025-02-06T08:00:00Z,95.551,95.572,95.446,95.534,95.574,95.595,95.467,95.555
2025-02-06T09:00:00Z,95.533,95.668,95.461,95.577,95.553,95.686,95.481,95.595
2025-02-06T10:00:00Z,95.577,95.618,95.507,95.541,95.596,95.638,95.529,95.56
2025-02-06T11:00:00Z,95.543,95.56,95.469,95.493,95.564,95.579,95.491,95.51
2025-02-06T12:00:00Z,95.489,95.51,95.417,95.464,95.508,95.53,95.439,95.483
2025-02-06T13:00:00Z,95.464,95.515,95.192,95.249,95.486,95.536,95.21,95.27
2025-02-06T14:00:00Z,95.247,95.351,95.199,95.246,95.267,95.37,95.216,95.265
2025-02-06T15:00:00Z,95.244,95.377,95.181,95.249,95.265,95.396,95.202,95.267
2025-02-06T16:00:00Z,95.249,95.462,95.235,95.425,95.268,95.483,95.252,95.446
2025-02-06T17:00:00Z,95.425,95.495,95.39,95.447,95.447,95.514,95.41,95.463
2025-02-06T18:00:00Z,95.45,95.465,95.09,95.101,95.468,95.484,95.11,95.116
2025-02-06T19:00:00Z,95.098,95.125,94.959,95.069,95.115,95.146,94.981,95.088
2025-02-06T20:00:00Z,95.068,95.245,95.066,95.242,95.088,95.26,95.082,95.255
2025-02-06T21:00:00Z,95.237,95.239,95.129,95.144,95.254,95.254,95.179,95.205
2025-02-06T22:00:00Z,95.154,95.154,94.927,95.092,95.217,95.234,95.112,95.152
2025-02-06T23:00:00Z,95.095,95.136,94.938,94.949,95.155,95.181,94.958,94.969
2025-02-07T00:00:00Z,94.946,95.053,94.848,95.007,94.967,95.076,94.865,95.028
2025-02-07T01:00:00Z,95.007,95.357,94.999,95.329,95.027,95.379,95.02,95.352
2025-02-07T02:00:00Z,95.331,95.515,95.317,95.383,95.352,95.536,95.339,95.404
2025-02-07T03:00:00Z,95.383,95.393,95.272,95.296,95.402,95.414,95.29,95.313
2025-02-07T04:00:00Z,95.295,95.325,95.239,95.299,95.313,95.347,95.258,95.321
2025-02-07T05:00:00Z,95.3,95.358,95.256,95.272,95.32,95.381,95.275,95.288
2025-02-07T06:00:00Z,95.27,95.399,95.175,95.398,95.289,95.416,95.195,95.415
2025-02-07T07:00:00Z,95.389,95.504,95.373,95.446,95.412,95.525,95.394,95.46
2025-02-07T08:00:00Z,95.444,95.582,95.413,95.533,95.461,95.603,95.434,95.552
2025-02-07T09:00:00Z,95.534,95.584,95.495,95.55,95.552,95.605,95.515,95.569
2025-02-07T10:00:00Z,95.548,95.667,95.541,95.608,95.569,95.688,95.562,95.63
2025-02-07T11:00:00Z,95.608,95.621,95.533,95.577,95.631,95.64,95.552,95.599
2025-02-07T12:00:00Z,95.574,95.604,95.434,95.454,95.596,95.623,95.455,95.475
2025-02-07T13:00:00Z,95.453,95.599,95.265,95.371,95.473,95.664,95.297,95.39
2025-02-07T14:00:00Z,95.372,95.51,95.283,95.349,95.39,95.528,95.299,95.391
2025-02-07T15:00:00Z,95.364,95.402,94.777,94.992,95.396,95.428,94.797,95.013
2025-02-07T16:00:00Z,94.994,95.031,94.484,94.729,95.014,95.046,94.504,94.749
2025-02-07T17:00:00Z,94.73,95.086,94.697,95.061,94.751,95.117,94.718,95.082
2025-02-07T18:00:00Z,95.059,95.174,94.866,94.903,95.081,95.195,94.883,94.924
2025-02-07T19:00:00Z,94.905,95.056,94.842,94.95,94.925,95.078,94.863,94.971
2025-02-07T20:00:00Z,94.944,94.953,94.84,94.87,94.964,94.974,94.862,94.887
2025-02-07T21:00:00Z,94.87,94.977,94.834,94.834,94.888,95.078,94.874,95.063
2025-02-09T22:00:00Z,94.384,94.685,94.355,94.65,94.486,94.759,94.486,94.731
2025-02-09T23:00:00Z,94.646,95.05,94.646,95.032,94.72,95.073,94.714,95.055
2025-02-10T00:00:00Z,95.032,95.149,94.957,95.132,95.058,95.17,94.979,95.15
2025-02-10T01:00:00Z,95.131,95.264,95.063,95.069,95.151,95.284,95.085,95.086
2025-02-10T02:00:00Z,95.069,95.209,95.033,95.192,95.087,95.228,95.053,95.21
2025-02-10T03:00:00Z,95.193,95.258,95.144,95.218,95.21,95.276,95.163,95.237
2025-02-10T04:00:00Z,95.218,95.295,95.188,95.254,95.238,95.315,95.207,95.27
2025-02-10T05:00:00Z,95.255,95.407,95.255,95.295,95.272,95.427,95.271,95.31
2025-02-10T06:00:00Z,95.295,95.347,95.188,95.345,95.311,95.366,95.208,95.363
2025-02-10T07:00:00Z,95.343,95.458,95.3,95.443,95.364,95.476,95.32,95.463
2025-02-10T08:00:00Z,95.444,95.642,95.402,95.586,95.462,95.663,95.421,95.603
2025-02-10T09:00:00Z,95.587,95.672,95.508,95.553,95.603,95.691,95.529,95.571
2025-02-10T10:00:00Z,95.549,95.628,95.497,95.499,95.569,95.647,95.517,95.519
2025-02-10T11:00:00Z,95.498,95.575,95.42,95.431,95.517,95.594,95.442,95.448
2025-02-10T12:00:00Z,95.429,95.468,95.358,95.371,95.448,95.489,95.375,95.388
2025-02-10T13:00:00Z,95.367,95.441,95.331,95.399,95.387,95.462,95.347,95.416
2025-02-10T14:00:00Z,95.399,95.402,95.194,95.236,95.414,95.421,95.214,95.255
2025-02-10T15:00:00Z,95.235,95.351,95.226,95.267,95.252,95.369,95.246,95.286
2025-02-10T16:00:00Z,95.268,95.305,95.184,95.243,95.285,95.323,95.205,95.264
2025-02-10T17:00:00Z,95.246,95.319,95.239,95.31,95.264,95.337,95.258,95.329
2025-02-10T18:00:00Z,95.311,95.464,95.289,95.43,95.329,95.481,95.308,95.443
2025-02-10T19:00:00Z,95.428,95.48,95.405,95.429,95.442,95.501,95.421,95.448
2025-02-10T20:00:00Z,95.429,95.462,95.393,95.393,95.449,95.479,95.41,95.41
2025-02-10T21:00:00Z,95.394,95.428,95.377,95.398,95.409,95.453,95.399,95.45
2025-02-10T22:00:00Z,95.395,95.446,95.264,95.375,95.447,95.613,95.329,95.415
2025-02-10T23:00:00Z,95.383,95.422,95.114,95.162,95.424,95.465,95.136,95.183
2025-02-11T00:00:00Z,95.16,95.267,95.066,95.223,95.18,95.288,95.088,95.241
2025-02-11T01:00:00Z,95.223,95.387,95.209,95.344,95.24,95.409,95.228,95.365
2025-02-11T02:00:00Z,95.346,95.365,95.14,95.169,95.366,95.388,95.16,95.191
2025-02-11T03:00:00Z,95.17,95.28,95.117,95.271,95.191,95.298,95.133,95.288
2025-02-11T04:00:00Z,95.271,95.365,95.27,95.345,95.286,95.385,95.286,95.363
2025-02-11T05:00:00Z,95.345,95.382,95.324,95.355,95.362,95.4,95.344,95.373
2025-02-11T06:00:00Z,95.354,95.462,95.284,95.388,95.373,95.483,95.302,95.409
2025-02-11T07:00:00Z,95.384,95.503,95.323,95.414,95.404,95.522,95.344,95.434
2025-02-11T08:00:00Z,95.415,95.548,95.306,95.394,95.434,95.57,95.326,95.414
2025-02-11T09:00:00Z,95.394,95.449,95.36,95.364,95.415,95.471,95.378,95.383
2025-02-11T10:00:00Z,95.363,95.519,95.354,95.381,95.385,95.537,95.373,95.401
2025-02-11T11:00:00Z,95.38,95.596,95.38,95.569,95.397,95.616,95.396,95.588
2025-02-11T12:00:00Z,95.569,95.739,95.483,95.711,95.589,95.758,95.501,95.733
2025-02-11T13:00:00Z,95.709,95.72,95.616,95.619,95.731,95.737,95.637,95.64
2025-02-11T14:00:00Z,95.622,95.826,95.584,95.706,95.641,95.844,95.603,95.727
2025-02-11T15:00:00Z,95.711,95.944,95.67,95.877,95.732,95.961,95.687,95.896
2025-02-11T16:00:00Z,95.88,95.91,95.824,95.878,95.898,95.926,95.841,95.895
2025-02-11T17:00:00Z,95.877,95.905,95.82,95.851,95.895,95.924,95.841,95.872
2025-02-11T18:00:00Z,95.852,95.917,95.815,95.852,95.872,95.936,95.834,95.871
2025-02-11T19:00:00Z,95.852,95.991,95.842,95.964,95.869,96.011,95.862,95.984
2025-02-11T20:00:00Z,95.963,96.099,95.947,96.06,95.984,96.12,95.966,96.077
2025-02-11T21:00:00Z,96.057,96.062,95.941,95.966,96.077,96.081,95.96,96.029
2025-02-11T22:00:00Z,95.81,95.938,95.81,95.92,96.047,96.075,95.893,95.969
2025-02-11T23:00:00Z,95.931,96.195,95.923,96.186,95.968,96.216,95.967,96.209
2025-02-12T00:00:00Z,96.186,96.449,96.135,96.412,96.207,96.471,96.159,96.431
2025-02-12T01:00:00Z,96.41,96.705,96.255,96.7,96.432,96.721,96.273,96.715
2025-02-12T02:00:00Z,96.701,96.829,96.664,96.75,96.718,96.848,96.684,96.769
2025-02-12T03:00:00Z,96.75,96.863,96.678,96.772,96.767,96.885,96.699,96.793
2025-02-12T04:00:00Z,96.771,96.84,96.644,96.665,96.793,96.861,96.662,96.683
2025-02-12T05:00:00Z,96.665,96.668,96.586,96.601,96.682,96.689,96.601,96.617
2025-02-12T06:00:00Z,96.602,96.711,96.584,96.599,96.617,96.732,96.603,96.618
2025-02-12T07:00:00Z,96.594,96.674,96.446,96.626,96.616,96.694,96.464,96.648
2025-02-12T08:00:00Z,96.628,96.777,96.401,96.441,96.65,96.798,96.422,96.462
2025-02-12T09:00:00Z,96.443,96.458,96.307,96.372,96.463,96.479,96.329,96.392
2025-02-12T10:00:00Z,96.373,96.47,96.336,96.401,96.392,96.487,96.356,96.42
2025-02-12T11:00:00Z,96.4,96.464,96.368,96.402,96.422,96.484,96.39,96.422
2025-02-12T12:00:00Z,96.402,96.459,96.31,96.408,96.424,96.475,96.33,96.423
2025-02-12T13:00:00Z,96.403,96.549,96.029,96.407,96.421,96.571,96.235,96.424
2025-02-12T14:00:00Z,96.408,96.63,96.233,96.628,96.424,96.649,96.253,96.647
2025-02-12T15:00:00Z,96.629,96.964,96.577,96.899,96.647,96.987,96.593,96.913
2025-02-12T16:00:00Z,96.899,97.161,96.827,97.156,96.917,97.177,96.848,97.177
2025-02-12T17:00:00Z,97.158,97.323,97.101,97.28,97.174,97.344,97.122,97.299
2025-02-12T18:00:00Z,97.279,97.309,97.006,97.025,97.299,97.329,97.023,97.045
2025-02-12T19:00:00Z,97.025,97.093,96.994,97.069,97.044,97.111,97.015,97.084
2025-02-12T20:00:00Z,97.066,97.084,97.003,97.043,97.083,97.101,97.022,97.062
2025-02-12T21:00:00Z,97.041,97.047,96.901,96.95,97.063,97.068,96.922,96.997
2025-02-12T22:00:00Z,96.903,96.935,96.843,96.889,97.038,97.042,96.91,96.954
2025-02-12T23:00:00Z,96.884,96.983,96.84,96.878,96.949,97.003,96.864,96.897
2025-02-13T00:00:00Z,96.875,97.051,96.803,97.034,96.897,97.071,96.824,97.053
2025-02-13T01:00:00Z,97.036,97.081,96.874,96.899,97.053,97.099,96.893,96.922
2025-02-13T02:00:00Z,96.902,96.931,96.791,96.802,96.924,96.95,96.812,96.819
2025-02-13T03:00:00Z,96.8,97.006,96.797,97.005,96.819,97.025,96.818,97.023
2025-02-13T04:00:00Z,97.003,97.27,96.995,97.149,97.022,97.291,97.013,97.167
2025-02-13T05:00:00Z,97.148,97.232,97.006,97.063,97.167,97.252,97.027,97.08
2025-02-13T06:00:00Z,97.066,97.093,96.842,96.852,97.086,97.113,96.862,96.873
2025-02-13T07:00:00Z,96.852,96.94,96.804,96.934,96.872,96.961,96.825,96.952
2025-02-13T08:00:00Z,96.934,96.938,96.543,96.551,96.955,96.957,96.562,96.57
2025-02-13T09:00:00Z,96.547,96.552,96.432,96.499,96.57,96.571,96.451,96.519
2025-02-13T10:00:00Z,96.494,96.563,96.367,96.381,96.517,96.584,96.389,96.403
2025-02-13T11:00:00Z,96.379,96.438,96.228,96.35,96.403,96.457,96.249,96.371
2025-02-13T12:00:00Z,96.349,96.357,96.223,96.306,96.369,96.378,96.242,96.326
2025-02-13T13:00:00Z,96.307,96.383,96.09,96.138,96.326,96.44,96.112,96.157
2025-02-13T14:00:00Z,96.136,96.252,95.992,96.25,96.156,96.269,96.011,96.268
2025-02-13T15:00:00Z,96.252,96.631,96.252,96.43,96.271,96.649,96.271,96.448
2025-02-13T16:00:00Z,96.429,96.454,96.309,96.357,96.448,96.475,96.327,96.374
2025-02-13T17:00:00Z,96.357,96.412,96.285,96.312,96.377,96.432,96.305,96.327
2025-02-13T18:00:00Z,96.31,96.416,96.108,96.373,96.327,96.435,96.127,96.389
2025-02-13T19:00:00Z,96.371,96.45,96.296,96.375,96.385,96.471,96.315,96.393
2025-02-13T20:00:00Z,96.374,96.557,96.372,96.52,96.393,96.574,96.389,96.54
2025-02-13T21:00:00Z,96.518,96.554,96.483,96.523,96.54,96.578,96.503,96.567
2025-02-13T22:00:00Z,96.4,96.541,96.395,96.515,96.642,96.688,96.522,96.567
2025-02-13T23:00:00Z,96.511,96.691,96.502,96.624,96.563,96.711,96.538,96.642
2025-02-14T00:00:00Z,96.631,96.641,96.316,96.369,96.649,96.662,96.336,96.393
2025-02-14T01:00:00Z,96.369,96.501,96.322,96.445,96.392,96.522,96.342,96.467
2025-02-14T02:00:00Z,96.447,96.709,96.414,96.658,96.47,96.728,96.435,96.679
2025-02-14T03:00:00Z,96.657,96.727,96.61,96.627,96.676,96.747,96.629,96.65
2025-02-14T04:00:00Z,96.627,96.673,96.455,96.462,96.648,96.693,96.474,96.483
2025-02-14T05:00:00Z,96.463,96.504,96.378,96.432,96.485,96.525,96.397,96.453
2025-02-14T06:00:00Z,96.432,96.513,96.376,96.398,96.449,96.531,96.395,96.417
2025-02-14T07:00:00Z,96.393,96.662,96.367,96.644,96.408,96.685,96.386,96.662
2025-02-14T08:00:00Z,96.644,96.785,96.569,96.737,96.665,96.803,96.59,96.758
2025-02-14T09:00:00Z,96.735,96.878,96.679,96.7,96.756,96.9,96.698,96.719
2025-02-14T10:00:00Z,96.701,96.73,96.588,96.593,96.722,96.752,96.605,96.61
2025-02-14T11:00:00Z,96.59,96.8,96.563,96.799,96.607,96.816,96.583,96.814
2025-02-14T12:00:00Z,96.8,96.886,96.724,96.884,96.813,96.906,96.743,96.903
2025-02-14T13:00:00Z,96.886,96.986,96.61,96.679,96.904,97.003,96.628,96.699
2025-02-14T14:00:00Z,96.678,96.911,96.665,96.904,96.699,96.927,96.682,96.921
2025-02-14T15:00:00Z,96.906,96.911,96.721,96.792,96.922,96.929,96.74,96.807
2025-02-14T16:00:00Z,96.792,96.831,96.624,96.787,96.806,96.848,96.643,96.802
2025-02-14T17:00:00Z,96.787,96.866,96.735,96.841,96.805,96.886,96.754,96.857
2025-02-14T18:00:00Z,96.841,96.871,96.795,96.807,96.856,96.891,96.813,96.826
2025-02-14T19:00:00Z,96.809,96.84,96.733,96.776,96.828,96.858,96.752,96.792
2025-02-14T20:00:00Z,96.775,96.854,96.759,96.813,96.793,96.874,96.779,96.831
2025-02-14T21:00:00Z,96.812,96.813,96.633,96.635,96.831,96.844,96.773,96.836
2025-02-16T22:00:00Z,96.57,96.719,96.57,96.673,96.687,96.784,96.659,96.719
2025-02-16T23:00:00Z,96.672,96.83,96.581,96.611,96.714,96.861,96.604,96.634
2025-02-17T00:00:00Z,96.61,96.688,96.48,96.533,96.636,96.707,96.5,96.554
2025-02-17T01:00:00Z,96.533,96.736,96.435,96.724,96.553,96.755,96.454,96.743
2025-02-17T02:00:00Z,96.725,96.735,96.373,96.433,96.746,96.755,96.39,96.454
2025-02-17T03:00:00Z,96.432,96.531,96.42,96.504,96.451,96.551,96.444,96.523
2025-02-17T04:00:00Z,96.502,96.623,96.476,96.572,96.522,96.642,96.495,96.592
2025-02-17T05:00:00Z,96.572,96.644,96.459,96.477,96.591,96.665,96.476,96.497
2025-02-17T06:00:00Z,96.476,96.703,96.465,96.612,96.494,96.719,96.485,96.633
2025-02-17T07:00:00Z,96.611,96.643,96.514,96.616,96.63,96.662,96.533,96.634
2025-02-17T08:00:00Z,96.619,96.655,96.488,96.507,96.637,96.673,96.506,96.524
2025-02-17T09:00:00Z,96.507,96.652,96.482,96.643,96.523,96.67,96.502,96.661
2025-02-17T10:00:00Z,96.642,96.659,96.463,96.5,96.663,96.678,96.484,96.518
2025-02-17T11:00:00Z,96.501,96.55,96.414,96.441,96.518,96.569,96.434,96.46
2025-02-17T12:00:00Z,96.446,96.455,96.328,96.394,96.462,96.476,96.35,96.411
2025-02-17T13:00:00Z,96.396,96.437,96.369,96.412,96.417,96.456,96.386,96.433
2025-02-17T14:00:00Z,96.412,96.447,96.374,96.431,96.432,96.46,96.392,96.448
2025-02-17T15:00:00Z,96.431,96.465,96.313,96.339,96.449,96.485,96.329,96.355
2025-02-17T16:00:00Z,96.339,96.425,96.319,96.376,96.357,96.443,96.332,96.396
2025-02-17T17:00:00Z,96.378,96.399,96.34,96.346,96.396,96.415,96.357,96.364
2025-02-17T18:00:00Z,96.345,96.365,96.267,96.267,96.364,96.383,96.284,96.287
2025-02-17T19:00:00Z,96.261,96.27,96.196,96.268,96.281,96.289,96.214,96.287
2025-02-17T20:00:00Z,96.271,96.312,96.259,96.301,96.288,96.328,96.273,96.322
2025-02-17T21:00:00Z,96.299,96.333,96.279,96.295,96.319,96.352,96.298,96.333
2025-02-17T22:00:00Z,96.236,96.319,96.114,96.226,96.373,96.416,96.278,96.278
2025-02-17T23:00:00Z,96.231,96.295,96.057,96.238,96.284,96.32,96.076,96.257
2025-02-18T00:00:00Z,96.237,96.358,96.197,96.279,96.259,96.376,96.216,96.301
2025-02-18T01:00:00Z,96.279,96.298,96.116,96.2,96.299,96.318,96.135,96.217
2025-02-18T02:00:00Z,96.2,96.42,96.182,96.349,96.216,96.439,96.203,96.369
2025-02-18T03:00:00Z,96.352,96.712,96.199,96.566,96.372,96.732,96.219,96.585
2025-02-18T04:00:00Z,96.568,96.781,96.393,96.656,96.589,96.801,96.41,96.675
2025-02-18T05:00:00Z,96.657,96.696,96.572,96.614,96.674,96.716,96.591,96.631
2025-02-18T06:00:00Z,96.614,96.692,96.462,96.581,96.633,96.713,96.482,96.601
2025-02-18T07:00:00Z,96.582,96.657,96.511,96.619,96.597,96.676,96.533,96.636
2025-02-18T08:00:00Z,96.62,96.684,96.544,96.56,96.64,96.705,96.566,96.58
2025-02-18T09:00:00Z,96.56,96.602,96.518,96.571,96.579,96.625,96.54,96.593
2025-02-18T10:00:00Z,96.572,96.578,96.425,96.444,96.593,96.597,96.445,96.464
2025-02-18T11:00:00Z,96.444,96.501,96.437,96.486,96.463,96.519,96.455,96.505
2025-02-18T12:00:00Z,96.489,96.563,96.265,96.28,96.506,96.584,96.284,96.301
2025-02-18T13:00:00Z,96.28,96.305,96.184,96.217,96.3,96.326,96.204,96.234
2025-02-18T14:00:00Z,96.214,96.389,96.179,96.36,96.233,96.407,96.198,96.38
2025-02-18T15:00:00Z,96.363,96.388,96.247,96.324,96.382,96.408,96.266,96.341
2025-02-18T16:00:00Z,96.323,96.442,96.316,96.405,96.341,96.461,96.333,96.423
2025-02-18T17:00:00Z,96.405,96.431,96.358,96.409,96.424,96.448,96.375,96.43
2025-02-18T18:00:00Z,96.41,96.46,96.378,96.46,96.429,96.478,96.395,96.478
2025-02-18T19:00:00Z,96.459,96.481,96.413,96.449,96.476,96.498,96.431,96.469
2025-02-18T20:00:00Z,96.452,96.566,96.443,96.554,96.47,96.584,96.46,96.573
2025-02-18T21:00:00Z,96.557,96.631,96.537,96.569,96.576,96.653,96.555,96.626
2025-02-18T22:00:00Z,96.441,96.62,96.44,96.593,96.662,96.69,96.615,96.667
2025-02-18T23:00:00Z,96.596,96.628,96.491,96.495,96.668,96.675,96.51,96.515
2025-02-19T00:00:00Z,96.494,96.576,96.395,96.503,96.515,96.6,96.416,96.545
2025-02-19T01:00:00Z,96.499,96.624,96.263,96.61,96.544,96.645,96.282,96.632
2025-02-19T02:00:00Z,96.608,96.759,96.511,96.721,96.63,96.777,96.529,96.741
2025-02-19T03:00:00Z,96.724,96.739,96.607,96.634,96.742,96.759,96.625,96.653
2025-02-19T04:00:00Z,96.633,96.642,96.529,96.566,96.653,96.661,96.544,96.585
2025-02-19T05:00:00Z,96.566,96.647,96.539,96.619,96.586,96.664,96.559,96.638
2025-02-19T06:00:00Z,96.616,96.63,96.495,96.523,96.635,96.648,96.513,96.54
2025-02-19T07:00:00Z,96.524,96.581,96.468,96.496,96.54,96.601,96.487,96.514
2025-02-19T08:00:00Z,96.497,96.596,96.459,96.486,96.514,96.614,96.478,96.504
2025-02-19T09:00:00Z,96.483,96.537,96.377,96.404,96.503,96.557,96.398,96.422
2025-02-19T10:00:00Z,96.406,96.496,96.36,96.385,96.423,96.513,96.379,96.403
2025-02-19T11:00:00Z,96.382,96.457,96.342,96.382,96.403,96.478,96.361,96.401
2025-02-19T12:00:00Z,96.382,96.502,96.324,96.472,96.402,96.522,96.345,96.493
2025-02-19T13:00:00Z,96.473,96.49,96.325,96.325,96.492,96.509,96.343,96.344
2025-02-19T14:00:00Z,96.324,96.334,96.047,96.068,96.344,96.352,96.067,96.085
2025-02-19T15:00:00Z,96.07,96.394,95.991,96.132,96.085,96.409,96.011,96.15
2025-02-19T16:00:00Z,96.137,96.248,96.093,96.143,96.156,96.269,96.109,96.163
2025-02-19T17:00:00Z,96.145,96.235,96.102,96.201,96.163,96.257,96.122,96.218
2025-02-19T18:00:00Z,96.202,96.247,96.178,96.182,96.218,96.265,96.195,96.222
2025-02-19T19:00:00Z,96.182,96.222,96.114,96.185,96.224,96.241,96.134,96.205
2025-02-19T20:00:00Z,96.186,96.205,96.124,96.153,96.204,96.223,96.143,96.174
2025-02-19T21:00:00Z,96.153,96.186,96.079,96.081,96.172,96.207,96.13,96.131
2025-02-19T22:00:00Z,95.959,96.072,95.956,96.029,96.197,96.254,96.077,96.089
2025-02-19T23:00:00Z,96.035,96.053,95.792,95.878,96.094,96.096,95.808,95.9
2025-02-20T00:00:00Z,95.878,95.962,95.723,95.896,95.899,95.983,95.745,95.916
2025-02-20T01:00:00Z,95.896,95.912,95.35,95.398,95.919,95.933,95.369,95.418
2025-02-20T02:00:00Z,95.398,95.769,95.319,95.736,95.417,95.787,95.335,95.755
2025-02-20T03:00:00Z,95.738,95.747,95.589,95.652,95.757,95.766,95.607,95.67
2025-02-20T04:00:00Z,95.651,95.681,95.527,95.589,95.671,95.7,95.544,95.603
2025-02-20T05:00:00Z,95.589,95.708,95.561,95.691,95.604,95.727,95.577,95.71
2025-02-20T06:00:00Z,95.691,95.697,95.453,95.489,95.711,95.715,95.473,95.505
2025-02-20T07:00:00Z,95.488,95.595,95.416,95.578,95.508,95.612,95.437,95.595
2025-02-20T08:00:00Z,95.578,95.873,95.569,95.819,95.597,95.893,95.588,95.841
2025-02-20T09:00:00Z,95.819,95.91,95.749,95.828,95.839,95.93,95.77,95.845
2025-02-20T10:00:00Z,95.825,95.827,95.709,95.718,95.846,95.846,95.728,95.737
2025-02-20T11:00:00Z,95.717,95.758,95.633,95.691,95.737,95.778,95.651,95.712
2025-02-20T12:00:00Z,95.691,95.7,95.56,95.618,95.711,95.719,95.574,95.633
2025-02-20T13:00:00Z,95.614,95.728,95.531,95.681,95.633,95.746,95.546,95.698
2025-02-20T14:00:00Z,95.677,95.804,95.613,95.619,95.695,95.82,95.631,95.637
2025-02-20T15:00:00Z,95.617,95.753,95.443,95.603,95.637,95.769,95.463,95.619
2025-02-20T16:00:00Z,95.601,95.721,95.556,95.645,95.619,95.739,95.575,95.662
2025-02-20T17:00:00Z,95.646,95.726,95.592,95.605,95.662,95.744,95.608,95.623
2025-02-20T18:00:00Z,95.602,95.809,95.596,95.801,95.622,95.824,95.612,95.816
2025-02-20T19:00:00Z,95.801,95.914,95.791,95.893,95.814,95.93,95.81,95.912
2025-02-20T20:00:00Z,95.895,95.911,95.791,95.825,95.913,95.927,95.81,95.843
2025-02-20T21:00:00Z,95.821,95.827,95.748,95.748,95.84,95.846,95.782,95.798
2025-02-20T22:00:00Z,95.739,95.739,95.563,95.678,95.799,95.91,95.689,95.738
2025-02-20T23:00:00Z,95.681,95.828,95.638,95.699,95.741,95.849,95.656,95.716
2025-02-21T00:00:00Z,95.694,95.925,95.679,95.858,95.713,95.947,95.701,95.88
2025-02-21T01:00:00Z,95.855,96.176,95.837,96.093,95.878,96.198,95.856,96.113
2025-02-21T02:00:00Z,96.094,96.486,96.054,96.367,96.116,96.508,96.073,96.387
2025-02-21T03:00:00Z,96.367,96.395,96.145,96.212,96.386,96.416,96.164,96.234
2025-02-21T04:00:00Z,96.211,96.218,96.081,96.146,96.231,96.236,96.102,96.166
2025-02-21T05:00:00Z,96.147,96.2,96.049,96.056,96.168,96.221,96.068,96.076
2025-02-21T06:00:00Z,96.054,96.185,96.039,96.102,96.073,96.203,96.059,96.124
2025-02-21T07:00:00Z,96.108,96.253,96.086,96.193,96.125,96.268,96.106,96.211
2025-02-21T08:00:00Z,96.194,96.258,96.009,96.032,96.216,96.278,96.029,96.053
2025-02-21T09:00:00Z,96.039,96.088,95.947,96.088,96.059,96.107,95.967,96.105
2025-02-21T10:00:00Z,96.085,96.128,96.015,96.021,96.106,96.148,96.033,96.042
2025-02-21T11:00:00Z,96.02,96.062,95.967,95.98,96.042,96.081,95.985,95.999
2025-02-21T12:00:00Z,95.979,96.084,95.974,96.051,95.999,96.1,95.994,96.07
2025-02-21T13:00:00Z,96.054,96.089,95.938,96.036,96.07,96.109,95.958,96.05
2025-02-21T14:00:00Z,96.032,96.059,95.646,95.66,96.05,96.079,95.666,95.689
2025-02-21T15:00:00Z,95.638,95.668,95.27,95.328,95.685,95.695,95.288,95.342
2025-02-21T16:00:00Z,95.328,95.378,95.233,95.295,95.341,95.394,95.247,95.308
2025-02-21T17:00:00Z,95.29,95.322,95.039,95.068,95.308,95.342,95.056,95.085
2025-02-21T18:00:00Z,95.063,95.063,94.788,94.831,95.083,95.083,94.81,94.849
2025-02-21T19:00:00Z,94.829,94.832,94.642,94.715,94.85,94.85,94.66,94.732
2025-02-21T20:00:00Z,94.715,94.829,94.697,94.813,94.733,94.849,94.717,94.826
2025-02-21T21:00:00Z,94.806,94.923,94.78,94.866,94.826,95.047,94.803,94.963
2025-02-23T22:00:00Z,94.867,95.066,94.866,94.974,94.996,95.157,94.993,95.029
2025-02-23T23:00:00Z,94.974,95.182,94.941,95.141,95.03,95.209,94.978,95.165
2025-02-24T00:00:00Z,95.143,95.143,94.877,94.88,95.165,95.165,94.896,94.899
2025-02-24T01:00:00Z,94.879,95.089,94.816,95.054,94.901,95.107,94.835,95.075
2025-02-24T02:00:00Z,95.056,95.41,95.052,95.304,95.076,95.429,95.071,95.325
2025-02-24T03:00:00Z,95.303,95.444,95.172,95.21,95.326,95.467,95.189,95.228
2025-02-24T04:00:00Z,95.211,95.252,95.177,95.206,95.232,95.272,95.198,95.224
2025-02-24T05:00:00Z,95.203,95.339,95.181,95.261,95.225,95.36,95.2,95.28
2025-02-24T06:00:00Z,95.261,95.352,95.183,95.337,95.279,95.372,95.203,95.355
2025-02-24T07:00:00Z,95.336,95.379,95.069,95.212,95.355,95.393,95.087,95.231
2025-02-24T08:00:00Z,95.213,95.242,94.969,95.169,95.235,95.265,94.989,95.19
2025-02-24T09:00:00Z,95.169,95.293,95.129,95.199,95.189,95.313,95.152,95.219
2025-02-24T10:00:00Z,95.197,95.271,95.153,95.236,95.217,95.292,95.174,95.257
2025-02-24T11:00:00Z,95.235,95.386,95.215,95.321,95.257,95.405,95.235,95.343
2025-02-24T12:00:00Z,95.32,95.381,95.255,95.369,95.341,95.402,95.279,95.389
2025-02-24T13:00:00Z,95.368,95.444,95.277,95.369,95.39,95.463,95.297,95.389
2025-02-24T14:00:00Z,95.366,95.43,94.748,94.773,95.387,95.45,94.764,94.789
2025-02-24T15:00:00Z,94.773,94.93,94.684,94.855,94.791,94.95,94.704,94.874
2025-02-24T16:00:00Z,94.857,95.23,94.848,95.107,94.876,95.247,94.865,95.124
2025-02-24T17:00:00Z,95.104,95.255,95.092,95.101,95.123,95.274,95.112,95.118
2025-02-24T18:00:00Z,95.098,95.165,95.054,95.154,95.117,95.186,95.071,95.172
2025-02-24T19:00:00Z,95.156,95.249,95.083,95.139,95.173,95.27,95.1,95.157
2025-02-24T20:00:00Z,95.139,95.158,94.955,95.017,95.158,95.176,94.975,95.036
2025-02-24T21:00:00Z,95.019,95.083,94.991,95.032,95.037,95.105,95.011,95.085
2025-02-24T22:00:00Z,94.988,95.066,94.928,95.004,95.128,95.207,95.036,95.057
2025-02-24T23:00:00Z,95.0,95.096,94.949,95.015,95.053,95.124,94.968,95.038
2025-02-25T00:00:00Z,95.016,95.227,95.015,95.209,95.038,95.251,95.037,95.225
2025-02-25T01:00:00Z,95.208,95.309,95.155,95.187,95.225,95.327,95.176,95.207
2025-02-25T02:00:00Z,95.188,95.242,95.117,95.188,95.206,95.261,95.136,95.206
2025-02-25T03:00:00Z,95.188,95.253,95.045,95.06,95.205,95.274,95.062,95.073
2025-02-25T04:00:00Z,95.062,95.099,94.904,94.959,95.077,95.12,94.92,94.981
2025-02-25T05:00:00Z,94.962,95.158,94.959,95.131,94.981,95.177,94.981,95.152
2025-02-25T06:00:00Z,95.131,95.194,95.069,95.095,95.151,95.212,95.088,95.117
2025-02-25T07:00:00Z,95.092,95.115,94.587,94.598,95.114,95.133,94.606,94.615
2025-02-25T08:00:00Z,94.596,94.813,94.53,94.723,94.615,94.833,94.548,94.743
2025-02-25T09:00:00Z,94.722,94.919,94.711,94.721,94.74,94.938,94.727,94.738
2025-02-25T10:00:00Z,94.722,94.825,94.691,94.736,94.74,94.844,94.708,94.754
2025-02-25T11:00:00Z,94.736,95.059,94.735,95.045,94.757,95.078,94.755,95.065
2025-02-25T12:00:00Z,95.045,95.045,94.81,94.942,95.066,95.066,94.829,94.963
2025-02-25T13:00:00Z,94.941,95.062,94.816,94.816,94.961,95.081,94.837,94.838
2025-02-25T14:00:00Z,94.818,94.859,94.508,94.533,94.84,94.877,94.527,94.566
2025-02-25T15:00:00Z,94.533,94.533,94.007,94.4,94.568,94.571,94.024,94.415
2025-02-25T16:00:00Z,94.399,94.44,94.124,94.403,94.415,94.456,94.144,94.421
2025-02-25T17:00:00Z,94.401,94.426,94.208,94.424,94.421,94.444,94.226,94.443
2025-02-25T18:00:00Z,94.426,94.684,94.424,94.577,94.443,94.702,94.443,94.597
2025-02-25T19:00:00Z,94.574,94.596,94.456,94.543,94.594,94.615,94.475,94.558
2025-02-25T20:00:00Z,94.538,94.616,94.435,94.468,94.553,94.636,94.457,94.487
2025-02-25T21:00:00Z,94.465,94.565,94.456,94.517,94.485,94.585,94.475,94.573
2025-02-25T22:00:00Z,94.421,94.664,94.399,94.652,94.646,94.713,94.59,94.706
2025-02-25T23:00:00Z,94.664,94.701,94.544,94.659,94.705,94.723,94.567,94.683
2025-02-26T00:00:00Z,94.659,94.681,94.384,94.441,94.682,94.703,94.406,94.463
2025-02-26T01:00:00Z,94.435,94.575,94.233,94.569,94.457,94.599,94.255,94.587
2025-02-26T02:00:00Z,94.575,94.644,94.422,94.616,94.596,94.662,94.443,94.635
2025-02-26T03:00:00Z,94.614,94.682,94.459,94.509,94.635,94.703,94.476,94.528
2025-02-26T04:00:00Z,94.509,94.606,94.447,94.539,94.527,94.622,94.467,94.558
2025-02-26T05:00:00Z,94.538,94.653,94.465,94.485,94.559,94.672,94.483,94.505
2025-02-26T06:00:00Z,94.485,94.733,94.473,94.67,94.506,94.754,94.493,94.689
2025-02-26T07:00:00Z,94.674,94.712,94.547,94.598,94.694,94.731,94.568,94.618
2025-02-26T08:00:00Z,94.596,94.66,94.447,94.499,94.616,94.68,94.464,94.519
2025-02-26T09:00:00Z,94.503,94.544,94.435,94.444,94.52,94.565,94.456,94.465
2025-02-26T10:00:00Z,94.441,94.467,94.345,94.451,94.463,94.488,94.367,94.472
2025-02-26T11:00:00Z,94.452,94.468,94.375,94.41,94.472,94.488,94.395,94.434
2025-02-26T12:00:00Z,94.41,94.447,94.265,94.348,94.432,94.463,94.285,94.365
2025-02-26T13:00:00Z,94.349,94.391,94.247,94.279,94.365,94.406,94.264,94.295
2025-02-26T14:00:00Z,94.28,94.456,94.071,94.384,94.298,94.476,94.089,94.397
2025-02-26T15:00:00Z,94.381,94.546,94.354,94.41,94.395,94.566,94.369,94.429
2025-02-26T16:00:00Z,94.415,94.469,94.255,94.27,94.431,94.487,94.274,94.288
2025-02-26T17:00:00Z,94.272,94.438,94.154,94.194,94.288,94.46,94.174,94.214
2025-02-26T18:00:00Z,94.191,94.241,93.842,93.925,94.21,94.26,93.862,93.943
2025-02-26T19:00:00Z,93.923,93.999,93.797,93.883,93.943,94.02,93.816,93.903
2025-02-26T20:00:00Z,93.887,93.928,93.769,93.89,93.906,93.95,93.788,93.91
2025-02-26T21:00:00Z,93.892,94.026,93.845,93.976,93.91,94.044,93.866,94.03
2025-02-26T22:00:00Z,93.885,94.044,93.878,93.953,94.028,94.152,93.996,94.02
2025-02-26T23:00:00Z,93.956,94.002,93.872,93.92,93.994,94.025,93.894,93.943
2025-02-27T00:00:00Z,93.923,94.014,93.797,93.959,93.947,94.037,93.82,93.98
2025-02-27T01:00:00Z,93.963,94.209,93.897,94.188,93.985,94.23,93.917,94.209
2025-02-27T02:00:00Z,94.191,94.212,94.006,94.052,94.213,94.233,94.024,94.075
2025-02-27T03:00:00Z,94.057,94.156,93.889,93.896,94.076,94.176,93.906,93.915
2025-02-27T04:00:00Z,93.895,93.933,93.705,93.746,93.916,93.955,93.721,93.763
2025-02-27T05:00:00Z,93.746,93.965,93.742,93.959,93.766,93.983,93.757,93.977
2025-02-27T06:00:00Z,93.958,94.037,93.929,93.971,93.978,94.055,93.946,93.988
2025-02-27T07:00:00Z,93.973,94.072,93.898,93.994,93.988,94.092,93.919,94.014
2025-02-27T08:00:00Z,93.991,94.318,93.937,94.309,94.012,94.34,93.957,94.328
2025-02-27T09:00:00Z,94.312,94.504,94.251,94.425,94.331,94.527,94.272,94.444
2025-02-27T10:00:00Z,94.427,94.472,94.336,94.388,94.449,94.495,94.356,94.409
2025-02-27T11:00:00Z,94.392,94.442,94.292,94.351,94.413,94.463,94.314,94.373
2025-02-27T12:00:00Z,94.352,94.364,94.177,94.202,94.373,94.382,94.197,94.219
2025-02-27T13:00:00Z,94.2,94.236,93.741,93.822,94.219,94.253,93.762,93.843
2025-02-27T14:00:00Z,93.822,94.022,93.578,93.632,93.842,94.043,93.596,93.653
2025-02-27T15:00:00Z,93.636,93.9,93.478,93.789,93.654,93.917,93.499,93.809
2025-02-27T16:00:00Z,93.786,93.885,93.626,93.685,93.805,93.906,93.646,93.705
2025-02-27T17:00:00Z,93.685,93.789,93.621,93.671,93.706,93.811,93.64,93.689
2025-02-27T18:00:00Z,93.67,93.896,93.663,93.876,93.69,93.913,93.681,93.895
2025-02-27T19:00:00Z,93.877,93.886,93.48,93.548,93.898,93.903,93.499,93.569
2025-02-27T20:00:00Z,93.549,93.56,93.306,93.358,93.569,93.577,93.326,93.378
2025-02-27T21:00:00Z,93.361,93.429,93.301,93.4,93.382,93.449,93.318,93.432
2025-02-27T22:00:00Z,93.343,93.382,93.287,93.307,93.531,93.531,93.343,93.359
2025-02-27T23:00:00Z,93.308,93.535,93.236,93.517,93.359,93.559,93.261,93.54
2025-02-28T00:00:00Z,93.517,93.575,93.052,93.083,93.539,93.596,93.071,93.103
2025-02-28T01:00:00Z,93.084,93.226,92.875,92.881,93.103,93.246,92.889,92.894
2025-02-28T02:00:00Z,92.875,93.0,92.719,92.906,92.892,93.018,92.74,92.924
2025-02-28T03:00:00Z,92.908,92.997,92.824,92.921,92.925,93.018,92.844,92.94
2025-02-28T04:00:00Z,92.922,93.014,92.852,92.943,92.942,93.033,92.872,92.96
2025-02-28T05:00:00Z,92.939,93.163,92.925,93.095,92.96,93.18,92.945,93.114
2025-02-28T06:00:00Z,93.099,93.232,93.057,93.196,93.117,93.25,93.076,93.211
2025-02-28T07:00:00Z,93.198,93.521,93.116,93.453,93.216,93.542,93.135,93.472
2025-02-28T08:00:00Z,93.453,93.68,93.388,93.593,93.473,93.698,93.407,93.607
2025-02-28T09:00:00Z,93.602,93.632,93.33,93.37,93.615,93.651,93.35,93.387
2025-02-28T10:00:00Z,93.37,93.461,93.355,93.434,93.39,93.48,93.376,93.451
2025-02-28T11:00:00Z,93.432,93.53,93.375,93.512,93.451,93.548,93.394,93.53
2025-02-28T12:00:00Z,93.51,93.678,93.505,93.651,93.526,93.698,93.524,93.668
2025-02-28T13:00:00Z,93.649,93.858,93.565,93.59,93.669,93.873,93.584,93.61
2025-02-28T14:00:00Z,93.59,93.712,93.295,93.564,93.612,93.733,93.314,93.585
2025-02-28T15:00:00Z,93.562,93.822,93.447,93.695,93.581,93.839,93.467,93.712
2025-02-28T16:00:00Z,93.697,93.742,93.277,93.54,93.713,93.762,93.297,93.553
2025-02-28T17:00:00Z,93.542,93.56,93.283,93.306,93.557,93.58,93.3,93.324
2025-02-28T18:00:00Z,93.3,93.387,93.102,93.125,93.319,93.408,93.119,93.147
2025-02-28T19:00:00Z,93.12,93.359,93.104,93.299,93.142,93.379,93.124,93.317
2025-02-28T20:00:00Z,93.295,93.447,93.246,93.399,93.315,93.465,93.269,93.416
2025-02-28T21:00:00Z,93.396,93.509,93.36,93.458,93.411,93.592,93.379,93.551
2025-03-02T22:00:00Z,93.607,93.695,93.547,93.56,93.787,93.787,93.601,93.611
2025-03-02T23:00:00Z,93.563,93.947,93.559,93.798,93.606,93.968,93.6,93.819
2025-03-03T00:00:00Z,93.798,93.843,93.606,93.613,93.818,93.864,93.626,93.63
2025-03-03T01:00:00Z,93.615,93.843,93.544,93.654,93.633,93.864,93.559,93.672
2025-03-03T02:00:00Z,93.654,93.682,93.536,93.551,93.673,93.702,93.554,93.57
2025-03-03T03:00:00Z,93.545,93.568,93.319,93.539,93.565,93.585,93.336,93.559
2025-03-03T04:00:00Z,93.539,93.617,93.492,93.495,93.556,93.637,93.511,93.513
2025-03-03T05:00:00Z,93.494,93.616,93.491,93.506,93.511,93.637,93.511,93.522
2025-03-03T06:00:00Z,93.505,93.557,93.377,93.522,93.522,93.575,93.398,93.535
2025-03-03T07:00:00Z,93.522,93.566,93.354,93.36,93.537,93.588,93.374,93.38
2025-03-03T08:00:00Z,93.358,93.422,93.182,93.331,93.378,93.437,93.205,93.349
2025-03-03T09:00:00Z,93.334,93.601,93.273,93.567,93.352,93.62,93.291,93.588
2025-03-03T10:00:00Z,93.566,93.888,93.563,93.852,93.586,93.907,93.584,93.871
2025-03-03T11:00:00Z,93.849,94.093,93.83,94.08,93.869,94.112,93.85,94.1
2025-03-03T12:00:00Z,94.078,94.234,94.07,94.169,94.1,94.252,94.089,94.188
2025-03-03T13:00:00Z,94.17,94.23,94.045,94.093,94.188,94.247,94.062,94.108
2025-03-03T14:00:00Z,94.094,94.227,93.994,94.021,94.111,94.243,94.014,94.05
2025-03-03T15:00:00Z,94.012,94.022,93.706,93.756,94.079,94.079,93.722,93.773
2025-03-03T16:00:00Z,93.76,93.878,93.684,93.808,93.776,93.895,93.702,93.83
2025-03-03T17:00:00Z,93.81,93.94,93.767,93.823,93.83,93.958,93.788,93.841
2025-03-03T18:00:00Z,93.823,93.834,93.587,93.642,93.839,93.863,93.606,93.657
2025-03-03T19:00:00Z,93.64,93.752,93.411,93.479,93.659,93.772,93.433,93.498
2025-03-03T20:00:00Z,93.48,93.483,92.526,92.935,93.501,93.503,92.547,92.957
2025-03-03T21:00:00Z,92.936,93.149,92.93,93.018,92.957,93.169,92.946,93.092
2025-03-03T22:00:00Z,92.902,93.078,92.89,93.019,93.152,93.256,93.06,93.075
2025-03-03T23:00:00Z,93.018,93.06,92.682,92.796,93.075,93.094,92.704,92.815
2025-03-04T00:00:00Z,92.802,92.962,92.467,92.707,92.82,92.983,92.489,92.728
2025-03-04T01:00:00Z,92.708,92.766,92.333,92.477,92.731,92.788,92.354,92.501
2025-03-04T02:00:00Z,92.479,92.738,92.411,92.571,92.502,92.759,92.433,92.591
2025-03-04T03:00:00Z,92.57,92.646,92.422,92.474,92.591,92.667,92.442,92.493
2025-03-04T04:00:00Z,92.473,92.474,92.264,92.387,92.493,92.495,92.282,92.405
2025-03-04T05:00:00Z,92.387,92.643,92.239,92.629,92.406,92.665,92.263,92.65
2025-03-04T06:00:00Z,92.631,92.87,92.587,92.858,92.652,92.89,92.605,92.88
2025-03-04T07:00:00Z,92.86,92.888,92.477,92.678,92.88,92.907,92.499,92.699
2025-03-04T08:00:00Z,92.676,92.805,92.348,92.575,92.695,92.827,92.369,92.593
2025-03-04T09:00:00Z,92.575,92.786,92.544,92.728,92.59,92.804,92.563,92.749
2025-03-04T10:00:00Z,92.727,92.727,92.546,92.596,92.747,92.747,92.567,92.615
2025-03-04T11:00:00Z,92.596,92.65,92.351,92.525,92.613,92.67,92.369,92.542
2025-03-04T12:00:00Z,92.517,92.575,92.388,92.458,92.536,92.593,92.408,92.477
2025-03-04T13:00:00Z,92.455,92.577,92.251,92.261,92.475,92.594,92.268,92.278
2025-03-04T14:00:00Z,92.261,92.558,92.098,92.101,92.277,92.582,92.116,92.12
2025-03-04T15:00:00Z,92.096,92.277,91.846,92.069,92.116,92.297,91.868,92.087
2025-03-04T16:00:00Z,92.065,92.483,91.939,92.403,92.084,92.504,91.96,92.422
2025-03-04T17:00:00Z,92.403,92.574,92.35,92.441,92.42,92.591,92.369,92.461
2025-03-04T18:00:00Z,92.441,92.901,92.421,92.874,92.46,92.92,92.442,92.894
2025-03-04T19:00:00Z,92.874,93.296,92.861,93.26,92.893,93.312,92.879,93.279
2025-03-04T20:00:00Z,93.257,93.617,93.118,93.181,93.277,93.638,93.139,93.197
2025-03-04T21:00:00Z,93.182,93.986,93.161,93.924,93.2,94.006,93.181,93.984
2025-03-04T22:00:00Z,93.694,93.854,93.694,93.849,93.944,94.015,93.841,93.909
2025-03-04T23:00:00Z,93.859,94.156,93.807,93.902,93.906,94.18,93.829,93.922
2025-03-05T00:00:00Z,93.901,93.903,93.583,93.787,93.922,93.924,93.604,93.81
2025-03-05T01:00:00Z,93.793,94.049,93.682,93.732,93.815,94.062,93.717,93.75
2025-03-05T02:00:00Z,93.727,93.729,93.456,93.461,93.75,93.751,93.472,93.479
2025-03-05T03:00:00Z,93.457,93.751,93.328,93.732,93.479,93.77,93.347,93.749
2025-03-05T04:00:00Z,93.732,93.755,93.58,93.616,93.75,93.774,93.599,93.634
2025-03-05T05:00:00Z,93.614,93.704,93.526,93.63,93.634,93.722,93.545,93.65
2025-03-05T06:00:00Z,93.627,93.797,93.532,93.744,93.648,93.816,93.553,93.764
2025-03-05T07:00:00Z,93.751,93.99,93.666,93.736,93.767,94.011,93.689,93.752
2025-03-05T08:00:00Z,93.736,93.931,93.596,93.765,93.754,93.951,93.616,93.787
2025-03-05T09:00:00Z,93.767,93.926,93.708,93.86,93.787,93.947,93.728,93.88
2025-03-05T10:00:00Z,93.861,93.952,93.738,93.831,93.88,93.974,93.76,93.851
2025-03-05T11:00:00Z,93.833,93.9,93.714,93.801,93.851,93.916,93.735,93.821
2025-03-05T12:00:00Z,93.807,93.943,93.746,93.857,93.827,93.965,93.762,93.875
2025-03-05T13:00:00Z,93.858,94.06,93.597,93.793,93.875,94.079,93.615,93.811
2025-03-05T14:00:00Z,93.793,93.892,93.664,93.704,93.813,93.914,93.682,93.787
2025-03-05T15:00:00Z,93.687,94.228,93.584,93.893,93.789,94.251,93.604,93.911
2025-03-05T16:00:00Z,93.89,94.021,93.592,93.892,93.908,94.046,93.611,93.916
2025-03-05T17:00:00Z,93.893,94.169,93.786,94.125,93.918,94.191,93.806,94.144
2025-03-05T18:00:00Z,94.123,94.241,93.946,94.191,94.145,94.261,93.964,94.211
2025-03-05T19:00:00Z,94.189,94.375,94.172,94.31,94.21,94.392,94.193,94.329
2025-03-05T20:00:00Z,94.309,94.392,94.273,94.381,94.329,94.413,94.291,94.401
2025-03-05T21:00:00Z,94.378,94.394,94.279,94.291,94.399,94.415,94.3,94.357
2025-03-05T22:00:00Z,94.163,94.309,94.096,94.215,94.346,94.395,94.259,94.289
2025-03-05T23:00:00Z,94.215,94.396,94.189,94.335,94.263,94.418,94.214,94.358
2025-03-06T00:00:00Z,94.334,94.59,94.305,94.408,94.356,94.605,94.326,94.428
2025-03-06T01:00:00Z,94.41,94.665,94.365,94.624,94.428,94.686,94.387,94.643
2025-03-06T02:00:00Z,94.624,94.709,94.505,94.64,94.644,94.731,94.527,94.66
2025-03-06T03:00:00Z,94.643,94.655,94.523,94.596,94.662,94.672,94.541,94.615
2025-03-06T04:00:00Z,94.596,94.7,94.534,94.686,94.616,94.721,94.552,94.702
2025-03-06T05:00:00Z,94.682,94.688,94.376,94.383,94.698,94.707,94.394,94.4
2025-03-06T06:00:00Z,94.381,94.434,94.27,94.329,94.4,94.455,94.291,94.35
2025-03-06T07:00:00Z,94.331,94.354,93.934,93.946,94.353,94.375,93.956,93.965
2025-03-06T08:00:00Z,93.944,94.037,93.797,93.861,93.963,94.054,93.814,93.879
2025-03-06T09:00:00Z,93.857,93.857,93.462,93.645,93.878,93.879,93.482,93.666
2025-03-06T10:00:00Z,93.645,93.745,93.508,93.562,93.668,93.768,93.528,93.582
2025-03-06T11:00:00Z,93.562,93.67,93.442,93.638,93.579,93.691,93.458,93.66
2025-03-06T12:00:00Z,93.64,93.677,93.457,93.477,93.662,93.699,93.479,93.498
2025-03-06T13:00:00Z,93.477,93.614,93.312,93.343,93.494,93.639,93.332,93.364
2025-03-06T14:00:00Z,93.342,93.68,93.285,93.525,93.365,93.698,93.307,93.546
2025-03-06T15:00:00Z,93.523,94.153,93.509,94.135,93.542,94.174,93.529,94.154
2025-03-06T16:00:00Z,94.134,94.387,93.863,93.867,94.154,94.412,93.883,93.886
2025-03-06T17:00:00Z,93.869,93.992,93.583,93.762,93.89,94.011,93.603,93.779
2025-03-06T18:00:00Z,93.762,93.869,93.612,93.657,93.781,93.89,93.633,93.677
2025-03-06T19:00:00Z,93.658,93.782,93.412,93.566,93.677,93.803,93.432,93.582
2025-03-06T20:00:00Z,93.563,93.705,93.527,93.566,93.583,93.725,93.547,93.583
2025-03-06T21:00:00Z,93.574,93.728,93.567,93.691,93.591,93.762,93.582,93.759
2025-03-06T22:00:00Z,93.597,93.689,93.456,93.678,93.809,93.819,93.57,93.734
2025-03-06T23:00:00Z,93.677,93.805,93.658,93.792,93.72,93.825,93.679,93.816
2025-03-07T00:00:00Z,93.794,93.802,93.447,93.596,93.816,93.826,93.464,93.62
2025-03-07T01:00:00Z,93.596,93.697,93.398,93.46,93.619,93.715,93.417,93.481
2025-03-07T02:00:00Z,93.459,93.495,93.175,93.193,93.479,93.514,93.194,93.21
2025-03-07T03:00:00Z,93.191,93.193,92.962,93.026,93.21,93.214,92.98,93.045
2025-03-07T04:00:00Z,93.026,93.128,92.964,93.114,93.046,93.145,92.984,93.133
2025-03-07T05:00:00Z,93.112,93.166,92.907,92.908,93.133,93.187,92.923,92.927
2025-03-07T06:00:00Z,92.907,93.062,92.86,92.964,92.928,93.083,92.881,92.983
2025-03-07T07:00:00Z,92.962,93.227,92.949,93.149,92.981,93.248,92.968,93.17
2025-03-07T08:00:00Z,93.152,93.281,92.978,93.062,93.172,93.301,92.992,93.081
2025-03-07T09:00:00Z,93.061,93.227,93.02,93.08,93.082,93.246,93.041,93.1
2025-03-07T10:00:00Z,93.079,93.093,92.938,93.079,93.1,93.111,92.956,93.1
2025-03-07T11:00:00Z,93.075,93.117,92.94,92.972,93.095,93.136,92.958,92.99
2025-03-07T12:00:00Z,92.983,93.081,92.858,92.95,92.997,93.1,92.877,92.971
2025-03-07T13:00:00Z,92.944,93.207,92.501,92.531,92.966,93.232,92.516,92.554
2025-03-07T14:00:00Z,92.531,93.132,92.413,93.01,92.553,93.151,92.433,93.029
2025-03-07T15:00:00Z,93.012,93.28,92.737,93.122,93.032,93.307,92.758,93.14
2025-03-07T16:00:00Z,93.12,93.13,92.542,92.67,93.14,93.146,92.561,92.689
2025-03-07T17:00:00Z,92.672,92.979,92.416,92.803,92.691,93.0,92.44,92.825
2025-03-07T18:00:00Z,92.809,93.223,92.797,93.215,92.828,93.243,92.82,93.234
2025-03-07T19:00:00Z,93.217,93.474,93.156,93.386,93.237,93.494,93.178,93.403
2025-03-07T20:00:00Z,93.384,93.455,93.297,93.355,93.403,93.476,93.316,93.371
2025-03-07T21:00:00Z,93.352,93.375,93.273,93.334,93.372,93.459,93.296,93.411
2025-03-09T21:00:00Z,93.264,93.273,93.006,93.011,93.514,93.514,93.207,93.21
2025-03-09T22:00:00Z,93.024,93.18,92.92,92.924,93.223,93.256,92.938,92.944
2025-03-09T23:00:00Z,92.921,93.117,92.836,93.015,92.942,93.14,92.859,93.04
2025-03-10T00:00:00Z,93.018,93.068,92.864,92.947,93.041,93.089,92.888,92.967
2025-03-10T01:00:00Z,92.95,93.135,92.847,93.11,92.97,93.153,92.869,93.13
2025-03-10T02:00:00Z,93.108,93.239,93.02,93.098,93.127,93.257,93.041,93.118
2025-03-10T03:00:00Z,93.097,93.209,92.977,93.084,93.118,93.228,92.999,93.104
2025-03-10T04:00:00Z,93.084,93.15,93.051,93.102,93.106,93.171,93.072,93.118
2025-03-10T05:00:00Z,93.101,93.314,93.093,93.176,93.118,93.336,93.112,93.194
2025-03-10T06:00:00Z,93.184,93.373,93.162,93.316,93.2,93.394,93.181,93.335
2025-03-10T07:00:00Z,93.315,93.409,93.166,93.29,93.335,93.431,93.19,93.308
2025-03-10T08:00:00Z,93.294,93.315,92.871,92.905,93.312,93.339,92.89,92.926
2025-03-10T09:00:00Z,92.9,93.251,92.88,93.133,92.921,93.272,92.901,93.154
2025-03-10T10:00:00Z,93.133,93.21,92.881,92.883,93.155,93.23,92.9,92.901
2025-03-10T11:00:00Z,92.881,93.083,92.766,93.046,92.901,93.1,92.788,93.062
2025-03-10T12:00:00Z,93.047,93.087,92.791,92.989,93.065,93.104,92.812,93.009
2025-03-10T13:00:00Z,92.986,93.07,92.815,92.899,93.006,93.087,92.836,92.917
2025-03-10T14:00:00Z,92.89,92.89,92.465,92.578,92.909,92.909,92.484,92.594
2025-03-10T15:00:00Z,92.578,92.944,92.578,92.794,92.598,92.963,92.598,92.812
2025-03-10T16:00:00Z,92.791,92.87,92.685,92.764,92.811,92.89,92.701,92.782
2025-03-10T17:00:00Z,92.762,92.803,92.513,92.527,92.782,92.821,92.533,92.543
2025-03-10T18:00:00Z,92.526,92.618,92.285,92.305,92.543,92.639,92.302,92.321
2025-03-10T19:00:00Z,92.3,92.646,92.14,92.525,92.318,92.666,92.16,92.547
2025-03-10T20:00:00Z,92.527,92.601,92.398,92.45,92.547,92.622,92.42,92.488
2025-03-10T21:00:00Z,92.415,92.434,92.297,92.363,92.516,92.527,92.429,92.451
2025-03-10T22:00:00Z,92.367,92.372,92.184,92.184,92.455,92.46,92.207,92.207
2025-03-10T23:00:00Z,92.185,92.365,92.064,92.36,92.207,92.388,92.091,92.38
2025-03-11T00:00:00Z,92.364,92.364,91.925,92.106,92.381,92.384,91.947,92.128
2025-03-11T01:00:00Z,92.106,92.163,91.812,92.087,92.13,92.181,91.834,92.105
2025-03-11T02:00:00Z,92.086,92.548,92.056,92.233,92.105,92.57,92.074,92.252
2025-03-11T03:00:00Z,92.236,92.386,92.219,92.294,92.254,92.406,92.243,92.316
2025-03-11T04:00:00Z,92.294,92.387,92.218,92.251,92.315,92.408,92.236,92.273
2025-03-11T05:00:00Z,92.245,92.315,92.111,92.265,92.267,92.333,92.131,92.286
2025-03-11T06:00:00Z,92.265,92.473,92.197,92.288,92.283,92.493,92.213,92.309
2025-03-11T07:00:00Z,92.284,92.422,92.233,92.342,92.305,92.441,92.253,92.362
2025-03-11T08:00:00Z,92.341,92.668,92.296,92.645,92.362,92.688,92.317,92.665
2025-03-11T09:00:00Z,92.648,92.775,92.593,92.706,92.668,92.794,92.615,92.728
2025-03-11T10:00:00Z,92.711,92.778,92.655,92.721,92.733,92.801,92.677,92.738
2025-03-11T11:00:00Z,92.719,92.888,92.617,92.835,92.736,92.909,92.637,92.856
2025-03-11T12:00:00Z,92.834,93.047,92.7,92.952,92.854,93.062,92.72,92.971
2025-03-11T13:00:00Z,92.959,93.2,92.852,92.995,92.978,93.216,92.871,93.053
2025-03-11T14:00:00Z,92.995,93.244,92.288,92.377,93.054,93.264,92.308,92.394
2025-03-11T15:00:00Z,92.376,92.869,92.321,92.682,92.395,92.886,92.341,92.701
2025-03-11T16:00:00Z,92.678,92.742,92.516,92.547,92.697,92.761,92.535,92.567
2025-03-11T17:00:00Z,92.547,92.561,92.292,92.522,92.568,92.582,92.315,92.543
2025-03-11T18:00:00Z,92.52,93.303,92.507,93.227,92.541,93.32,92.527,93.243
2025-03-11T19:00:00Z,93.226,93.292,93.011,93.051,93.243,93.313,93.029,93.071
2025-03-11T20:00:00Z,93.053,93.108,93.006,93.051,93.074,93.127,93.027,93.09
2025-03-11T21:00:00Z,93.045,93.063,92.8,92.938,93.103,93.197,92.997,93.039
2025-03-11T22:00:00Z,92.958,93.176,92.958,93.154,93.041,93.199,93.023,93.175
2025-03-11T23:00:00Z,93.15,93.213,93.046,93.193,93.175,93.234,93.064,93.212
2025-03-12T00:00:00Z,93.19,93.253,93.034,93.219,93.21,93.275,93.057,93.241
2025-03-12T01:00:00Z,93.22,93.23,93.005,93.13,93.238,93.252,93.028,93.151
2025-03-12T02:00:00Z,93.127,93.2,93.044,93.087,93.151,93.217,93.062,93.106
2025-03-12T03:00:00Z,93.088,93.172,92.989,93.041,93.105,93.191,93.011,93.06
2025-03-12T04:00:00Z,93.044,93.241,93.031,93.16,93.063,93.261,93.051,93.18
2025-03-12T05:00:00Z,93.163,93.264,93.142,93.157,93.181,93.285,93.16,93.177
2025-03-12T06:00:00Z,93.157,93.181,93.04,93.15,93.175,93.201,93.059,93.172
2025-03-12T07:00:00Z,93.154,93.458,93.096,93.423,93.171,93.476,93.118,93.444
2025-03-12T08:00:00Z,93.426,93.471,93.223,93.423,93.444,93.49,93.242,93.443
2025-03-12T09:00:00Z,93.426,93.559,93.398,93.438,93.443,93.577,93.415,93.456
2025-03-12T10:00:00Z,93.437,93.563,93.377,93.488,93.457,93.584,93.398,93.509
2025-03-12T11:00:00Z,93.488,93.598,93.468,93.494,93.51,93.62,93.487,93.515
2025-03-12T12:00:00Z,93.492,93.748,93.392,93.718,93.511,93.803,93.41,93.736
2025-03-12T13:00:00Z,93.721,93.83,93.401,93.507,93.74,93.852,93.421,93.528
2025-03-12T14:00:00Z,93.507,93.58,93.188,93.348,93.525,93.599,93.207,93.366
2025-03-12T15:00:00Z,93.346,93.605,93.257,93.514,93.363,93.625,93.277,93.531
2025-03-12T16:00:00Z,93.511,93.696,93.479,93.542,93.53,93.715,93.497,93.559
2025-03-12T17:00:00Z,93.544,93.706,93.437,93.438,93.561,93.727,93.454,93.457
2025-03-12T18:00:00Z,93.437,93.745,93.431,93.672,93.457,93.766,93.451,93.692
2025-03-12T19:00:00Z,93.673,93.744,93.595,93.699,93.691,93.765,93.615,93.719
2025-03-12T20:00:00Z,93.701,93.773,93.663,93.677,93.722,93.792,93.687,93.728
2025-03-12T21:00:00Z,93.618,93.667,93.602,93.651,93.755,93.759,93.676,93.711
2025-03-12T22:00:00Z,93.648,93.765,93.646,93.73,93.71,93.79,93.672,93.755
2025-03-12T23:00:00Z,93.733,93.839,93.658,93.839,93.756,93.864,93.678,93.864
2025-03-13T00:00:00Z,93.843,93.935,93.693,93.702,93.868,93.954,93.713,93.723
2025-03-13T01:00:00Z,93.702,93.819,93.64,93.64,93.724,93.84,93.661,93.662
2025-03-13T02:00:00Z,93.64,93.763,93.632,93.687,93.661,93.783,93.649,93.709
2025-03-13T03:00:00Z,93.685,93.73,93.465,93.471,93.707,93.751,93.482,93.49
2025-03-13T04:00:00Z,93.471,93.529,93.259,93.285,93.488,93.546,93.276,93.303
2025-03-13T05:00:00Z,93.285,93.325,93.081,93.143,93.304,93.348,93.1,93.163
2025-03-13T06:00:00Z,93.14,93.171,92.902,93.066,93.159,93.19,92.922,93.085
2025-03-13T07:00:00Z,93.063,93.162,92.95,93.026,93.084,93.182,92.972,93.046
2025-03-13T08:00:00Z,93.024,93.143,92.928,93.048,93.044,93.162,92.954,93.069
2025-03-13T09:00:00Z,93.05,93.19,92.977,93.187,93.07,93.212,92.997,93.207
2025-03-13T10:00:00Z,93.185,93.236,93.11,93.166,93.207,93.256,93.126,93.187
2025-03-13T11:00:00Z,93.17,93.18,92.955,93.033,93.192,93.2,92.974,93.051
2025-03-13T12:00:00Z,93.026,93.122,92.87,93.011,93.048,93.233,92.889,93.03
2025-03-13T13:00:00Z,93.011,93.08,92.904,92.984,93.031,93.1,92.92,92.999
2025-03-13T14:00:00Z,92.983,93.18,92.937,93.078,92.997,93.197,92.952,93.097
2025-03-13T15:00:00Z,93.083,93.163,92.837,92.86,93.101,93.184,92.856,92.88
2025-03-13T16:00:00Z,92.861,92.985,92.773,92.825,92.88,93.005,92.789,92.847
2025-03-13T17:00:00Z,92.828,92.842,92.527,92.652,92.849,92.862,92.546,92.674
2025-03-13T18:00:00Z,92.652,92.915,92.645,92.866,92.672,92.936,92.666,92.886
2025-03-13T19:00:00Z,92.867,92.923,92.77,92.8,92.885,92.94,92.79,92.82
2025-03-13T20:00:00Z,92.802,92.905,92.788,92.855,92.821,92.93,92.809,92.902
2025-03-13T21:00:00Z,92.863,92.869,92.739,92.807,92.927,92.974,92.848,92.905
2025-03-13T22:00:00Z,92.81,93.044,92.804,92.975,92.912,93.065,92.904,93.002
2025-03-13T23:00:00Z,92.976,93.024,92.92,92.983,93.007,93.049,92.947,93.006
2025-03-14T00:00:00Z,92.979,93.257,92.912,93.194,92.997,93.279,92.935,93.215
2025-03-14T01:00:00Z,93.194,93.308,93.16,93.162,93.214,93.332,93.18,93.18
2025-03-14T02:00:00Z,93.161,93.208,93.1,93.158,93.18,93.231,93.121,93.179
2025-03-14T03:00:00Z,93.158,93.341,93.157,93.321,93.178,93.364,93.178,93.341
2025-03-14T04:00:00Z,93.318,93.469,93.274,93.452,93.338,93.491,93.295,93.471
2025-03-14T05:00:00Z,93.45,93.569,93.417,93.45,93.471,93.59,93.438,93.47
2025-03-14T06:00:00Z,93.451,93.672,93.431,93.616,93.472,93.693,93.451,93.639
2025-03-14T07:00:00Z,93.615,93.867,93.544,93.758,93.636,93.886,93.562,93.78
2025-03-14T08:00:00Z,93.758,93.956,93.644,93.934,93.779,93.975,93.666,93.958
2025-03-14T09:00:00Z,93.938,93.954,93.821,93.869,93.961,93.974,93.844,93.888
2025-03-14T10:00:00Z,93.869,93.923,93.626,93.796,93.89,93.944,93.648,93.811
2025-03-14T11:00:00Z,93.794,93.858,93.68,93.776,93.811,93.881,93.702,93.798
2025-03-14T12:00:00Z,93.777,94.053,93.767,93.958,93.798,94.074,93.782,93.978
2025-03-14T13:00:00Z,93.958,94.063,93.805,93.945,93.975,94.08,93.826,93.996
2025-03-14T14:00:00Z,93.945,94.096,93.735,93.847,93.993,94.117,93.756,93.865
2025-03-14T15:00:00Z,93.846,93.906,93.773,93.813,93.866,93.926,93.787,93.832
2025-03-14T16:00:00Z,93.81,93.837,93.63,93.813,93.831,93.858,93.651,93.835
2025-03-14T17:00:00Z,93.813,93.895,93.798,93.837,93.83,93.913,93.82,93.857
2025-03-14T18:00:00Z,93.837,93.968,93.836,93.92,93.858,93.989,93.856,93.935
2025-03-14T19:00:00Z,93.918,94.054,93.895,94.031,93.933,94.074,93.914,94.051
2025-03-14T20:00:00Z,94.031,94.081,93.874,93.99,94.052,94.129,94.006,94.071
2025-03-16T21:00:00Z,93.898,94.092,93.898,94.042,94.125,94.26,94.11,94.168
2025-03-16T22:00:00Z,94.043,94.194,93.982,93.984,94.168,94.217,94.005,94.007
2025-03-16T23:00:00Z,93.986,94.094,93.9,93.986,94.009,94.116,93.925,94.009
2025-03-17T00:00:00Z,93.989,94.233,93.896,94.172,94.012,94.254,93.915,94.192
2025-03-17T01:00:00Z,94.17,94.232,94.096,94.112,94.191,94.255,94.115,94.133
2025-03-17T02:00:00Z,94.11,94.139,94.05,94.099,94.133,94.162,94.067,94.12
2025-03-17T03:00:00Z,94.096,94.134,94.013,94.113,94.118,94.153,94.028,94.132
2025-03-17T04:00:00Z,94.113,94.318,94.113,94.265,94.134,94.338,94.134,94.285
2025-03-17T05:00:00Z,94.266,94.303,94.11,94.272,94.287,94.321,94.129,94.293
2025-03-17T06:00:00Z,94.277,94.343,94.155,94.31,94.296,94.364,94.177,94.326
2025-03-17T07:00:00Z,94.31,94.386,94.235,94.325,94.331,94.406,94.255,94.346
2025-03-17T08:00:00Z,94.337,94.438,94.204,94.415,94.35,94.459,94.226,94.436
2025-03-17T09:00:00Z,94.418,94.455,94.277,94.346,94.438,94.476,94.297,94.365
2025-03-17T10:00:00Z,94.349,94.4,94.264,94.27,94.367,94.418,94.284,94.29
2025-03-17T11:00:00Z,94.269,94.334,94.205,94.271,94.291,94.352,94.225,94.291
2025-03-17T12:00:00Z,94.274,94.502,94.136,94.441,94.294,94.523,94.215,94.464
2025-03-17T13:00:00Z,94.444,94.799,94.424,94.593,94.464,94.815,94.447,94.614
2025-03-17T14:00:00Z,94.595,94.666,94.44,94.527,94.615,94.688,94.457,94.548
2025-03-17T15:00:00Z,94.532,94.702,94.517,94.67,94.553,94.723,94.537,94.69
2025-03-17T16:00:00Z,94.671,94.885,94.642,94.878,94.69,94.904,94.657,94.898
2025-03-17T17:00:00Z,94.879,95.155,94.849,95.119,94.898,95.175,94.865,95.139
2025-03-17T18:00:00Z,95.119,95.346,95.106,95.324,95.137,95.364,95.127,95.344
2025-03-17T19:00:00Z,95.327,95.337,95.245,95.248,95.346,95.358,95.261,95.264
2025-03-17T20:00:00Z,95.242,95.294,95.164,95.232,95.262,95.315,95.181,95.307
2025-03-17T21:00:00Z,95.175,95.229,95.141,95.184,95.371,95.382,95.241,95.247
2025-03-17T22:00:00Z,95.184,95.354,95.184,95.345,95.246,95.373,95.236,95.367
2025-03-17T23:00:00Z,95.346,95.388,95.288,95.323,95.367,95.406,95.313,95.341
2025-03-18T00:00:00Z,95.321,95.39,95.252,95.366,95.341,95.408,95.269,95.386
2025-03-18T01:00:00Z,95.367,95.497,95.306,95.36,95.388,95.517,95.323,95.38
2025-03-18T02:00:00Z,95.36,95.488,95.342,95.432,95.381,95.507,95.359,95.45
2025-03-18T03:00:00Z,95.433,95.443,95.292,95.336,95.45,95.46,95.31,95.356
2025-03-18T04:00:00Z,95.334,95.408,95.28,95.325,95.354,95.427,95.297,95.344
2025-03-18T05:00:00Z,95.326,95.429,95.287,95.416,95.347,95.446,95.305,95.433
2025-03-18T06:00:00Z,95.419,95.516,95.352,95.474,95.434,95.531,95.369,95.49
2025-03-18T07:00:00Z,95.473,95.679,95.455,95.592,95.491,95.697,95.471,95.61
2025-03-18T08:00:00Z,95.592,95.742,95.584,95.65,95.611,95.758,95.603,95.669
2025-03-18T09:00:00Z,95.653,95.677,95.562,95.563,95.672,95.695,95.577,95.582
2025-03-18T10:00:00Z,95.56,95.584,95.307,95.332,95.579,95.603,95.326,95.349
2025-03-18T11:00:00Z,95.33,95.382,95.241,95.355,95.349,95.4,95.261,95.374
2025-03-18T12:00:00Z,95.352,95.473,95.3,95.363,95.371,95.493,95.319,95.379
2025-03-18T13:00:00Z,95.364,95.453,95.105,95.15,95.379,95.471,95.123,95.166
2025-03-18T14:00:00Z,95.147,95.147,94.946,95.027,95.164,95.164,94.963,95.047
2025-03-18T15:00:00Z,95.025,95.063,94.892,94.985,95.045,95.083,94.909,95.004
2025-03-18T16:00:00Z,94.986,95.152,94.869,95.003,95.004,95.173,94.89,95.023
2025-03-18T17:00:00Z,95.003,95.022,94.849,94.944,95.021,95.042,94.862,94.964
2025-03-18T18:00:00Z,94.947,94.955,94.764,94.92,94.966,94.976,94.785,94.941
2025-03-18T19:00:00Z,94.92,94.974,94.867,94.965,94.939,94.99,94.881,94.984
2025-03-18T20:00:00Z,94.972,95.031,94.925,94.932,94.993,95.048,94.98,94.999
2025-03-18T21:00:00Z,94.896,94.958,94.874,94.898,95.12,95.12,94.93,94.975
2025-03-18T22:00:00Z,94.892,95.032,94.884,95.025,94.97,95.054,94.927,95.049
2025-03-18T23:00:00Z,95.028,95.077,94.965,95.056,95.051,95.1,94.981,95.081
2025-03-19T00:00:00Z,95.056,95.2,94.966,95.165,95.078,95.219,94.981,95.183
2025-03-19T01:00:00Z,95.168,95.178,95.044,95.065,95.185,95.199,95.063,95.086
2025-03-19T02:00:00Z,95.065,95.158,94.924,95.083,95.087,95.177,94.945,95.106
2025-03-19T03:00:00Z,95.084,95.114,94.954,94.958,95.106,95.135,94.972,94.976
2025-03-19T04:00:00Z,94.959,95.079,94.911,95.039,94.976,95.097,94.928,95.059
2025-03-19T05:00:00Z,95.039,95.227,95.039,95.218,95.06,95.244,95.056,95.237
2025-03-19T06:00:00Z,95.217,95.346,94.98,95.015,95.237,95.369,94.993,95.035
2025-03-19T07:00:00Z,95.022,95.022,94.358,94.497,95.038,95.043,94.38,94.522
2025-03-19T08:00:00Z,94.5,94.825,94.494,94.669,94.524,94.841,94.518,94.689
2025-03-19T09:00:00Z,94.668,94.837,94.572,94.819,94.687,94.855,94.589,94.838
2025-03-19T10:00:00Z,94.819,94.837,94.696,94.809,94.84,94.855,94.716,94.831
2025-03-19T11:00:00Z,94.805,94.962,94.8,94.921,94.827,94.985,94.822,94.943
2025-03-19T12:00:00Z,94.921,94.949,94.769,94.866,94.945,94.969,94.786,94.885
2025-03-19T13:00:00Z,94.866,94.969,94.807,94.935,94.887,94.99,94.825,94.955
2025-03-19T14:00:00Z,94.935,95.031,94.853,94.869,94.953,95.05,94.869,94.886
2025-03-19T15:00:00Z,94.869,95.001,94.831,94.963,94.887,95.017,94.849,94.98
2025-03-19T16:00:00Z,94.962,95.003,94.881,94.934,94.981,95.022,94.895,94.951
2025-03-19T17:00:00Z,94.934,94.939,94.745,94.815,94.952,94.957,94.762,94.848
2025-03-19T18:00:00Z,94.815,94.867,94.453,94.623,94.882,94.934,94.475,94.644
2025-03-19T19:00:00Z,94.621,94.723,94.444,94.512,94.642,94.741,94.464,94.533
2025-03-19T20:00:00Z,94.513,94.572,94.435,94.509,94.532,94.594,94.454,94.558
2025-03-19T21:00:00Z,94.491,94.602,94.479,94.584,94.632,94.67,94.573,94.641
2025-03-19T22:00:00Z,94.583,94.651,94.456,94.465,94.642,94.687,94.478,94.482
2025-03-19T23:00:00Z,94.467,94.545,94.423,94.457,94.485,94.569,94.437,94.479
2025-03-20T00:00:00Z,94.458,94.467,93.974,94.063,94.479,94.49,93.993,94.086
2025-03-20T01:00:00Z,94.063,94.068,93.846,93.944,94.084,94.09,93.87,93.96
2025-03-20T02:00:00Z,93.944,94.109,93.916,94.06,93.961,94.127,93.938,94.077
2025-03-20T03:00:00Z,94.059,94.202,93.993,94.132,94.078,94.223,94.014,94.151
2025-03-20T04:00:00Z,94.133,94.197,94.047,94.129,94.15,94.217,94.065,94.15
2025-03-20T05:00:00Z,94.128,94.137,94.003,94.035,94.15,94.157,94.023,94.053
2025-03-20T06:00:00Z,94.032,94.032,93.868,93.869,94.048,94.049,93.89,93.89
2025-03-20T07:00:00Z,93.866,93.929,93.722,93.91,93.887,93.946,93.742,93.931
2025-03-20T08:00:00Z,93.912,93.962,93.721,93.74,93.932,93.984,93.743,93.758
2025-03-20T09:00:00Z,93.741,93.816,93.547,93.607,93.76,93.837,93.565,93.631
2025-03-20T10:00:00Z,93.607,93.632,93.271,93.457,93.628,93.654,93.292,93.479
2025-03-20T11:00:00Z,93.459,93.475,93.297,93.328,93.48,93.496,93.315,93.35
2025-03-20T12:00:00Z,93.328,93.483,93.263,93.376,93.348,93.502,93.281,93.396
2025-03-20T13:00:00Z,93.376,93.461,93.156,93.434,93.395,93.481,93.174,93.465
2025-03-20T14:00:00Z,93.437,93.655,93.437,93.529,93.467,93.676,93.466,93.548
2025-03-20T15:00:00Z,93.53,93.815,93.496,93.762,93.548,93.83,93.516,93.78
2025-03-20T16:00:00Z,93.759,93.864,93.6,93.605,93.777,93.88,93.619,93.625
2025-03-20T17:00:00Z,93.605,93.724,93.584,93.639,93.626,93.743,93.604,93.658
2025-03-20T18:00:00Z,93.637,93.825,93.628,93.754,93.659,93.844,93.647,93.775
2025-03-20T19:00:00Z,93.752,93.846,93.746,93.801,93.773,93.864,93.766,93.819
2025-03-20T20:00:00Z,93.801,93.819,93.736,93.769,93.822,93.841,93.757,93.8
2025-03-20T21:00:00Z,93.649,93.717,93.55,93.697,93.848,93.855,93.762,93.765
2025-03-20T22:00:00Z,93.699,93.783,93.696,93.708,93.751,93.806,93.723,93.732
2025-03-20T23:00:00Z,93.706,93.757,93.629,93.653,93.729,93.779,93.653,93.676
2025-03-21T00:00:00Z,93.657,93.923,93.639,93.892,93.678,93.943,93.661,93.913
2025-03-21T01:00:00Z,93.89,94.011,93.803,93.908,93.912,94.034,93.823,93.927
2025-03-21T02:00:00Z,93.907,93.914,93.768,93.793,93.927,93.935,93.789,93.81
2025-03-21T03:00:00Z,93.791,93.921,93.717,93.873,93.81,93.939,93.737,93.892
2025-03-21T04:00:00Z,93.872,94.029,93.872,93.962,93.892,94.047,93.892,93.98
2025-03-21T05:00:00Z,93.959,94.086,93.946,94.05,93.979,94.105,93.967,94.07
2025-03-21T06:00:00Z,94.053,94.154,94.021,94.15,94.073,94.173,94.041,94.171
2025-03-21T07:00:00Z,94.154,94.203,93.919,93.988,94.176,94.222,93.939,94.002
2025-03-21T08:00:00Z,93.989,94.096,93.857,94.053,94.005,94.114,93.877,94.07
2025-03-21T09:00:00Z,94.054,94.056,93.86,93.882,94.072,94.072,93.879,93.9
2025-03-21T10:00:00Z,93.882,93.964,93.788,93.831,93.902,93.985,93.806,93.85
2025-03-21T11:00:00Z,93.83,93.858,93.655,93.68,93.85,93.876,93.673,93.701
2025-03-21T12:00:00Z,93.68,93.761,93.429,93.434,93.702,93.778,93.448,93.452
2025-03-21T13:00:00Z,93.431,93.465,93.283,93.411,93.451,93.483,93.303,93.429
2025-03-21T14:00:00Z,93.41,93.525,93.324,93.434,93.429,93.545,93.344,93.452
2025-03-21T15:00:00Z,93.434,93.467,93.142,93.307,93.45,93.487,93.16,93.325
2025-03-21T16:00:00Z,93.305,93.643,93.258,93.634,93.32,93.661,93.277,93.654
2025-03-21T17:00:00Z,93.637,93.735,93.533,93.633,93.657,93.753,93.553,93.652
2025-03-21T18:00:00Z,93.634,93.694,93.601,93.631,93.652,93.714,93.621,93.65
2025-03-21T19:00:00Z,93.627,93.711,93.569,93.699,93.648,93.73,93.588,93.716
2025-03-21T20:00:00Z,93.699,93.699,93.562,93.572,93.718,93.812,93.632,93.794
2025-03-23T21:00:00Z,93.607,93.684,93.598,93.669,93.844,93.853,93.706,93.774
2025-03-23T22:00:00Z,93.67,94.03,93.658,93.902,93.787,94.053,93.775,93.925
2025-03-23T23:00:00Z,93.906,94.125,93.84,94.111,93.927,94.144,93.86,94.133
2025-03-24T00:00:00Z,94.114,94.238,94.032,94.218,94.134,94.257,94.051,94.237
2025-03-24T01:00:00Z,94.217,94.252,94.135,94.138,94.237,94.272,94.152,94.16
2025-03-24T02:00:00Z,94.14,94.174,94.073,94.081,94.16,94.195,94.091,94.1
2025-03-24T03:00:00Z,94.083,94.206,93.973,94.023,94.102,94.224,93.993,94.044
2025-03-24T04:00:00Z,94.026,94.033,93.928,94.03,94.045,94.054,93.95,94.047
2025-03-24T05:00:00Z,94.03,94.06,93.953,94.009,94.045,94.08,93.972,94.031
2025-03-24T06:00:00Z,94.009,94.165,93.984,94.095,94.03,94.184,93.999,94.114
2025-03-24T07:00:00Z,94.094,94.267,94.073,94.146,94.115,94.284,94.092,94.162
2025-03-24T08:00:00Z,94.14,94.316,94.131,94.181,94.158,94.332,94.148,94.2
2025-03-24T09:00:00Z,94.177,94.262,94.102,94.178,94.193,94.279,94.121,94.194
2025-03-24T10:00:00Z,94.177,94.287,94.153,94.251,94.195,94.308,94.169,94.271
2025-03-24T11:00:00Z,94.25,94.333,94.223,94.224,94.271,94.352,94.243,94.243
2025-03-24T12:00:00Z,94.229,94.263,94.119,94.161,94.248,94.282,94.137,94.178
2025-03-24T13:00:00Z,94.159,94.38,94.099,94.348,94.178,94.398,94.118,94.367
2025-03-24T14:00:00Z,94.35,94.654,94.322,94.612,94.365,94.67,94.341,94.629
2025-03-24T15:00:00Z,94.613,94.726,94.53,94.638,94.632,94.747,94.55,94.651
2025-03-24T16:00:00Z,94.639,94.665,94.366,94.426,94.654,94.683,94.386,94.445
2025-03-24T17:00:00Z,94.425,94.472,94.358,94.467,94.445,94.488,94.376,94.487
2025-03-24T18:00:00Z,94.468,94.667,94.389,94.584,94.487,94.685,94.41,94.603
2025-03-24T19:00:00Z,94.59,94.65,94.571,94.636,94.61,94.671,94.591,94.656
2025-03-24T20:00:00Z,94.636,94.735,94.63,94.705,94.654,94.764,94.65,94.749
2025-03-24T21:00:00Z,94.63,94.703,94.516,94.639,94.744,94.779,94.719,94.751
2025-03-24T22:00:00Z,94.626,94.747,94.613,94.7,94.743,94.774,94.688,94.715
2025-03-24T23:00:00Z,94.7,94.802,94.679,94.783,94.714,94.818,94.696,94.8
2025-03-25T00:00:00Z,94.787,94.857,94.733,94.848,94.8,94.874,94.755,94.865
2025-03-25T01:00:00Z,94.847,94.911,94.718,94.755,94.865,94.93,94.74,94.771
2025-03-25T02:00:00Z,94.755,94.778,94.657,94.77,94.773,94.798,94.673,94.788
2025-03-25T03:00:00Z,94.772,94.811,94.682,94.715,94.788,94.827,94.701,94.735
2025-03-25T04:00:00Z,94.717,94.749,94.611,94.64,94.737,94.77,94.63,94.658
2025-03-25T05:00:00Z,94.64,94.691,94.614,94.63,94.656,94.709,94.634,94.65
2025-03-25T06:00:00Z,94.633,94.688,94.547,94.634,94.653,94.707,94.567,94.654
2025-03-25T07:00:00Z,94.636,94.717,94.586,94.692,94.658,94.736,94.608,94.713
2025-03-25T08:00:00Z,94.693,94.738,94.563,94.646,94.712,94.755,94.582,94.667
2025-03-25T09:00:00Z,94.646,94.818,94.616,94.773,94.666,94.838,94.636,94.791
2025-03-25T10:00:00Z,94.772,94.88,94.7,94.871,94.793,94.9,94.72,94.891
2025-03-25T11:00:00Z,94.872,94.903,94.788,94.867,94.891,94.922,94.809,94.887
2025-03-25T12:00:00Z,94.867,94.874,94.696,94.773,94.886,94.892,94.716,94.792
2025-03-25T13:00:00Z,94.771,94.8,94.628,94.637,94.792,94.819,94.648,94.657
2025-03-25T14:00:00Z,94.637,94.64,94.429,94.52,94.66,94.674,94.446,94.539
2025-03-25T15:00:00Z,94.523,94.58,94.346,94.454,94.543,94.599,94.366,94.47
2025-03-25T16:00:00Z,94.455,94.489,94.38,94.425,94.469,94.508,94.395,94.442
2025-03-25T17:00:00Z,94.425,94.515,94.372,94.422,94.444,94.535,94.389,94.441
2025-03-25T18:00:00Z,94.419,94.447,94.328,94.379,94.439,94.467,94.348,94.397
2025-03-25T19:00:00Z,94.378,94.477,94.371,94.419,94.397,94.495,94.391,94.438
2025-03-25T20:00:00Z,94.417,94.483,94.412,94.455,94.438,94.547,94.432,94.535
2025-03-25T21:00:00Z,94.427,94.481,94.334,94.457,94.558,94.6,94.462,94.544
2025-03-25T22:00:00Z,94.446,94.528,94.446,94.511,94.532,94.564,94.494,94.536
2025-03-25T23:00:00Z,94.509,94.572,94.465,94.556,94.533,94.595,94.487,94.58
2025-03-26T00:00:00Z,94.557,94.606,94.437,94.44,94.58,94.628,94.456,94.46
2025-03-26T01:00:00Z,94.443,94.632,94.255,94.571,94.462,94.655,94.276,94.59
2025-03-26T02:00:00Z,94.571,94.793,94.535,94.778,94.589,94.811,94.555,94.797
2025-03-26T03:00:00Z,94.776,94.937,94.768,94.898,94.797,94.953,94.788,94.916
2025-03-26T04:00:00Z,94.898,94.992,94.883,94.992,94.918,95.011,94.901,95.008
2025-03-26T05:00:00Z,94.992,95.071,94.95,94.971,95.009,95.09,94.969,94.989
2025-03-26T06:00:00Z,94.973,95.117,94.973,95.047,94.992,95.133,94.992,95.066
2025-03-26T07:00:00Z,95.052,95.18,95.014,95.021,95.071,95.198,95.032,95.039
2025-03-26T08:00:00Z,95.019,95.044,94.812,94.899,95.039,95.064,94.829,94.919
2025-03-26T09:00:00Z,94.896,95.046,94.846,94.917,94.916,95.064,94.865,94.938
2025-03-26T10:00:00Z,94.917,95.052,94.884,95.019,94.937,95.071,94.904,95.039
2025-03-26T11:00:00Z,95.019,95.041,94.929,94.937,95.037,95.061,94.948,94.958
2025-03-26T12:00:00Z,94.937,95.019,94.812,94.968,94.957,95.038,94.831,94.983
2025-03-26T13:00:00Z,94.967,95.057,94.842,94.843,94.981,95.076,94.862,94.863
2025-03-26T14:00:00Z,94.843,95.06,94.821,95.022,94.862,95.077,94.84,95.041
2025-03-26T15:00:00Z,95.024,95.185,94.847,94.998,95.044,95.203,94.868,95.016
2025-03-26T16:00:00Z,94.999,94.999,94.779,94.905,95.018,95.018,94.798,94.926
2025-03-26T17:00:00Z,94.903,94.983,94.528,94.627,94.924,94.997,94.549,94.648
2025-03-26T18:00:00Z,94.629,94.775,94.584,94.584,94.648,94.795,94.601,94.602
2025-03-26T19:00:00Z,94.581,94.731,94.542,94.711,94.601,94.748,94.562,94.73
2025-03-26T20:00:00Z,94.708,94.835,94.694,94.798,94.729,94.88,94.712,94.871
2025-03-26T21:00:00Z,94.767,94.83,94.55,94.684,94.907,94.907,94.727,94.781
2025-03-26T22:00:00Z,94.69,94.803,94.417,94.418,94.777,94.833,94.439,94.441
2025-03-26T23:00:00Z,94.42,94.591,94.41,94.584,94.44,94.613,94.432,94.607
2025-03-27T00:00:00Z,94.58,94.76,94.562,94.673,94.603,94.782,94.582,94.691
2025-03-27T01:00:00Z,94.674,94.73,94.435,94.491,94.694,94.749,94.455,94.512
2025-03-27T02:00:00Z,94.493,94.801,94.481,94.694,94.514,94.822,94.501,94.713
2025-03-27T03:00:00Z,94.691,94.781,94.657,94.721,94.71,94.8,94.676,94.738
2025-03-27T04:00:00Z,94.718,94.844,94.705,94.812,94.737,94.865,94.725,94.831
2025-03-27T05:00:00Z,94.813,94.901,94.61,94.69,94.831,94.919,94.629,94.709
2025-03-27T06:00:00Z,94.69,95.037,94.663,94.965,94.707,95.057,94.682,94.984
2025-03-27T07:00:00Z,94.965,94.972,94.782,94.903,94.985,94.989,94.801,94.925
2025-03-27T08:00:00Z,94.908,95.095,94.854,95.089,94.928,95.111,94.873,95.103
2025-03-27T09:00:00Z,95.09,95.188,95.09,95.185,95.108,95.207,95.108,95.204
2025-03-27T10:00:00Z,95.185,95.225,95.124,95.206,95.205,95.242,95.145,95.226
2025-03-27T11:00:00Z,95.206,95.352,95.167,95.35,95.225,95.369,95.185,95.367
2025-03-27T12:00:00Z,95.351,95.392,95.071,95.098,95.37,95.409,95.091,95.116
2025-03-27T13:00:00Z,95.099,95.109,94.84,95.065,95.115,95.125,94.857,95.084
2025-03-27T14:00:00Z,95.06,95.227,94.921,95.202,95.079,95.245,94.941,95.221
2025-03-27T15:00:00Z,95.205,95.229,95.069,95.205,95.224,95.248,95.089,95.225
2025-03-27T16:00:00Z,95.206,95.342,95.161,95.17,95.227,95.361,95.177,95.191
2025-03-27T17:00:00Z,95.174,95.351,95.144,95.173,95.194,95.371,95.162,95.192
2025-03-27T18:00:00Z,95.173,95.269,95.169,95.199,95.193,95.288,95.189,95.215
2025-03-27T19:00:00Z,95.196,95.289,95.154,95.165,95.213,95.307,95.171,95.181
2025-03-27T20:00:00Z,95.165,95.234,95.155,95.208,95.184,95.276,95.171,95.263
2025-03-27T21:00:00Z,95.185,95.214,95.086,95.132,95.297,95.309,95.198,95.225
2025-03-27T22:00:00Z,95.146,95.209,95.125,95.132,95.234,95.247,95.15,95.154
2025-03-27T23:00:00Z,95.128,95.141,94.959,95.041,95.152,95.162,94.985,95.059
2025-03-28T00:00:00Z,95.041,95.174,94.954,95.035,95.061,95.197,94.977,95.053
2025-03-28T01:00:00Z,95.033,95.042,94.839,94.849,95.052,95.063,94.857,94.87
2025-03-28T02:00:00Z,94.848,94.937,94.834,94.886,94.868,94.957,94.851,94.907
2025-03-28T03:00:00Z,94.886,94.897,94.699,94.749,94.908,94.917,94.72,94.77
2025-03-28T04:00:00Z,94.747,94.857,94.687,94.781,94.767,94.874,94.707,94.799
2025-03-28T05:00:00Z,94.784,94.842,94.751,94.778,94.801,94.859,94.771,94.797
2025-03-28T06:00:00Z,94.78,94.843,94.651,94.658,94.799,94.86,94.671,94.676
2025-03-28T07:00:00Z,94.661,94.763,94.631,94.639,94.681,94.782,94.651,94.657
2025-03-28T08:00:00Z,94.637,94.82,94.629,94.785,94.657,94.839,94.649,94.806
2025-03-28T09:00:00Z,94.79,94.854,94.709,94.785,94.807,94.874,94.729,94.803
2025-03-28T10:00:00Z,94.786,94.93,94.75,94.843,94.805,94.948,94.767,94.862
2025-03-28T11:00:00Z,94.843,94.925,94.829,94.894,94.86,94.946,94.847,94.913
2025-03-28T12:00:00Z,94.895,94.995,94.814,94.935,94.915,95.013,94.834,94.954
2025-03-28T13:00:00Z,94.936,95.113,94.821,94.895,94.954,95.127,94.839,94.927
2025-03-28T14:00:00Z,94.902,94.902,94.315,94.451,94.927,94.927,94.336,94.468
2025-03-28T15:00:00Z,94.452,94.75,94.414,94.627,94.471,94.767,94.433,94.645
2025-03-28T16:00:00Z,94.626,94.674,94.391,94.425,94.643,94.693,94.412,94.442
2025-03-28T17:00:00Z,94.423,94.432,94.181,94.309,94.443,94.452,94.2,94.331
2025-03-28T18:00:00Z,94.306,94.412,94.23,94.27,94.33,94.431,94.252,94.29
2025-03-28T19:00:00Z,94.266,94.31,94.136,94.146,94.287,94.33,94.157,94.167
2025-03-28T20:00:00Z,94.15,94.257,94.05,94.114,94.171,94.338,94.11,94.338
2025-03-30T21:00:00Z,94.084,94.162,93.949,93.965,94.323,94.341,93.987,94.013
2025-03-30T22:00:00Z,93.964,93.983,93.785,93.813,94.014,94.084,93.809,93.833
2025-03-30T23:00:00Z,93.815,93.995,93.62,93.989,93.837,94.015,93.64,94.01
2025-03-31T00:00:00Z,93.989,94.009,93.621,93.852,94.012,94.03,93.641,93.871
2025-03-31T01:00:00Z,93.855,94.035,93.695,93.804,93.875,94.056,93.716,93.825
2025-03-31T02:00:00Z,93.803,93.831,93.563,93.59,93.825,93.852,93.583,93.609
2025-03-31T03:00:00Z,93.59,93.611,93.398,93.526,93.61,93.629,93.419,93.547
2025-03-31T04:00:00Z,93.525,93.655,93.417,93.599,93.545,93.675,93.438,93.618
2025-03-31T05:00:00Z,93.598,93.784,93.571,93.619,93.618,93.799,93.591,93.639
2025-03-31T06:00:00Z,93.619,93.673,93.465,93.626,93.64,93.691,93.485,93.646
2025-03-31T07:00:00Z,93.62,93.682,93.331,93.493,93.64,93.699,93.352,93.514
2025-03-31T08:00:00Z,93.489,93.53,93.233,93.267,93.508,93.551,93.253,93.286
2025-03-31T09:00:00Z,93.265,93.366,93.212,93.251,93.282,93.385,93.23,93.267
2025-03-31T10:00:00Z,93.249,93.381,93.185,93.333,93.267,93.402,93.204,93.354
2025-03-31T11:00:00Z,93.334,93.384,93.221,93.352,93.354,93.401,93.238,93.372
2025-03-31T12:00:00Z,93.354,93.378,93.256,93.29,93.374,93.396,93.276,93.306
2025-03-31T13:00:00Z,93.288,93.369,93.044,93.229,93.304,93.386,93.065,93.248
2025-03-31T14:00:00Z,93.232,93.337,93.13,93.146,93.251,93.353,93.148,93.163
2025-03-31T15:00:00Z,93.149,93.537,93.139,93.449,93.167,93.557,93.154,93.469
2025-03-31T16:00:00Z,93.452,93.679,93.417,93.545,93.472,93.698,93.435,93.56
2025-03-31T17:00:00Z,93.541,93.733,93.533,93.626,93.561,93.754,93.553,93.645
2025-03-31T18:00:00Z,93.626,93.924,93.617,93.808,93.646,93.944,93.636,93.825
2025-03-31T19:00:00Z,93.809,93.863,93.668,93.708,93.827,93.883,93.689,93.727
2025-03-31T20:00:00Z,93.71,93.71,93.655,93.658,93.728,93.73,93.676,93.696
2025-03-31T21:00:00Z,93.509,93.662,93.509,93.62,93.759,93.767,93.669,93.686
2025-03-31T22:00:00Z,93.624,93.685,93.532,93.553,93.734,93.734,93.554,93.573
2025-03-31T23:00:00Z,93.547,93.719,93.509,93.554,93.567,93.74,93.527,93.577
2025-04-01T00:00:00Z,93.554,93.611,93.372,93.449,93.576,93.632,93.392,93.469
2025-04-01T01:00:00Z,93.443,93.54,93.262,93.511,93.463,93.562,93.279,93.532
2025-04-01T02:00:00Z,93.511,93.72,93.499,93.694,93.533,93.736,93.52,93.714
2025-04-01T03:00:00Z,93.697,93.822,93.496,93.506,93.715,93.842,93.517,93.526
2025-04-01T04:00:00Z,93.505,93.747,93.444,93.745,93.526,93.767,93.464,93.763
2025-04-01T05:00:00Z,93.746,93.861,93.696,93.7,93.766,93.877,93.716,93.721
2025-04-01T06:00:00Z,93.699,93.906,93.637,93.806,93.718,93.925,93.653,93.826
2025-04-01T07:00:00Z,93.807,93.807,93.43,93.467,93.826,93.826,93.45,93.489
2025-04-01T08:00:00Z,93.465,93.645,93.422,93.636,93.485,93.667,93.439,93.655
2025-04-01T09:00:00Z,93.634,93.727,93.563,93.642,93.655,93.747,93.584,93.662
2025-04-01T10:00:00Z,93.642,93.67,93.313,93.361,93.661,93.688,93.333,93.379
2025-04-01T11:00:00Z,93.365,93.411,93.14,93.232,93.383,93.43,93.16,93.25
2025-04-01T12:00:00Z,93.229,93.432,93.215,93.401,93.248,93.451,93.235,93.421
2025-04-01T13:00:00Z,93.406,93.557,93.392,93.437,93.425,93.578,93.411,93.508
2025-04-01T14:00:00Z,93.438,93.714,93.244,93.652,93.508,93.735,93.264,93.671
2025-04-01T15:00:00Z,93.653,93.888,93.628,93.788,93.671,93.909,93.648,93.806
2025-04-01T16:00:00Z,93.786,94.003,93.644,93.766,93.803,94.02,93.662,93.785
2025-04-01T17:00:00Z,93.765,93.813,93.664,93.69,93.785,93.832,93.68,93.71
2025-04-01T18:00:00Z,93.693,93.697,93.513,93.581,93.713,93.716,93.533,93.6
2025-04-01T19:00:00Z,93.583,93.927,93.58,93.923,93.603,93.945,93.599,93.94
2025-04-01T20:00:00Z,93.92,93.953,93.827,93.898,93.938,93.974,93.846,93.961
2025-04-01T21:00:00Z,93.745,93.912,93.745,93.912,93.995,94.002,93.907,93.968
2025-04-01T22:00:00Z,93.907,94.204,93.903,94.161,93.964,94.222,93.951,94.187
2025-04-01T23:00:00Z,94.159,94.242,94.077,94.158,94.184,94.265,94.097,94.178
2025-04-02T00:00:00Z,94.157,94.17,93.983,94.013,94.179,94.191,94.002,94.033
2025-04-02T01:00:00Z,94.011,94.273,93.983,94.262,94.033,94.291,94.005,94.279
2025-04-02T02:00:00Z,94.263,94.407,94.213,94.306,94.279,94.422,94.235,94.325
2025-04-02T03:00:00Z,94.306,94.376,94.276,94.312,94.324,94.394,94.296,94.331
2025-04-02T04:00:00Z,94.309,94.447,94.294,94.412,94.329,94.465,94.312,94.432
2025-04-02T05:00:00Z,94.413,94.417,94.299,94.334,94.431,94.436,94.316,94.353
2025-04-02T06:00:00Z,94.331,94.566,94.247,94.263,94.346,94.586,94.267,94.283
2025-04-02T07:00:00Z,94.259,94.363,94.162,94.339,94.28,94.384,94.183,94.356
2025-04-02T08:00:00Z,94.342,94.384,94.254,94.379,94.358,94.405,94.275,94.4
2025-04-02T09:00:00Z,94.381,94.455,94.293,94.341,94.4,94.473,94.311,94.359
2025-04-02T10:00:00Z,94.339,94.339,94.08,94.155,94.358,94.358,94.1,94.175
2025-04-02T11:00:00Z,94.157,94.169,94.062,94.094,94.175,94.19,94.082,94.111
2025-04-02T12:00:00Z,94.093,94.102,93.922,94.067,94.112,94.175,93.942,94.088
2025-04-02T13:00:00Z,94.066,94.291,93.962,94.203,94.085,94.308,93.978,94.235
2025-04-02T14:00:00Z,94.201,94.422,94.124,94.337,94.235,94.442,94.145,94.355
2025-04-02T15:00:00Z,94.333,94.546,94.28,94.482,94.349,94.563,94.297,94.502
2025-04-02T16:00:00Z,94.482,94.593,94.443,94.568,94.503,94.612,94.463,94.587
2025-04-02T17:00:00Z,94.568,94.66,94.461,94.513,94.589,94.677,94.481,94.53
2025-04-02T18:00:00Z,94.513,94.557,94.319,94.347,94.531,94.582,94.339,94.365
2025-04-02T19:00:00Z,94.349,94.531,94.349,94.466,94.367,94.55,94.367,94.487
2025-04-02T20:00:00Z,94.465,95.302,93.509,93.938,94.485,95.342,93.546,94.035
2025-04-02T21:00:00Z,93.794,93.827,92.926,93.037,93.962,94.051,92.996,93.173
2025-04-02T22:00:00Z,93.041,93.095,92.294,92.818,93.174,93.196,92.317,92.847
2025-04-02T23:00:00Z,92.825,92.825,92.518,92.627,92.852,92.852,92.541,92.644
2025-04-03T00:00:00Z,92.627,92.989,92.497,92.689,92.643,93.01,92.52,92.711
2025-04-03T01:00:00Z,92.689,92.9,92.643,92.706,92.71,92.923,92.666,92.73
2025-04-03T02:00:00Z,92.706,92.816,92.569,92.815,92.729,92.836,92.589,92.835
2025-04-03T03:00:00Z,92.816,92.822,92.322,92.372,92.835,92.843,92.344,92.394
2025-04-03T04:00:00Z,92.374,92.483,92.275,92.439,92.395,92.505,92.296,92.46
2025-04-03T05:00:00Z,92.439,92.682,92.432,92.444,92.461,92.701,92.453,92.462
2025-04-03T06:00:00Z,92.442,92.864,92.417,92.628,92.46,92.882,92.436,92.647
2025-04-03T07:00:00Z,92.627,92.95,92.602,92.863,92.649,92.972,92.621,92.883
2025-04-03T08:00:00Z,92.862,93.128,92.827,93.014,92.883,93.148,92.847,93.036
2025-04-03T09:00:00Z,93.01,93.016,92.716,92.944,93.032,93.039,92.739,92.965
2025-04-03T10:00:00Z,92.943,93.096,92.884,92.962,92.963,93.113,92.904,92.981
2025-04-03T11:00:00Z,92.961,93.042,92.822,92.869,92.981,93.062,92.844,92.887
2025-04-03T12:00:00Z,92.866,93.0,92.633,92.806,92.886,93.019,92.654,92.826
2025-04-03T13:00:00Z,92.803,93.057,92.73,92.745,92.824,93.078,92.746,92.813
2025-04-03T14:00:00Z,92.717,93.049,92.563,92.667,92.739,93.069,92.597,92.686
2025-04-03T15:00:00Z,92.666,92.884,92.569,92.732,92.686,92.898,92.59,92.756
2025-04-03T16:00:00Z,92.729,93.023,92.718,92.794,92.75,93.046,92.739,92.814
2025-04-03T17:00:00Z,92.796,92.813,92.625,92.642,92.815,92.835,92.644,92.664
2025-04-03T18:00:00Z,92.64,92.809,92.511,92.795,92.66,92.83,92.532,92.815
2025-04-03T19:00:00Z,92.794,92.829,92.375,92.391,92.815,92.849,92.392,92.412
2025-04-03T20:00:00Z,92.39,92.488,92.292,92.418,92.409,92.509,92.311,92.454
2025-04-03T21:00:00Z,92.414,92.418,92.275,92.3,92.467,92.55,92.359,92.382
2025-04-03T22:00:00Z,92.293,92.418,92.067,92.116,92.376,92.451,92.092,92.142
2025-04-03T23:00:00Z,92.113,92.521,92.099,92.51,92.14,92.545,92.122,92.534
2025-04-04T00:00:00Z,92.51,92.635,92.253,92.309,92.532,92.656,92.273,92.33
2025-04-04T01:00:00Z,92.309,92.543,92.13,92.178,92.331,92.566,92.149,92.198
2025-04-04T02:00:00Z,92.183,92.257,91.608,91.638,92.204,92.279,91.627,91.659
2025-04-04T03:00:00Z,91.636,91.66,91.069,91.092,91.656,91.681,91.089,91.112
2025-04-04T04:00:00Z,91.093,91.143,90.554,90.636,91.112,91.165,90.576,90.659
2025-04-04T05:00:00Z,90.637,91.154,90.611,91.136,90.659,91.173,90.633,91.152
2025-04-04T06:00:00Z,91.131,91.243,91.011,91.083,91.144,91.263,91.032,91.106
2025-04-04T07:00:00Z,91.084,91.125,90.748,90.861,91.106,91.147,90.77,90.883
2025-04-04T08:00:00Z,90.861,90.995,90.739,90.854,90.884,91.017,90.761,90.877
2025-04-04T09:00:00Z,90.858,90.913,90.681,90.717,90.877,90.936,90.702,90.739
2025-04-04T10:00:00Z,90.718,90.789,88.999,89.091,90.739,90.81,89.021,89.114
2025-04-04T11:00:00Z,89.096,89.388,87.669,88.871,89.119,89.411,87.698,88.893
2025-04-04T12:00:00Z,88.867,89.214,88.598,89.042,88.892,89.235,88.62,89.061
2025-04-04T13:00:00Z,89.048,89.471,88.309,88.648,89.067,89.494,88.334,88.671
2025-04-04T14:00:00Z,88.644,88.803,87.401,88.146,88.668,88.826,87.421,88.166
2025-04-04T15:00:00Z,88.142,88.943,87.593,88.161,88.162,88.969,87.619,88.187
2025-04-04T16:00:00Z,88.164,88.488,87.947,88.134,88.191,88.513,87.969,88.154
2025-04-04T17:00:00Z,88.137,88.895,87.908,88.81,88.158,88.919,87.932,88.83
2025-04-04T18:00:00Z,88.815,89.047,88.136,88.417,88.837,89.073,88.158,88.439
2025-04-04T19:00:00Z,88.418,89.083,88.391,88.639,88.439,89.108,88.414,88.664
2025-04-04T20:00:00Z,88.641,88.833,88.572,88.77,88.664,88.88,88.6,88.847
2025-04-06T21:00:00Z,87.164,87.402,87.096,87.401,87.375,87.509,87.269,87.492
2025-04-06T22:00:00Z,87.401,87.41,86.11,86.904,87.483,87.544,86.166,86.934
2025-04-06T23:00:00Z,86.908,87.239,86.791,87.057,86.94,87.269,86.814,87.083
2025-04-07T00:00:00Z,87.056,87.523,86.66,87.488,87.084,87.549,86.686,87.514
2025-04-07T01:00:00Z,87.486,88.05,87.318,87.888,87.513,88.075,87.345,87.915
2025-04-07T02:00:00Z,87.887,88.354,87.759,88.113,87.915,88.377,87.783,88.138
2025-04-07T03:00:00Z,88.115,88.282,87.914,88.105,88.142,88.303,87.931,88.129
2025-04-07T04:00:00Z,88.111,88.254,87.662,87.731,88.134,88.278,87.684,87.755
2025-04-07T05:00:00Z,87.732,88.581,87.572,87.694,87.755,88.604,87.594,87.717
2025-04-07T06:00:00Z,87.697,87.82,87.076,87.402,87.72,87.842,87.098,87.425
2025-04-07T07:00:00Z,87.401,87.674,87.267,87.591,87.418,87.697,87.288,87.612
2025-04-07T08:00:00Z,87.592,87.949,87.526,87.742,87.612,87.971,87.544,87.763
2025-04-07T09:00:00Z,87.736,88.002,87.343,87.783,87.761,88.022,87.363,87.805
2025-04-07T10:00:00Z,87.786,88.852,87.782,88.302,87.807,88.874,87.804,88.324
2025-04-07T11:00:00Z,88.31,88.641,88.19,88.386,88.332,88.665,88.213,88.409
2025-04-07T12:00:00Z,88.384,89.503,88.242,89.357,88.403,89.529,88.265,89.383
2025-04-07T13:00:00Z,89.358,89.358,88.53,89.072,89.383,89.383,88.548,89.098
2025-04-07T14:00:00Z,89.072,90.458,88.416,88.656,89.096,90.517,88.448,88.677
2025-04-07T15:00:00Z,88.658,89.007,87.755,88.466,88.678,89.031,87.803,88.489
2025-04-07T16:00:00Z,88.458,88.471,87.941,88.011,88.479,88.495,87.96,88.034
2025-04-07T17:00:00Z,88.014,88.832,88.014,88.764,88.037,88.855,88.037,88.786
2025-04-07T18:00:00Z,88.766,88.84,88.208,88.303,88.79,88.865,88.234,88.324
2025-04-07T19:00:00Z,88.305,88.545,88.066,88.409,88.327,88.577,88.091,88.437
2025-04-07T20:00:00Z,88.415,88.662,88.397,88.494,88.443,88.689,88.422,88.587
2025-04-07T21:00:00Z,88.486,88.563,88.34,88.435,88.552,88.725,88.503,88.539
2025-04-07T22:00:00Z,88.428,88.72,88.428,88.619,88.536,88.749,88.529,88.649
2025-04-07T23:00:00Z,88.621,88.861,88.572,88.621,88.652,88.887,88.601,88.644
2025-04-08T00:00:00Z,88.619,88.953,88.396,88.463,88.644,88.98,88.42,88.485
2025-04-08T01:00:00Z,88.465,88.816,88.229,88.741,88.485,88.84,88.251,88.763
2025-04-08T02:00:00Z,88.74,88.889,88.676,88.723,88.763,88.911,88.698,88.746
2025-04-08T03:00:00Z,88.728,88.995,88.697,88.981,88.751,89.016,88.719,89.003
2025-04-08T04:00:00Z,88.977,89.536,88.963,89.529,88.999,89.558,88.984,89.549
2025-04-08T05:00:00Z,89.525,89.595,89.205,89.56,89.546,89.616,89.226,89.58
2025-04-08T06:00:00Z,89.56,89.56,89.142,89.226,89.575,89.575,89.165,89.252
2025-04-08T07:00:00Z,89.227,89.352,89.001,89.176,89.25,89.377,89.027,89.199
2025-04-08T08:00:00Z,89.176,89.47,88.997,89.39,89.198,89.493,89.017,89.411
2025-04-08T09:00:00Z,89.387,89.394,88.89,88.908,89.409,89.414,88.907,88.93
2025-04-08T10:00:00Z,88.908,89.037,88.675,88.681,88.929,89.059,88.698,88.704
2025-04-08T11:00:00Z,88.685,88.98,88.565,88.932,88.707,89.002,88.589,88.957
2025-04-08T12:00:00Z,88.934,89.115,88.77,88.948,88.956,89.136,88.793,88.969
2025-04-08T13:00:00Z,88.946,89.465,88.86,89.45,88.968,89.489,88.88,89.475
2025-04-08T14:00:00Z,89.447,89.681,88.699,88.761,89.472,89.702,88.719,88.779
2025-04-08T15:00:00Z,88.761,88.868,88.172,88.415,88.78,88.889,88.194,88.436
2025-04-08T16:00:00Z,88.412,88.489,87.639,87.658,88.434,88.509,87.655,87.678
2025-04-08T17:00:00Z,87.667,87.879,87.322,87.723,87.685,87.902,87.344,87.746
2025-04-08T18:00:00Z,87.718,87.797,87.299,87.319,87.741,87.812,87.319,87.34
2025-04-08T19:00:00Z,87.316,87.346,86.861,87.196,87.337,87.368,86.881,87.22
2025-04-08T20:00:00Z,87.2,87.331,87.009,87.115,87.223,87.353,87.031,87.16
2025-04-08T21:00:00Z,87.123,87.123,86.923,86.965,87.177,87.334,87.062,87.164
2025-04-08T22:00:00Z,86.986,87.096,86.818,86.877,87.149,87.175,86.851,86.903
2025-04-08T23:00:00Z,86.872,86.884,86.502,86.814,86.901,86.908,86.527,86.836
2025-04-09T00:00:00Z,86.813,86.878,86.041,86.657,86.837,86.902,86.055,86.682
2025-04-09T01:00:00Z,86.659,87.278,86.64,87.179,86.683,87.305,86.66,87.207
2025-04-09T02:00:00Z,87.178,87.457,87.069,87.139,87.207,87.479,87.092,87.163
2025-04-09T03:00:00Z,87.141,87.379,86.608,86.674,87.164,87.402,86.63,86.696
2025-04-09T04:00:00Z,86.671,86.785,86.244,86.608,86.694,86.808,86.27,86.632
2025-04-09T05:00:00Z,86.607,86.806,86.42,86.669,86.633,86.827,86.44,86.692
2025-04-09T06:00:00Z,86.668,87.244,86.668,86.826,86.69,87.265,86.69,86.843
2025-04-09T07:00:00Z,86.822,87.746,86.73,87.699,86.842,87.771,86.75,87.721
2025-04-09T08:00:00Z,87.698,87.857,87.096,87.308,87.721,87.882,87.121,87.329
2025-04-09T09:00:00Z,87.306,87.601,87.184,87.419,87.329,87.624,87.208,87.44
2025-04-09T10:00:00Z,87.417,87.907,87.282,87.649,87.44,87.928,87.305,87.683
2025-04-09T11:00:00Z,87.646,87.659,86.639,86.798,87.683,87.697,86.665,86.822
2025-04-09T12:00:00Z,86.796,87.075,86.661,86.974,86.813,87.1,86.686,86.993
2025-04-09T13:00:00Z,86.973,87.78,86.727,87.731,86.993,87.807,86.759,87.752
2025-04-09T14:00:00Z,87.726,87.871,86.75,86.796,87.751,87.893,86.771,86.813
2025-04-09T15:00:00Z,86.798,87.176,86.735,87.084,86.818,87.197,86.75,87.105
2025-04-09T16:00:00Z,87.09,87.356,87.043,87.311,87.105,87.378,87.061,87.332
2025-04-09T17:00:00Z,87.306,90.317,87.081,90.268,87.329,90.362,87.115,90.35
2025-04-09T18:00:00Z,90.258,91.251,90.196,90.545,90.354,91.281,90.317,90.57
2025-04-09T19:00:00Z,90.545,91.312,90.516,90.897,90.568,91.338,90.54,90.921
2025-04-09T20:00:00Z,90.897,91.012,90.642,90.886,90.926,91.073,90.675,90.995
2025-04-09T21:00:00Z,90.902,90.902,90.506,90.615,91.039,91.065,90.692,90.823
2025-04-09T22:00:00Z,90.562,90.951,90.562,90.642,90.812,90.997,90.584,90.669
2025-04-09T23:00:00Z,90.647,90.726,90.357,90.397,90.678,90.754,90.38,90.419
2025-04-10T00:00:00Z,90.396,90.625,89.84,89.897,90.416,90.647,89.862,89.923
2025-04-10T01:00:00Z,89.898,90.211,89.747,90.034,89.925,90.235,89.774,90.057
2025-04-10T02:00:00Z,90.033,90.345,89.967,90.306,90.057,90.366,89.989,90.33
2025-04-10T03:00:00Z,90.296,90.7,90.231,90.659,90.319,90.721,90.252,90.682
2025-04-10T04:00:00Z,90.665,90.713,90.431,90.679,90.688,90.737,90.454,90.7
2025-04-10T05:00:00Z,90.68,91.0,90.61,90.861,90.7,91.019,90.63,90.883
2025-04-10T06:00:00Z,90.87,91.098,90.694,91.065,90.89,91.121,90.719,91.089
2025-04-10T07:00:00Z,91.065,91.086,89.952,90.14,91.09,91.11,89.977,90.16
2025-04-10T08:00:00Z,90.14,90.16,89.694,90.018,90.162,90.18,89.716,90.042
2025-04-10T09:00:00Z,90.015,90.254,89.791,89.886,90.04,90.277,89.809,89.91
2025-04-10T10:00:00Z,89.89,90.276,89.88,89.947,89.916,90.299,89.896,89.971
2025-04-10T11:00:00Z,89.949,90.035,89.803,89.996,89.974,90.056,89.827,90.02
2025-04-10T12:00:00Z,89.996,90.128,89.655,89.903,90.023,90.25,89.678,89.924
2025-04-10T13:00:00Z,89.903,90.092,89.548,89.581,89.921,90.114,89.571,89.607
2025-04-10T14:00:00Z,89.581,90.341,89.387,90.336,89.605,90.362,89.403,90.358
2025-04-10T15:00:00Z,90.336,90.36,89.239,89.363,90.355,90.38,89.259,89.384
2025-04-10T16:00:00Z,89.363,89.677,88.903,89.574,89.381,89.699,88.923,89.595
2025-04-10T17:00:00Z,89.566,90.14,89.377,90.068,89.588,90.164,89.402,90.092
2025-04-10T18:00:00Z,90.063,90.364,89.918,90.101,90.088,90.387,89.94,90.123
2025-04-10T19:00:00Z,90.107,90.255,89.67,89.969,90.126,90.277,89.694,89.99
2025-04-10T20:00:00Z,89.967,90.183,89.868,89.879,89.99,90.206,89.895,89.93
2025-04-10T21:00:00Z,89.894,89.948,89.857,89.891,89.94,90.19,89.94,90.037
2025-04-10T22:00:00Z,89.904,90.002,89.682,89.701,90.06,90.074,89.715,89.734
2025-04-10T23:00:00Z,89.708,89.735,89.401,89.444,89.737,89.767,89.428,89.47
2025-04-11T00:00:00Z,89.45,89.492,88.788,89.078,89.472,89.52,88.818,89.107
2025-04-11T01:00:00Z,89.082,89.609,89.003,89.539,89.109,89.632,89.031,89.56
2025-04-11T02:00:00Z,89.541,89.892,89.277,89.706,89.563,89.916,89.303,89.73
2025-04-11T03:00:00Z,89.709,89.724,89.295,89.383,89.734,89.744,89.318,89.404
2025-04-11T04:00:00Z,89.38,89.429,88.521,88.543,89.406,89.454,88.541,88.564
2025-04-11T05:00:00Z,88.545,89.202,88.477,89.002,88.567,89.221,88.499,89.03
2025-04-11T06:00:00Z,88.991,89.428,88.972,89.212,89.006,89.454,88.99,89.234
2025-04-11T07:00:00Z,89.212,89.29,88.752,88.893,89.235,89.316,88.779,88.918
2025-04-11T08:00:00Z,88.893,88.91,88.274,88.544,88.917,88.936,88.299,88.568
2025-04-11T09:00:00Z,88.54,88.825,88.417,88.813,88.565,88.851,88.438,88.837
2025-04-11T10:00:00Z,88.815,89.162,88.67,89.058,88.835,89.188,88.695,89.082
2025-04-11T11:00:00Z,89.057,89.142,88.903,88.968,89.082,89.166,88.93,88.991
2025-04-11T12:00:00Z,88.967,89.394,88.897,89.215,88.991,89.414,88.922,89.24
2025-04-11T13:00:00Z,89.222,90.0,88.892,89.249,89.243,90.028,88.909,89.346
2025-04-11T14:00:00Z,89.252,89.646,89.004,89.492,89.346,89.673,89.035,89.514
2025-04-11T15:00:00Z,89.49,89.647,89.291,89.635,89.511,89.669,89.306,89.658
2025-04-11T16:00:00Z,89.637,89.995,89.536,89.913,89.657,90.02,89.558,89.939
2025-04-11T17:00:00Z,89.915,90.398,89.867,90.357,89.94,90.421,89.895,90.383
2025-04-11T18:00:00Z,90.358,90.503,90.277,90.343,90.382,90.526,90.301,90.366
2025-04-11T19:00:00Z,90.348,90.503,90.297,90.35,90.37,90.53,90.322,90.374
2025-04-11T20:00:00Z,90.342,90.379,90.151,90.159,90.374,90.4,90.206,90.339
2025-04-13T21:00:00Z,90.628,90.708,90.428,90.5,90.835,90.918,90.62,90.712
2025-04-13T22:00:00Z,90.494,90.806,90.214,90.215,90.715,90.859,90.245,90.246
2025-04-13T23:00:00Z,90.211,90.621,90.15,90.529,90.243,90.65,90.181,90.548
2025-04-14T00:00:00Z,90.528,90.583,89.896,89.901,90.546,90.608,89.919,89.925
2025-04-14T01:00:00Z,89.904,90.028,89.56,89.789,89.927,90.051,89.581,89.813
2025-04-14T02:00:00Z,89.788,90.102,89.73,90.078,89.813,90.126,89.755,90.095
2025-04-14T03:00:00Z,90.075,90.107,89.861,89.94,90.095,90.129,89.883,89.964
2025-04-14T04:00:00Z,89.94,90.102,89.842,90.054,89.963,90.124,89.864,90.078
2025-04-14T05:00:00Z,90.053,90.233,89.915,89.965,90.078,90.257,89.94,89.99
2025-04-14T06:00:00Z,89.968,90.227,89.892,90.147,89.99,90.25,89.918,90.169
2025-04-14T07:00:00Z,90.141,90.513,89.951,90.485,90.166,90.535,89.972,90.502
2025-04-14T08:00:00Z,90.488,90.705,90.388,90.553,90.51,90.73,90.41,90.575
2025-04-14T09:00:00Z,90.55,90.626,90.404,90.453,90.573,90.648,90.425,90.475
2025-04-14T10:00:00Z,90.455,90.62,90.328,90.392,90.475,90.639,90.349,90.412
2025-04-14T11:00:00Z,90.392,90.563,90.29,90.401,90.411,90.585,90.307,90.424
2025-04-14T12:00:00Z,90.401,90.533,90.316,90.444,90.423,90.556,90.335,90.467
2025-04-14T13:00:00Z,90.443,90.52,90.274,90.375,90.467,90.541,90.295,90.394
2025-04-14T14:00:00Z,90.377,90.774,90.34,90.643,90.397,90.791,90.364,90.662
2025-04-14T15:00:00Z,90.65,90.674,90.2,90.208,90.666,90.694,90.223,90.231
2025-04-14T16:00:00Z,90.208,90.444,90.108,90.336,90.232,90.467,90.134,90.361
2025-04-14T17:00:00Z,90.338,90.541,90.25,90.45,90.362,90.577,90.275,90.473
2025-04-14T18:00:00Z,90.445,90.61,90.434,90.572,90.467,90.632,90.458,90.592
2025-04-14T19:00:00Z,90.569,90.688,90.5,90.584,90.588,90.712,90.524,90.607
2025-04-14T20:00:00Z,90.584,90.613,90.42,90.453,90.606,90.637,90.447,90.542
2025-04-14T21:00:00Z,90.462,90.462,90.309,90.366,90.539,90.614,90.45,90.471
2025-04-14T22:00:00Z,90.354,90.524,90.343,90.466,90.422,90.546,90.392,90.489
2025-04-14T23:00:00Z,90.467,90.583,90.41,90.487,90.489,90.606,90.435,90.509
2025-04-15T00:00:00Z,90.487,90.861,90.486,90.797,90.511,90.881,90.509,90.817
2025-04-15T01:00:00Z,90.794,91.001,90.733,90.784,90.815,91.022,90.756,90.807
2025-04-15T02:00:00Z,90.781,90.912,90.699,90.809,90.805,90.932,90.718,90.832
2025-04-15T03:00:00Z,90.813,90.949,90.731,90.925,90.832,90.971,90.753,90.947
2025-04-15T04:00:00Z,90.925,91.178,90.914,91.097,90.945,91.199,90.935,91.12
2025-04-15T05:00:00Z,91.093,91.167,90.835,90.86,91.113,91.187,90.858,90.884
2025-04-15T06:00:00Z,90.86,91.216,90.685,91.147,90.875,91.236,90.707,91.165
2025-04-15T07:00:00Z,91.144,91.4,91.108,91.221,91.165,91.42,91.128,91.239
2025-04-15T08:00:00Z,91.221,91.23,90.667,90.743,91.243,91.252,90.689,90.765
2025-04-15T09:00:00Z,90.742,90.8,90.584,90.714,90.763,90.821,90.609,90.737
2025-04-15T10:00:00Z,90.715,90.879,90.695,90.839,90.736,90.902,90.716,90.859
2025-04-15T11:00:00Z,90.839,91.078,90.785,90.871,90.86,91.099,90.807,90.89
2025-04-15T12:00:00Z,90.872,91.034,90.78,91.031,90.89,91.05,90.798,91.044
2025-04-15T13:00:00Z,91.033,91.311,91.024,91.197,91.047,91.332,91.044,91.219
2025-04-15T14:00:00Z,91.202,91.269,90.807,90.944,91.223,91.289,90.83,90.96
2025-04-15T15:00:00Z,90.949,91.067,90.798,90.951,90.964,91.089,90.82,90.972
2025-04-15T16:00:00Z,90.953,91.117,90.85,90.894,90.974,91.138,90.871,90.913
2025-04-15T17:00:00Z,90.892,90.996,90.83,90.914,90.913,91.017,90.848,90.929
2025-04-15T18:00:00Z,90.913,90.913,90.779,90.849,90.93,90.931,90.803,90.869
2025-04-15T19:00:00Z,90.849,90.941,90.828,90.841,90.868,90.965,90.847,90.862
2025-04-15T20:00:00Z,90.843,90.911,90.804,90.854,90.862,90.932,90.823,90.904
2025-04-15T21:00:00Z,90.842,90.871,90.598,90.62,90.887,91.109,90.76,90.76
2025-04-15T22:00:00Z,90.629,90.691,90.497,90.675,90.766,90.776,90.531,90.702
2025-04-15T23:00:00Z,90.672,90.737,90.482,90.688,90.698,90.761,90.511,90.71
2025-04-16T00:00:00Z,90.688,90.699,90.372,90.465,90.707,90.719,90.398,90.49
2025-04-16T01:00:00Z,90.465,90.626,90.465,90.593,90.491,90.651,90.491,90.616
2025-04-16T02:00:00Z,90.593,90.674,90.372,90.403,90.617,90.698,90.393,90.42
2025-04-16T03:00:00Z,90.4,90.507,90.304,90.408,90.421,90.528,90.323,90.43
2025-04-16T04:00:00Z,90.407,90.577,90.349,90.56,90.431,90.598,90.374,90.581
2025-04-16T05:00:00Z,90.561,90.574,90.202,90.262,90.584,90.597,90.22,90.283
2025-04-16T06:00:00Z,90.26,90.438,90.204,90.39,90.281,90.461,90.227,90.41
2025-04-16T07:00:00Z,90.39,90.489,90.125,90.182,90.414,90.513,90.145,90.205
2025-04-16T08:00:00Z,90.186,91.018,90.124,90.763,90.209,91.045,90.146,90.785
2025-04-16T09:00:00Z,90.769,91.012,90.675,90.933,90.793,91.038,90.696,90.957
2025-04-16T10:00:00Z,90.932,91.06,90.836,90.932,90.957,91.075,90.861,90.956
2025-04-16T11:00:00Z,90.93,90.963,90.849,90.871,90.952,90.986,90.868,90.896
2025-04-16T12:00:00Z,90.869,90.937,90.632,90.702,90.892,90.958,90.655,90.721
2025-04-16T13:00:00Z,90.7,90.806,90.619,90.745,90.718,90.823,90.64,90.765
2025-04-16T14:00:00Z,90.742,90.968,90.625,90.909,90.765,90.988,90.643,90.925
2025-04-16T15:00:00Z,90.91,91.197,90.855,91.015,90.927,91.218,90.871,91.035
2025-04-16T16:00:00Z,91.015,91.037,90.944,90.953,91.036,91.06,90.966,90.974
2025-04-16T17:00:00Z,90.955,91.056,90.455,90.467,90.975,91.075,90.479,90.491
2025-04-16T18:00:00Z,90.472,90.619,90.42,90.444,90.493,90.64,90.439,90.463
2025-04-16T19:00:00Z,90.443,90.492,90.132,90.47,90.463,90.508,90.147,90.487
2025-04-16T20:00:00Z,90.468,90.544,90.303,90.315,90.486,90.564,90.333,90.4
2025-04-16T21:00:00Z,90.227,90.297,90.185,90.258,90.473,90.521,90.295,90.335
2025-04-16T22:00:00Z,90.258,90.452,90.222,90.391,90.336,90.555,90.303,90.417
2025-04-16T23:00:00Z,90.398,90.462,90.25,90.366,90.424,90.488,90.276,90.389
2025-04-17T00:00:00Z,90.364,90.746,90.291,90.674,90.389,90.774,90.315,90.697
2025-04-17T01:00:00Z,90.675,90.809,90.568,90.709,90.696,90.832,90.588,90.729
2025-04-17T02:00:00Z,90.712,90.73,90.528,90.676,90.731,90.752,90.552,90.698
2025-04-17T03:00:00Z,90.676,90.702,90.53,90.56,90.7,90.724,90.546,90.581
2025-04-17T04:00:00Z,90.559,90.616,90.382,90.411,90.581,90.635,90.404,90.43
2025-04-17T05:00:00Z,90.409,90.534,90.297,90.483,90.43,90.558,90.321,90.5
2025-04-17T06:00:00Z,90.484,90.578,90.393,90.435,90.502,90.6,90.414,90.455
2025-04-17T07:00:00Z,90.441,90.735,90.359,90.717,90.459,90.757,90.377,90.734
2025-04-17T08:00:00Z,90.715,90.815,90.612,90.646,90.734,90.837,90.634,90.662
2025-04-17T09:00:00Z,90.645,90.76,90.612,90.693,90.662,90.775,90.636,90.713
2025-04-17T10:00:00Z,90.692,90.732,90.503,90.566,90.713,90.754,90.523,90.584
2025-04-17T11:00:00Z,90.566,90.667,90.562,90.655,90.583,90.69,90.577,90.679
2025-04-17T12:00:00Z,90.657,90.847,90.602,90.795,90.679,90.869,90.63,90.814
2025-04-17T13:00:00Z,90.795,90.885,90.679,90.77,90.815,90.9,90.7,90.792
2025-04-17T14:00:00Z,90.769,90.794,90.477,90.517,90.79,90.813,90.497,90.535
2025-04-17T15:00:00Z,90.522,90.807,90.506,90.796,90.538,90.829,90.525,90.817
2025-04-17T16:00:00Z,90.796,91.005,90.729,90.93,90.818,91.026,90.752,90.95
2025-04-17T17:00:00Z,90.932,91.005,90.821,91.005,90.954,91.026,90.842,91.023
2025-04-17T18:00:00Z,91.005,91.164,90.952,91.008,91.024,91.183,90.972,91.027
2025-04-17T19:00:00Z,91.009,91.016,90.913,90.953,91.03,91.035,90.93,90.973
2025-04-17T20:00:00Z,90.952,91.065,90.95,91.014,90.974,91.092,90.969,91.079
2025-04-17T21:00:00Z,90.974,90.974,90.861,90.895,91.075,91.178,91.075,91.143
2025-04-17T22:00:00Z,90.871,90.919,90.793,90.889,91.12,91.12,90.933,91.025
2025-04-17T23:00:00Z,90.899,90.994,90.83,90.918,91.025,91.102,90.943,90.993
2025-04-18T00:00:00Z,90.921,90.991,90.83,90.938,90.993,91.057,90.854,90.963
2025-04-18T01:00:00Z,90.934,90.968,90.793,90.801,90.96,90.993,90.817,90.817
2025-04-18T02:00:00Z,90.8,90.88,90.596,90.62,90.813,90.901,90.624,90.645
2025-04-18T03:00:00Z,90.62,90.816,90.595,90.73,90.643,90.841,90.62,90.744
2025-04-18T04:00:00Z,90.733,90.848,90.703,90.814,90.746,90.877,90.729,90.838
2025-04-18T05:00:00Z,90.814,90.831,90.716,90.767,90.841,90.862,90.746,90.792
2025-04-18T06:00:00Z,90.767,90.838,90.734,90.827,90.79,90.865,90.761,90.851
2025-04-18T07:00:00Z,90.819,90.827,90.655,90.687,90.849,90.862,90.685,90.707
2025-04-18T08:00:00Z,90.688,90.702,90.64,90.672,90.714,90.738,90.669,90.691
2025-04-18T09:00:00Z,90.667,90.763,90.65,90.717,90.693,90.798,90.676,90.743
2025-04-18T10:00:00Z,90.719,90.761,90.639,90.728,90.746,90.802,90.683,90.755
2025-04-18T11:00:00Z,90.726,90.758,90.659,90.714,90.752,90.787,90.687,90.736
2025-04-18T12:00:00Z,90.715,90.739,90.667,90.7,90.739,90.778,90.7,90.718
2025-04-18T13:00:00Z,90.703,90.714,90.619,90.701,90.722,90.768,90.666,90.728
2025-04-18T14:00:00Z,90.703,90.709,90.621,90.64,90.729,90.744,90.657,90.679
2025-04-18T15:00:00Z,90.642,90.661,90.598,90.636,90.682,90.694,90.635,90.671
2025-04-18T16:00:00Z,90.642,90.651,90.563,90.635,90.669,90.682,90.589,90.663
2025-04-18T17:00:00Z,90.637,90.694,90.614,90.639,90.67,90.725,90.648,90.675
2025-04-18T18:00:00Z,90.642,90.658,90.605,90.633,90.676,90.684,90.647,90.673
2025-04-18T19:00:00Z,90.636,90.657,90.547,90.608,90.674,90.694,90.632,90.651
2025-04-18T20:00:00Z,90.599,90.635,90.534,90.54,90.651,90.731,90.622,90.731
2025-04-20T21:00:00Z,90.418,90.455,90.184,90.447,90.661,90.678,90.396,90.604
2025-04-20T22:00:00Z,90.455,90.682,90.334,90.453,90.614,90.781,90.379,90.483
2025-04-20T23:00:00Z,90.453,90.503,90.33,90.462,90.482,90.529,90.359,90.484
2025-04-21T00:00:00Z,90.459,90.471,90.138,90.152,90.479,90.496,90.16,90.174
2025-04-21T01:00:00Z,90.154,90.218,90.068,90.108,90.177,90.239,90.089,90.132
2025-04-21T02:00:00Z,90.112,90.17,89.964,90.09,90.134,90.189,89.984,90.109
2025-04-21T03:00:00Z,90.088,90.45,90.029,90.424,90.109,90.466,90.048,90.444
2025-04-21T04:00:00Z,90.426,90.486,90.318,90.328,90.445,90.501,90.338,90.347
2025-04-21T05:00:00Z,90.328,90.476,90.293,90.406,90.348,90.496,90.312,90.426
2025-04-21T06:00:00Z,90.404,90.431,90.312,90.374,90.423,90.452,90.332,90.393
2025-04-21T07:00:00Z,90.376,90.479,90.249,90.415,90.395,90.498,90.269,90.438
2025-04-21T08:00:00Z,90.415,90.461,90.333,90.375,90.44,90.478,90.356,90.398
2025-04-21T09:00:00Z,90.376,90.509,90.329,90.355,90.398,90.533,90.351,90.374
2025-04-21T10:00:00Z,90.354,90.58,90.336,90.567,90.374,90.603,90.356,90.588
2025-04-21T11:00:00Z,90.566,90.65,90.399,90.438,90.586,90.67,90.416,90.461
2025-04-21T12:00:00Z,90.434,90.587,90.316,90.516,90.459,90.609,90.333,90.533
2025-04-21T13:00:00Z,90.515,90.599,90.386,90.394,90.533,90.618,90.405,90.416
2025-04-21T14:00:00Z,90.392,90.474,90.285,90.432,90.416,90.493,90.304,90.45
2025-04-21T15:00:00Z,90.432,90.449,90.241,90.258,90.448,90.466,90.261,90.279
2025-04-21T16:00:00Z,90.259,90.399,90.239,90.307,90.281,90.421,90.26,90.329
2025-04-21T17:00:00Z,90.307,90.317,90.083,90.092,90.33,90.339,90.099,90.112
2025-04-21T18:00:00Z,90.09,90.216,90.031,90.152,90.112,90.234,90.052,90.171
2025-04-21T19:00:00Z,90.152,90.436,90.137,90.396,90.167,90.457,90.158,90.42
2025-04-21T20:00:00Z,90.397,90.463,90.336,90.352,90.419,90.485,90.359,90.404
2025-04-21T21:00:00Z,90.348,90.348,90.22,90.266,90.402,90.527,90.366,90.374
2025-04-21T22:00:00Z,90.266,90.374,90.251,90.279,90.319,90.466,90.275,90.301
2025-04-21T23:00:00Z,90.282,90.482,90.24,90.45,90.304,90.503,90.261,90.475
2025-04-22T00:00:00Z,90.452,90.565,90.194,90.258,90.474,90.587,90.22,90.279
2025-04-22T01:00:00Z,90.258,90.497,90.258,90.37,90.28,90.515,90.279,90.391
2025-04-22T02:00:00Z,90.371,90.415,90.26,90.298,90.394,90.433,90.274,90.318
2025-04-22T03:00:00Z,90.295,90.295,90.107,90.191,90.315,90.315,90.121,90.21
2025-04-22T04:00:00Z,90.194,90.218,90.093,90.164,90.212,90.241,90.109,90.184
2025-04-22T05:00:00Z,90.164,90.209,89.949,90.051,90.181,90.229,89.97,90.072
2025-04-22T06:00:00Z,90.051,90.288,89.978,90.151,90.071,90.308,89.999,90.175
2025-04-22T07:00:00Z,90.154,90.254,89.98,90.011,90.177,90.269,90.002,90.029
2025-04-22T08:00:00Z,90.009,90.191,89.989,90.045,90.026,90.213,90.008,90.066
2025-04-22T09:00:00Z,90.044,90.096,89.879,89.908,90.064,90.114,89.901,89.929
2025-04-22T10:00:00Z,89.906,89.912,89.742,89.788,89.925,89.934,89.764,89.809
2025-04-22T11:00:00Z,89.791,89.802,89.632,89.687,89.812,89.823,89.65,89.708
2025-04-22T12:00:00Z,89.687,89.831,89.67,89.804,89.71,89.85,89.689,89.826
2025-04-22T13:00:00Z,89.803,89.94,89.664,89.896,89.823,89.954,89.684,89.919
2025-04-22T14:00:00Z,89.897,90.022,89.834,89.908,89.919,90.04,89.854,89.922
2025-04-22T15:00:00Z,89.907,90.045,89.791,89.997,89.922,90.066,89.812,90.017
2025-04-22T16:00:00Z,90.001,90.452,90.0,90.378,90.018,90.473,90.018,90.399
2025-04-22T17:00:00Z,90.377,90.493,89.95,90.048,90.399,90.515,89.973,90.069
2025-04-22T18:00:00Z,90.048,90.239,90.038,90.198,90.067,90.26,90.057,90.214
2025-04-22T19:00:00Z,90.197,90.269,90.034,90.105,90.212,90.289,90.055,90.127
2025-04-22T20:00:00Z,90.102,90.187,90.093,90.105,90.124,90.211,90.106,90.147
2025-04-22T21:00:00Z,89.984,90.831,89.949,90.658,90.234,91.019,90.138,90.908
2025-04-22T22:00:00Z,90.826,90.985,90.687,90.935,91.076,91.112,90.726,90.959
2025-04-22T23:00:00Z,90.935,91.025,90.784,90.943,90.964,91.048,90.806,90.967
2025-04-23T00:00:00Z,90.937,91.016,90.791,90.834,90.963,91.037,90.812,90.856
2025-04-23T01:00:00Z,90.824,90.995,90.575,90.642,90.844,91.014,90.588,90.66
2025-04-23T02:00:00Z,90.639,90.723,90.592,90.634,90.655,90.744,90.614,90.654
2025-04-23T03:00:00Z,90.635,90.87,90.581,90.849,90.654,90.889,90.6,90.867
2025-04-23T04:00:00Z,90.849,90.898,90.7,90.747,90.866,90.914,90.719,90.767
2025-04-23T05:00:00Z,90.748,90.871,90.648,90.848,90.769,90.892,90.666,90.868
2025-04-23T06:00:00Z,90.849,91.019,90.823,90.947,90.866,91.04,90.841,90.964
2025-04-23T07:00:00Z,90.944,90.981,90.715,90.925,90.963,91.003,90.737,90.944
2025-04-23T08:00:00Z,90.921,90.954,90.75,90.849,90.943,90.977,90.774,90.87
2025-04-23T09:00:00Z,90.848,91.019,90.803,90.994,90.871,91.038,90.826,91.017
2025-04-23T10:00:00Z,90.995,91.011,90.821,90.965,91.017,91.034,90.842,90.988
2025-04-23T11:00:00Z,90.965,91.022,90.766,90.776,90.987,91.043,90.787,90.792
2025-04-23T12:00:00Z,90.779,90.995,90.676,90.985,90.796,91.016,90.695,91.006
2025-04-23T13:00:00Z,90.986,91.543,90.891,91.473,91.006,91.576,90.911,91.495
2025-04-23T14:00:00Z,91.478,91.598,91.14,91.386,91.501,91.618,91.16,91.404
2025-04-23T15:00:00Z,91.388,91.476,90.705,90.893,91.406,91.523,90.726,90.914
2025-04-23T16:00:00Z,90.893,91.094,90.729,91.06,90.915,91.114,90.75,91.084
2025-04-23T17:00:00Z,91.061,91.277,90.971,91.206,91.084,91.293,90.986,91.222
2025-04-23T18:00:00Z,91.208,91.341,91.185,91.263,91.224,91.359,91.205,91.281
2025-04-23T19:00:00Z,91.263,91.281,91.007,91.148,91.28,91.298,91.023,91.161
2025-04-23T20:00:00Z,91.143,91.279,91.121,91.176,91.162,91.301,91.138,91.238
2025-04-23T21:00:00Z,91.167,91.196,90.911,91.001,91.231,91.388,91.07,91.194
2025-04-23T22:00:00Z,91.004,91.078,90.917,91.059,91.193,91.193,90.999,91.08
2025-04-23T23:00:00Z,91.056,91.203,91.017,91.101,91.076,91.225,91.038,91.123
2025-04-24T00:00:00Z,91.098,91.244,90.874,90.955,91.118,91.266,90.892,90.974
2025-04-24T01:00:00Z,90.958,91.016,90.701,90.713,90.977,91.038,90.722,90.734
2025-04-24T02:00:00Z,90.711,90.909,90.612,90.904,90.733,90.927,90.634,90.923
2025-04-24T03:00:00Z,90.906,90.925,90.721,90.832,90.925,90.943,90.74,90.847
2025-04-24T04:00:00Z,90.831,90.879,90.711,90.753,90.845,90.898,90.731,90.773
2025-04-24T05:00:00Z,90.754,90.891,90.547,90.605,90.773,90.91,90.56,90.624
2025-04-24T06:00:00Z,90.607,90.921,90.607,90.878,90.626,90.94,90.626,90.898
2025-04-24T07:00:00Z,90.877,91.043,90.834,90.997,90.899,91.064,90.856,91.019
2025-04-24T08:00:00Z,90.999,91.042,90.916,90.927,91.022,91.062,90.937,90.948
2025-04-24T09:00:00Z,90.928,91.035,90.886,90.928,90.95,91.056,90.908,90.949
2025-04-24T10:00:00Z,90.929,91.01,90.86,90.956,90.949,91.03,90.88,90.975
2025-04-24T11:00:00Z,90.954,90.991,90.809,90.877,90.975,91.01,90.829,90.897
2025-04-24T12:00:00Z,90.88,90.997,90.799,90.847,90.9,91.012,90.816,90.865
2025-04-24T13:00:00Z,90.849,91.004,90.797,90.98,90.868,91.023,90.816,91.006
2025-04-24T14:00:00Z,90.981,91.17,90.931,91.161,91.005,91.187,90.949,91.178
2025-04-24T15:00:00Z,91.161,91.264,91.126,91.191,91.176,91.284,91.147,91.208
2025-04-24T16:00:00Z,91.188,91.391,91.152,91.371,91.207,91.411,91.172,91.387
2025-04-24T17:00:00Z,91.371,91.387,91.279,91.358,91.389,91.404,91.297,91.377
2025-04-24T18:00:00Z,91.358,91.402,91.322,91.365,91.375,91.417,91.341,91.38
2025-04-24T19:00:00Z,91.363,91.405,91.256,91.386,91.38,91.425,91.274,91.403
2025-04-24T20:00:00Z,91.386,91.456,91.337,91.376,91.405,91.473,91.36,91.423
2025-04-24T21:00:00Z,91.375,91.447,91.196,91.385,91.423,91.573,91.423,91.569
2025-04-24T22:00:00Z,91.387,91.541,91.387,91.468,91.562,91.571,91.463,91.493
2025-04-24T23:00:00Z,91.468,91.534,91.401,91.421,91.494,91.553,91.424,91.443
2025-04-25T00:00:00Z,91.422,91.631,91.416,91.59,91.445,91.652,91.438,91.61
2025-04-25T01:00:00Z,91.593,91.629,91.398,91.424,91.611,91.65,91.415,91.441
2025-04-25T02:00:00Z,91.424,91.499,91.377,91.486,91.444,91.517,91.397,91.505
2025-04-25T03:00:00Z,91.484,92.154,91.484,92.133,91.502,92.174,91.502,92.151
2025-04-25T04:00:00Z,92.133,92.212,91.983,91.996,92.152,92.232,92.002,92.015
2025-04-25T05:00:00Z,91.996,92.104,91.833,91.84,92.016,92.124,91.852,91.859
2025-04-25T06:00:00Z,91.846,91.958,91.8,91.932,91.861,91.976,91.818,91.952
2025-04-25T07:00:00Z,91.935,92.134,91.584,91.756,91.956,92.153,91.603,91.775
2025-04-25T08:00:00Z,91.759,91.855,91.507,91.636,91.779,91.876,91.523,91.657
2025-04-25T09:00:00Z,91.64,91.642,91.443,91.551,91.661,91.663,91.46,91.566
2025-04-25T10:00:00Z,91.552,91.719,91.327,91.385,91.566,91.741,91.345,91.406
2025-04-25T11:00:00Z,91.386,91.529,91.364,91.465,91.408,91.551,91.386,91.485
2025-04-25T12:00:00Z,91.465,91.533,91.423,91.505,91.483,91.553,91.443,91.527
2025-04-25T13:00:00Z,91.507,91.832,91.473,91.788,91.528,91.849,91.49,91.818
2025-04-25T14:00:00Z,91.788,92.048,91.711,91.999,91.821,92.063,91.731,92.016
2025-04-25T15:00:00Z,91.999,92.021,91.872,91.922,92.015,92.04,91.892,91.942
2025-04-25T16:00:00Z,91.92,92.013,91.885,91.971,91.937,92.03,91.9,91.99
2025-04-25T17:00:00Z,91.968,92.092,91.646,91.741,91.988,92.109,91.665,91.76
2025-04-25T18:00:00Z,91.741,91.937,91.694,91.907,91.762,91.956,91.713,91.925
2025-04-25T19:00:00Z,91.908,91.936,91.849,91.932,91.925,91.954,91.868,91.95
2025-04-25T20:00:00Z,91.932,92.065,91.8,91.882,91.949,92.09,91.918,91.955
2025-04-27T21:00:00Z,91.894,91.894,91.619,91.861,91.967,92.046,91.869,92.017
2025-04-27T22:00:00Z,91.862,92.029,91.857,91.916,92.014,92.07,91.907,91.938
2025-04-27T23:00:00Z,91.91,91.919,91.738,91.801,91.934,91.944,91.761,91.823
2025-04-28T00:00:00Z,91.799,91.804,91.583,91.64,91.82,91.825,91.601,91.662
2025-04-28T01:00:00Z,91.639,91.732,91.576,91.693,91.662,91.751,91.593,91.715
2025-04-28T02:00:00Z,91.703,91.801,91.621,91.645,91.717,91.824,91.642,91.663
2025-04-28T03:00:00Z,91.645,91.756,91.529,91.685,91.665,91.776,91.551,91.705
2025-04-28T04:00:00Z,91.684,91.846,91.681,91.757,91.706,91.867,91.701,91.777
2025-04-28T05:00:00Z,91.76,91.912,91.733,91.896,91.781,91.929,91.752,91.916
2025-04-28T06:00:00Z,91.897,91.949,91.748,91.821,91.916,91.966,91.769,91.836
2025-04-28T07:00:00Z,91.821,91.834,91.503,91.509,91.839,91.85,91.523,91.524
2025-04-28T08:00:00Z,91.51,91.634,91.47,91.572,91.524,91.652,91.491,91.593
2025-04-28T09:00:00Z,91.57,91.799,91.566,91.748,91.592,91.822,91.588,91.769
2025-04-28T10:00:00Z,91.746,91.819,91.714,91.741,91.767,91.84,91.734,91.759
2025-04-28T11:00:00Z,91.738,91.783,91.671,91.68,91.758,91.803,91.693,91.7
2025-04-28T12:00:00Z,91.682,91.748,91.628,91.663,91.701,91.766,91.65,91.679
2025-04-28T13:00:00Z,91.664,91.814,91.633,91.684,91.679,91.83,91.648,91.704
2025-04-28T14:00:00Z,91.684,91.784,91.589,91.745,91.705,91.801,91.609,91.762
2025-04-28T15:00:00Z,91.746,91.763,91.461,91.492,91.761,91.778,91.478,91.51
2025-04-28T16:00:00Z,91.489,91.513,91.312,91.348,91.508,91.53,91.332,91.368
2025-04-28T17:00:00Z,91.347,91.358,91.193,91.349,91.365,91.373,91.213,91.367
2025-04-28T18:00:00Z,91.346,91.446,91.307,91.313,91.365,91.467,91.324,91.33
2025-04-28T19:00:00Z,91.312,91.429,91.294,91.4,91.33,91.445,91.311,91.415
2025-04-28T20:00:00Z,91.4,91.425,91.318,91.333,91.417,91.444,91.347,91.378
2025-04-28T21:00:00Z,91.301,91.355,91.267,91.321,91.386,91.437,91.384,91.406
2025-04-28T22:00:00Z,91.324,91.445,91.324,91.43,91.399,91.463,91.357,91.453
2025-04-28T23:00:00Z,91.432,91.48,91.361,91.384,91.454,91.501,91.385,91.406
2025-04-29T00:00:00Z,91.386,91.426,91.288,91.425,91.407,91.449,91.311,91.449
2025-04-29T01:00:00Z,91.426,91.552,91.364,91.542,91.449,91.57,91.387,91.56
2025-04-29T02:00:00Z,91.542,91.673,91.421,91.453,91.561,91.694,91.443,91.473
2025-04-29T03:00:00Z,91.455,91.456,91.331,91.377,91.475,91.477,91.353,91.393
2025-04-29T04:00:00Z,91.377,91.413,91.322,91.388,91.394,91.433,91.34,91.408
2025-04-29T05:00:00Z,91.387,91.41,91.275,91.342,91.408,91.43,91.294,91.361
2025-04-29T06:00:00Z,91.337,91.569,91.337,91.465,91.357,91.589,91.357,91.482
2025-04-29T07:00:00Z,91.468,91.565,91.414,91.546,91.485,91.585,91.432,91.567
2025-04-29T08:00:00Z,91.546,91.557,91.363,91.516,91.568,91.579,91.386,91.538
2025-04-29T09:00:00Z,91.515,91.561,91.465,91.503,91.535,91.58,91.484,91.521
2025-04-29T10:00:00Z,91.503,91.523,91.272,91.278,91.524,91.545,91.291,91.299
2025-04-29T11:00:00Z,91.277,91.386,91.231,91.382,91.297,91.407,91.253,91.406
2025-04-29T12:00:00Z,91.38,91.454,91.225,91.23,91.403,91.472,91.247,91.252
2025-04-29T13:00:00Z,91.227,91.229,90.884,90.884,91.249,91.251,90.935,90.94
2025-04-29T14:00:00Z,90.885,90.971,90.581,90.823,90.947,90.987,90.599,90.841
2025-04-29T15:00:00Z,90.824,90.9,90.769,90.833,90.841,90.918,90.788,90.85
2025-04-29T16:00:00Z,90.83,90.92,90.67,90.7,90.85,90.941,90.69,90.72
2025-04-29T17:00:00Z,90.699,90.909,90.678,90.893,90.72,90.93,90.698,90.913
2025-04-29T18:00:00Z,90.892,90.918,90.809,90.856,90.913,90.935,90.828,90.871
2025-04-29T19:00:00Z,90.854,90.889,90.789,90.836,90.871,90.904,90.807,90.856
2025-04-29T20:00:00Z,90.837,90.952,90.809,90.867,90.858,90.974,90.833,90.907
2025-04-29T21:00:00Z,90.72,90.824,90.697,90.824,90.963,91.005,90.852,90.983
2025-04-29T22:00:00Z,90.843,90.862,90.775,90.798,90.969,90.969,90.811,90.824
2025-04-29T23:00:00Z,90.801,90.881,90.755,90.858,90.826,90.9,90.774,90.875
2025-04-30T00:00:00Z,90.855,90.912,90.792,90.909,90.873,90.933,90.813,90.926
2025-04-30T01:00:00Z,90.907,91.169,90.871,91.116,90.923,91.193,90.89,91.14
2025-04-30T02:00:00Z,91.111,91.208,91.045,91.125,91.134,91.228,91.063,91.142
2025-04-30T03:00:00Z,91.124,91.2,91.041,91.177,91.142,91.217,91.056,91.194
2025-04-30T04:00:00Z,91.179,91.409,91.173,91.405,91.198,91.426,91.187,91.422
2025-04-30T05:00:00Z,91.405,91.441,91.361,91.418,91.423,91.458,91.379,91.435
2025-04-30T06:00:00Z,91.423,91.522,91.31,91.391,91.44,91.539,91.329,91.413
2025-04-30T07:00:00Z,91.393,91.406,91.233,91.293,91.413,91.426,91.252,91.313
2025-04-30T08:00:00Z,91.291,91.352,91.209,91.315,91.312,91.37,91.231,91.329
2025-04-30T09:00:00Z,91.316,91.537,91.303,91.519,91.332,91.555,91.322,91.536
2025-04-30T10:00:00Z,91.517,91.534,91.422,91.467,91.534,91.553,91.44,91.486
2025-04-30T11:00:00Z,91.468,91.476,91.37,91.395,91.486,91.495,91.39,91.413
2025-04-30T12:00:00Z,91.395,91.426,90.908,91.007,91.414,91.445,90.928,91.02
2025-04-30T13:00:00Z,91.008,91.111,90.682,90.706,91.022,91.13,90.708,90.749
2025-04-30T14:00:00Z,90.707,91.324,90.661,91.237,90.752,91.341,90.714,91.254
2025-04-30T15:00:00Z,91.23,91.39,91.164,91.241,91.247,91.409,91.182,91.26
2025-04-30T16:00:00Z,91.24,91.329,91.133,91.232,91.261,91.345,91.151,91.248
2025-04-30T17:00:00Z,91.232,91.438,91.177,91.351,91.247,91.456,91.191,91.371
2025-04-30T18:00:00Z,91.353,91.659,91.324,91.415,91.371,91.681,91.343,91.433
2025-04-30T19:00:00Z,91.415,91.65,91.415,91.52,91.432,91.668,91.432,91.539
2025-04-30T20:00:00Z,91.528,91.724,91.492,91.577,91.546,91.74,91.51,91.619
2025-04-30T21:00:00Z,91.464,91.564,91.436,91.477,91.618,91.695,91.565,91.569
2025-04-30T22:00:00Z,91.48,91.676,91.48,91.648,91.571,91.7,91.571,91.675
2025-04-30T23:00:00Z,91.649,91.727,91.574,91.675,91.674,91.752,91.6,91.694
2025-05-01T00:00:00Z,91.674,91.724,91.593,91.706,91.692,91.745,91.615,91.729
2025-05-01T01:00:00Z,91.704,91.78,91.669,91.775,91.727,91.799,91.691,91.792
2025-05-01T02:00:00Z,91.774,91.971,91.734,91.839,91.792,91.994,91.757,91.865
2025-05-01T03:00:00Z,91.839,92.12,91.761,92.054,91.863,92.138,91.783,92.075
2025-05-01T04:00:00Z,92.055,92.116,91.992,92.086,92.075,92.136,92.017,92.109
2025-05-01T05:00:00Z,92.087,92.209,92.03,92.087,92.109,92.229,92.044,92.107
2025-05-01T06:00:00Z,92.087,92.514,92.066,92.507,92.105,92.533,92.079,92.526
2025-05-01T07:00:00Z,92.507,92.529,92.15,92.172,92.524,92.549,92.172,92.193
2025-05-01T08:00:00Z,92.173,92.209,92.071,92.105,92.192,92.229,92.092,92.125
2025-05-01T09:00:00Z,92.105,92.155,92.042,92.057,92.124,92.176,92.06,92.076
2025-05-01T10:00:00Z,92.056,92.259,92.018,92.246,92.076,92.278,92.039,92.266
2025-05-01T11:00:00Z,92.242,92.367,92.166,92.323,92.262,92.388,92.188,92.344
2025-05-01T12:00:00Z,92.319,92.501,92.146,92.408,92.341,92.523,92.169,92.429
2025-05-01T13:00:00Z,92.404,92.501,92.262,92.264,92.426,92.521,92.306,92.363
2025-05-01T14:00:00Z,92.325,92.833,92.247,92.787,92.362,92.85,92.343,92.805
2025-05-01T15:00:00Z,92.783,92.882,92.645,92.685,92.802,92.898,92.668,92.702
2025-05-01T16:00:00Z,92.685,92.698,92.566,92.645,92.705,92.72,92.585,92.664
2025-05-01T17:00:00Z,92.641,92.826,92.631,92.757,92.66,92.845,92.651,92.776
2025-05-01T18:00:00Z,92.756,93.046,92.742,93.024,92.776,93.066,92.762,93.039
2025-05-01T19:00:00Z,93.023,93.031,92.87,92.892,93.041,93.052,92.887,92.914
2025-05-01T20:00:00Z,92.886,92.916,92.761,92.787,92.908,92.935,92.78,92.848
2025-05-01T21:00:00Z,92.785,92.793,92.643,92.691,92.851,92.982,92.817,92.828
2025-05-01T22:00:00Z,92.697,92.807,92.693,92.767,92.842,92.856,92.716,92.789
2025-05-01T23:00:00Z,92.766,92.933,92.766,92.843,92.787,92.95,92.787,92.862
2025-05-02T00:00:00Z,92.846,93.478,92.822,93.438,92.864,93.493,92.84,93.454
2025-05-02T01:00:00Z,93.446,93.462,93.151,93.197,93.459,93.481,93.169,93.216
2025-05-02T02:00:00Z,93.196,93.278,93.155,93.21,93.216,93.297,93.174,93.228
2025-05-02T03:00:00Z,93.214,93.232,93.043,93.199,93.233,93.25,93.062,93.217
2025-05-02T04:00:00Z,93.196,93.232,93.031,93.229,93.214,93.249,93.05,93.249
2025-05-02T05:00:00Z,93.23,93.23,93.077,93.087,93.249,93.249,93.095,93.105
2025-05-02T06:00:00Z,93.084,93.233,92.971,93.106,93.102,93.254,92.99,93.128
2025-05-02T07:00:00Z,93.105,93.214,93.063,93.087,93.125,93.236,93.086,93.107
2025-05-02T08:00:00Z,93.09,93.157,92.949,92.974,93.11,93.177,92.969,92.991
2025-05-02T09:00:00Z,92.974,93.143,92.932,93.116,92.989,93.164,92.952,93.137
2025-05-02T10:00:00Z,93.116,93.165,92.978,93.007,93.136,93.186,92.999,93.027
2025-05-02T11:00:00Z,93.007,93.105,92.89,92.989,93.028,93.122,92.904,93.011
2025-05-02T12:00:00Z,92.992,93.302,92.86,93.223,93.011,93.32,92.898,93.238
2025-05-02T13:00:00Z,93.223,93.24,92.837,92.885,93.239,93.26,92.853,92.912
2025-05-02T14:00:00Z,92.883,93.189,92.848,93.11,92.916,93.206,92.869,93.13
2025-05-02T15:00:00Z,93.109,93.185,93.019,93.142,93.13,93.203,93.036,93.158
2025-05-02T16:00:00Z,93.142,93.455,93.126,93.294,93.159,93.474,93.146,93.312
2025-05-02T17:00:00Z,93.293,93.334,93.199,93.289,93.309,93.348,93.219,93.31
2025-05-02T18:00:00Z,93.289,93.476,93.268,93.444,93.309,93.495,93.289,93.46
2025-05-02T19:00:00Z,93.438,93.555,93.364,93.47,93.456,93.574,93.386,93.492
2025-05-02T20:00:00Z,93.473,93.558,93.296,93.301,93.493,93.58,93.395,93.551
2025-05-04T21:00:00Z,93.212,93.421,93.212,93.283,93.396,93.64,93.396,93.486
2025-05-04T22:00:00Z,93.28,93.482,93.232,93.42,93.485,93.53,93.273,93.443
2025-05-04T23:00:00Z,93.423,93.447,93.19,93.202,93.445,93.471,93.207,93.224
2025-05-05T00:00:00Z,93.203,93.234,93.107,93.219,93.224,93.255,93.128,93.241
2025-05-05T01:00:00Z,93.224,93.425,93.188,93.267,93.245,93.447,93.208,93.288
2025-05-05T02:00:00Z,93.265,93.312,93.192,93.261,93.285,93.333,93.213,93.28
2025-05-05T03:00:00Z,93.253,93.261,93.188,93.254,93.273,93.281,93.206,93.276
2025-05-05T04:00:00Z,93.251,93.259,93.142,93.243,93.273,93.279,93.163,93.258
2025-05-05T05:00:00Z,93.244,93.452,93.241,93.385,93.258,93.471,93.258,93.404
2025-05-05T06:00:00Z,93.387,93.449,93.313,93.37,93.404,93.469,93.332,93.389
2025-05-05T07:00:00Z,93.374,93.47,93.297,93.327,93.39,93.489,93.317,93.347
2025-05-05T08:00:00Z,93.328,93.441,93.286,93.31,93.347,93.457,93.302,93.327
2025-05-05T09:00:00Z,93.309,93.418,93.3,93.383,93.328,93.44,93.318,93.405
2025-05-05T10:00:00Z,93.383,93.39,93.301,93.328,93.404,93.41,93.319,93.345
2025-05-05T11:00:00Z,93.33,93.396,93.253,93.269,93.348,93.414,93.273,93.286
2025-05-05T12:00:00Z,93.27,93.329,93.153,93.173,93.288,93.349,93.169,93.194
2025-05-05T13:00:00Z,93.173,93.236,93.017,93.077,93.192,93.256,93.034,93.112
2025-05-05T14:00:00Z,93.08,93.283,93.02,93.172,93.124,93.391,93.041,93.187
2025-05-05T15:00:00Z,93.171,93.196,93.015,93.155,93.188,93.214,93.035,93.173
2025-05-05T16:00:00Z,93.158,93.263,93.139,93.189,93.175,93.284,93.158,93.206
2025-05-05T17:00:00Z,93.186,93.194,93.11,93.141,93.204,93.21,93.13,93.162
2025-05-05T18:00:00Z,93.142,93.169,93.057,93.074,93.16,93.185,93.076,93.094
2025-05-05T19:00:00Z,93.075,93.114,92.962,92.997,93.093,93.132,92.978,93.017
2025-05-05T20:00:00Z,92.995,93.009,92.919,92.935,93.016,93.026,92.948,92.976
2025-05-05T21:00:00Z,92.813,92.938,92.789,92.871,93.062,93.077,92.973,92.994
2025-05-05T22:00:00Z,92.873,92.949,92.872,92.932,93.0,93.011,92.908,92.955
2025-05-05T23:00:00Z,92.935,92.946,92.787,92.836,92.957,92.969,92.808,92.858
2025-05-06T00:00:00Z,92.836,92.892,92.756,92.853,92.857,92.91,92.778,92.871
2025-05-06T01:00:00Z,92.852,93.04,92.829,92.867,92.869,93.06,92.85,92.887
2025-05-06T02:00:00Z,92.87,92.908,92.774,92.828,92.889,92.929,92.794,92.848
2025-05-06T03:00:00Z,92.828,92.891,92.744,92.885,92.847,92.909,92.762,92.902
2025-05-06T04:00:00Z,92.884,92.971,92.846,92.965,92.902,92.988,92.866,92.984
2025-05-06T05:00:00Z,92.968,92.974,92.742,92.792,92.986,92.993,92.761,92.811
2025-05-06T06:00:00Z,92.789,92.857,92.701,92.801,92.808,92.876,92.722,92.821
2025-05-06T07:00:00Z,92.804,92.83,92.492,92.557,92.822,92.851,92.515,92.577
2025-05-06T08:00:00Z,92.551,92.574,92.237,92.345,92.571,92.589,92.258,92.363
2025-05-06T09:00:00Z,92.348,92.391,92.199,92.36,92.365,92.411,92.219,92.379
2025-05-06T10:00:00Z,92.36,92.409,92.319,92.358,92.378,92.431,92.338,92.377
2025-05-06T11:00:00Z,92.354,92.428,92.211,92.269,92.374,92.447,92.23,92.284
2025-05-06T12:00:00Z,92.266,92.331,92.17,92.187,92.284,92.346,92.19,92.205
2025-05-06T13:00:00Z,92.183,92.357,92.108,92.236,92.204,92.372,92.124,92.255
2025-05-06T14:00:00Z,92.239,92.577,92.178,92.544,92.258,92.595,92.199,92.562
2025-05-06T15:00:00Z,92.546,92.696,92.497,92.614,92.563,92.714,92.517,92.633
2025-05-06T16:00:00Z,92.614,92.793,92.531,92.58,92.631,92.812,92.551,92.6
2025-05-06T17:00:00Z,92.587,92.64,92.43,92.468,92.607,92.656,92.45,92.487
2025-05-06T18:00:00Z,92.47,92.592,92.467,92.542,92.489,92.609,92.484,92.561
2025-05-06T19:00:00Z,92.539,92.59,92.483,92.523,92.558,92.603,92.501,92.538
2025-05-06T20:00:00Z,92.522,92.59,92.406,92.47,92.541,92.607,92.423,92.51
2025-05-06T21:00:00Z,92.4,92.488,92.379,92.417,92.65,92.658,92.489,92.489
2025-05-06T22:00:00Z,92.418,93.338,92.416,93.216,92.487,93.367,92.487,93.239
2025-05-06T23:00:00Z,93.218,93.245,93.022,93.045,93.241,93.271,93.044,93.065
2025-05-07T00:00:00Z,93.048,93.071,92.806,92.909,93.068,93.088,92.826,92.93
2025-05-07T01:00:00Z,92.908,92.989,92.715,92.851,92.927,93.01,92.736,92.871
2025-05-07T02:00:00Z,92.849,92.898,92.733,92.805,92.867,92.917,92.747,92.823
2025-05-07T03:00:00Z,92.804,92.887,92.767,92.792,92.823,92.906,92.786,92.809
2025-05-07T04:00:00Z,92.791,92.87,92.765,92.831,92.809,92.888,92.783,92.85
2025-05-07T05:00:00Z,92.833,92.873,92.688,92.723,92.85,92.891,92.704,92.742
2025-05-07T06:00:00Z,92.726,92.813,92.625,92.65,92.744,92.831,92.644,92.671
2025-05-07T07:00:00Z,92.648,92.864,92.603,92.814,92.669,92.883,92.624,92.835
2025-05-07T08:00:00Z,92.813,92.92,92.733,92.749,92.833,92.936,92.75,92.769
2025-05-07T09:00:00Z,92.752,92.788,92.666,92.698,92.77,92.808,92.687,92.714
2025-05-07T10:00:00Z,92.7,92.789,92.611,92.786,92.714,92.808,92.63,92.802
2025-05-07T11:00:00Z,92.786,92.825,92.738,92.811,92.801,92.841,92.758,92.826
2025-05-07T12:00:00Z,92.811,92.854,92.69,92.732,92.832,92.875,92.707,92.746
2025-05-07T13:00:00Z,92.733,92.733,92.545,92.709,92.748,92.749,92.564,92.728
2025-05-07T14:00:00Z,92.709,92.715,92.577,92.688,92.729,92.73,92.594,92.705
2025-05-07T15:00:00Z,92.688,92.692,92.541,92.685,92.706,92.71,92.56,92.703
2025-05-07T16:00:00Z,92.685,92.715,92.554,92.669,92.7,92.733,92.573,92.688
2025-05-07T17:00:00Z,92.672,92.706,92.438,92.468,92.691,92.721,92.457,92.553
2025-05-07T18:00:00Z,92.446,92.758,92.209,92.587,92.553,92.78,92.23,92.61
2025-05-07T19:00:00Z,92.592,92.655,92.239,92.474,92.614,92.674,92.259,92.495
2025-05-07T20:00:00Z,92.469,92.513,92.355,92.371,92.49,92.533,92.38,92.436
2025-05-07T21:00:00Z,92.297,92.382,92.272,92.377,92.434,92.617,92.38,92.446
2025-05-07T22:00:00Z,92.377,92.471,92.364,92.456,92.447,92.495,92.403,92.481
2025-05-07T23:00:00Z,92.455,92.529,92.39,92.508,92.481,92.55,92.41,92.528
2025-05-08T00:00:00Z,92.511,92.72,92.423,92.658,92.53,92.741,92.442,92.675
2025-05-08T01:00:00Z,92.662,92.735,92.541,92.656,92.681,92.756,92.563,92.679
2025-05-08T02:00:00Z,92.656,92.805,92.648,92.709,92.68,92.826,92.669,92.73
2025-05-08T03:00:00Z,92.709,92.796,92.688,92.713,92.729,92.815,92.708,92.735
2025-05-08T04:00:00Z,92.714,92.793,92.67,92.755,92.735,92.812,92.689,92.772
2025-05-08T05:00:00Z,92.756,92.798,92.598,92.724,92.772,92.814,92.618,92.742
2025-05-08T06:00:00Z,92.72,92.736,92.524,92.555,92.739,92.755,92.543,92.575
2025-05-08T07:00:00Z,92.556,92.711,92.461,92.651,92.578,92.731,92.481,92.67
2025-05-08T08:00:00Z,92.652,92.929,92.627,92.869,92.67,92.947,92.644,92.887
2025-05-08T09:00:00Z,92.871,92.942,92.822,92.839,92.89,92.965,92.843,92.855
2025-05-08T10:00:00Z,92.839,93.028,92.83,92.907,92.857,93.044,92.847,92.926
2025-05-08T11:00:00Z,92.904,92.94,92.724,92.802,92.926,92.961,92.743,92.82
2025-05-08T12:00:00Z,92.8,92.942,92.772,92.848,92.82,92.969,92.791,92.868
2025-05-08T13:00:00Z,92.849,92.954,92.753,92.876,92.868,92.972,92.771,92.896
2025-05-08T14:00:00Z,92.876,93.119,92.848,92.968,92.895,93.138,92.868,92.984
2025-05-08T15:00:00Z,92.965,93.381,92.911,93.301,92.985,93.401,92.931,93.318
2025-05-08T16:00:00Z,93.298,93.444,93.249,93.416,93.317,93.463,93.268,93.436
2025-05-08T17:00:00Z,93.416,93.435,93.295,93.305,93.435,93.455,93.315,93.323
2025-05-08T18:00:00Z,93.303,93.377,93.28,93.304,93.323,93.394,93.299,93.322
2025-05-08T19:00:00Z,93.3,93.543,93.275,93.392,93.32,93.562,93.295,93.414
2025-05-08T20:00:00Z,93.392,93.416,93.316,93.366,93.413,93.437,93.338,93.407
2025-05-08T21:00:00Z,93.221,93.369,93.203,93.356,93.471,93.512,93.407,93.443
2025-05-08T22:00:00Z,93.358,93.399,93.267,93.326,93.443,93.443,93.285,93.348
2025-05-08T23:00:00Z,93.329,93.385,93.301,93.302,93.352,93.407,93.318,93.323
2025-05-09T00:00:00Z,93.3,93.383,93.083,93.096,93.32,93.404,93.104,93.117
2025-05-09T01:00:00Z,93.101,93.192,93.008,93.095,93.12,93.21,93.031,93.116
2025-05-09T02:00:00Z,93.094,93.213,92.98,93.159,93.116,93.233,93.002,93.181
2025-05-09T03:00:00Z,93.155,93.322,93.092,93.298,93.177,93.343,93.114,93.32
2025-05-09T04:00:00Z,93.298,93.303,93.182,93.25,93.316,93.325,93.2,93.269
2025-05-09T05:00:00Z,93.25,93.272,93.12,93.144,93.268,93.29,93.14,93.163
2025-05-09T06:00:00Z,93.147,93.184,92.97,92.971,93.166,93.203,92.991,92.992
2025-05-09T07:00:00Z,92.97,93.164,92.938,93.05,92.99,93.181,92.956,93.071
2025-05-09T08:00:00Z,93.051,93.06,92.937,93.03,93.071,93.08,92.957,93.045
2025-05-09T09:00:00Z,93.03,93.073,92.885,92.987,93.046,93.091,92.906,93.008
2025-05-09T10:00:00Z,92.987,93.02,92.908,92.967,93.009,93.04,92.928,92.987
2025-05-09T11:00:00Z,92.968,93.059,92.799,92.941,92.986,93.078,92.812,92.961
2025-05-09T12:00:00Z,92.941,93.123,92.922,93.078,92.963,93.142,92.939,93.095
2025-05-09T13:00:00Z,93.078,93.25,93.065,93.232,93.093,93.269,93.078,93.251
2025-05-09T14:00:00Z,93.229,93.322,93.029,93.095,93.248,93.342,93.048,93.112
2025-05-09T15:00:00Z,93.099,93.252,93.056,93.229,93.114,93.269,93.076,93.248
2025-05-09T16:00:00Z,93.23,93.23,93.133,93.175,93.248,93.249,93.149,93.194
2025-05-09T17:00:00Z,93.18,93.256,93.164,93.192,93.2,93.274,93.182,93.213
2025-05-09T18:00:00Z,93.188,93.2,93.114,93.149,93.208,93.219,93.134,93.167
2025-05-09T19:00:00Z,93.146,93.19,93.119,93.152,93.165,93.207,93.136,93.171
2025-05-09T20:00:00Z,93.149,93.197,93.113,93.173,93.168,93.275,93.145,93.235
2025-05-11T21:00:00Z,93.706,93.866,93.671,93.833,93.956,94.026,93.818,93.927
2025-05-11T22:00:00Z,93.831,93.954,93.554,93.608,93.924,94.006,93.585,93.637
2025-05-11T23:00:00Z,93.611,93.738,93.553,93.608,93.64,93.765,93.579,93.633
2025-05-12T00:00:00Z,93.61,93.784,93.53,93.687,93.636,93.805,93.553,93.708
2025-05-12T01:00:00Z,93.687,93.989,93.685,93.831,93.706,94.008,93.706,93.848
2025-05-12T02:00:00Z,93.828,93.84,93.513,93.675,93.845,93.853,93.533,93.696
2025-05-12T03:00:00Z,93.677,93.749,93.647,93.703,93.698,93.765,93.668,93.725
2025-05-12T04:00:00Z,93.706,93.835,93.706,93.825,93.728,93.856,93.726,93.847
2025-05-12T05:00:00Z,93.831,93.999,93.827,93.965,93.853,94.014,93.849,93.984
2025-05-12T06:00:00Z,93.967,94.049,93.889,93.94,93.987,94.068,93.908,93.956
2025-05-12T07:00:00Z,93.936,94.788,93.926,94.726,93.957,94.808,93.945,94.747
2025-05-12T08:00:00Z,94.729,94.911,94.49,94.7,94.75,94.932,94.511,94.719
2025-05-12T09:00:00Z,94.703,94.907,94.61,94.866,94.723,94.926,94.63,94.886
2025-05-12T10:00:00Z,94.868,94.879,94.7,94.744,94.889,94.898,94.72,94.763
2025-05-12T11:00:00Z,94.745,94.755,94.545,94.557,94.762,94.776,94.567,94.579
2025-05-12T12:00:00Z,94.557,94.73,94.505,94.556,94.58,94.751,94.522,94.576
2025-05-12T13:00:00Z,94.557,94.693,94.508,94.586,94.576,94.713,94.528,94.606
2025-05-12T14:00:00Z,94.592,94.688,94.441,94.462,94.613,94.708,94.461,94.48
2025-05-12T15:00:00Z,94.465,94.495,94.247,94.292,94.483,94.513,94.265,94.31
2025-05-12T16:00:00Z,94.289,94.529,94.263,94.511,94.308,94.548,94.281,94.524
2025-05-12T17:00:00Z,94.51,94.547,94.447,94.455,94.525,94.565,94.467,94.476
2025-05-12T18:00:00Z,94.458,94.504,94.402,94.45,94.479,94.523,94.422,94.468
2025-05-12T19:00:00Z,94.447,94.532,94.416,94.51,94.466,94.552,94.435,94.529
2025-05-12T20:00:00Z,94.507,94.623,94.497,94.575,94.528,94.645,94.518,94.636
2025-05-12T21:00:00Z,94.464,94.528,94.396,94.465,94.714,94.72,94.53,94.591
2025-05-12T22:00:00Z,94.471,94.591,94.471,94.536,94.567,94.624,94.531,94.559
2025-05-12T23:00:00Z,94.538,94.638,94.458,94.469,94.559,94.66,94.478,94.49
2025-05-13T00:00:00Z,94.466,94.477,94.057,94.068,94.487,94.498,94.077,94.086
2025-05-13T01:00:00Z,94.068,94.241,94.056,94.187,94.087,94.261,94.077,94.209
2025-05-13T02:00:00Z,94.185,94.459,94.161,94.414,94.207,94.477,94.182,94.431
2025-05-13T03:00:00Z,94.411,94.562,94.402,94.532,94.428,94.578,94.419,94.549
2025-05-13T04:00:00Z,94.531,94.797,94.517,94.699,94.55,94.815,94.535,94.719
2025-05-13T05:00:00Z,94.698,94.83,94.644,94.728,94.719,94.85,94.664,94.746
2025-05-13T06:00:00Z,94.732,94.932,94.676,94.887,94.752,94.952,94.697,94.904
2025-05-13T07:00:00Z,94.889,94.941,94.718,94.739,94.904,94.961,94.738,94.761
2025-05-13T08:00:00Z,94.741,94.77,94.651,94.747,94.761,94.787,94.671,94.769
2025-05-13T09:00:00Z,94.75,94.897,94.727,94.878,94.773,94.918,94.75,94.893
2025-05-13T10:00:00Z,94.879,94.996,94.814,94.953,94.892,95.01,94.835,94.974
2025-05-13T11:00:00Z,94.953,94.985,94.88,94.901,94.973,95.005,94.897,94.923
2025-05-13T12:00:00Z,94.903,95.16,94.871,95.148,94.924,95.179,94.89,95.166
2025-05-13T13:00:00Z,95.148,95.148,94.899,94.965,95.167,95.167,94.917,94.982
2025-05-13T14:00:00Z,94.966,95.54,94.965,95.487,94.984,95.559,94.982,95.508
2025-05-13T15:00:00Z,95.486,95.626,95.416,95.609,95.501,95.642,95.437,95.627
2025-05-13T16:00:00Z,95.612,95.632,95.464,95.546,95.629,95.652,95.482,95.565
2025-05-13T17:00:00Z,95.549,95.64,95.545,95.565,95.569,95.657,95.564,95.585
2025-05-13T18:00:00Z,95.566,95.596,95.456,95.536,95.585,95.616,95.475,95.554
2025-05-13T19:00:00Z,95.531,95.573,95.404,95.438,95.55,95.592,95.423,95.452
2025-05-13T20:00:00Z,95.437,95.462,95.393,95.405,95.453,95.481,95.412,95.448
2025-05-13T21:00:00Z,95.292,95.39,95.253,95.333,95.542,95.57,95.415,95.477
2025-05-13T22:00:00Z,95.334,95.43,95.307,95.4,95.466,95.484,95.332,95.427
2025-05-13T23:00:00Z,95.397,95.513,95.378,95.47,95.424,95.534,95.401,95.492
2025-05-14T00:00:00Z,95.472,95.56,95.318,95.374,95.495,95.583,95.338,95.393
2025-05-14T01:00:00Z,95.373,95.471,95.188,95.462,95.394,95.494,95.208,95.483
2025-05-14T02:00:00Z,95.461,95.474,95.316,95.383,95.484,95.495,95.334,95.4
2025-05-14T03:00:00Z,95.382,95.429,95.217,95.251,95.401,95.444,95.237,95.268
2025-05-14T04:00:00Z,95.25,95.325,95.05,95.081,95.268,95.345,95.069,95.097
2025-05-14T05:00:00Z,95.08,95.244,95.035,95.153,95.097,95.266,95.056,95.175
2025-05-14T06:00:00Z,95.156,95.292,95.107,95.26,95.178,95.308,95.127,95.278
2025-05-14T07:00:00Z,95.263,95.36,95.199,95.353,95.278,95.38,95.22,95.374
2025-05-14T08:00:00Z,95.354,95.361,94.864,94.916,95.376,95.383,94.886,94.936
2025-05-14T09:00:00Z,94.909,94.956,94.485,94.539,94.931,94.977,94.504,94.562
2025-05-14T10:00:00Z,94.535,94.584,94.436,94.486,94.558,94.605,94.457,94.505
2025-05-14T11:00:00Z,94.485,94.61,94.419,94.599,94.505,94.632,94.438,94.622
2025-05-14T12:00:00Z,94.609,94.647,94.48,94.534,94.624,94.663,94.5,94.549
2025-05-14T13:00:00Z,94.535,94.564,94.175,94.303,94.551,94.585,94.194,94.321
2025-05-14T14:00:00Z,94.303,94.491,94.247,94.462,94.32,94.509,94.264,94.48
2025-05-14T15:00:00Z,94.464,94.484,94.271,94.456,94.481,94.502,94.29,94.475
2025-05-14T16:00:00Z,94.453,94.54,94.331,94.381,94.472,94.566,94.348,94.4
2025-05-14T17:00:00Z,94.378,94.39,94.247,94.349,94.398,94.409,94.266,94.368
2025-05-14T18:00:00Z,94.351,94.385,94.27,94.296,94.37,94.401,94.288,94.315
2025-05-14T19:00:00Z,94.296,94.416,94.283,94.357,94.314,94.435,94.303,94.377
2025-05-14T20:00:00Z,94.357,94.412,94.306,94.315,94.375,94.434,94.342,94.352
2025-05-14T21:00:00Z,94.236,94.256,94.134,94.232,94.486,94.491,94.306,94.334
2025-05-14T22:00:00Z,94.236,94.284,94.206,94.223,94.329,94.331,94.231,94.249
2025-05-14T23:00:00Z,94.221,94.245,94.072,94.245,94.246,94.26,94.093,94.26
2025-05-15T00:00:00Z,94.245,94.366,94.027,94.054,94.263,94.388,94.041,94.073
2025-05-15T01:00:00Z,94.051,94.363,94.033,94.298,94.071,94.388,94.052,94.318
2025-05-15T02:00:00Z,94.296,94.333,94.125,94.197,94.318,94.353,94.143,94.217
2025-05-15T03:00:00Z,94.196,94.245,94.05,94.094,94.217,94.266,94.07,94.115
2025-05-15T04:00:00Z,94.093,94.096,93.904,93.949,94.113,94.115,93.924,93.969
2025-05-15T05:00:00Z,93.95,93.998,93.708,93.811,93.969,94.015,93.725,93.829
2025-05-15T06:00:00Z,93.81,93.934,93.68,93.737,93.829,93.953,93.696,93.759
2025-05-15T07:00:00Z,93.739,93.802,93.584,93.639,93.761,93.82,93.606,93.661
2025-05-15T08:00:00Z,93.64,93.711,93.539,93.578,93.661,93.732,93.56,93.598
2025-05-15T09:00:00Z,93.579,93.672,93.565,93.65,93.6,93.694,93.586,93.668
2025-05-15T10:00:00Z,93.648,93.656,93.462,93.507,93.668,93.677,93.482,93.527
2025-05-15T11:00:00Z,93.505,93.622,93.431,93.614,93.527,93.643,93.448,93.631
2025-05-15T12:00:00Z,93.614,93.645,93.354,93.536,93.635,93.663,93.406,93.555
2025-05-15T13:00:00Z,93.535,93.593,93.306,93.381,93.556,93.614,93.324,93.403
2025-05-15T14:00:00Z,93.379,93.443,93.222,93.375,93.4,93.463,93.242,93.391
2025-05-15T15:00:00Z,93.372,93.38,93.133,93.211,93.389,93.398,93.15,93.231
2025-05-15T16:00:00Z,93.208,93.263,93.113,93.239,93.227,93.283,93.127,93.257
2025-05-15T17:00:00Z,93.239,93.312,93.235,93.292,93.259,93.33,93.255,93.305
2025-05-15T18:00:00Z,93.287,93.316,93.224,93.307,93.308,93.336,93.241,93.326
2025-05-15T19:00:00Z,93.306,93.312,93.191,93.271,93.326,93.333,93.21,93.29
2025-05-15T20:00:00Z,93.267,93.328,93.257,93.322,93.287,93.372,93.278,93.365
2025-05-15T21:00:00Z,93.174,93.278,93.117,93.214,93.424,93.431,93.282,93.306
2025-05-15T22:00:00Z,93.211,93.284,93.145,93.158,93.304,93.327,93.169,93.179
2025-05-15T23:00:00Z,93.155,93.282,93.121,93.215,93.179,93.302,93.143,93.237
2025-05-16T00:00:00Z,93.219,93.244,92.735,92.824,93.24,93.261,92.754,92.844
2025-05-16T01:00:00Z,92.826,93.034,92.819,93.027,92.847,93.055,92.839,93.046
2025-05-16T02:00:00Z,93.028,93.342,92.944,93.322,93.046,93.362,92.962,93.342
2025-05-16T03:00:00Z,93.323,93.357,93.228,93.274,93.344,93.377,93.243,93.294
2025-05-16T04:00:00Z,93.275,93.457,93.229,93.36,93.294,93.478,93.25,93.378
2025-05-16T05:00:00Z,93.36,93.468,93.318,93.429,93.379,93.487,93.337,93.447
2025-05-16T06:00:00Z,93.425,93.486,93.179,93.204,93.443,93.504,93.2,93.225
2025-05-16T07:00:00Z,93.199,93.363,93.113,93.35,93.22,93.384,93.133,93.371
2025-05-16T08:00:00Z,93.357,93.432,93.271,93.386,93.378,93.45,93.291,93.407
2025-05-16T09:00:00Z,93.385,93.489,93.351,93.434,93.402,93.509,93.372,93.454
2025-05-16T10:00:00Z,93.432,93.449,93.361,93.429,93.453,93.469,93.381,93.449
2025-05-16T11:00:00Z,93.431,93.464,93.361,93.461,93.448,93.482,93.381,93.478
2025-05-16T12:00:00Z,93.462,93.472,93.301,93.328,93.478,93.489,93.321,93.348
2025-05-16T13:00:00Z,93.328,93.378,93.251,93.36,93.349,93.4,93.27,93.392
2025-05-16T14:00:00Z,93.349,93.495,93.29,93.36,93.385,93.513,93.311,93.376
2025-05-16T15:00:00Z,93.361,93.384,93.255,93.348,93.379,93.397,93.272,93.366
2025-05-16T16:00:00Z,93.351,93.396,93.304,93.382,93.369,93.414,93.329,93.401
2025-05-16T17:00:00Z,93.387,93.454,93.357,93.373,93.402,93.472,93.374,93.391
2025-05-16T18:00:00Z,93.374,93.459,93.342,93.446,93.393,93.477,93.359,93.464
2025-05-16T19:00:00Z,93.446,93.493,93.408,93.489,93.463,93.511,93.427,93.507
2025-05-16T20:00:00Z,93.485,93.493,93.197,93.25,93.503,93.521,93.264,93.303
2025-05-18T21:00:00Z,92.94,93.117,92.914,93.117,93.19,93.328,93.1,93.237
2025-05-18T22:00:00Z,93.104,93.12,92.928,92.999,93.211,93.211,92.953,93.032
2025-05-18T23:00:00Z,92.999,93.223,92.987,93.071,93.027,93.248,93.011,93.093
2025-05-19T00:00:00Z,93.075,93.101,92.889,92.935,93.096,93.125,92.907,92.956
2025-05-19T01:00:00Z,92.934,93.011,92.865,92.947,92.956,93.03,92.886,92.967
2025-05-19T02:00:00Z,92.945,93.184,92.925,93.158,92.966,93.2,92.945,93.176
2025-05-19T03:00:00Z,93.157,93.158,93.096,93.121,93.176,93.177,93.113,93.139
2025-05-19T04:00:00Z,93.121,93.147,93.071,93.084,93.14,93.163,93.085,93.104
2025-05-19T05:00:00Z,93.086,93.11,92.917,92.924,93.106,93.129,92.937,92.943
2025-05-19T06:00:00Z,92.92,93.063,92.896,92.959,92.939,93.082,92.916,92.977
2025-05-19T07:00:00Z,92.958,93.127,92.925,93.072,92.978,93.148,92.946,93.092
2025-05-19T08:00:00Z,93.072,93.211,93.042,93.209,93.091,93.227,93.06,93.225
2025-05-19T09:00:00Z,93.21,93.36,93.148,93.354,93.231,93.373,93.166,93.369
2025-05-19T10:00:00Z,93.355,93.369,93.253,93.313,93.368,93.385,93.273,93.333
2025-05-19T11:00:00Z,93.312,93.487,93.304,93.441,93.333,93.507,93.325,93.463
2025-05-19T12:00:00Z,93.438,93.453,93.337,93.377,93.456,93.474,93.357,93.397
2025-05-19T13:00:00Z,93.378,93.522,93.294,93.441,93.397,93.539,93.314,93.46
2025-05-19T14:00:00Z,93.441,93.626,93.422,93.55,93.461,93.645,93.44,93.568
2025-05-19T15:00:00Z,93.554,93.672,93.528,93.611,93.572,93.691,93.546,93.63
2025-05-19T16:00:00Z,93.613,93.665,93.584,93.591,93.632,93.684,93.604,93.609
2025-05-19T17:00:00Z,93.591,93.659,93.549,93.555,93.606,93.677,93.568,93.572
2025-05-19T18:00:00Z,93.555,93.561,93.511,93.53,93.571,93.579,93.53,93.548
2025-05-19T19:00:00Z,93.53,93.54,93.468,93.52,93.547,93.555,93.487,93.54
2025-05-19T20:00:00Z,93.518,93.554,93.486,93.51,93.54,93.577,93.506,93.576
2025-05-19T21:00:00Z,93.489,93.553,93.471,93.522,93.588,93.608,93.55,93.596
2025-05-19T22:00:00Z,93.524,93.604,93.508,93.55,93.582,93.623,93.535,93.57
2025-05-19T23:00:00Z,93.556,93.593,93.5,93.564,93.571,93.615,93.518,93.581
2025-05-20T00:00:00Z,93.563,93.839,93.556,93.646,93.579,93.859,93.576,93.666
2025-05-20T01:00:00Z,93.645,93.645,93.324,93.336,93.663,93.663,93.342,93.354
2025-05-20T02:00:00Z,93.337,93.572,93.263,93.534,93.354,93.591,93.282,93.551
2025-05-20T03:00:00Z,93.534,93.571,93.346,93.36,93.553,93.589,93.363,93.379
2025-05-20T04:00:00Z,93.361,93.363,92.965,93.003,93.379,93.382,92.984,93.023
2025-05-20T05:00:00Z,93.001,93.11,92.521,92.616,93.021,93.13,92.541,92.636
2025-05-20T06:00:00Z,92.614,92.83,92.56,92.679,92.634,92.85,92.58,92.701
2025-05-20T07:00:00Z,92.676,92.739,92.531,92.577,92.699,92.76,92.553,92.597
2025-05-20T08:00:00Z,92.58,92.742,92.551,92.729,92.598,92.763,92.571,92.749
2025-05-20T09:00:00Z,92.728,92.822,92.652,92.714,92.749,92.843,92.672,92.731
2025-05-20T10:00:00Z,92.714,92.746,92.665,92.723,92.732,92.768,92.686,92.743
2025-05-20T11:00:00Z,92.726,92.781,92.641,92.704,92.744,92.802,92.658,92.725
2025-05-20T12:00:00Z,92.702,92.721,92.54,92.631,92.721,92.741,92.559,92.651
2025-05-20T13:00:00Z,92.632,92.802,92.626,92.702,92.651,92.821,92.645,92.722
2025-05-20T14:00:00Z,92.7,92.703,92.515,92.561,92.719,92.722,92.535,92.579
2025-05-20T15:00:00Z,92.556,92.688,92.489,92.669,92.574,92.707,92.509,92.688
2025-05-20T16:00:00Z,92.668,92.94,92.619,92.922,92.689,92.96,92.637,92.94
2025-05-20T17:00:00Z,92.92,92.989,92.858,92.866,92.94,93.01,92.875,92.885
2025-05-20T18:00:00Z,92.86,92.876,92.671,92.714,92.879,92.895,92.69,92.734
2025-05-20T19:00:00Z,92.712,92.782,92.657,92.776,92.731,92.801,92.676,92.794
2025-05-20T20:00:00Z,92.779,92.842,92.759,92.807,92.796,92.863,92.782,92.857
2025-05-20T21:00:00Z,92.777,92.807,92.675,92.753,92.933,92.978,92.787,92.818
2025-05-20T22:00:00Z,92.752,92.806,92.547,92.718,92.818,92.848,92.573,92.743
2025-05-20T23:00:00Z,92.715,92.769,92.685,92.724,92.739,92.789,92.708,92.745
2025-05-21T00:00:00Z,92.724,92.899,92.625,92.824,92.744,92.919,92.645,92.844
2025-05-21T01:00:00Z,92.825,92.875,92.749,92.783,92.843,92.893,92.769,92.803
2025-05-21T02:00:00Z,92.781,92.855,92.634,92.658,92.8,92.874,92.654,92.677
2025-05-21T03:00:00Z,92.656,92.811,92.647,92.717,92.674,92.832,92.664,92.737
2025-05-21T04:00:00Z,92.718,92.745,92.616,92.727,92.737,92.764,92.636,92.746
2025-05-21T05:00:00Z,92.727,92.778,92.603,92.611,92.748,92.796,92.624,92.63
2025-05-21T06:00:00Z,92.614,92.732,92.578,92.715,92.634,92.749,92.597,92.734
2025-05-21T07:00:00Z,92.715,92.806,92.621,92.79,92.735,92.826,92.642,92.808
2025-05-21T08:00:00Z,92.792,92.848,92.75,92.8,92.809,92.865,92.766,92.821
2025-05-21T09:00:00Z,92.797,92.874,92.667,92.693,92.817,92.894,92.686,92.71
2025-05-21T10:00:00Z,92.693,92.704,92.526,92.583,92.711,92.725,92.545,92.602
2025-05-21T11:00:00Z,92.58,92.7,92.562,92.632,92.6,92.719,92.581,92.649
2025-05-21T12:00:00Z,92.627,92.729,92.566,92.599,92.647,92.748,92.585,92.619
2025-05-21T13:00:00Z,92.602,92.692,92.574,92.641,92.622,92.71,92.595,92.66
2025-05-21T14:00:00Z,92.643,92.796,92.643,92.778,92.662,92.814,92.662,92.792
2025-05-21T15:00:00Z,92.778,92.911,92.767,92.9,92.791,92.929,92.786,92.919
2025-05-21T16:00:00Z,92.9,92.93,92.83,92.846,92.917,92.948,92.849,92.866
2025-05-21T17:00:00Z,92.846,92.872,92.366,92.497,92.865,92.891,92.385,92.514
2025-05-21T18:00:00Z,92.495,92.575,92.437,92.508,92.514,92.594,92.456,92.527
2025-05-21T19:00:00Z,92.513,92.569,92.378,92.413,92.532,92.588,92.397,92.431
2025-05-21T20:00:00Z,92.413,92.483,92.402,92.46,92.432,92.52,92.422,92.493
2025-05-21T21:00:00Z,92.355,92.424,92.277,92.404,92.531,92.555,92.417,92.516
2025-05-21T22:00:00Z,92.394,92.847,92.394,92.656,92.52,92.868,92.477,92.675
2025-05-21T23:00:00Z,92.656,92.69,92.411,92.421,92.676,92.712,92.431,92.443
2025-05-22T00:00:00Z,92.417,92.488,92.191,92.382,92.439,92.51,92.21,92.403
2025-05-22T01:00:00Z,92.384,92.482,92.122,92.158,92.404,92.501,92.142,92.178
2025-05-22T02:00:00Z,92.157,92.289,92.137,92.222,92.178,92.308,92.153,92.243
2025-05-22T03:00:00Z,92.22,92.349,92.185,92.328,92.242,92.369,92.205,92.347
2025-05-22T04:00:00Z,92.326,92.473,92.288,92.446,92.347,92.493,92.309,92.463
2025-05-22T05:00:00Z,92.441,92.46,92.355,92.42,92.461,92.481,92.371,92.44
2025-05-22T06:00:00Z,92.416,92.416,92.217,92.289,92.436,92.436,92.237,92.309
2025-05-22T07:00:00Z,92.29,92.375,92.136,92.246,92.309,92.396,92.158,92.267
2025-05-22T08:00:00Z,92.239,92.369,92.189,92.221,92.261,92.39,92.21,92.239
2025-05-22T09:00:00Z,92.218,92.246,92.116,92.156,92.238,92.266,92.133,92.173
2025-05-22T10:00:00Z,92.156,92.247,92.042,92.164,92.172,92.265,92.063,92.184
2025-05-22T11:00:00Z,92.164,92.319,92.024,92.054,92.182,92.34,92.045,92.073
2025-05-22T12:00:00Z,92.051,92.206,91.985,92.176,92.069,92.227,92.005,92.196
2025-05-22T13:00:00Z,92.179,92.288,92.036,92.251,92.198,92.308,92.051,92.281
2025-05-22T14:00:00Z,92.256,92.342,92.155,92.214,92.281,92.363,92.174,92.228
2025-05-22T15:00:00Z,92.215,92.334,92.185,92.318,92.228,92.353,92.2,92.336
2025-05-22T16:00:00Z,92.321,92.442,92.289,92.308,92.338,92.461,92.309,92.329
2025-05-22T17:00:00Z,92.309,92.501,92.289,92.486,92.328,92.52,92.309,92.504
2025-05-22T18:00:00Z,92.485,92.517,92.425,92.441,92.504,92.535,92.439,92.46
2025-05-22T19:00:00Z,92.437,92.45,92.233,92.28,92.456,92.468,92.25,92.299
2025-05-22T20:00:00Z,92.281,92.314,92.22,92.297,92.299,92.352,92.243,92.351
2025-05-22T21:00:00Z,92.213,92.345,92.213,92.301,92.463,92.516,92.39,92.435
2025-05-22T22:00:00Z,92.343,92.355,92.193,92.2,92.435,92.445,92.217,92.223
2025-05-22T23:00:00Z,92.203,92.257,92.15,92.19,92.227,92.28,92.17,92.21
2025-05-23T00:00:00Z,92.194,92.342,92.176,92.323,92.214,92.362,92.19,92.344
2025-05-23T01:00:00Z,92.319,92.443,92.29,92.303,92.34,92.462,92.309,92.323
2025-05-23T02:00:00Z,92.305,92.378,92.295,92.331,92.325,92.396,92.315,92.349
2025-05-23T03:00:00Z,92.333,92.4,92.277,92.278,92.352,92.419,92.295,92.297
2025-05-23T04:00:00Z,92.28,92.341,92.262,92.311,92.299,92.359,92.279,92.326
2025-05-23T05:00:00Z,92.307,92.366,92.287,92.313,92.325,92.385,92.306,92.332
2025-05-23T06:00:00Z,92.315,92.334,92.208,92.235,92.334,92.353,92.227,92.254
2025-05-23T07:00:00Z,92.236,92.501,92.232,92.468,92.254,92.52,92.249,92.487
2025-05-23T08:00:00Z,92.471,92.524,92.444,92.482,92.49,92.541,92.463,92.501
2025-05-23T09:00:00Z,92.479,92.632,92.419,92.616,92.499,92.65,92.439,92.63
2025-05-23T10:00:00Z,92.615,92.689,92.586,92.644,92.63,92.708,92.605,92.661
2025-05-23T11:00:00Z,92.643,92.676,91.794,91.89,92.662,92.694,91.815,91.911
2025-05-23T12:00:00Z,91.89,92.107,91.642,92.099,91.912,92.127,91.663,92.114
2025-05-23T13:00:00Z,92.098,92.212,91.958,92.114,92.118,92.232,91.975,92.133
2025-05-23T14:00:00Z,92.113,92.489,92.109,92.343,92.134,92.505,92.127,92.357
2025-05-23T15:00:00Z,92.344,92.454,92.293,92.349,92.359,92.473,92.311,92.367
2025-05-23T16:00:00Z,92.349,92.577,92.345,92.537,92.366,92.596,92.364,92.556
2025-05-23T17:00:00Z,92.537,92.678,92.521,92.62,92.557,92.698,92.542,92.637
2025-05-23T18:00:00Z,92.617,92.649,92.506,92.569,92.635,92.669,92.526,92.587
2025-05-23T19:00:00Z,92.569,92.609,92.535,92.551,92.586,92.63,92.55,92.573
2025-05-23T20:00:00Z,92.552,92.633,92.471,92.578,92.575,92.71,92.565,92.671
2025-05-25T21:00:00Z,92.364,92.488,92.296,92.425,92.614,92.62,92.488,92.573
2025-05-25T22:00:00Z,92.434,92.948,92.434,92.812,92.582,92.981,92.564,92.84
2025-05-25T23:00:00Z,92.807,92.962,92.792,92.857,92.836,92.988,92.817,92.88
2025-05-26T00:00:00Z,92.851,92.875,92.729,92.733,92.874,92.9,92.754,92.757
2025-05-26T01:00:00Z,92.732,93.062,92.687,92.975,92.757,93.085,92.706,92.997
2025-05-26T02:00:00Z,92.975,93.002,92.866,92.869,92.998,93.026,92.886,92.89
2025-05-26T03:00:00Z,92.867,92.96,92.855,92.892,92.888,92.981,92.873,92.914
2025-05-26T04:00:00Z,92.894,93.011,92.88,92.964,92.917,93.032,92.9,92.984
2025-05-26T05:00:00Z,92.964,93.069,92.953,92.994,92.987,93.093,92.972,93.017
2025-05-26T06:00:00Z,92.998,93.192,92.982,93.106,93.021,93.213,93.005,93.132
2025-05-26T07:00:00Z,93.108,93.122,92.983,93.028,93.135,93.148,93.006,93.055
2025-05-26T08:00:00Z,93.026,93.072,92.961,93.045,93.052,93.096,92.984,93.07
2025-05-26T09:00:00Z,93.046,93.05,92.88,92.902,93.072,93.075,92.904,92.928
2025-05-26T10:00:00Z,92.907,93.032,92.886,92.976,92.929,93.05,92.912,93.0
2025-05-26T11:00:00Z,92.976,93.038,92.953,93.033,93.001,93.062,92.977,93.059
2025-05-26T12:00:00Z,93.034,93.043,92.947,92.961,93.057,93.065,92.973,92.988
2025-05-26T13:00:00Z,92.964,92.971,92.885,92.889,92.991,92.995,92.906,92.909
2025-05-26T14:00:00Z,92.889,92.898,92.763,92.804,92.911,92.923,92.786,92.826
2025-05-26T15:00:00Z,92.804,92.846,92.749,92.764,92.824,92.871,92.77,92.784
2025-05-26T16:00:00Z,92.764,92.781,92.611,92.616,92.783,92.806,92.635,92.639
2025-05-26T17:00:00Z,92.617,92.625,92.572,92.575,92.641,92.65,92.591,92.6
2025-05-26T18:00:00Z,92.577,92.593,92.542,92.543,92.6,92.619,92.561,92.568
2025-05-26T19:00:00Z,92.539,92.586,92.528,92.577,92.564,92.608,92.552,92.603
2025-05-26T20:00:00Z,92.58,92.679,92.578,92.643,92.605,92.711,92.599,92.699
2025-05-26T21:00:00Z,92.58,92.604,92.518,92.566,92.83,92.83,92.664,92.696
2025-05-26T22:00:00Z,92.557,92.608,92.461,92.496,92.688,92.693,92.49,92.527
2025-05-26T23:00:00Z,92.499,92.538,92.416,92.416,92.529,92.56,92.436,92.436
2025-05-27T00:00:00Z,92.413,92.453,92.256,92.365,92.435,92.476,92.28,92.388
2025-05-27T01:00:00Z,92.365,92.371,92.233,92.259,92.386,92.395,92.257,92.283
2025-05-27T02:00:00Z,92.26,92.281,92.128,92.275,92.283,92.304,92.152,92.292
2025-05-27T03:00:00Z,92.275,92.352,92.219,92.27,92.293,92.374,92.24,92.293
2025-05-27T04:00:00Z,92.267,92.449,92.267,92.438,92.291,92.471,92.291,92.461
2025-05-27T05:00:00Z,92.444,92.815,92.444,92.802,92.468,92.839,92.468,92.825
2025-05-27T06:00:00Z,92.801,92.863,92.72,92.803,92.825,92.888,92.745,92.822
2025-05-27T07:00:00Z,92.806,92.864,92.628,92.659,92.823,92.888,92.651,92.683
2025-05-27T08:00:00Z,92.662,92.773,92.655,92.772,92.685,92.796,92.679,92.796
2025-05-27T09:00:00Z,92.77,92.893,92.726,92.815,92.796,92.914,92.748,92.84
2025-05-27T10:00:00Z,92.815,92.977,92.77,92.876,92.839,93.002,92.795,92.893
2025-05-27T11:00:00Z,92.869,92.968,92.825,92.864,92.89,92.994,92.85,92.887
2025-05-27T12:00:00Z,92.869,92.998,92.828,92.961,92.89,93.02,92.852,92.986
2025-05-27T13:00:00Z,92.962,93.012,92.84,92.916,92.986,93.036,92.864,92.955
2025-05-27T14:00:00Z,92.916,93.09,92.914,93.004,92.946,93.114,92.946,93.025
2025-05-27T15:00:00Z,93.005,93.007,92.871,92.912,93.027,93.029,92.893,92.934
2025-05-27T16:00:00Z,92.912,93.045,92.892,93.012,92.935,93.069,92.911,93.036
2025-05-27T17:00:00Z,93.009,93.009,92.926,92.99,93.034,93.034,92.949,93.011
2025-05-27T18:00:00Z,92.988,93.02,92.951,92.984,93.011,93.043,92.974,93.006
2025-05-27T19:00:00Z,92.984,92.998,92.944,92.974,93.004,93.018,92.967,92.997
2025-05-27T20:00:00Z,92.977,93.029,92.931,92.982,92.999,93.054,92.956,93.031
2025-05-27T21:00:00Z,92.867,93.019,92.861,92.938,93.117,93.125,93.018,93.026
2025-05-27T22:00:00Z,92.95,92.989,92.914,92.941,93.028,93.028,92.941,92.968
2025-05-27T23:00:00Z,92.937,93.002,92.908,92.922,92.964,93.028,92.935,92.946
2025-05-28T00:00:00Z,92.917,92.952,92.798,92.933,92.942,92.975,92.817,92.957
2025-05-28T01:00:00Z,92.932,93.232,92.732,92.789,92.957,93.253,92.755,92.815
2025-05-28T02:00:00Z,92.792,93.094,92.736,93.066,92.817,93.118,92.761,93.091
2025-05-28T03:00:00Z,93.068,93.177,92.983,93.017,93.093,93.201,93.009,93.042
2025-05-28T04:00:00Z,93.017,93.018,92.765,92.806,93.041,93.042,92.79,92.827
2025-05-28T05:00:00Z,92.803,93.027,92.782,92.828,92.827,93.051,92.805,92.852
2025-05-28T06:00:00Z,92.83,92.936,92.75,92.909,92.855,92.96,92.775,92.933
2025-05-28T07:00:00Z,92.909,92.949,92.747,92.824,92.93,92.973,92.77,92.848
2025-05-28T08:00:00Z,92.827,92.933,92.787,92.853,92.851,92.957,92.811,92.875
2025-05-28T09:00:00Z,92.852,92.969,92.822,92.917,92.876,92.991,92.846,92.938
2025-05-28T10:00:00Z,92.919,92.929,92.851,92.923,92.939,92.952,92.874,92.945
2025-05-28T11:00:00Z,92.922,92.958,92.825,92.955,92.946,92.983,92.85,92.977
2025-05-28T12:00:00Z,92.955,93.001,92.785,92.792,92.975,93.025,92.809,92.815
2025-05-28T13:00:00Z,92.792,92.976,92.764,92.911,92.814,93.001,92.786,92.937
2025-05-28T14:00:00Z,92.914,93.038,92.827,93.037,92.938,93.061,92.847,93.058
2025-05-28T15:00:00Z,93.04,93.084,92.992,93.057,93.059,93.105,93.015,93.076
2025-05-28T16:00:00Z,93.056,93.129,93.039,93.059,93.077,93.153,93.061,93.082
2025-05-28T17:00:00Z,93.06,93.128,93.056,93.095,93.082,93.152,93.077,93.126
2025-05-28T18:00:00Z,93.088,93.139,92.993,93.057,93.121,93.158,93.015,93.078
2025-05-28T19:00:00Z,93.053,93.115,93.032,93.09,93.074,93.138,93.056,93.11
2025-05-28T20:00:00Z,93.092,93.125,93.054,93.084,93.11,93.144,93.076,93.126
2025-05-28T21:00:00Z,92.928,93.025,92.911,92.973,93.178,93.181,93.019,93.089
2025-05-28T22:00:00Z,92.975,93.223,92.974,93.183,93.104,93.248,93.061,93.207
2025-05-28T23:00:00Z,93.184,93.691,93.163,93.577,93.209,93.713,93.189,93.601
2025-05-29T00:00:00Z,93.58,93.793,93.57,93.793,93.604,93.818,93.594,93.818
2025-05-29T01:00:00Z,93.795,93.867,93.477,93.59,93.82,93.891,93.503,93.616
2025-05-29T02:00:00Z,93.598,93.604,93.424,93.558,93.624,93.629,93.451,93.581
2025-05-29T03:00:00Z,93.556,93.638,93.469,93.623,93.579,93.662,93.495,93.647
2025-05-29T04:00:00Z,93.626,93.726,93.562,93.713,93.647,93.751,93.587,93.734
2025-05-29T05:00:00Z,93.711,93.775,93.59,93.721,93.736,93.799,93.611,93.745
2025-05-29T06:00:00Z,93.722,93.835,93.598,93.628,93.747,93.86,93.622,93.652
2025-05-29T07:00:00Z,93.629,93.69,93.544,93.666,93.652,93.713,93.568,93.689
2025-05-29T08:00:00Z,93.668,93.677,93.477,93.497,93.692,93.7,93.501,93.521
2025-05-29T09:00:00Z,93.5,93.561,93.431,93.545,93.524,93.584,93.451,93.567
2025-05-29T10:00:00Z,93.544,93.549,93.358,93.418,93.567,93.571,93.382,93.441
2025-05-29T11:00:00Z,93.422,93.424,93.28,93.334,93.445,93.447,93.304,93.357
2025-05-29T12:00:00Z,93.333,93.356,93.185,93.234,93.354,93.379,93.229,93.254
2025-05-29T13:00:00Z,93.235,93.249,92.883,92.904,93.253,93.273,92.907,92.929
2025-05-29T14:00:00Z,92.904,93.051,92.84,93.026,92.927,93.073,92.864,93.047
2025-05-29T15:00:00Z,93.025,93.041,92.773,92.817,93.048,93.066,92.795,92.839
2025-05-29T16:00:00Z,92.815,92.962,92.782,92.941,92.837,92.985,92.803,92.965
2025-05-29T17:00:00Z,92.94,92.96,92.857,92.865,92.965,92.982,92.882,92.89
2025-05-29T18:00:00Z,92.864,92.912,92.845,92.873,92.888,92.936,92.87,92.897
2025-05-29T19:00:00Z,92.877,92.929,92.847,92.926,92.897,92.954,92.87,92.951
2025-05-29T20:00:00Z,92.922,92.945,92.857,92.86,92.947,92.972,92.901,92.922
2025-05-29T21:00:00Z,92.816,92.909,92.792,92.825,93.005,93.091,92.894,92.963
2025-05-29T22:00:00Z,92.871,92.88,92.738,92.783,92.948,92.952,92.766,92.809
2025-05-29T23:00:00Z,92.78,92.848,92.624,92.624,92.806,92.87,92.648,92.648
2025-05-30T00:00:00Z,92.624,92.764,92.47,92.673,92.649,92.787,92.5,92.694
2025-05-30T01:00:00Z,92.673,92.71,92.383,92.491,92.693,92.735,92.405,92.514
2025-05-30T02:00:00Z,92.49,92.519,92.38,92.477,92.51,92.543,92.404,92.5
2025-05-30T03:00:00Z,92.474,92.547,92.414,92.439,92.498,92.572,92.436,92.462
2025-05-30T04:00:00Z,92.439,92.48,92.357,92.441,92.461,92.504,92.375,92.465
2025-05-30T05:00:00Z,92.445,92.659,92.445,92.553,92.468,92.682,92.468,92.577
2025-05-30T06:00:00Z,92.55,92.675,92.38,92.389,92.574,92.695,92.401,92.413
2025-05-30T07:00:00Z,92.389,92.504,92.261,92.431,92.41,92.526,92.286,92.453
2025-05-30T08:00:00Z,92.437,92.472,92.378,92.401,92.456,92.494,92.402,92.421
2025-05-30T09:00:00Z,92.402,92.482,92.361,92.43,92.42,92.505,92.386,92.452
2025-05-30T10:00:00Z,92.43,92.452,92.33,92.392,92.453,92.475,92.354,92.415
2025-05-30T11:00:00Z,92.393,92.479,92.336,92.36,92.415,92.503,92.361,92.385
2025-05-30T12:00:00Z,92.361,92.397,92.005,92.297,92.384,92.421,92.031,92.322
2025-05-30T13:00:00Z,92.297,92.405,92.253,92.287,92.321,92.428,92.278,92.327
2025-05-30T14:00:00Z,92.277,92.895,92.266,92.821,92.327,92.917,92.284,92.844
2025-05-30T15:00:00Z,92.824,92.863,92.691,92.739,92.846,92.883,92.715,92.762
2025-05-30T16:00:00Z,92.741,92.775,92.398,92.446,92.762,92.797,92.422,92.465
2025-05-30T17:00:00Z,92.443,92.622,92.429,92.595,92.465,92.64,92.448,92.618
2025-05-30T18:00:00Z,92.598,92.725,92.595,92.672,92.621,92.748,92.618,92.697
2025-05-30T19:00:00Z,92.67,92.769,92.667,92.701,92.694,92.79,92.692,92.724
2025-05-30T20:00:00Z,92.702,92.768,92.512,92.562,92.724,92.79,92.662,92.781
2025-06-01T21:00:00Z,92.458,92.54,92.414,92.456,92.708,92.719,92.59,92.641
2025-06-01T22:00:00Z,92.456,92.758,92.453,92.714,92.645,92.787,92.552,92.743
2025-06-01T23:00:00Z,92.711,92.748,92.631,92.636,92.742,92.773,92.656,92.662
2025-06-02T00:00:00Z,92.64,92.731,92.624,92.66,92.666,92.756,92.65,92.683
2025-06-02T01:00:00Z,92.658,92.843,92.605,92.63,92.68,92.865,92.63,92.65
2025-06-02T02:00:00Z,92.629,92.819,92.608,92.668,92.651,92.843,92.631,92.691
2025-06-02T03:00:00Z,92.665,92.691,92.553,92.582,92.689,92.712,92.572,92.603
2025-06-02T04:00:00Z,92.58,92.673,92.557,92.652,92.602,92.698,92.579,92.674
2025-06-02T05:00:00Z,92.651,92.693,92.539,92.576,92.675,92.716,92.562,92.6
2025-06-02T06:00:00Z,92.579,92.654,92.519,92.616,92.602,92.676,92.541,92.641
2025-06-02T07:00:00Z,92.613,92.77,92.606,92.619,92.637,92.793,92.628,92.639
2025-06-02T08:00:00Z,92.615,92.68,92.52,92.58,92.636,92.703,92.545,92.604
2025-06-02T09:00:00Z,92.58,92.652,92.539,92.651,92.603,92.676,92.559,92.675
2025-06-02T10:00:00Z,92.646,92.654,92.543,92.565,92.67,92.679,92.567,92.589
2025-06-02T11:00:00Z,92.565,92.598,92.446,92.489,92.59,92.622,92.472,92.514
2025-06-02T12:00:00Z,92.491,92.686,92.491,92.661,92.51,92.709,92.509,92.685
2025-06-02T13:00:00Z,92.66,92.688,92.461,92.542,92.681,92.712,92.484,92.605
2025-06-02T14:00:00Z,92.491,92.704,92.368,92.689,92.573,92.725,92.394,92.711
2025-06-02T15:00:00Z,92.69,92.743,92.633,92.691,92.711,92.766,92.655,92.713
2025-06-02T16:00:00Z,92.689,92.735,92.66,92.699,92.711,92.757,92.683,92.722
2025-06-02T17:00:00Z,92.701,92.72,92.646,92.686,92.724,92.743,92.669,92.706
2025-06-02T18:00:00Z,92.688,92.726,92.619,92.712,92.706,92.745,92.642,92.735
2025-06-02T19:00:00Z,92.712,92.727,92.635,92.705,92.734,92.745,92.659,92.728
2025-06-02T20:00:00Z,92.703,92.75,92.682,92.686,92.724,92.774,92.707,92.73
2025-06-02T21:00:00Z,92.559,92.574,92.532,92.553,92.747,92.779,92.629,92.632
2025-06-02T22:00:00Z,92.557,92.632,92.533,92.544,92.608,92.659,92.56,92.574
2025-06-02T23:00:00Z,92.544,92.597,92.468,92.549,92.573,92.619,92.493,92.572
2025-06-03T00:00:00Z,92.551,92.7,92.542,92.651,92.572,92.722,92.566,92.675
2025-06-03T01:00:00Z,92.649,92.858,92.636,92.741,92.674,92.883,92.662,92.765
2025-06-03T02:00:00Z,92.74,92.805,92.52,92.533,92.765,92.83,92.544,92.558
2025-06-03T03:00:00Z,92.533,92.639,92.485,92.553,92.557,92.662,92.51,92.578
2025-06-03T04:00:00Z,92.55,92.569,92.401,92.426,92.575,92.593,92.422,92.45
2025-06-03T05:00:00Z,92.427,92.475,92.214,92.386,92.45,92.498,92.237,92.409
2025-06-03T06:00:00Z,92.386,92.394,92.232,92.345,92.408,92.417,92.256,92.369
2025-06-03T07:00:00Z,92.342,92.354,92.051,92.239,92.367,92.379,92.073,92.263
2025-06-03T08:00:00Z,92.242,92.245,92.084,92.169,92.264,92.269,92.108,92.194
2025-06-03T09:00:00Z,92.172,92.295,92.134,92.26,92.195,92.321,92.159,92.283
2025-06-03T10:00:00Z,92.259,92.382,92.233,92.357,92.283,92.404,92.256,92.383
2025-06-03T11:00:00Z,92.364,92.436,92.334,92.377,92.385,92.456,92.355,92.4
2025-06-03T12:00:00Z,92.375,92.542,92.366,92.53,92.397,92.564,92.389,92.55
2025-06-03T13:00:00Z,92.529,92.695,92.515,92.607,92.553,92.717,92.54,92.703
2025-06-03T14:00:00Z,92.607,93.045,92.586,92.982,92.699,93.067,92.683,93.004
2025-06-03T15:00:00Z,92.981,93.052,92.94,92.993,93.002,93.073,92.963,93.014
2025-06-03T16:00:00Z,92.992,93.071,92.983,92.996,93.011,93.093,93.007,93.02
2025-06-03T17:00:00Z,92.989,93.099,92.985,93.037,93.013,93.122,93.009,93.059
2025-06-03T18:00:00Z,93.039,93.083,92.967,93.074,93.061,93.107,92.991,93.098
2025-06-03T19:00:00Z,93.073,93.125,93.059,93.116,93.095,93.149,93.08,93.135
2025-06-03T20:00:00Z,93.117,93.117,93.015,93.016,93.135,93.14,93.076,93.1
2025-06-03T21:00:00Z,92.955,93.045,92.778,93.004,93.205,93.208,93.028,93.102
2025-06-03T22:00:00Z,93.008,93.129,92.99,93.035,93.102,93.149,93.04,93.054
2025-06-03T23:00:00Z,93.033,93.072,92.955,92.964,93.054,93.097,92.975,92.991
2025-06-04T00:00:00Z,92.961,93.061,92.884,93.02,92.988,93.083,92.905,93.045
2025-06-04T01:00:00Z,93.021,93.126,92.803,93.047,93.045,93.143,92.833,93.073
2025-06-04T02:00:00Z,93.048,93.164,92.994,93.018,93.073,93.189,93.018,93.041
2025-06-04T03:00:00Z,93.017,93.12,92.972,93.104,93.041,93.144,92.992,93.128
2025-06-04T04:00:00Z,93.103,93.154,93.077,93.124,93.128,93.178,93.1,93.144
2025-06-04T05:00:00Z,93.123,93.15,93.061,93.096,93.145,93.174,93.084,93.121
2025-06-04T06:00:00Z,93.098,93.14,92.964,93.035,93.121,93.164,92.987,93.06
2025-06-04T07:00:00Z,93.034,93.144,92.942,93.096,93.057,93.165,92.967,93.12
2025-06-04T08:00:00Z,93.097,93.209,93.086,93.155,93.119,93.234,93.11,93.179
2025-06-04T09:00:00Z,93.156,93.311,93.13,93.289,93.179,93.334,93.152,93.313
2025-06-04T10:00:00Z,93.292,93.437,93.258,93.409,93.316,93.459,93.279,93.432
2025-06-04T11:00:00Z,93.409,93.587,93.348,93.523,93.43,93.608,93.373,93.547
2025-06-04T12:00:00Z,93.528,93.548,93.139,93.193,93.545,93.581,93.161,93.217
2025-06-04T13:00:00Z,93.194,93.348,93.171,93.219,93.215,93.37,93.195,93.279
2025-06-04T14:00:00Z,93.183,93.188,92.928,93.035,93.226,93.226,92.952,93.055
2025-06-04T15:00:00Z,93.036,93.052,92.759,92.852,93.055,93.072,92.779,92.876
2025-06-04T16:00:00Z,92.849,92.854,92.712,92.756,92.873,92.876,92.735,92.777
2025-06-04T17:00:00Z,92.754,92.833,92.735,92.822,92.775,92.856,92.759,92.846
2025-06-04T18:00:00Z,92.821,92.829,92.779,92.792,92.844,92.852,92.8,92.816
2025-06-04T19:00:00Z,92.79,92.82,92.745,92.754,92.814,92.844,92.769,92.777
2025-06-04T20:00:00Z,92.753,92.764,92.636,92.664,92.777,92.787,92.679,92.72
2025-06-04T21:00:00Z,92.538,92.641,92.538,92.588,92.774,92.84,92.677,92.686
2025-06-04T22:00:00Z,92.588,92.713,92.588,92.665,92.688,92.743,92.685,92.695
2025-06-04T23:00:00Z,92.669,92.702,92.542,92.605,92.696,92.731,92.57,92.629
2025-06-05T00:00:00Z,92.602,92.834,92.596,92.736,92.626,92.858,92.622,92.759
2025-06-05T01:00:00Z,92.735,92.905,92.735,92.86,92.759,92.927,92.758,92.884
2025-06-05T02:00:00Z,92.857,92.873,92.753,92.806,92.881,92.896,92.776,92.829
2025-06-05T03:00:00Z,92.807,92.807,92.677,92.752,92.831,92.831,92.703,92.777
2025-06-05T04:00:00Z,92.753,92.858,92.729,92.851,92.777,92.882,92.754,92.875
2025-06-05T05:00:00Z,92.852,92.927,92.787,92.883,92.875,92.951,92.812,92.907
2025-06-05T06:00:00Z,92.881,92.999,92.836,92.997,92.904,93.02,92.86,93.019
2025-06-05T07:00:00Z,92.995,93.22,92.979,93.165,93.017,93.244,93.003,93.189
2025-06-05T08:00:00Z,93.168,93.201,93.121,93.187,93.191,93.224,93.144,93.208
2025-06-05T09:00:00Z,93.187,93.257,93.161,93.216,93.211,93.281,93.184,93.238
2025-06-05T10:00:00Z,93.215,93.23,93.126,93.173,93.239,93.252,93.147,93.195
2025-06-05T11:00:00Z,93.172,93.286,93.148,93.233,93.196,93.308,93.173,93.258
2025-06-05T12:00:00Z,93.232,93.611,93.021,93.425,93.255,93.634,93.045,93.446
2025-06-05T13:00:00Z,93.424,93.533,93.263,93.325,93.447,93.555,93.287,93.349
2025-06-05T14:00:00Z,93.325,93.694,93.269,93.571,93.348,93.721,93.291,93.593
2025-06-05T15:00:00Z,93.575,93.758,93.56,93.718,93.596,93.783,93.585,93.74
2025-06-05T16:00:00Z,93.721,93.777,93.455,93.477,93.741,93.798,93.48,93.5
2025-06-05T17:00:00Z,93.475,93.694,93.459,93.612,93.499,93.717,93.483,93.634
2025-06-05T18:00:00Z,93.61,93.628,93.408,93.494,93.63,93.647,93.429,93.517
2025-06-05T19:00:00Z,93.493,93.558,93.334,93.481,93.517,93.581,93.358,93.505
2025-06-05T20:00:00Z,93.479,93.531,93.372,93.383,93.504,93.555,93.397,93.424
2025-06-05T21:00:00Z,93.277,93.372,93.254,93.3,93.527,93.622,93.383,93.4
2025-06-05T22:00:00Z,93.316,93.4,93.277,93.396,93.403,93.43,93.311,93.429
2025-06-05T23:00:00Z,93.4,93.457,93.342,93.437,93.432,93.481,93.366,93.458
2025-06-06T00:00:00Z,93.437,93.578,93.437,93.542,93.459,93.602,93.459,93.564
2025-06-06T01:00:00Z,93.537,93.603,93.401,93.412,93.559,93.625,93.425,93.436
2025-06-06T02:00:00Z,93.408,93.467,93.352,93.411,93.433,93.491,93.376,93.436
2025-06-06T03:00:00Z,93.411,93.458,93.373,93.434,93.435,93.481,93.399,93.46
2025-06-06T04:00:00Z,93.434,93.536,93.428,93.528,93.457,93.557,93.454,93.551
2025-06-06T05:00:00Z,93.526,93.558,93.478,93.498,93.55,93.581,93.498,93.519
2025-06-06T06:00:00Z,93.493,93.617,93.44,93.544,93.516,93.637,93.462,93.564
2025-06-06T07:00:00Z,93.542,93.606,93.474,93.512,93.563,93.625,93.494,93.536
2025-06-06T08:00:00Z,93.515,93.515,93.4,93.467,93.537,93.537,93.424,93.492
2025-06-06T09:00:00Z,93.467,93.588,93.449,93.532,93.491,93.61,93.474,93.556
2025-06-06T10:00:00Z,93.531,93.558,93.476,93.539,93.552,93.582,93.501,93.564
2025-06-06T11:00:00Z,93.539,93.635,93.532,93.556,93.565,93.656,93.557,93.581
2025-06-06T12:00:00Z,93.563,93.929,93.53,93.875,93.582,93.956,93.556,93.895
2025-06-06T13:00:00Z,93.874,94.093,93.845,94.038,93.899,94.116,93.867,94.062
2025-06-06T14:00:00Z,94.035,94.096,93.947,93.97,94.058,94.115,93.971,93.99
2025-06-06T15:00:00Z,93.971,94.095,93.911,94.087,93.992,94.115,93.937,94.106
2025-06-06T16:00:00Z,94.088,94.12,94.006,94.046,94.105,94.144,94.03,94.067
2025-06-06T17:00:00Z,94.044,94.094,94.015,94.059,94.064,94.12,94.037,94.084
2025-06-06T18:00:00Z,94.059,94.108,94.056,94.089,94.083,94.132,94.08,94.109
2025-06-06T19:00:00Z,94.088,94.098,94.031,94.039,94.109,94.121,94.05,94.059
2025-06-06T20:00:00Z,94.039,94.112,94.0,94.017,94.06,94.137,94.05,94.076
2025-06-08T21:00:00Z,94.02,94.053,93.994,94.053,94.27,94.27,94.11,94.116
2025-06-08T22:00:00Z,94.06,94.068,93.964,94.021,94.132,94.138,93.995,94.05
2025-06-08T23:00:00Z,94.025,94.044,93.978,94.018,94.05,94.072,94.004,94.044
2025-06-09T00:00:00Z,94.019,94.208,93.961,94.181,94.046,94.231,93.985,94.203
2025-06-09T01:00:00Z,94.18,94.231,94.08,94.13,94.201,94.255,94.1,94.153
2025-06-09T02:00:00Z,94.124,94.136,94.009,94.051,94.151,94.159,94.032,94.074
2025-06-09T03:00:00Z,94.05,94.119,93.98,94.083,94.074,94.142,94.003,94.107
2025-06-09T04:00:00Z,94.086,94.087,94.02,94.048,94.108,94.108,94.044,94.068
2025-06-09T05:00:00Z,94.048,94.166,94.009,94.05,94.071,94.19,94.032,94.072
2025-06-09T06:00:00Z,94.054,94.068,93.917,93.978,94.075,94.09,93.941,94.0
2025-06-09T07:00:00Z,93.98,94.041,93.902,93.956,94.004,94.064,93.926,93.979
2025-06-09T08:00:00Z,93.951,94.112,93.934,94.08,93.975,94.135,93.958,94.105
2025-06-09T09:00:00Z,94.084,94.093,94.0,94.054,94.108,94.114,94.023,94.077
2025-06-09T10:00:00Z,94.054,94.094,94.007,94.041,94.078,94.117,94.032,94.065
2025-06-09T11:00:00Z,94.043,94.218,94.037,94.182,94.067,94.242,94.062,94.205
2025-06-09T12:00:00Z,94.184,94.208,94.115,94.187,94.203,94.229,94.137,94.21
2025-06-09T13:00:00Z,94.185,94.206,94.098,94.157,94.207,94.229,94.123,94.179
2025-06-09T14:00:00Z,94.157,94.289,94.142,94.257,94.18,94.312,94.163,94.279
2025-06-09T15:00:00Z,94.26,94.27,94.175,94.193,94.282,94.293,94.199,94.216
2025-06-09T16:00:00Z,94.191,94.211,94.16,94.172,94.215,94.234,94.183,94.196
2025-06-09T17:00:00Z,94.175,94.213,94.16,94.207,94.198,94.236,94.182,94.228
2025-06-09T18:00:00Z,94.207,94.331,94.181,94.311,94.23,94.355,94.204,94.332
2025-06-09T19:00:00Z,94.308,94.311,94.224,94.233,94.33,94.332,94.247,94.256
2025-06-09T20:00:00Z,94.236,94.257,94.185,94.209,94.258,94.281,94.209,94.254
2025-06-09T21:00:00Z,94.059,94.158,94.059,94.132,94.309,94.336,94.235,94.253
2025-06-09T22:00:00Z,94.137,94.242,94.137,94.232,94.246,94.285,94.239,94.261
2025-06-09T23:00:00Z,94.227,94.241,94.16,94.194,94.254,94.267,94.183,94.219
2025-06-10T00:00:00Z,94.194,94.272,94.148,94.186,94.217,94.292,94.171,94.209
2025-06-10T01:00:00Z,94.182,94.438,94.179,94.411,94.204,94.461,94.201,94.434
2025-06-10T02:00:00Z,94.414,94.525,94.383,94.464,94.437,94.548,94.406,94.487
2025-06-10T03:00:00Z,94.464,94.56,94.395,94.538,94.488,94.579,94.416,94.561
2025-06-10T04:00:00Z,94.543,94.591,94.473,94.502,94.566,94.614,94.497,94.524
2025-06-10T05:00:00Z,94.505,94.519,93.977,94.078,94.526,94.537,94.001,94.101
2025-06-10T06:00:00Z,94.078,94.128,93.937,93.959,94.1,94.151,93.96,93.979
2025-06-10T07:00:00Z,93.958,94.101,93.886,94.08,93.982,94.126,93.91,94.105
2025-06-10T08:00:00Z,94.075,94.225,93.996,94.223,94.1,94.249,94.016,94.247
2025-06-10T09:00:00Z,94.223,94.31,94.163,94.27,94.246,94.334,94.186,94.295
2025-06-10T10:00:00Z,94.272,94.342,94.172,94.181,94.298,94.364,94.197,94.206
2025-06-10T11:00:00Z,94.182,94.264,94.146,94.259,94.206,94.286,94.17,94.281
2025-06-10T12:00:00Z,94.257,94.276,94.182,94.246,94.281,94.299,94.205,94.263
2025-06-10T13:00:00Z,94.247,94.413,94.247,94.395,94.267,94.435,94.266,94.416
2025-06-10T14:00:00Z,94.392,94.536,94.381,94.488,94.414,94.557,94.403,94.509
2025-06-10T15:00:00Z,94.488,94.538,94.331,94.48,94.51,94.559,94.355,94.504
2025-06-10T16:00:00Z,94.479,94.545,94.452,94.527,94.504,94.567,94.475,94.551
2025-06-10T17:00:00Z,94.524,94.533,94.465,94.47,94.548,94.558,94.489,94.494
2025-06-10T18:00:00Z,94.473,94.512,94.409,94.498,94.497,94.536,94.432,94.515
2025-06-10T19:00:00Z,94.503,94.562,94.441,94.524,94.52,94.586,94.465,94.547
2025-06-10T20:00:00Z,94.523,94.544,94.455,94.489,94.544,94.569,94.482,94.528
2025-06-10T21:00:00Z,94.436,94.483,94.374,94.438,94.605,94.643,94.552,94.608
2025-06-10T22:00:00Z,94.445,94.59,94.442,94.59,94.62,94.62,94.513,94.607
2025-06-10T23:00:00Z,94.593,94.738,94.493,94.561,94.615,94.762,94.52,94.582
2025-06-11T00:00:00Z,94.558,94.566,94.309,94.396,94.581,94.591,94.336,94.418
2025-06-11T01:00:00Z,94.398,94.492,94.264,94.283,94.418,94.516,94.289,94.307
2025-06-11T02:00:00Z,94.28,94.408,94.226,94.267,94.306,94.433,94.25,94.284
2025-06-11T03:00:00Z,94.266,94.465,94.185,94.458,94.285,94.487,94.209,94.481
2025-06-11T04:00:00Z,94.458,94.492,94.392,94.427,94.482,94.51,94.414,94.448
2025-06-11T05:00:00Z,94.43,94.521,94.43,94.472,94.452,94.541,94.451,94.494
2025-06-11T06:00:00Z,94.472,94.582,94.431,94.516,94.495,94.602,94.453,94.54
2025-06-11T07:00:00Z,94.515,94.571,94.473,94.486,94.54,94.593,94.496,94.51
2025-06-11T08:00:00Z,94.489,94.512,94.398,94.426,94.513,94.534,94.423,94.451
2025-06-11T09:00:00Z,94.431,94.506,94.351,94.494,94.456,94.528,94.371,94.517
2025-06-11T10:00:00Z,94.491,94.516,94.429,94.469,94.514,94.54,94.453,94.49
2025-06-11T11:00:00Z,94.472,94.528,94.422,94.508,94.49,94.552,94.446,94.531
2025-06-11T12:00:00Z,94.508,94.713,94.32,94.482,94.53,94.741,94.401,94.505
2025-06-11T13:00:00Z,94.481,94.552,94.285,94.538,94.505,94.572,94.309,94.562
2025-06-11T14:00:00Z,94.54,94.578,94.351,94.379,94.563,94.602,94.374,94.398
2025-06-11T15:00:00Z,94.378,94.43,94.179,94.196,94.398,94.448,94.201,94.218
2025-06-11T16:00:00Z,94.195,94.329,94.144,94.313,94.218,94.347,94.167,94.334
2025-06-11T17:00:00Z,94.314,94.372,94.206,94.208,94.333,94.391,94.231,94.231
2025-06-11T18:00:00Z,94.204,94.212,93.873,94.036,94.227,94.234,93.896,94.06
2025-06-11T19:00:00Z,94.035,94.049,93.904,93.999,94.06,94.071,93.928,94.021
2025-06-11T20:00:00Z,93.996,94.044,93.967,93.984,94.019,94.065,93.989,94.031
2025-06-11T21:00:00Z,93.884,93.965,93.824,93.949,94.038,94.099,94.0,94.018
2025-06-11T22:00:00Z,93.956,93.96,93.832,93.867,94.016,94.016,93.858,93.896
2025-06-11T23:00:00Z,93.867,93.902,93.779,93.834,93.895,93.93,93.8,93.858
2025-06-12T00:00:00Z,93.831,93.915,93.625,93.664,93.856,93.933,93.65,93.689
2025-06-12T01:00:00Z,93.665,93.705,93.294,93.472,93.688,93.731,93.318,93.497
2025-06-12T02:00:00Z,93.474,93.511,93.351,93.452,93.498,93.534,93.374,93.476
2025-06-12T03:00:00Z,93.452,93.631,93.445,93.554,93.477,93.652,93.468,93.578
2025-06-12T04:00:00Z,93.556,93.608,93.474,93.474,93.581,93.628,93.498,93.498
2025-06-12T05:00:00Z,93.477,93.566,93.394,93.463,93.501,93.589,93.417,93.486
2025-06-12T06:00:00Z,93.459,93.51,93.385,93.395,93.482,93.534,93.406,93.419
2025-06-12T07:00:00Z,93.398,93.543,93.247,93.254,93.422,93.565,93.27,93.278
2025-06-12T08:00:00Z,93.251,93.493,93.228,93.482,93.276,93.515,93.25,93.501
2025-06-12T09:00:00Z,93.479,93.554,93.344,93.38,93.499,93.578,93.364,93.401
2025-06-12T10:00:00Z,93.377,93.555,93.354,93.535,93.399,93.579,93.373,93.559
2025-06-12T11:00:00Z,93.53,93.66,93.451,93.556,93.554,93.681,93.474,93.576
2025-06-12T12:00:00Z,93.56,93.663,93.462,93.511,93.577,93.685,93.487,93.535
2025-06-12T13:00:00Z,93.508,93.563,93.425,93.507,93.533,93.582,93.45,93.53
2025-06-12T14:00:00Z,93.506,93.816,93.506,93.808,93.53,93.837,93.529,93.829
2025-06-12T15:00:00Z,93.81,93.904,93.666,93.696,93.831,93.927,93.69,93.719
2025-06-12T16:00:00Z,93.697,93.797,93.674,93.731,93.721,93.82,93.699,93.76
2025-06-12T17:00:00Z,93.733,93.763,93.682,93.696,93.76,93.79,93.707,93.718
2025-06-12T18:00:00Z,93.697,93.736,93.649,93.705,93.718,93.76,93.672,93.727
2025-06-12T19:00:00Z,93.707,93.739,93.661,93.72,93.73,93.763,93.684,93.743
2025-06-12T20:00:00Z,93.718,93.755,93.687,93.72,93.742,93.781,93.716,93.763
2025-06-12T21:00:00Z,93.708,93.716,93.63,93.675,93.774,93.966,93.743,93.825
2025-06-12T22:00:00Z,93.662,93.739,93.652,93.679,93.819,93.824,93.685,93.704
2025-06-12T23:00:00Z,93.678,93.682,93.381,93.391,93.704,93.708,93.402,93.415
2025-06-13T00:00:00Z,93.405,93.44,92.375,92.637,93.424,93.46,92.402,92.663
2025-06-13T01:00:00Z,92.64,92.906,92.302,92.811,92.665,92.927,92.328,92.832
2025-06-13T02:00:00Z,92.808,92.997,92.557,92.693,92.829,93.022,92.584,92.719
2025-06-13T03:00:00Z,92.691,93.153,92.688,92.99,92.718,93.179,92.713,93.015
2025-06-13T04:00:00Z,92.988,93.037,92.904,92.931,93.012,93.058,92.926,92.956
2025-06-13T05:00:00Z,92.934,93.114,92.861,92.908,92.956,93.131,92.886,92.932
2025-06-13T06:00:00Z,92.903,93.052,92.852,93.005,92.927,93.078,92.877,93.031
2025-06-13T07:00:00Z,93.006,93.283,92.934,93.2,93.031,93.311,92.959,93.222
2025-06-13T08:00:00Z,93.204,93.361,93.182,93.301,93.224,93.387,93.207,93.328
2025-06-13T09:00:00Z,93.301,93.428,93.288,93.405,93.327,93.453,93.314,93.43
2025-06-13T10:00:00Z,93.406,93.422,93.265,93.352,93.43,93.447,93.287,93.369
2025-06-13T11:00:00Z,93.354,93.5,93.309,93.317,93.373,93.525,93.331,93.342
2025-06-13T12:00:00Z,93.319,93.485,93.306,93.481,93.339,93.508,93.331,93.502
2025-06-13T13:00:00Z,93.479,93.551,93.375,93.404,93.499,93.574,93.394,93.456
2025-06-13T14:00:00Z,93.409,93.749,93.371,93.655,93.456,93.769,93.398,93.677
2025-06-13T15:00:00Z,93.656,93.863,93.622,93.779,93.677,93.887,93.645,93.803
2025-06-13T16:00:00Z,93.776,93.863,93.75,93.799,93.8,93.887,93.771,93.819
2025-06-13T17:00:00Z,93.797,93.804,93.657,93.676,93.817,93.826,93.676,93.698
2025-06-13T18:00:00Z,93.676,93.715,93.279,93.424,93.699,93.739,93.303,93.447
2025-06-13T19:00:00Z,93.42,93.471,93.322,93.458,93.444,93.496,93.346,93.483
2025-06-13T20:00:00Z,93.453,93.523,93.402,93.448,93.478,93.617,93.431,93.545
2025-06-15T21:00:00Z,93.233,93.681,93.223,93.499,93.483,93.792,93.473,93.692
2025-06-15T22:00:00Z,93.499,93.846,93.452,93.708,93.693,93.882,93.529,93.756
2025-06-15T23:00:00Z,93.706,93.875,93.697,93.842,93.759,93.902,93.733,93.87
2025-06-16T00:00:00Z,93.839,93.843,93.683,93.695,93.867,93.87,93.709,93.719
2025-06-16T01:00:00Z,93.695,93.699,93.41,93.548,93.721,93.724,93.434,93.572
2025-06-16T02:00:00Z,93.545,93.66,93.499,93.535,93.569,93.683,93.522,93.558
2025-06-16T03:00:00Z,93.533,93.563,93.408,93.521,93.558,93.587,93.432,93.546
2025-06-16T04:00:00Z,93.524,93.578,93.477,93.513,93.548,93.6,93.501,93.537
2025-06-16T05:00:00Z,93.515,93.619,93.499,93.612,93.538,93.642,93.523,93.635
2025-06-16T06:00:00Z,93.609,93.843,93.545,93.793,93.632,93.866,93.568,93.816
2025-06-16T07:00:00Z,93.793,94.001,93.767,93.81,93.815,94.026,93.79,93.836
2025-06-16T08:00:00Z,93.813,93.955,93.801,93.944,93.839,93.98,93.826,93.966
2025-06-16T09:00:00Z,93.951,93.984,93.854,93.893,93.973,94.009,93.877,93.913
2025-06-16T10:00:00Z,93.893,93.941,93.842,93.855,93.914,93.965,93.866,93.879
2025-06-16T11:00:00Z,93.854,94.041,93.828,94.014,93.879,94.066,93.851,94.039
2025-06-16T12:00:00Z,94.014,94.129,94.001,94.048,94.036,94.152,94.026,94.072
2025-06-16T13:00:00Z,94.049,94.122,93.931,94.08,94.072,94.147,93.955,94.104
2025-06-16T14:00:00Z,94.083,94.212,94.023,94.2,94.106,94.234,94.044,94.223
2025-06-16T15:00:00Z,94.2,94.218,94.113,94.181,94.222,94.242,94.137,94.203
2025-06-16T16:00:00Z,94.183,94.408,94.168,94.36,94.204,94.427,94.192,94.377
2025-06-16T17:00:00Z,94.357,94.466,94.321,94.397,94.374,94.489,94.341,94.419
2025-06-16T18:00:00Z,94.399,94.514,94.386,94.51,94.418,94.54,94.41,94.531
2025-06-16T19:00:00Z,94.514,94.543,94.434,94.476,94.533,94.568,94.453,94.499
2025-06-16T20:00:00Z,94.476,94.508,94.409,94.43,94.5,94.528,94.437,94.474
2025-06-16T21:00:00Z,94.333,94.408,94.281,94.403,94.537,94.562,94.433,94.523
2025-06-16T22:00:00Z,94.399,94.456,94.22,94.249,94.514,94.524,94.249,94.277
2025-06-16T23:00:00Z,94.249,94.41,94.164,94.214,94.271,94.433,94.189,94.239
2025-06-17T00:00:00Z,94.215,94.5,94.159,94.476,94.239,94.525,94.183,94.501
2025-06-17T01:00:00Z,94.477,94.513,94.304,94.499,94.5,94.533,94.33,94.524
2025-06-17T02:00:00Z,94.502,94.657,94.419,94.632,94.524,94.684,94.444,94.654
2025-06-17T03:00:00Z,94.624,94.634,94.439,94.479,94.65,94.659,94.468,94.505
2025-06-17T04:00:00Z,94.476,94.501,94.333,94.479,94.502,94.525,94.352,94.504
2025-06-17T05:00:00Z,94.483,94.536,94.406,94.467,94.508,94.56,94.43,94.491
2025-06-17T06:00:00Z,94.465,94.744,94.455,94.703,94.488,94.769,94.479,94.729
2025-06-17T07:00:00Z,94.701,94.832,94.42,94.485,94.727,94.854,94.445,94.51
2025-06-17T08:00:00Z,94.487,94.714,94.44,94.671,94.511,94.739,94.465,94.695
2025-06-17T09:00:00Z,94.672,94.786,94.521,94.529,94.698,94.809,94.546,94.552
2025-06-17T10:00:00Z,94.53,94.608,94.518,94.557,94.555,94.633,94.542,94.582
2025-06-17T11:00:00Z,94.56,94.614,94.449,94.523,94.584,94.635,94.474,94.548
2025-06-17T12:00:00Z,94.522,94.608,94.328,94.467,94.541,94.631,94.436,94.489
2025-06-17T13:00:00Z,94.464,94.73,94.445,94.666,94.483,94.753,94.469,94.69
2025-06-17T14:00:00Z,94.67,94.718,94.428,94.48,94.694,94.742,94.454,94.503
2025-06-17T15:00:00Z,94.479,94.501,94.32,94.456,94.503,94.522,94.346,94.481
2025-06-17T16:00:00Z,94.457,94.513,94.273,94.291,94.483,94.536,94.297,94.313
2025-06-17T17:00:00Z,94.289,94.345,94.008,94.048,94.313,94.372,94.033,94.072
2025-06-17T18:00:00Z,94.048,94.089,93.932,94.064,94.071,94.113,93.959,94.087
2025-06-17T19:00:00Z,94.063,94.11,93.999,94.005,94.089,94.133,94.025,94.031
2025-06-17T20:00:00Z,94.003,94.078,93.988,94.07,94.028,94.129,94.012,94.12
2025-06-17T21:00:00Z,94.069,94.114,93.935,94.001,94.123,94.302,94.097,94.162
2025-06-17T22:00:00Z,94.024,94.062,93.988,94.033,94.158,94.158,94.035,94.066
2025-06-17T23:00:00Z,94.035,94.209,94.0,94.207,94.067,94.239,94.029,94.233
2025-06-18T00:00:00Z,94.21,94.278,94.113,94.193,94.238,94.304,94.139,94.218
2025-06-18T01:00:00Z,94.197,94.298,94.127,94.146,94.222,94.32,94.156,94.168
2025-06-18T02:00:00Z,94.145,94.235,94.082,94.149,94.169,94.258,94.107,94.173
2025-06-18T03:00:00Z,94.146,94.209,94.118,94.162,94.171,94.229,94.14,94.187
2025-06-18T04:00:00Z,94.162,94.309,94.128,94.307,94.185,94.332,94.151,94.327
2025-06-18T05:00:00Z,94.31,94.331,94.213,94.279,94.33,94.352,94.237,94.302
2025-06-18T06:00:00Z,94.277,94.407,94.26,94.272,94.297,94.43,94.283,94.294
2025-06-18T07:00:00Z,94.271,94.352,94.154,94.179,94.296,94.373,94.181,94.204
2025-06-18T08:00:00Z,94.176,94.306,94.157,94.184,94.201,94.33,94.181,94.21
2025-06-18T09:00:00Z,94.186,94.246,94.135,94.191,94.211,94.27,94.16,94.218
2025-06-18T10:00:00Z,94.193,94.226,93.932,93.951,94.22,94.252,93.956,93.975
2025-06-18T11:00:00Z,93.95,94.175,93.946,94.15,93.973,94.198,93.971,94.175
2025-06-18T12:00:00Z,94.15,94.201,94.093,94.161,94.171,94.221,94.129,94.182
2025-06-18T13:00:00Z,94.162,94.213,94.018,94.141,94.185,94.239,94.043,94.165
2025-06-18T14:00:00Z,94.141,94.389,94.091,94.338,94.164,94.412,94.116,94.361
2025-06-18T15:00:00Z,94.339,94.365,94.227,94.229,94.361,94.389,94.251,94.253
2025-06-18T16:00:00Z,94.23,94.301,94.209,94.247,94.256,94.327,94.233,94.271
2025-06-18T17:00:00Z,94.244,94.304,94.205,94.237,94.269,94.341,94.231,94.333
2025-06-18T18:00:00Z,94.233,94.414,94.206,94.271,94.337,94.449,94.244,94.296
2025-06-18T19:00:00Z,94.272,94.43,94.265,94.379,94.296,94.461,94.289,94.403
2025-06-18T20:00:00Z,94.379,94.477,94.379,94.43,94.405,94.51,94.405,94.483
2025-06-18T21:00:00Z,94.324,94.387,94.244,94.353,94.535,94.587,94.376,94.499
2025-06-18T22:00:00Z,94.352,94.449,94.297,94.349,94.461,94.487,94.329,94.379
2025-06-18T23:00:00Z,94.347,94.396,94.299,94.305,94.374,94.42,94.327,94.328
2025-06-19T00:00:00Z,94.304,94.335,94.119,94.135,94.328,94.359,94.147,94.158
2025-06-19T01:00:00Z,94.134,94.172,93.793,94.089,94.158,94.2,93.821,94.111
2025-06-19T02:00:00Z,94.088,94.15,93.989,94.096,94.111,94.176,94.013,94.113
2025-06-19T03:00:00Z,94.097,94.222,94.093,94.173,94.118,94.246,94.115,94.197
2025-06-19T04:00:00Z,94.171,94.185,94.077,94.102,94.195,94.209,94.099,94.125
2025-06-19T05:00:00Z,94.109,94.119,93.824,93.832,94.127,94.14,93.847,93.861
2025-06-19T06:00:00Z,93.832,93.999,93.811,93.993,93.863,94.024,93.839,94.017
2025-06-19T07:00:00Z,93.994,94.103,93.924,93.968,94.017,94.13,93.947,93.992
2025-06-19T08:00:00Z,93.969,94.121,93.922,94.062,93.995,94.143,93.945,94.085
2025-06-19T09:00:00Z,94.063,94.104,93.98,94.023,94.085,94.126,94.004,94.046
2025-06-19T10:00:00Z,94.023,94.235,94.001,94.168,94.045,94.256,94.023,94.19
2025-06-19T11:00:00Z,94.168,94.259,94.096,94.209,94.191,94.282,94.12,94.233
2025-06-19T12:00:00Z,94.214,94.244,94.017,94.043,94.234,94.263,94.041,94.07
2025-06-19T13:00:00Z,94.042,94.088,93.874,93.912,94.067,94.112,93.902,93.936
2025-06-19T14:00:00Z,93.911,94.057,93.842,94.02,93.934,94.077,93.866,94.04
2025-06-19T15:00:00Z,94.02,94.086,93.963,93.986,94.042,94.113,93.984,94.011
2025-06-19T16:00:00Z,93.986,94.042,93.963,94.015,94.009,94.067,93.985,94.04
2025-06-19T17:00:00Z,94.015,94.162,94.005,94.155,94.042,94.187,94.031,94.181
2025-06-19T18:00:00Z,94.158,94.187,94.122,94.166,94.182,94.214,94.149,94.187
2025-06-19T19:00:00Z,94.166,94.202,94.124,94.201,94.195,94.224,94.149,94.222
2025-06-19T20:00:00Z,94.202,94.249,94.154,94.236,94.221,94.314,94.18,94.314
2025-06-19T21:00:00Z,94.134,94.17,93.983,94.139,94.384,94.394,94.218,94.292
2025-06-19T22:00:00Z,94.154,94.334,94.145,94.291,94.293,94.38,94.246,94.319
2025-06-19T23:00:00Z,94.291,94.311,94.149,94.179,94.322,94.339,94.173,94.205
2025-06-20T00:00:00Z,94.179,94.298,94.139,94.217,94.203,94.324,94.165,94.24
2025-06-20T01:00:00Z,94.217,94.277,94.056,94.11,94.241,94.303,94.08,94.135
2025-06-20T02:00:00Z,94.111,94.191,94.095,94.177,94.134,94.214,94.117,94.201
2025-06-20T03:00:00Z,94.176,94.321,94.166,94.3,94.201,94.351,94.192,94.326
2025-06-20T04:00:00Z,94.3,94.409,94.267,94.354,94.327,94.432,94.291,94.377
2025-06-20T05:00:00Z,94.352,94.417,94.337,94.415,94.376,94.443,94.361,94.441
2025-06-20T06:00:00Z,94.415,94.435,94.111,94.138,94.443,94.457,94.134,94.163
2025-06-20T07:00:00Z,94.136,94.316,94.088,94.294,94.162,94.339,94.116,94.321
2025-06-20T08:00:00Z,94.292,94.312,94.194,94.271,94.321,94.334,94.217,94.293
2025-06-20T09:00:00Z,94.27,94.399,94.256,94.358,94.294,94.421,94.282,94.381
2025-06-20T10:00:00Z,94.358,94.369,94.273,94.357,94.38,94.39,94.295,94.38
2025-06-20T11:00:00Z,94.352,94.506,94.308,94.454,94.371,94.536,94.331,94.476
2025-06-20T12:00:00Z,94.454,94.531,94.417,94.474,94.474,94.556,94.44,94.502
2025-06-20T13:00:00Z,94.477,94.546,94.297,94.334,94.501,94.57,94.324,94.362
2025-06-20T14:00:00Z,94.335,94.427,94.17,94.34,94.364,94.45,94.197,94.364
2025-06-20T15:00:00Z,94.341,94.341,94.154,94.166,94.363,94.363,94.174,94.186
2025-06-20T16:00:00Z,94.165,94.236,94.151,94.187,94.187,94.259,94.175,94.209
2025-06-20T17:00:00Z,94.184,94.22,94.092,94.19,94.208,94.242,94.117,94.215
2025-06-20T18:00:00Z,94.19,94.259,94.151,94.208,94.214,94.28,94.171,94.228
2025-06-20T19:00:00Z,94.208,94.289,94.188,94.26,94.229,94.311,94.211,94.283
2025-06-20T20:00:00Z,94.26,94.298,94.149,94.154,94.284,94.321,94.215,94.276
2025-06-22T21:00:00Z,94.208,94.337,94.02,94.046,94.417,94.483,94.263,94.296
2025-06-22T22:00:00Z,94.083,94.364,93.884,94.246,94.301,94.404,93.953,94.278
2025-06-22T23:00:00Z,94.249,94.318,94.214,94.231,94.282,94.344,94.239,94.257
2025-06-23T00:00:00Z,94.233,94.273,94.09,94.254,94.258,94.296,94.118,94.278
2025-06-23T01:00:00Z,94.253,94.34,94.162,94.245,94.278,94.363,94.191,94.273
2025-06-23T02:00:00Z,94.246,94.269,93.957,93.974,94.271,94.295,93.981,93.998
2025-06-23T03:00:00Z,93.975,94.021,93.837,93.923,93.997,94.046,93.862,93.947
2025-06-23T04:00:00Z,93.923,94.151,93.923,94.133,93.946,94.175,93.946,94.156
2025-06-23T05:00:00Z,94.13,94.357,94.126,94.316,94.153,94.382,94.151,94.34
2025-06-23T06:00:00Z,94.317,94.507,94.294,94.482,94.344,94.524,94.323,94.507
2025-06-23T07:00:00Z,94.485,94.618,94.425,94.586,94.509,94.643,94.449,94.613
2025-06-23T08:00:00Z,94.586,94.673,94.47,94.49,94.611,94.701,94.496,94.519
2025-06-23T09:00:00Z,94.493,94.532,94.279,94.331,94.521,94.557,94.305,94.355
2025-06-23T10:00:00Z,94.328,94.438,94.277,94.397,94.353,94.464,94.303,94.419
2025-06-23T11:00:00Z,94.398,94.43,94.116,94.258,94.417,94.453,94.141,94.286
2025-06-23T12:00:00Z,94.263,94.304,94.098,94.208,94.287,94.324,94.12,94.23
2025-06-23T13:00:00Z,94.21,94.334,94.124,94.32,94.23,94.367,94.147,94.36
2025-06-23T14:00:00Z,94.318,94.373,94.22,94.238,94.358,94.401,94.241,94.257
2025-06-23T15:00:00Z,94.239,94.28,94.033,94.038,94.26,94.303,94.06,94.062
2025-06-23T16:00:00Z,94.037,94.117,93.851,93.971,94.064,94.141,93.878,93.997
2025-06-23T17:00:00Z,93.975,94.374,93.949,94.307,93.999,94.398,93.968,94.33
2025-06-23T18:00:00Z,94.308,94.344,94.228,94.34,94.335,94.37,94.255,94.364
2025-06-23T19:00:00Z,94.339,94.359,94.271,94.348,94.364,94.384,94.296,94.37
2025-06-23T20:00:00Z,94.347,94.424,94.303,94.383,94.37,94.451,94.328,94.427
2025-06-23T21:00:00Z,94.28,94.372,94.217,94.321,94.485,94.488,94.401,94.479
2025-06-23T22:00:00Z,94.341,94.474,94.303,94.455,94.457,94.504,94.336,94.479
2025-06-23T23:00:00Z,94.456,94.554,94.395,94.505,94.482,94.572,94.427,94.531
2025-06-24T00:00:00Z,94.507,94.525,94.305,94.345,94.53,94.548,94.333,94.368
2025-06-24T01:00:00Z,94.345,94.443,94.249,94.398,94.366,94.465,94.274,94.419
2025-06-24T02:00:00Z,94.398,94.465,94.291,94.456,94.42,94.49,94.316,94.48
2025-06-24T03:00:00Z,94.459,94.473,94.298,94.377,94.48,94.497,94.322,94.397
2025-06-24T04:00:00Z,94.377,94.472,94.337,94.452,94.399,94.495,94.362,94.476
2025-06-24T05:00:00Z,94.453,94.468,94.346,94.386,94.476,94.491,94.37,94.414
2025-06-24T06:00:00Z,94.386,94.519,94.325,94.513,94.413,94.545,94.352,94.538
2025-06-24T07:00:00Z,94.514,94.543,94.262,94.35,94.541,94.566,94.294,94.376
2025-06-24T08:00:00Z,94.352,94.389,94.213,94.343,94.377,94.415,94.239,94.368
2025-06-24T09:00:00Z,94.344,94.511,94.335,94.36,94.367,94.536,94.356,94.381
2025-06-24T10:00:00Z,94.359,94.455,94.317,94.422,94.382,94.477,94.342,94.446
2025-06-24T11:00:00Z,94.421,94.471,94.327,94.343,94.443,94.497,94.35,94.369
2025-06-24T12:00:00Z,94.343,94.406,94.257,94.28,94.364,94.433,94.28,94.311
2025-06-24T13:00:00Z,94.283,94.337,94.1,94.118,94.313,94.365,94.124,94.183
2025-06-24T14:00:00Z,94.116,94.231,94.066,94.168,94.185,94.259,94.092,94.19
2025-06-24T15:00:00Z,94.169,94.278,94.1,94.14,94.192,94.302,94.123,94.165
2025-06-24T16:00:00Z,94.143,94.179,94.088,94.124,94.168,94.205,94.111,94.152
2025-06-24T17:00:00Z,94.122,94.199,94.068,94.171,94.148,94.221,94.094,94.197
2025-06-24T18:00:00Z,94.17,94.181,94.084,94.105,94.197,94.206,94.106,94.13
2025-06-24T19:00:00Z,94.108,94.123,94.053,94.058,94.131,94.147,94.076,94.084
2025-06-24T20:00:00Z,94.056,94.099,93.961,94.022,94.082,94.123,93.979,94.049
2025-06-24T21:00:00Z,94.005,94.017,93.872,93.885,94.148,94.156,94.072,94.089
2025-06-24T22:00:00Z,93.952,94.059,93.951,94.032,94.088,94.096,94.014,94.06
2025-06-24T23:00:00Z,94.036,94.133,93.96,94.127,94.06,94.157,93.987,94.154
2025-06-25T00:00:00Z,94.132,94.244,94.044,94.139,94.154,94.266,94.065,94.16
2025-06-25T01:00:00Z,94.139,94.175,94.001,94.081,94.162,94.201,94.043,94.104
2025-06-25T02:00:00Z,94.078,94.188,94.011,94.185,94.104,94.212,94.036,94.208
2025-06-25T03:00:00Z,94.188,94.275,94.134,94.194,94.212,94.3,94.157,94.222
2025-06-25T04:00:00Z,94.191,94.225,94.103,94.187,94.22,94.25,94.123,94.215
2025-06-25T05:00:00Z,94.193,94.29,94.142,94.248,94.218,94.315,94.165,94.269
2025-06-25T06:00:00Z,94.251,94.417,94.213,94.385,94.271,94.445,94.236,94.412
2025-06-25T07:00:00Z,94.384,94.512,94.354,94.395,94.413,94.539,94.379,94.419
2025-06-25T08:00:00Z,94.396,94.54,94.34,94.508,94.421,94.562,94.365,94.536
2025-06-25T09:00:00Z,94.507,94.598,94.461,94.577,94.537,94.622,94.485,94.601
2025-06-25T10:00:00Z,94.577,94.66,94.517,94.648,94.602,94.682,94.542,94.674
2025-06-25T11:00:00Z,94.649,94.712,94.616,94.684,94.673,94.734,94.643,94.707
2025-06-25T12:00:00Z,94.685,94.71,94.584,94.68,94.707,94.733,94.609,94.701
2025-06-25T13:00:00Z,94.677,94.744,94.592,94.595,94.701,94.762,94.62,94.629
2025-06-25T14:00:00Z,94.588,94.614,94.487,94.598,94.629,94.636,94.511,94.622
2025-06-25T15:00:00Z,94.598,94.611,94.452,94.493,94.621,94.636,94.477,94.519
2025-06-25T16:00:00Z,94.492,94.584,94.48,94.569,94.52,94.611,94.502,94.592
2025-06-25T17:00:00Z,94.569,94.579,94.482,94.54,94.593,94.605,94.513,94.566
2025-06-25T18:00:00Z,94.543,94.565,94.477,94.483,94.567,94.59,94.501,94.504
2025-06-25T19:00:00Z,94.482,94.561,94.481,94.55,94.504,94.585,94.503,94.575
2025-06-25T20:00:00Z,94.552,94.61,94.528,94.593,94.575,94.643,94.552,94.626
2025-06-25T21:00:00Z,94.479,94.528,94.402,94.435,94.656,94.669,94.532,94.561
2025-06-25T22:00:00Z,94.461,94.584,94.455,94.58,94.539,94.61,94.537,94.605
2025-06-25T23:00:00Z,94.582,94.582,94.474,94.487,94.605,94.605,94.498,94.513
2025-06-26T00:00:00Z,94.487,94.531,94.322,94.328,94.511,94.554,94.341,94.35
2025-06-26T01:00:00Z,94.328,94.412,94.228,94.359,94.348,94.437,94.249,94.386
2025-06-26T02:00:00Z,94.352,94.526,94.306,94.471,94.376,94.55,94.329,94.492
2025-06-26T03:00:00Z,94.468,94.583,94.461,94.576,94.493,94.605,94.484,94.598
2025-06-26T04:00:00Z,94.575,94.6,94.388,94.426,94.599,94.624,94.407,94.448
2025-06-26T05:00:00Z,94.426,94.462,94.348,94.399,94.446,94.486,94.37,94.425
2025-06-26T06:00:00Z,94.398,94.413,94.202,94.245,94.421,94.441,94.227,94.274
2025-06-26T07:00:00Z,94.247,94.248,94.051,94.118,94.274,94.274,94.075,94.14
2025-06-26T08:00:00Z,94.111,94.249,94.055,94.182,94.138,94.27,94.083,94.208
2025-06-26T09:00:00Z,94.182,94.231,94.05,94.193,94.207,94.256,94.074,94.215
2025-06-26T10:00:00Z,94.193,94.292,94.176,94.272,94.214,94.316,94.2,94.294
2025-06-26T11:00:00Z,94.271,94.338,94.235,94.309,94.295,94.364,94.259,94.331
2025-06-26T12:00:00Z,94.307,94.436,94.239,94.38,94.332,94.461,94.285,94.404
2025-06-26T13:00:00Z,94.383,94.492,94.358,94.468,94.407,94.513,94.382,94.494
2025-06-26T14:00:00Z,94.471,94.628,94.467,94.546,94.498,94.65,94.49,94.568
2025-06-26T15:00:00Z,94.543,94.626,94.497,94.581,94.566,94.647,94.522,94.605
2025-06-26T16:00:00Z,94.581,94.596,94.491,94.547,94.604,94.619,94.516,94.574
2025-06-26T17:00:00Z,94.547,94.619,94.517,94.596,94.573,94.642,94.542,94.62
2025-06-26T18:00:00Z,94.598,94.625,94.547,94.568,94.62,94.647,94.568,94.592
2025-06-26T19:00:00Z,94.567,94.586,94.506,94.562,94.592,94.61,94.528,94.586
2025-06-26T20:00:00Z,94.56,94.572,94.506,94.513,94.586,94.593,94.534,94.542
2025-06-26T21:00:00Z,94.474,94.511,94.366,94.468,94.592,94.687,94.474,94.569
2025-06-26T22:00:00Z,94.458,94.668,94.456,94.611,94.567,94.703,94.535,94.642
2025-06-26T23:00:00Z,94.609,94.733,94.544,94.701,94.641,94.76,94.574,94.728
2025-06-27T00:00:00Z,94.703,94.843,94.682,94.798,94.728,94.866,94.706,94.82
2025-06-27T01:00:00Z,94.799,94.816,94.578,94.601,94.822,94.844,94.602,94.621
2025-06-27T02:00:00Z,94.601,94.65,94.531,94.592,94.619,94.673,94.556,94.615
2025-06-27T03:00:00Z,94.593,94.663,94.571,94.584,94.615,94.689,94.592,94.61
2025-06-27T04:00:00Z,94.582,94.606,94.511,94.553,94.608,94.63,94.537,94.577
2025-06-27T05:00:00Z,94.556,94.599,94.464,94.481,94.577,94.623,94.49,94.505
2025-06-27T06:00:00Z,94.482,94.558,94.446,94.52,94.505,94.581,94.47,94.543
2025-06-27T07:00:00Z,94.52,94.744,94.497,94.612,94.539,94.768,94.522,94.636
2025-06-27T08:00:00Z,94.614,94.639,94.543,94.601,94.639,94.662,94.567,94.626
2025-06-27T09:00:00Z,94.604,94.613,94.446,94.513,94.629,94.637,94.469,94.534
2025-06-27T10:00:00Z,94.511,94.534,94.414,94.428,94.534,94.558,94.44,94.45
2025-06-27T11:00:00Z,94.427,94.523,94.407,94.462,94.448,94.546,94.43,94.486
2025-06-27T12:00:00Z,94.463,94.568,94.398,94.531,94.485,94.59,94.43,94.556
2025-06-27T13:00:00Z,94.531,94.612,94.449,94.452,94.554,94.635,94.47,94.483
2025-06-27T14:00:00Z,94.453,94.608,94.378,94.556,94.49,94.632,94.405,94.583
2025-06-27T15:00:00Z,94.554,94.597,94.486,94.549,94.583,94.618,94.511,94.576
2025-06-27T16:00:00Z,94.551,94.554,94.469,94.509,94.578,94.578,94.491,94.534
2025-06-27T17:00:00Z,94.508,94.569,94.259,94.348,94.534,94.591,94.286,94.374
2025-06-27T18:00:00Z,94.35,94.371,94.218,94.3,94.376,94.396,94.243,94.325
2025-06-27T19:00:00Z,94.297,94.457,94.291,94.437,94.323,94.48,94.315,94.462
2025-06-27T20:00:00Z,94.439,94.5,94.39,94.469,94.463,94.528,94.415,94.514
2025-06-29T21:00:00Z,94.283,94.42,94.258,94.34,94.447,94.59,94.444,94.574
2025-06-29T22:00:00Z,94.339,94.518,94.331,94.4,94.584,94.585,94.425,94.428
2025-06-29T23:00:00Z,94.398,94.434,94.36,94.383,94.428,94.466,94.386,94.406
2025-06-30T00:00:00Z,94.383,94.541,94.37,94.429,94.404,94.563,94.394,94.45
2025-06-30T01:00:00Z,94.429,94.497,94.261,94.292,94.449,94.52,94.287,94.315
2025-06-30T02:00:00Z,94.29,94.295,94.137,94.25,94.312,94.319,94.159,94.274
2025-06-30T03:00:00Z,94.246,94.261,94.189,94.201,94.27,94.281,94.212,94.222
2025-06-30T04:00:00Z,94.201,94.215,94.137,94.173,94.223,94.239,94.162,94.197
2025-06-30T05:00:00Z,94.174,94.263,94.136,94.254,94.197,94.286,94.16,94.276
2025-06-30T06:00:00Z,94.254,94.265,94.135,94.183,94.277,94.288,94.159,94.205
2025-06-30T07:00:00Z,94.183,94.184,93.981,94.159,94.206,94.206,94.007,94.183
2025-06-30T08:00:00Z,94.157,94.244,94.105,94.207,94.178,94.267,94.131,94.231
2025-06-30T09:00:00Z,94.206,94.27,94.112,94.12,94.232,94.293,94.137,94.145
2025-06-30T10:00:00Z,94.122,94.171,94.078,94.151,94.148,94.197,94.102,94.172
2025-06-30T11:00:00Z,94.148,94.276,94.143,94.263,94.171,94.296,94.168,94.286
2025-06-30T12:00:00Z,94.263,94.373,94.214,94.346,94.287,94.396,94.238,94.371
2025-06-30T13:00:00Z,94.347,94.483,94.311,94.464,94.37,94.508,94.331,94.489
2025-06-30T14:00:00Z,94.464,94.677,94.397,94.649,94.487,94.696,94.421,94.668
2025-06-30T15:00:00Z,94.646,94.75,94.527,94.744,94.668,94.774,94.55,94.768
2025-06-30T16:00:00Z,94.744,94.792,94.713,94.781,94.767,94.815,94.738,94.804
2025-06-30T17:00:00Z,94.782,94.831,94.702,94.763,94.806,94.857,94.727,94.787
2025-06-30T18:00:00Z,94.761,94.867,94.751,94.856,94.785,94.89,94.775,94.877
2025-06-30T19:00:00Z,94.855,94.882,94.762,94.777,94.878,94.902,94.786,94.799
2025-06-30T20:00:00Z,94.776,94.787,94.724,94.771,94.8,94.806,94.742,94.798
2025-06-30T21:00:00Z,94.661,94.767,94.594,94.72,94.868,94.882,94.766,94.871
2025-06-30T22:00:00Z,94.723,94.768,94.692,94.716,94.854,94.854,94.725,94.743
2025-06-30T23:00:00Z,94.715,94.726,94.548,94.56,94.741,94.751,94.57,94.584
2025-07-01T00:00:00Z,94.56,94.566,94.383,94.397,94.583,94.59,94.404,94.419
2025-07-01T01:00:00Z,94.394,94.403,94.222,94.309,94.416,94.427,94.243,94.331
2025-07-01T02:00:00Z,94.307,94.39,94.221,94.388,94.332,94.413,94.243,94.41
2025-07-01T03:00:00Z,94.388,94.491,94.319,94.491,94.408,94.512,94.342,94.512
2025-07-01T04:00:00Z,94.489,94.592,94.452,94.473,94.513,94.615,94.476,94.496
2025-07-01T05:00:00Z,94.475,94.52,94.419,94.449,94.498,94.544,94.443,94.47
2025-07-01T06:00:00Z,94.454,94.522,94.376,94.486,94.472,94.546,94.399,94.51
2025-07-01T07:00:00Z,94.485,94.532,94.203,94.233,94.51,94.555,94.225,94.26
2025-07-01T08:00:00Z,94.234,94.258,94.099,94.211,94.259,94.281,94.121,94.235
2025-07-01T09:00:00Z,94.211,94.234,94.068,94.105,94.237,94.261,94.091,94.128
2025-07-01T10:00:00Z,94.102,94.18,94.082,94.143,94.126,94.203,94.105,94.168
2025-07-01T11:00:00Z,94.142,94.151,93.965,93.988,94.166,94.175,93.988,94.011
2025-07-01T12:00:00Z,93.986,94.089,93.955,94.034,94.01,94.112,93.979,94.058
2025-07-01T13:00:00Z,94.035,94.158,93.984,94.046,94.06,94.183,94.01,94.12
2025-07-01T14:00:00Z,94.075,94.325,94.047,94.264,94.181,94.346,94.087,94.288
2025-07-01T15:00:00Z,94.263,94.346,94.191,94.33,94.286,94.372,94.217,94.354
2025-07-01T16:00:00Z,94.33,94.432,94.33,94.358,94.353,94.455,94.353,94.381
2025-07-01T17:00:00Z,94.357,94.45,94.342,94.435,94.381,94.47,94.365,94.459
2025-07-01T18:00:00Z,94.438,94.497,94.429,94.469,94.46,94.521,94.452,94.491
2025-07-01T19:00:00Z,94.471,94.552,94.377,94.539,94.492,94.575,94.4,94.561
2025-07-01T20:00:00Z,94.539,94.546,94.364,94.39,94.56,94.565,94.393,94.417
2025-07-01T21:00:00Z,94.288,94.337,94.253,94.308,94.455,94.53,94.369,94.389
2025-07-01T22:00:00Z,94.307,94.411,94.307,94.372,94.372,94.436,94.364,94.396
2025-07-01T23:00:00Z,94.368,94.408,94.318,94.324,94.395,94.43,94.341,94.347
2025-07-02T00:00:00Z,94.322,94.527,94.302,94.42,94.346,94.55,94.326,94.444
2025-07-02T01:00:00Z,94.42,94.483,94.304,94.367,94.443,94.504,94.328,94.386
2025-07-02T02:00:00Z,94.366,94.381,94.31,94.348,94.388,94.403,94.332,94.37
2025-07-02T03:00:00Z,94.348,94.44,94.322,94.432,94.372,94.464,94.347,94.456
2025-07-02T04:00:00Z,94.435,94.515,94.399,94.455,94.46,94.54,94.423,94.479
2025-07-02T05:00:00Z,94.458,94.594,94.443,94.525,94.478,94.619,94.467,94.55
2025-07-02T06:00:00Z,94.522,94.549,94.473,94.479,94.549,94.572,94.498,94.504
2025-07-02T07:00:00Z,94.479,94.575,94.416,94.42,94.503,94.598,94.441,94.444
2025-07-02T08:00:00Z,94.419,94.493,94.355,94.489,94.444,94.514,94.38,94.513
2025-07-02T09:00:00Z,94.487,94.675,94.484,94.607,94.513,94.699,94.509,94.63
2025-07-02T10:00:00Z,94.61,94.619,94.445,94.469,94.632,94.644,94.471,94.497
2025-07-02T11:00:00Z,94.465,94.564,94.448,94.48,94.497,94.588,94.473,94.501
2025-07-02T12:00:00Z,94.478,94.498,94.111,94.237,94.499,94.525,94.138,94.264
2025-07-02T13:00:00Z,94.237,94.402,94.237,94.306,94.265,94.428,94.264,94.33
2025-07-02T14:00:00Z,94.306,94.531,94.224,94.515,94.331,94.554,94.25,94.539
2025-07-02T15:00:00Z,94.514,94.561,94.4,94.448,94.541,94.584,94.421,94.473
2025-07-02T16:00:00Z,94.449,94.523,94.413,94.483,94.473,94.547,94.434,94.506
2025-07-02T17:00:00Z,94.485,94.542,94.47,94.489,94.506,94.561,94.495,94.513
2025-07-02T18:00:00Z,94.489,94.54,94.479,94.53,94.512,94.564,94.504,94.555
2025-07-02T19:00:00Z,94.532,94.607,94.524,94.607,94.556,94.632,94.55,94.632
2025-07-02T20:00:00Z,94.605,94.629,94.567,94.567,94.633,94.656,94.599,94.599
2025-07-02T21:00:00Z,94.471,94.572,94.465,94.517,94.702,94.742,94.604,94.61
2025-07-02T22:00:00Z,94.514,94.598,94.512,94.586,94.609,94.626,94.571,94.616
2025-07-02T23:00:00Z,94.583,94.584,94.455,94.455,94.614,94.614,94.48,94.483
2025-07-03T00:00:00Z,94.458,94.512,94.334,94.465,94.48,94.537,94.358,94.492
2025-07-03T01:00:00Z,94.465,94.49,94.325,94.395,94.49,94.515,94.348,94.415
2025-07-03T02:00:00Z,94.395,94.417,94.329,94.394,94.417,94.442,94.349,94.417
2025-07-03T03:00:00Z,94.394,94.48,94.386,94.458,94.416,94.498,94.409,94.478
2025-07-03T04:00:00Z,94.457,94.496,94.42,94.493,94.478,94.517,94.442,94.516
2025-07-03T05:00:00Z,94.495,94.531,94.435,94.519,94.516,94.554,94.458,94.543
2025-07-03T06:00:00Z,94.521,94.65,94.488,94.565,94.544,94.672,94.512,94.592
2025-07-03T07:00:00Z,94.568,94.635,94.505,94.617,94.592,94.659,94.529,94.641
2025-07-03T08:00:00Z,94.625,94.674,94.575,94.629,94.645,94.7,94.6,94.65
2025-07-03T09:00:00Z,94.628,94.655,94.542,94.575,94.65,94.676,94.562,94.597
2025-07-03T10:00:00Z,94.575,94.58,94.527,94.551,94.598,94.603,94.55,94.575
2025-07-03T11:00:00Z,94.552,94.621,94.544,94.553,94.574,94.644,94.567,94.581
2025-07-03T12:00:00Z,94.553,94.984,94.478,94.913,94.579,95.004,94.524,94.94
2025-07-03T13:00:00Z,94.916,95.18,94.859,95.081,94.939,95.203,94.88,95.149
2025-07-03T14:00:00Z,95.081,95.299,95.078,95.206,95.147,95.324,95.129,95.229
2025-07-03T15:00:00Z,95.21,95.289,95.156,95.278,95.233,95.311,95.179,95.299
2025-07-03T16:00:00Z,95.277,95.361,95.266,95.308,95.302,95.384,95.291,95.33
2025-07-03T17:00:00Z,95.306,95.352,95.271,95.311,95.329,95.377,95.297,95.333
2025-07-03T18:00:00Z,95.308,95.323,95.273,95.31,95.332,95.348,95.298,95.335
2025-07-03T19:00:00Z,95.313,95.313,95.231,95.262,95.335,95.338,95.257,95.289
2025-07-03T20:00:00Z,95.265,95.283,95.212,95.215,95.29,95.308,95.237,95.244
2025-07-03T21:00:00Z,95.194,95.207,95.146,95.206,95.315,95.378,95.24,95.269
2025-07-03T22:00:00Z,95.221,95.241,95.182,95.203,95.268,95.287,95.219,95.228
2025-07-03T23:00:00Z,95.201,95.248,95.15,95.154,95.227,95.272,95.171,95.175
2025-07-04T00:00:00Z,95.154,95.216,95.013,95.086,95.176,95.244,95.037,95.104
2025-07-04T01:00:00Z,95.086,95.143,95.024,95.036,95.106,95.164,95.049,95.061
2025-07-04T02:00:00Z,95.035,95.07,94.985,95.002,95.061,95.094,95.008,95.026
2025-07-04T03:00:00Z,95.003,95.012,94.863,94.938,95.026,95.034,94.883,94.96
2025-07-04T04:00:00Z,94.939,94.946,94.767,94.865,94.962,94.967,94.789,94.888
2025-07-04T05:00:00Z,94.865,94.958,94.819,94.833,94.887,94.983,94.839,94.854
2025-07-04T06:00:00Z,94.828,94.867,94.758,94.775,94.852,94.888,94.782,94.8
2025-07-04T07:00:00Z,94.775,94.86,94.559,94.646,94.802,94.884,94.583,94.668
2025-07-04T08:00:00Z,94.645,94.694,94.6,94.656,94.668,94.719,94.623,94.677
2025-07-04T09:00:00Z,94.655,94.69,94.577,94.625,94.677,94.715,94.601,94.651
2025-07-04T10:00:00Z,94.627,94.693,94.605,94.632,94.651,94.714,94.628,94.655
2025-07-04T11:00:00Z,94.632,94.697,94.625,94.694,94.656,94.722,94.647,94.718
2025-07-04T12:00:00Z,94.691,94.698,94.582,94.599,94.717,94.72,94.607,94.624
2025-07-04T13:00:00Z,94.598,94.674,94.595,94.636,94.624,94.695,94.62,94.662
2025-07-04T14:00:00Z,94.639,94.668,94.6,94.649,94.664,94.692,94.626,94.668
2025-07-04T15:00:00Z,94.65,94.681,94.616,94.659,94.668,94.704,94.641,94.685
2025-07-04T16:00:00Z,94.662,94.668,94.627,94.643,94.686,94.693,94.653,94.665
2025-07-04T17:00:00Z,94.642,94.666,94.584,94.621,94.665,94.689,94.612,94.65
2025-07-04T18:00:00Z,94.621,94.668,94.617,94.634,94.649,94.695,94.645,94.657
2025-07-04T19:00:00Z,94.633,94.712,94.605,94.687,94.659,94.742,94.634,94.712
2025-07-04T20:00:00Z,94.677,94.714,94.541,94.589,94.706,94.839,94.638,94.839
2025-07-06T21:00:00Z,94.682,94.7,94.517,94.63,94.932,94.95,94.751,94.875
2025-07-06T22:00:00Z,94.605,94.767,94.581,94.642,94.855,94.855,94.629,94.664
2025-07-06T23:00:00Z,94.639,94.739,94.595,94.629,94.663,94.762,94.618,94.656
2025-07-07T00:00:00Z,94.631,94.642,94.339,94.394,94.657,94.665,94.365,94.417
2025-07-07T01:00:00Z,94.39,94.391,94.221,94.34,94.415,94.415,94.248,94.368
2025-07-07T02:00:00Z,94.342,94.477,94.325,94.423,94.368,94.501,94.347,94.447
2025-07-07T03:00:00Z,94.424,94.447,94.3,94.359,94.447,94.471,94.325,94.381
2025-07-07T04:00:00Z,94.357,94.391,94.274,94.292,94.382,94.415,94.297,94.314
2025-07-07T05:00:00Z,94.292,94.398,94.265,94.376,94.315,94.421,94.288,94.399
2025-07-07T06:00:00Z,94.376,94.414,94.289,94.379,94.398,94.439,94.314,94.403
2025-07-07T07:00:00Z,94.378,94.478,94.34,94.436,94.405,94.501,94.364,94.458
2025-07-07T08:00:00Z,94.435,94.486,94.291,94.33,94.458,94.51,94.314,94.353
2025-07-07T09:00:00Z,94.33,94.488,94.267,94.478,94.354,94.509,94.293,94.503
2025-07-07T10:00:00Z,94.479,94.523,94.451,94.473,94.503,94.547,94.477,94.498
2025-07-07T11:00:00Z,94.475,94.592,94.461,94.562,94.499,94.614,94.484,94.583
2025-07-07T12:00:00Z,94.561,94.688,94.535,94.659,94.581,94.71,94.557,94.681
2025-07-07T13:00:00Z,94.657,94.942,94.642,94.918,94.68,94.965,94.664,94.941
2025-07-07T14:00:00Z,94.916,95.017,94.872,94.968,94.94,95.041,94.896,94.99
2025-07-07T15:00:00Z,94.967,95.019,94.929,94.97,94.99,95.04,94.955,94.993
2025-07-07T16:00:00Z,94.97,95.038,94.779,94.834,94.994,95.061,94.803,94.859
2025-07-07T17:00:00Z,94.835,95.033,94.8,94.848,94.858,95.056,94.825,94.874
2025-07-07T18:00:00Z,94.849,95.016,94.8,95.001,94.871,95.04,94.82,95.024
2025-07-07T19:00:00Z,95.001,95.013,94.871,94.914,95.025,95.036,94.894,94.939
2025-07-07T20:00:00Z,94.912,94.917,94.752,94.793,94.937,94.941,94.778,94.82
2025-07-07T21:00:00Z,94.725,94.837,94.705,94.746,94.913,94.967,94.827,94.838
2025-07-07T22:00:00Z,94.754,94.831,94.708,94.793,94.831,94.863,94.738,94.821
2025-07-07T23:00:00Z,94.792,94.962,94.784,94.907,94.821,94.986,94.81,94.929
2025-07-08T00:00:00Z,94.907,95.224,94.892,95.176,94.93,95.247,94.913,95.206
2025-07-08T01:00:00Z,95.177,95.321,95.092,95.171,95.203,95.346,95.115,95.193
2025-07-08T02:00:00Z,95.172,95.241,95.118,95.153,95.192,95.266,95.142,95.175
2025-07-08T03:00:00Z,95.152,95.232,95.128,95.132,95.175,95.253,95.148,95.156
2025-07-08T04:00:00Z,95.131,95.69,95.03,95.474,95.157,95.725,95.056,95.5
2025-07-08T05:00:00Z,95.476,95.574,95.3,95.515,95.499,95.599,95.329,95.543
2025-07-08T06:00:00Z,95.517,95.678,95.445,95.504,95.543,95.705,95.47,95.527
2025-07-08T07:00:00Z,95.502,95.607,95.438,95.549,95.526,95.632,95.463,95.572
2025-07-08T08:00:00Z,95.547,95.662,95.517,95.622,95.571,95.685,95.543,95.647
2025-07-08T09:00:00Z,95.623,95.68,95.56,95.608,95.647,95.703,95.584,95.636
2025-07-08T10:00:00Z,95.605,95.737,95.6,95.731,95.633,95.764,95.626,95.753
2025-07-08T11:00:00Z,95.73,95.953,95.73,95.86,95.751,95.977,95.751,95.886
2025-07-08T12:00:00Z,95.861,95.944,95.747,95.934,95.879,95.967,95.77,95.956
2025-07-08T13:00:00Z,95.934,95.947,95.692,95.759,95.958,95.971,95.716,95.783
2025-07-08T14:00:00Z,95.755,95.778,95.603,95.723,95.78,95.803,95.621,95.745
2025-07-08T15:00:00Z,95.721,95.864,95.716,95.756,95.743,95.887,95.736,95.779
2025-07-08T16:00:00Z,95.756,95.79,95.616,95.741,95.777,95.812,95.639,95.766
2025-07-08T17:00:00Z,95.743,95.884,95.723,95.81,95.769,95.907,95.748,95.834
2025-07-08T18:00:00Z,95.81,95.819,95.735,95.754,95.833,95.843,95.759,95.771
2025-07-08T19:00:00Z,95.753,95.768,95.673,95.677,95.777,95.785,95.696,95.701
2025-07-08T20:00:00Z,95.679,95.704,95.657,95.694,95.699,95.728,95.677,95.724
2025-07-08T21:00:00Z,95.588,95.724,95.571,95.595,95.838,95.848,95.659,95.715
2025-07-08T22:00:00Z,95.597,95.731,95.597,95.707,95.714,95.755,95.681,95.733
2025-07-08T23:00:00Z,95.706,95.852,95.706,95.808,95.735,95.876,95.733,95.834
2025-07-09T00:00:00Z,95.808,95.862,95.724,95.795,95.832,95.889,95.75,95.82
2025-07-09T01:00:00Z,95.796,95.932,95.769,95.909,95.822,95.954,95.798,95.935
2025-07-09T02:00:00Z,95.905,96.0,95.791,95.861,95.936,96.025,95.818,95.888
2025-07-09T03:00:00Z,95.861,95.95,95.782,95.934,95.887,95.976,95.807,95.96
2025-07-09T04:00:00Z,95.934,96.189,95.923,96.095,95.961,96.213,95.949,96.12
2025-07-09T05:00:00Z,96.094,96.203,96.013,96.03,96.118,96.231,96.036,96.059
2025-07-09T06:00:00Z,96.032,96.082,95.895,96.036,96.059,96.109,95.919,96.061
2025-07-09T07:00:00Z,96.036,96.072,95.738,95.81,96.06,96.096,95.763,95.835
2025-07-09T08:00:00Z,95.807,95.822,95.714,95.773,95.832,95.847,95.735,95.797
2025-07-09T09:00:00Z,95.771,95.805,95.726,95.782,95.797,95.826,95.748,95.804
2025-07-09T10:00:00Z,95.78,95.782,95.618,95.645,95.804,95.804,95.639,95.671
2025-07-09T11:00:00Z,95.647,95.726,95.624,95.625,95.674,95.748,95.648,95.648
2025-07-09T12:00:00Z,95.623,95.751,95.587,95.698,95.645,95.775,95.605,95.72
2025-07-09T13:00:00Z,95.698,95.824,95.633,95.763,95.718,95.847,95.655,95.787
2025-07-09T14:00:00Z,95.761,95.778,95.636,95.664,95.786,95.802,95.658,95.685
2025-07-09T15:00:00Z,95.664,95.703,95.617,95.678,95.686,95.724,95.642,95.7
2025-07-09T16:00:00Z,95.678,95.711,95.594,95.64,95.702,95.735,95.617,95.665
2025-07-09T17:00:00Z,95.643,95.688,95.604,95.634,95.667,95.713,95.629,95.674
2025-07-09T18:00:00Z,95.633,95.683,95.623,95.651,95.672,95.707,95.649,95.674
2025-07-09T19:00:00Z,95.653,95.697,95.638,95.69,95.676,95.721,95.663,95.713
2025-07-09T20:00:00Z,95.69,95.742,95.594,95.596,95.711,95.766,95.624,95.627
2025-07-09T21:00:00Z,95.489,95.619,95.469,95.583,95.716,95.735,95.639,95.679
2025-07-09T22:00:00Z,95.588,95.64,95.557,95.594,95.672,95.672,95.603,95.62
2025-07-09T23:00:00Z,95.59,95.633,95.477,95.484,95.614,95.662,95.503,95.507
2025-07-10T00:00:00Z,95.485,95.542,95.381,95.411,95.507,95.566,95.403,95.431
2025-07-10T01:00:00Z,95.411,95.468,95.387,95.451,95.433,95.489,95.411,95.472
2025-07-10T02:00:00Z,95.45,95.691,95.45,95.682,95.473,95.712,95.473,95.705
2025-07-10T03:00:00Z,95.681,95.75,95.673,95.704,95.705,95.775,95.694,95.727
2025-07-10T04:00:00Z,95.702,95.74,95.63,95.688,95.723,95.763,95.654,95.714
2025-07-10T05:00:00Z,95.687,95.78,95.684,95.768,95.711,95.802,95.709,95.79
2025-07-10T06:00:00Z,95.769,95.92,95.752,95.816,95.79,95.944,95.776,95.84
2025-07-10T07:00:00Z,95.817,96.001,95.774,95.883,95.842,96.022,95.797,95.906
2025-07-10T08:00:00Z,95.883,95.959,95.877,95.954,95.903,95.983,95.898,95.977
2025-07-10T09:00:00Z,95.957,96.023,95.878,95.883,95.979,96.045,95.903,95.906
2025-07-10T10:00:00Z,95.878,95.942,95.865,95.92,95.904,95.966,95.885,95.939
2025-07-10T11:00:00Z,95.919,95.956,95.799,95.807,95.939,95.98,95.82,95.827
2025-07-10T12:00:00Z,95.807,95.954,95.768,95.925,95.825,95.977,95.787,95.949
2025-07-10T13:00:00Z,95.927,95.959,95.871,95.932,95.949,95.982,95.894,95.954
2025-07-10T14:00:00Z,95.932,96.14,95.931,96.075,95.955,96.163,95.954,96.096
2025-07-10T15:00:00Z,96.074,96.273,96.058,96.228,96.096,96.293,96.078,96.251
2025-07-10T16:00:00Z,96.221,96.309,96.209,96.268,96.245,96.332,96.228,96.287
2025-07-10T17:00:00Z,96.267,96.279,96.21,96.21,96.288,96.303,96.233,96.233
2025-07-10T18:00:00Z,96.207,96.276,96.185,96.269,96.23,96.3,96.208,96.292
2025-07-10T19:00:00Z,96.269,96.371,96.269,96.351,96.291,96.391,96.291,96.373
2025-07-10T20:00:00Z,96.35,96.379,96.304,96.352,96.373,96.403,96.324,96.382
2025-07-10T21:00:00Z,96.13,96.282,96.13,96.261,96.38,96.411,96.318,96.364
2025-07-10T22:00:00Z,96.255,96.397,96.253,96.393,96.365,96.42,96.353,96.411
2025-07-10T23:00:00Z,96.394,96.452,96.349,96.437,96.411,96.473,96.373,96.458
2025-07-11T00:00:00Z,96.431,96.468,95.971,96.236,96.453,96.492,95.996,96.26
2025-07-11T01:00:00Z,96.236,96.745,96.205,96.63,96.259,96.767,96.226,96.652
2025-07-11T02:00:00Z,96.628,96.805,96.625,96.688,96.653,96.827,96.648,96.714
2025-07-11T03:00:00Z,96.688,96.8,96.645,96.767,96.715,96.821,96.669,96.79
2025-07-11T04:00:00Z,96.767,96.781,96.66,96.714,96.788,96.805,96.683,96.738
2025-07-11T05:00:00Z,96.714,96.772,96.596,96.619,96.736,96.796,96.62,96.642
2025-07-11T06:00:00Z,96.62,96.727,96.579,96.726,96.642,96.748,96.602,96.748
2025-07-11T07:00:00Z,96.727,96.751,96.639,96.692,96.748,96.773,96.661,96.713
2025-07-11T08:00:00Z,96.692,96.735,96.535,96.595,96.714,96.757,96.556,96.617
2025-07-11T09:00:00Z,96.595,96.728,96.57,96.678,96.616,96.75,96.593,96.7
2025-07-11T10:00:00Z,96.675,96.768,96.653,96.698,96.697,96.788,96.676,96.721
2025-07-11T11:00:00Z,96.703,96.768,96.673,96.726,96.726,96.79,96.697,96.747
2025-07-11T12:00:00Z,96.723,96.742,96.543,96.689,96.744,96.762,96.568,96.71
2025-07-11T13:00:00Z,96.687,96.851,96.661,96.822,96.706,96.871,96.68,96.846
2025-07-11T14:00:00Z,96.821,97.03,96.812,96.849,96.843,97.054,96.834,96.868
2025-07-11T15:00:00Z,96.847,96.944,96.839,96.869,96.867,96.966,96.86,96.89
2025-07-11T16:00:00Z,96.867,96.982,96.801,96.949,96.888,97.004,96.824,96.971
2025-07-11T17:00:00Z,96.949,96.989,96.931,96.979,96.97,97.011,96.95,96.999
2025-07-11T18:00:00Z,96.98,97.048,96.969,97.012,97.001,97.069,96.993,97.034
2025-07-11T19:00:00Z,97.009,97.014,96.911,96.917,97.033,97.036,96.934,96.94
2025-07-11T20:00:00Z,96.914,96.964,96.873,96.919,96.938,97.001,96.897,96.957
2025-07-13T21:00:00Z,96.567,96.591,96.553,96.555,96.722,96.727,96.664,96.676
2025-07-13T22:00:00Z,96.578,96.867,96.578,96.856,96.693,96.897,96.689,96.882
2025-07-13T23:00:00Z,96.847,96.897,96.771,96.842,96.874,96.919,96.796,96.865
2025-07-14T00:00:00Z,96.84,96.92,96.672,96.704,96.864,96.943,96.695,96.727
2025-07-14T01:00:00Z,96.707,96.784,96.439,96.593,96.728,96.806,96.46,96.616
2025-07-14T02:00:00Z,96.596,96.674,96.535,96.649,96.619,96.696,96.559,96.672
2025-07-14T03:00:00Z,96.648,96.777,96.613,96.746,96.669,96.799,96.636,96.767
2025-07-14T04:00:00Z,96.745,96.762,96.63,96.692,96.769,96.786,96.655,96.712
2025-07-14T05:00:00Z,96.693,96.811,96.66,96.674,96.712,96.833,96.682,96.696
2025-07-14T06:00:00Z,96.674,96.706,96.555,96.594,96.695,96.728,96.578,96.616
2025-07-14T07:00:00Z,96.591,96.859,96.552,96.849,96.611,96.882,96.575,96.871
2025-07-14T08:00:00Z,96.845,96.862,96.694,96.717,96.867,96.886,96.716,96.74
2025-07-14T09:00:00Z,96.72,96.75,96.65,96.731,96.742,96.773,96.671,96.757
2025-07-14T10:00:00Z,96.731,96.761,96.66,96.677,96.755,96.784,96.681,96.701
2025-07-14T11:00:00Z,96.674,96.816,96.674,96.78,96.699,96.839,96.699,96.801
2025-07-14T12:00:00Z,96.78,96.78,96.59,96.651,96.803,96.803,96.613,96.67
2025-07-14T13:00:00Z,96.649,96.708,96.606,96.684,96.67,96.729,96.626,96.706
2025-07-14T14:00:00Z,96.685,96.695,96.616,96.652,96.706,96.717,96.641,96.675
2025-07-14T15:00:00Z,96.65,96.81,96.648,96.712,96.671,96.833,96.671,96.729
2025-07-14T16:00:00Z,96.711,96.749,96.669,96.703,96.731,96.771,96.692,96.727
2025-07-14T17:00:00Z,96.705,96.747,96.654,96.679,96.73,96.771,96.677,96.7
2025-07-14T18:00:00Z,96.681,96.751,96.681,96.745,96.703,96.776,96.703,96.767
2025-07-14T19:00:00Z,96.744,96.763,96.681,96.709,96.767,96.785,96.702,96.731
2025-07-14T20:00:00Z,96.712,96.734,96.676,96.686,96.735,96.757,96.701,96.718
2025-07-14T21:00:00Z,96.618,96.715,96.618,96.683,96.819,96.841,96.745,96.769
2025-07-14T22:00:00Z,96.686,96.723,96.643,96.699,96.764,96.765,96.69,96.723
2025-07-14T23:00:00Z,96.699,96.749,96.679,96.696,96.724,96.771,96.705,96.718
2025-07-15T00:00:00Z,96.696,96.804,96.631,96.644,96.715,96.828,96.651,96.665
2025-07-15T01:00:00Z,96.642,96.85,96.586,96.792,96.665,96.872,96.609,96.813
2025-07-15T02:00:00Z,96.792,96.822,96.571,96.587,96.811,96.846,96.589,96.611
2025-07-15T03:00:00Z,96.588,96.687,96.535,96.664,96.609,96.708,96.554,96.687
2025-07-15T04:00:00Z,96.664,96.678,96.584,96.622,96.688,96.702,96.608,96.645
2025-07-15T05:00:00Z,96.621,96.737,96.601,96.715,96.645,96.76,96.624,96.738
2025-07-15T06:00:00Z,96.709,96.811,96.687,96.747,96.733,96.834,96.709,96.77
2025-07-15T07:00:00Z,96.745,97.011,96.705,97.009,96.769,97.032,96.729,97.031
2025-07-15T08:00:00Z,97.008,97.069,96.888,96.95,97.032,97.093,96.91,96.972
2025-07-15T09:00:00Z,96.949,97.006,96.9,96.961,96.969,97.03,96.922,96.985
2025-07-15T10:00:00Z,96.961,97.054,96.944,97.033,96.983,97.076,96.966,97.058
2025-07-15T11:00:00Z,97.03,97.11,97.021,97.035,97.056,97.132,97.044,97.059
2025-07-15T12:00:00Z,97.035,97.245,96.976,97.175,97.054,97.272,97.031,97.2
2025-07-15T13:00:00Z,97.177,97.423,97.14,97.204,97.201,97.445,97.163,97.227
2025-07-15T14:00:00Z,97.205,97.257,96.984,97.008,97.227,97.279,97.005,97.03
2025-07-15T15:00:00Z,97.008,97.036,96.945,96.973,97.029,97.058,96.969,96.998
2025-07-15T16:00:00Z,96.978,97.01,96.902,96.91,97.003,97.032,96.925,96.933
2025-07-15T17:00:00Z,96.912,97.032,96.905,97.015,96.933,97.057,96.927,97.037
2025-07-15T18:00:00Z,97.014,97.045,96.983,96.994,97.034,97.068,97.006,97.017
2025-07-15T19:00:00Z,96.989,97.039,96.941,96.956,97.013,97.06,96.964,96.98
2025-07-15T20:00:00Z,96.954,96.967,96.922,96.943,96.977,96.991,96.944,96.974
2025-07-15T21:00:00Z,96.909,96.959,96.902,96.929,97.106,97.178,97.003,97.007
2025-07-15T22:00:00Z,96.93,96.992,96.929,96.964,97.005,97.019,96.962,96.99
2025-07-15T23:00:00Z,96.967,97.036,96.946,96.971,96.993,97.057,96.971,96.995
2025-07-16T00:00:00Z,96.974,97.273,96.925,97.225,96.998,97.295,96.949,97.248
2025-07-16T01:00:00Z,97.229,97.255,97.083,97.152,97.252,97.278,97.109,97.177
2025-07-16T02:00:00Z,97.154,97.157,97.062,97.105,97.177,97.182,97.085,97.128
2025-07-16T03:00:00Z,97.103,97.23,97.098,97.204,97.126,97.251,97.122,97.224
2025-07-16T04:00:00Z,97.205,97.312,97.155,97.184,97.224,97.334,97.178,97.205
2025-07-16T05:00:00Z,97.186,97.211,97.101,97.107,97.208,97.233,97.123,97.131
2025-07-16T06:00:00Z,97.111,97.185,96.975,97.015,97.133,97.208,96.997,97.036
2025-07-16T07:00:00Z,97.011,97.153,96.97,97.145,97.034,97.174,96.988,97.168
2025-07-16T08:00:00Z,97.145,97.163,97.015,97.055,97.166,97.185,97.039,97.076
2025-07-16T09:00:00Z,97.058,97.073,96.889,96.992,97.08,97.095,96.908,97.015
2025-07-16T10:00:00Z,96.992,97.008,96.932,96.984,97.016,97.029,96.954,97.006
2025-07-16T11:00:00Z,96.987,96.995,96.916,96.987,97.009,97.016,96.938,97.009
2025-07-16T12:00:00Z,96.987,96.993,96.892,96.917,97.008,97.015,96.918,96.94
2025-07-16T13:00:00Z,96.914,96.966,96.705,96.722,96.939,96.986,96.728,96.745
2025-07-16T14:00:00Z,96.722,96.748,96.524,96.597,96.744,96.77,96.555,96.62
2025-07-16T15:00:00Z,96.598,96.657,96.095,96.57,96.62,96.701,96.132,96.605
2025-07-16T16:00:00Z,96.567,96.678,96.534,96.595,96.601,96.7,96.56,96.618
2025-07-16T17:00:00Z,96.596,96.627,96.35,96.367,96.618,96.651,96.372,96.39
2025-07-16T18:00:00Z,96.363,96.453,96.309,96.451,96.389,96.477,96.333,96.473
2025-07-16T19:00:00Z,96.45,96.52,96.435,96.492,96.471,96.541,96.458,96.513
2025-07-16T20:00:00Z,96.491,96.543,96.484,96.484,96.513,96.583,96.511,96.577
2025-07-16T21:00:00Z,96.433,96.5,96.372,96.43,96.683,96.708,96.482,96.6
2025-07-16T22:00:00Z,96.439,96.553,96.429,96.469,96.6,96.607,96.465,96.493
2025-07-16T23:00:00Z,96.463,96.588,96.399,96.521,96.487,96.612,96.422,96.546
2025-07-17T00:00:00Z,96.524,96.648,96.511,96.646,96.548,96.671,96.53,96.67
2025-07-17T01:00:00Z,96.648,96.763,96.282,96.375,96.67,96.785,96.307,96.395
2025-07-17T02:00:00Z,96.376,96.381,96.115,96.16,96.393,96.402,96.137,96.181
2025-07-17T03:00:00Z,96.162,96.386,96.094,96.357,96.185,96.406,96.117,96.382
2025-07-17T04:00:00Z,96.357,96.363,96.296,96.327,96.384,96.388,96.319,96.348
2025-07-17T05:00:00Z,96.328,96.376,96.306,96.34,96.348,96.398,96.331,96.364
2025-07-17T06:00:00Z,96.336,96.374,96.155,96.181,96.361,96.397,96.179,96.2
2025-07-17T07:00:00Z,96.181,96.186,96.029,96.13,96.203,96.209,96.052,96.153
2025-07-17T08:00:00Z,96.131,96.245,96.13,96.165,96.153,96.269,96.153,96.189
2025-07-17T09:00:00Z,96.164,96.256,96.114,96.18,96.186,96.279,96.138,96.202
2025-07-17T10:00:00Z,96.179,96.215,96.068,96.088,96.202,96.236,96.087,96.112
2025-07-17T11:00:00Z,96.086,96.087,95.986,96.064,96.111,96.111,96.006,96.087
2025-07-17T12:00:00Z,96.064,96.248,96.043,96.197,96.086,96.28,96.066,96.221
2025-07-17T13:00:00Z,96.199,96.226,96.02,96.176,96.221,96.249,96.042,96.199
2025-07-17T14:00:00Z,96.176,96.207,96.072,96.175,96.197,96.23,96.095,96.197
2025-07-17T15:00:00Z,96.175,96.331,96.164,96.305,96.196,96.354,96.182,96.325
2025-07-17T16:00:00Z,96.306,96.354,96.291,96.335,96.327,96.376,96.315,96.358
2025-07-17T17:00:00Z,96.335,96.403,96.326,96.383,96.355,96.426,96.35,96.406
2025-07-17T18:00:00Z,96.383,96.478,96.377,96.47,96.404,96.502,96.401,96.49
2025-07-17T19:00:00Z,96.468,96.495,96.396,96.439,96.49,96.517,96.421,96.463
2025-07-17T20:00:00Z,96.434,96.455,96.39,96.395,96.458,96.478,96.418,96.436
2025-07-17T21:00:00Z,96.262,96.359,96.252,96.301,96.512,96.56,96.354,96.415
2025-07-17T22:00:00Z,96.324,96.429,96.298,96.343,96.415,96.455,96.356,96.367
2025-07-17T23:00:00Z,96.342,96.455,96.332,96.448,96.364,96.478,96.353,96.471
2025-07-18T00:00:00Z,96.446,96.664,96.381,96.662,96.471,96.687,96.404,96.682
2025-07-18T01:00:00Z,96.664,96.701,96.536,96.556,96.685,96.723,96.561,96.579
2025-07-18T02:00:00Z,96.557,96.68,96.526,96.672,96.579,96.702,96.547,96.694
2025-07-18T03:00:00Z,96.673,96.733,96.638,96.664,96.694,96.756,96.66,96.689
2025-07-18T04:00:00Z,96.664,96.673,96.601,96.611,96.687,96.695,96.623,96.633
2025-07-18T05:00:00Z,96.612,96.738,96.608,96.717,96.635,96.758,96.63,96.737
2025-07-18T06:00:00Z,96.712,96.804,96.651,96.787,96.733,96.827,96.672,96.809
2025-07-18T07:00:00Z,96.79,96.894,96.739,96.879,96.811,96.917,96.762,96.9
2025-07-18T08:00:00Z,96.88,96.904,96.807,96.849,96.902,96.927,96.829,96.87
2025-07-18T09:00:00Z,96.849,96.95,96.834,96.942,96.872,96.973,96.854,96.964
2025-07-18T10:00:00Z,96.94,96.945,96.804,96.867,96.962,96.968,96.828,96.889
2025-07-18T11:00:00Z,96.868,96.901,96.827,96.855,96.891,96.925,96.849,96.874
2025-07-18T12:00:00Z,96.855,96.955,96.834,96.9,96.872,96.978,96.853,96.924
2025-07-18T13:00:00Z,96.9,96.956,96.881,96.905,96.923,96.979,96.905,96.937
2025-07-18T14:00:00Z,96.899,96.957,96.831,96.863,96.93,96.978,96.854,96.885
2025-07-18T15:00:00Z,96.862,96.941,96.806,96.937,96.886,96.965,96.826,96.958
2025-07-18T16:00:00Z,96.939,96.951,96.814,96.823,96.962,96.973,96.835,96.846
2025-07-18T17:00:00Z,96.826,96.835,96.768,96.798,96.849,96.857,96.788,96.822
2025-07-18T18:00:00Z,96.799,96.827,96.766,96.782,96.822,96.85,96.784,96.806
2025-07-18T19:00:00Z,96.784,96.8,96.741,96.787,96.807,96.824,96.765,96.807
2025-07-18T20:00:00Z,96.787,96.849,96.75,96.78,96.809,96.952,96.775,96.941
2025-07-20T21:00:00Z,96.261,96.524,96.261,96.475,96.511,96.664,96.5,96.64
2025-07-20T22:00:00Z,96.481,96.727,96.481,96.688,96.64,96.756,96.584,96.712
2025-07-20T23:00:00Z,96.683,96.747,96.578,96.667,96.707,96.773,96.603,96.691
2025-07-21T00:00:00Z,96.668,96.669,96.457,96.521,96.691,96.691,96.481,96.546
2025-07-21T01:00:00Z,96.523,96.656,96.52,96.589,96.544,96.68,96.544,96.612
2025-07-21T02:00:00Z,96.591,96.602,96.512,96.578,96.616,96.626,96.534,96.602
2025-07-21T03:00:00Z,96.579,96.639,96.553,96.607,96.599,96.663,96.578,96.628
2025-07-21T04:00:00Z,96.607,96.652,96.595,96.607,96.629,96.675,96.616,96.63
2025-07-21T05:00:00Z,96.607,96.628,96.52,96.577,96.631,96.651,96.545,96.601
2025-07-21T06:00:00Z,96.582,96.585,96.3,96.388,96.604,96.607,96.322,96.412
2025-07-21T07:00:00Z,96.391,96.516,96.375,96.388,96.414,96.54,96.399,96.41
2025-07-21T08:00:00Z,96.383,96.412,96.259,96.371,96.406,96.435,96.279,96.394
2025-07-21T09:00:00Z,96.372,96.381,96.287,96.309,96.394,96.403,96.309,96.33
2025-07-21T10:00:00Z,96.311,96.323,96.207,96.225,96.331,96.346,96.232,96.246
2025-07-21T11:00:00Z,96.227,96.269,96.201,96.242,96.247,96.291,96.223,96.265
2025-07-21T12:00:00Z,96.246,96.249,96.13,96.194,96.264,96.266,96.153,96.213
2025-07-21T13:00:00Z,96.194,96.261,96.129,96.136,96.214,96.283,96.151,96.157
2025-07-21T14:00:00Z,96.138,96.234,96.117,96.194,96.16,96.257,96.138,96.214
2025-07-21T15:00:00Z,96.195,96.264,96.143,96.155,96.216,96.286,96.166,96.173
2025-07-21T16:00:00Z,96.155,96.193,96.035,96.112,96.177,96.216,96.059,96.134
2025-07-21T17:00:00Z,96.108,96.162,96.077,96.088,96.13,96.183,96.099,96.11
2025-07-21T18:00:00Z,96.085,96.166,96.071,96.151,96.107,96.188,96.093,96.173
2025-07-21T19:00:00Z,96.151,96.16,96.088,96.113,96.174,96.183,96.11,96.134
2025-07-21T20:00:00Z,96.112,96.189,96.11,96.117,96.134,96.213,96.131,96.162
2025-07-21T21:00:00Z,96.031,96.073,95.956,96.054,96.281,96.323,96.085,96.138
2025-07-21T22:00:00Z,96.055,96.154,96.055,96.15,96.128,96.178,96.104,96.174
2025-07-21T23:00:00Z,96.151,96.294,96.145,96.205,96.173,96.316,96.168,96.228
2025-07-22T00:00:00Z,96.203,96.365,96.059,96.124,96.227,96.387,96.082,96.146
2025-07-22T01:00:00Z,96.121,96.222,96.106,96.161,96.144,96.245,96.129,96.185
2025-07-22T02:00:00Z,96.162,96.218,96.149,96.199,96.185,96.238,96.173,96.22
2025-07-22T03:00:00Z,96.196,96.231,96.118,96.207,96.22,96.254,96.142,96.231
2025-07-22T04:00:00Z,96.203,96.268,96.164,96.209,96.227,96.29,96.188,96.232
2025-07-22T05:00:00Z,96.209,96.297,96.164,96.25,96.231,96.32,96.187,96.271
2025-07-22T06:00:00Z,96.249,96.345,96.215,96.234,96.271,96.368,96.236,96.256
2025-07-22T07:00:00Z,96.231,96.37,96.062,96.084,96.253,96.393,96.086,96.106
2025-07-22T08:00:00Z,96.088,96.22,96.035,96.101,96.111,96.244,96.056,96.121
2025-07-22T09:00:00Z,96.098,96.138,96.024,96.087,96.118,96.16,96.047,96.111
2025-07-22T10:00:00Z,96.087,96.128,96.045,96.047,96.11,96.145,96.069,96.07
2025-07-22T11:00:00Z,96.047,96.08,95.887,95.951,96.071,96.103,95.911,95.972
2025-07-22T12:00:00Z,95.954,96.005,95.761,95.798,95.975,96.028,95.786,95.818
2025-07-22T13:00:00Z,95.795,95.941,95.671,95.703,95.815,95.96,95.689,95.727
2025-07-22T14:00:00Z,95.704,95.855,95.62,95.855,95.729,95.874,95.641,95.873
2025-07-22T15:00:00Z,95.854,95.969,95.825,95.936,95.873,95.992,95.848,95.954
2025-07-22T16:00:00Z,95.937,96.0,95.917,95.939,95.957,96.022,95.94,95.961
2025-07-22T17:00:00Z,95.941,96.012,95.94,95.97,95.963,96.034,95.961,95.993
2025-07-22T18:00:00Z,95.97,96.007,95.922,95.999,95.991,96.029,95.946,96.022
2025-07-22T19:00:00Z,95.998,96.062,95.975,96.031,96.02,96.084,95.995,96.054
2025-07-22T20:00:00Z,96.034,96.14,96.032,96.116,96.055,96.174,96.052,96.151
2025-07-22T21:00:00Z,96.024,96.09,95.933,96.0,96.199,96.231,96.064,96.124
2025-07-22T22:00:00Z,96.017,96.142,96.007,96.092,96.121,96.169,96.082,96.112
2025-07-22T23:00:00Z,96.093,96.265,95.89,96.159,96.111,96.289,95.918,96.186
2025-07-23T00:00:00Z,96.161,96.188,95.831,96.012,96.186,96.212,95.853,96.033
2025-07-23T01:00:00Z,96.011,96.191,95.98,96.181,96.033,96.213,96.002,96.203
2025-07-23T02:00:00Z,96.181,96.545,96.09,96.326,96.202,96.571,96.114,96.348
2025-07-23T03:00:00Z,96.323,96.447,96.262,96.401,96.348,96.472,96.288,96.421
2025-07-23T04:00:00Z,96.402,96.542,96.402,96.487,96.421,96.565,96.421,96.509
2025-07-23T05:00:00Z,96.487,96.653,96.437,96.62,96.508,96.677,96.461,96.643
2025-07-23T06:00:00Z,96.62,96.667,96.293,96.465,96.642,96.691,96.32,96.489
2025-07-23T07:00:00Z,96.465,96.55,96.423,96.532,96.488,96.573,96.447,96.553
2025-07-23T08:00:00Z,96.524,96.688,96.488,96.627,96.545,96.711,96.51,96.648
2025-07-23T09:00:00Z,96.628,96.667,96.445,96.489,96.65,96.689,96.466,96.51
2025-07-23T10:00:00Z,96.489,96.551,96.402,96.481,96.509,96.574,96.426,96.5
2025-07-23T11:00:00Z,96.476,96.508,96.375,96.459,96.5,96.528,96.396,96.483
2025-07-23T12:00:00Z,96.456,96.57,96.436,96.45,96.481,96.591,96.457,96.474
2025-07-23T13:00:00Z,96.452,96.633,96.421,96.503,96.473,96.656,96.447,96.528
2025-07-23T14:00:00Z,96.504,96.507,96.366,96.441,96.532,96.535,96.389,96.462
2025-07-23T15:00:00Z,96.443,96.633,96.33,96.566,96.463,96.661,96.351,96.588
2025-07-23T16:00:00Z,96.566,96.652,96.429,96.481,96.589,96.676,96.449,96.504
2025-07-23T17:00:00Z,96.482,96.567,96.431,96.533,96.504,96.587,96.454,96.556
2025-07-23T18:00:00Z,96.533,96.63,96.498,96.627,96.557,96.651,96.522,96.647
2025-07-23T19:00:00Z,96.628,96.722,96.621,96.714,96.65,96.744,96.641,96.738
2025-07-23T20:00:00Z,96.717,96.731,96.663,96.713,96.739,96.759,96.685,96.753
2025-07-23T21:00:00Z,96.607,96.644,96.541,96.588,96.799,96.817,96.647,96.722
2025-07-23T22:00:00Z,96.602,96.706,96.563,96.658,96.716,96.761,96.673,96.685
2025-07-23T23:00:00Z,96.662,96.679,96.551,96.605,96.687,96.7,96.576,96.625
2025-07-24T00:00:00Z,96.608,96.673,96.524,96.648,96.631,96.697,96.548,96.672
2025-07-24T01:00:00Z,96.649,96.66,96.383,96.426,96.672,96.682,96.406,96.449
2025-07-24T02:00:00Z,96.427,96.555,96.419,96.533,96.449,96.574,96.443,96.556
2025-07-24T03:00:00Z,96.533,96.65,96.477,96.574,96.557,96.673,96.499,96.599
2025-07-24T04:00:00Z,96.574,96.658,96.528,96.646,96.598,96.677,96.55,96.665
2025-07-24T05:00:00Z,96.643,96.74,96.62,96.664,96.663,96.762,96.642,96.687
2025-07-24T06:00:00Z,96.663,96.76,96.652,96.696,96.68,96.783,96.672,96.72
2025-07-24T07:00:00Z,96.698,96.808,96.665,96.789,96.719,96.829,96.688,96.812
2025-07-24T08:00:00Z,96.79,97.032,96.727,97.007,96.812,97.054,96.751,97.029
2025-07-24T09:00:00Z,97.006,97.021,96.927,96.967,97.03,97.042,96.949,96.989
2025-07-24T10:00:00Z,96.965,96.978,96.834,96.844,96.987,97.001,96.858,96.867
2025-07-24T11:00:00Z,96.844,96.925,96.818,96.896,96.866,96.946,96.838,96.918
2025-07-24T12:00:00Z,96.899,97.033,96.883,96.958,96.921,97.056,96.905,96.979
2025-07-24T13:00:00Z,96.955,97.012,96.784,96.813,96.98,97.036,96.807,96.836
2025-07-24T14:00:00Z,96.812,96.999,96.761,96.979,96.836,97.022,96.783,96.999
2025-07-24T15:00:00Z,96.98,97.015,96.896,96.955,97.001,97.036,96.917,96.977
2025-07-24T16:00:00Z,96.953,96.971,96.831,96.894,96.975,96.992,96.852,96.915
2025-07-24T17:00:00Z,96.893,96.901,96.841,96.893,96.916,96.924,96.864,96.915
2025-07-24T18:00:00Z,96.895,96.978,96.888,96.961,96.916,96.999,96.909,96.98
2025-07-24T19:00:00Z,96.961,96.962,96.867,96.876,96.985,96.985,96.888,96.893
2025-07-24T20:00:00Z,96.872,96.874,96.795,96.853,96.892,96.895,96.817,96.892
2025-07-24T21:00:00Z,96.783,96.917,96.779,96.906,96.978,97.127,96.913,96.995
2025-07-24T22:00:00Z,96.908,96.981,96.888,96.937,96.98,97.012,96.925,96.96
2025-07-24T23:00:00Z,96.938,96.995,96.91,96.935,96.96,97.019,96.932,96.957
2025-07-25T00:00:00Z,96.936,97.131,96.934,97.07,96.957,97.154,96.956,97.092
2025-07-25T01:00:00Z,97.07,97.096,97.024,97.047,97.091,97.121,97.045,97.072
2025-07-25T02:00:00Z,97.048,97.084,97.007,97.026,97.072,97.108,97.03,97.046
2025-07-25T03:00:00Z,97.028,97.054,96.907,96.924,97.049,97.074,96.927,96.947
2025-07-25T04:00:00Z,96.923,96.966,96.669,96.683,96.948,96.989,96.69,96.704
2025-07-25T05:00:00Z,96.681,96.813,96.609,96.652,96.703,96.837,96.634,96.676
2025-07-25T06:00:00Z,96.65,96.775,96.631,96.75,96.672,96.796,96.654,96.771
2025-07-25T07:00:00Z,96.748,96.878,96.738,96.85,96.771,96.901,96.761,96.872
2025-07-25T08:00:00Z,96.85,97.103,96.841,97.038,96.873,97.126,96.861,97.06
2025-07-25T09:00:00Z,97.038,97.069,96.957,97.034,97.061,97.092,96.978,97.055
2025-07-25T10:00:00Z,97.036,97.036,96.952,96.997,97.056,97.057,96.974,97.022
2025-07-25T11:00:00Z,96.997,97.04,96.969,96.971,97.021,97.062,96.992,96.996
2025-07-25T12:00:00Z,96.971,97.015,96.919,96.971,96.994,97.035,96.942,96.995
2025-07-25T13:00:00Z,96.971,96.977,96.818,96.845,96.994,97.001,96.839,96.862
2025-07-25T14:00:00Z,96.846,96.952,96.803,96.893,96.864,96.974,96.827,96.913
2025-07-25T15:00:00Z,96.893,96.915,96.815,96.854,96.914,96.935,96.836,96.875
2025-07-25T16:00:00Z,96.853,96.933,96.829,96.925,96.876,96.955,96.849,96.949
2025-07-25T17:00:00Z,96.922,96.941,96.889,96.895,96.946,96.963,96.911,96.916
2025-07-25T18:00:00Z,96.895,96.897,96.841,96.856,96.917,96.92,96.862,96.877
2025-07-25T19:00:00Z,96.855,96.891,96.833,96.889,96.875,96.914,96.855,96.913
2025-07-25T20:00:00Z,96.887,96.984,96.872,96.928,96.91,97.001,96.896,96.99
2025-07-27T21:00:00Z,97.086,97.087,97.008,97.029,97.219,97.219,97.094,97.113
2025-07-27T22:00:00Z,97.028,97.14,97.005,97.139,97.119,97.163,97.035,97.163
2025-07-27T23:00:00Z,97.134,97.185,97.087,97.098,97.163,97.208,97.112,97.121
2025-07-28T00:00:00Z,97.099,97.203,97.086,97.137,97.121,97.227,97.11,97.162
2025-07-28T01:00:00Z,97.139,97.171,97.072,97.128,97.163,97.194,97.092,97.152
2025-07-28T02:00:00Z,97.128,97.278,97.102,97.18,97.151,97.302,97.126,97.202
2025-07-28T03:00:00Z,97.179,97.193,96.999,97.011,97.202,97.214,97.021,97.033
2025-07-28T04:00:00Z,97.008,97.022,96.935,97.006,97.033,97.044,96.957,97.028
2025-07-28T05:00:00Z,97.012,97.047,96.965,97.041,97.034,97.069,96.987,97.064
2025-07-28T06:00:00Z,97.043,97.089,96.934,96.94,97.065,97.109,96.956,96.962
2025-07-28T07:00:00Z,96.938,96.949,96.678,96.737,96.962,96.97,96.7,96.76
2025-07-28T08:00:00Z,96.735,96.742,96.596,96.703,96.758,96.765,96.619,96.726
2025-07-28T09:00:00Z,96.703,96.819,96.678,96.816,96.725,96.842,96.701,96.839
2025-07-28T10:00:00Z,96.816,96.916,96.773,96.849,96.84,96.938,96.796,96.872
2025-07-28T11:00:00Z,96.849,96.894,96.683,96.72,96.871,96.916,96.704,96.739
2025-07-28T12:00:00Z,96.72,96.754,96.661,96.725,96.741,96.778,96.684,96.748
2025-07-28T13:00:00Z,96.726,96.74,96.553,96.637,96.748,96.762,96.575,96.66
2025-07-28T14:00:00Z,96.635,96.799,96.624,96.784,96.656,96.819,96.646,96.806
2025-07-28T15:00:00Z,96.784,96.835,96.733,96.747,96.807,96.857,96.755,96.77
2025-07-28T16:00:00Z,96.75,96.783,96.713,96.755,96.771,96.805,96.736,96.778
2025-07-28T17:00:00Z,96.755,96.775,96.676,96.745,96.777,96.798,96.698,96.767
2025-07-28T18:00:00Z,96.744,96.813,96.73,96.795,96.767,96.836,96.752,96.817
2025-07-28T19:00:00Z,96.795,96.867,96.763,96.864,96.812,96.89,96.784,96.887
2025-07-28T20:00:00Z,96.858,96.87,96.831,96.844,96.883,96.895,96.858,96.892
2025-07-28T21:00:00Z,96.721,96.905,96.676,96.883,96.95,96.976,96.859,96.955
2025-07-28T22:00:00Z,96.895,96.915,96.85,96.884,96.95,96.952,96.888,96.905
2025-07-28T23:00:00Z,96.881,96.934,96.808,96.812,96.903,96.955,96.83,96.836
2025-07-29T00:00:00Z,96.814,96.839,96.696,96.837,96.836,96.861,96.72,96.858
2025-07-29T01:00:00Z,96.837,96.937,96.759,96.897,96.86,96.958,96.782,96.92
2025-07-29T02:00:00Z,96.898,96.924,96.747,96.834,96.919,96.947,96.771,96.854
2025-07-29T03:00:00Z,96.832,96.848,96.669,96.718,96.854,96.87,96.692,96.74
2025-07-29T04:00:00Z,96.718,96.817,96.718,96.765,96.741,96.837,96.74,96.788
2025-07-29T05:00:00Z,96.763,96.784,96.645,96.72,96.785,96.805,96.669,96.741
2025-07-29T06:00:00Z,96.723,96.765,96.578,96.598,96.744,96.787,96.6,96.62
2025-07-29T07:00:00Z,96.599,96.697,96.58,96.628,96.62,96.719,96.602,96.647
2025-07-29T08:00:00Z,96.628,96.777,96.573,96.764,96.649,96.796,96.596,96.786
2025-07-29T09:00:00Z,96.764,96.84,96.714,96.754,96.787,96.863,96.736,96.775
2025-07-29T10:00:00Z,96.754,96.777,96.664,96.692,96.777,96.799,96.686,96.714
2025-07-29T11:00:00Z,96.694,96.718,96.607,96.641,96.715,96.739,96.629,96.662
2025-07-29T12:00:00Z,96.639,96.655,96.56,96.624,96.662,96.675,96.581,96.647
2025-07-29T13:00:00Z,96.624,96.72,96.577,96.684,96.646,96.742,96.596,96.721
2025-07-29T14:00:00Z,96.681,96.699,96.551,96.609,96.731,96.75,96.574,96.629
2025-07-29T15:00:00Z,96.607,96.701,96.562,96.676,96.63,96.722,96.585,96.694
2025-07-29T16:00:00Z,96.676,96.718,96.649,96.707,96.696,96.74,96.671,96.726
2025-07-29T17:00:00Z,96.704,96.727,96.652,96.688,96.726,96.75,96.676,96.708
2025-07-29T18:00:00Z,96.692,96.78,96.681,96.709,96.712,96.802,96.701,96.73
2025-07-29T19:00:00Z,96.707,96.724,96.643,96.715,96.73,96.745,96.666,96.732
2025-07-29T20:00:00Z,96.715,96.73,96.632,96.636,96.733,96.752,96.666,96.672
2025-07-29T21:00:00Z,96.577,96.638,96.577,96.627,96.814,96.814,96.726,96.758
2025-07-29T22:00:00Z,96.635,96.698,96.635,96.679,96.755,96.765,96.689,96.703
2025-07-29T23:00:00Z,96.68,96.71,96.627,96.663,96.703,96.733,96.65,96.685
2025-07-30T00:00:00Z,96.664,96.741,96.593,96.606,96.685,96.763,96.612,96.627
2025-07-30T01:00:00Z,96.606,96.65,96.291,96.527,96.629,96.671,96.317,96.551
2025-07-30T02:00:00Z,96.527,96.543,96.455,96.504,96.55,96.567,96.474,96.523
2025-07-30T03:00:00Z,96.5,96.504,96.378,96.449,96.519,96.525,96.4,96.471
2025-07-30T04:00:00Z,96.452,96.479,96.42,96.46,96.471,96.501,96.44,96.48
2025-07-30T05:00:00Z,96.461,96.462,96.281,96.39,96.48,96.481,96.303,96.414
2025-07-30T06:00:00Z,96.387,96.445,96.254,96.281,96.413,96.464,96.275,96.304
2025-07-30T07:00:00Z,96.281,96.302,96.231,96.274,96.305,96.324,96.253,96.295
2025-07-30T08:00:00Z,96.279,96.297,96.139,96.187,96.299,96.317,96.162,96.208
2025-07-30T09:00:00Z,96.184,96.215,96.127,96.214,96.208,96.237,96.149,96.237
2025-07-30T10:00:00Z,96.214,96.278,96.17,96.17,96.235,96.3,96.19,96.191
2025-07-30T11:00:00Z,96.168,96.22,96.121,96.212,96.191,96.242,96.141,96.235
2025-07-30T12:00:00Z,96.212,96.325,96.11,96.25,96.233,96.349,96.153,96.273
2025-07-30T13:00:00Z,96.252,96.282,96.141,96.201,96.272,96.306,96.164,96.224
2025-07-30T14:00:00Z,96.197,96.248,96.111,96.205,96.223,96.272,96.131,96.222
2025-07-30T15:00:00Z,96.203,96.227,96.099,96.156,96.221,96.248,96.119,96.178
2025-07-30T16:00:00Z,96.156,96.202,96.137,96.146,96.179,96.224,96.159,96.168
2025-07-30T17:00:00Z,96.145,96.226,96.003,96.05,96.166,96.251,96.141,96.229
2025-07-30T18:00:00Z,96.046,96.229,95.992,96.036,96.229,96.278,96.016,96.063
2025-07-30T19:00:00Z,96.036,96.099,95.946,96.087,96.061,96.119,95.975,96.111
2025-07-30T20:00:00Z,96.086,96.244,96.074,96.182,96.111,96.269,96.097,96.221
2025-07-30T21:00:00Z,96.134,96.171,96.101,96.161,96.23,96.27,96.187,96.245
2025-07-30T22:00:00Z,96.183,96.263,96.166,96.226,96.245,96.287,96.198,96.253
2025-07-30T23:00:00Z,96.224,96.277,96.16,96.164,96.249,96.3,96.182,96.186
2025-07-31T00:00:00Z,96.163,96.242,96.119,96.175,96.186,96.266,96.142,96.198
2025-07-31T01:00:00Z,96.176,96.223,96.02,96.094,96.198,96.257,96.042,96.12
2025-07-31T02:00:00Z,96.096,96.118,95.905,96.029,96.12,96.141,95.94,96.053
2025-07-31T03:00:00Z,96.032,96.049,95.853,96.021,96.054,96.072,95.875,96.041
2025-07-31T04:00:00Z,96.022,96.285,96.02,96.279,96.041,96.309,96.04,96.302
2025-07-31T05:00:00Z,96.279,96.298,96.196,96.215,96.301,96.322,96.216,96.234
2025-07-31T06:00:00Z,96.215,96.405,96.184,96.34,96.235,96.428,96.204,96.363
2025-07-31T07:00:00Z,96.336,96.736,96.298,96.566,96.361,96.759,96.322,96.589
2025-07-31T08:00:00Z,96.566,96.636,96.47,96.604,96.59,96.659,96.494,96.629
2025-07-31T09:00:00Z,96.607,96.684,96.563,96.675,96.631,96.705,96.587,96.692
2025-07-31T10:00:00Z,96.677,96.696,96.5,96.531,96.694,96.721,96.522,96.551
2025-07-31T11:00:00Z,96.529,96.68,96.483,96.588,96.551,96.7,96.506,96.614
2025-07-31T12:00:00Z,96.592,96.748,96.539,96.696,96.616,96.767,96.563,96.719
2025-07-31T13:00:00Z,96.696,96.891,96.672,96.862,96.72,96.915,96.695,96.884
2025-07-31T14:00:00Z,96.864,96.961,96.787,96.854,96.887,96.983,96.81,96.875
2025-07-31T15:00:00Z,96.853,96.921,96.689,96.803,96.875,96.944,96.713,96.824
2025-07-31T16:00:00Z,96.804,96.952,96.788,96.902,96.824,96.976,96.808,96.922
2025-07-31T17:00:00Z,96.899,96.899,96.711,96.796,96.923,96.923,96.735,96.818
2025-07-31T18:00:00Z,96.797,96.979,96.79,96.943,96.82,97.003,96.813,96.965
2025-07-31T19:00:00Z,96.948,96.985,96.866,96.879,96.968,97.007,96.889,96.901
2025-07-31T20:00:00Z,96.881,96.94,96.826,96.832,96.901,96.96,96.87,96.879
2025-07-31T21:00:00Z,96.756,96.838,96.736,96.808,96.964,97.052,96.828,96.877
2025-07-31T22:00:00Z,96.804,96.897,96.773,96.853,96.854,96.924,96.799,96.885
2025-07-31T23:00:00Z,96.851,96.956,96.817,96.917,96.88,96.983,96.845,96.94
2025-08-01T00:00:00Z,96.908,96.95,96.788,96.923,96.933,96.973,96.811,96.947
2025-08-01T01:00:00Z,96.925,97.063,96.881,96.996,96.947,97.08,96.907,97.016
2025-08-01T02:00:00Z,96.995,97.03,96.871,96.917,97.017,97.053,96.892,96.938
2025-08-01T03:00:00Z,96.918,97.02,96.895,96.895,96.938,97.04,96.919,96.919
2025-08-01T04:00:00Z,96.898,96.956,96.872,96.908,96.921,96.977,96.892,96.928
2025-08-01T05:00:00Z,96.907,96.949,96.788,96.811,96.929,96.972,96.808,96.831
2025-08-01T06:00:00Z,96.815,96.905,96.782,96.869,96.838,96.927,96.803,96.888
2025-08-01T07:00:00Z,96.868,96.879,96.705,96.773,96.889,96.899,96.726,96.794
2025-08-01T08:00:00Z,96.774,96.855,96.705,96.718,96.796,96.872,96.726,96.739
2025-08-01T09:00:00Z,96.717,96.728,96.558,96.625,96.737,96.749,96.579,96.645
2025-08-01T10:00:00Z,96.624,96.657,96.566,96.589,96.645,96.676,96.587,96.608
2025-08-01T11:00:00Z,96.59,96.682,96.58,96.67,96.613,96.701,96.603,96.693
2025-08-01T12:00:00Z,96.667,96.682,96.309,96.309,96.688,96.725,96.335,96.335
2025-08-01T13:00:00Z,96.306,96.324,95.666,95.753,96.331,96.349,95.691,95.809
2025-08-01T14:00:00Z,95.661,95.896,95.49,95.68,95.793,95.922,95.527,95.7
2025-08-01T15:00:00Z,95.682,95.764,95.524,95.721,95.704,95.786,95.548,95.742
2025-08-01T16:00:00Z,95.723,95.745,95.371,95.392,95.743,95.769,95.393,95.415
2025-08-01T17:00:00Z,95.392,95.425,95.129,95.306,95.414,95.449,95.151,95.329
2025-08-01T18:00:00Z,95.304,95.358,95.183,95.197,95.326,95.38,95.207,95.22
2025-08-01T19:00:00Z,95.194,95.238,95.09,95.185,95.218,95.261,95.117,95.209
2025-08-01T20:00:00Z,95.188,95.403,95.172,95.251,95.212,95.485,95.197,95.473
2025-08-03T21:00:00Z,95.121,95.2,95.087,95.096,95.371,95.402,95.177,95.182
2025-08-03T22:00:00Z,95.105,95.236,95.105,95.196,95.178,95.302,95.153,95.223
2025-08-03T23:00:00Z,95.2,95.336,95.164,95.309,95.225,95.357,95.184,95.333
2025-08-04T00:00:00Z,95.31,95.577,95.28,95.576,95.333,95.602,95.301,95.602
2025-08-04T01:00:00Z,95.575,95.809,95.556,95.782,95.599,95.831,95.576,95.807
2025-08-04T02:00:00Z,95.78,95.796,95.63,95.714,95.804,95.819,95.654,95.737
2025-08-04T03:00:00Z,95.716,95.746,95.65,95.724,95.737,95.767,95.67,95.746
2025-08-04T04:00:00Z,95.722,95.749,95.651,95.722,95.745,95.769,95.671,95.744
2025-08-04T05:00:00Z,95.717,95.836,95.71,95.774,95.739,95.858,95.733,95.795
2025-08-04T06:00:00Z,95.77,95.787,95.626,95.68,95.791,95.809,95.647,95.702
2025-08-04T07:00:00Z,95.68,95.853,95.665,95.728,95.703,95.875,95.687,95.751
2025-08-04T08:00:00Z,95.729,95.833,95.705,95.795,95.754,95.856,95.73,95.818
2025-08-04T09:00:00Z,95.792,95.845,95.703,95.723,95.815,95.867,95.722,95.745
2025-08-04T10:00:00Z,95.721,95.734,95.593,95.605,95.742,95.756,95.614,95.625
2025-08-04T11:00:00Z,95.603,95.604,95.497,95.5,95.625,95.628,95.519,95.519
2025-08-04T12:00:00Z,95.504,95.539,95.344,95.388,95.521,95.561,95.367,95.408
2025-08-04T13:00:00Z,95.387,95.52,95.297,95.33,95.408,95.542,95.319,95.357
2025-08-04T14:00:00Z,95.329,95.414,95.213,95.268,95.357,95.437,95.234,95.289
2025-08-04T15:00:00Z,95.27,95.342,95.088,95.088,95.289,95.364,95.11,95.111
2025-08-04T16:00:00Z,95.088,95.167,95.026,95.041,95.11,95.188,95.049,95.06
2025-08-04T17:00:00Z,95.038,95.06,94.958,94.963,95.058,95.083,94.98,94.986
2025-08-04T18:00:00Z,94.966,94.999,94.897,94.92,94.988,95.021,94.921,94.946
2025-08-04T19:00:00Z,94.92,95.042,94.91,95.039,94.945,95.065,94.935,95.062
2025-08-04T20:00:00Z,95.043,95.131,95.039,95.114,95.066,95.166,95.063,95.151
2025-08-04T21:00:00Z,95.02,95.119,95.016,95.092,95.27,95.346,95.201,95.322
2025-08-04T22:00:00Z,95.105,95.121,95.016,95.054,95.242,95.242,95.042,95.08
2025-08-04T23:00:00Z,95.057,95.09,94.935,95.022,95.086,95.112,94.954,95.048
2025-08-05T00:00:00Z,95.02,95.208,94.964,95.084,95.042,95.23,94.986,95.108
2025-08-05T01:00:00Z,95.085,95.157,95.005,95.063,95.11,95.181,95.031,95.084
2025-08-05T02:00:00Z,95.063,95.093,95.015,95.087,95.083,95.114,95.037,95.111
2025-08-05T03:00:00Z,95.089,95.101,95.008,95.017,95.111,95.123,95.031,95.042
2025-08-05T04:00:00Z,95.022,95.08,94.994,95.069,95.044,95.101,95.016,95.092
2025-08-05T05:00:00Z,95.072,95.093,94.997,95.057,95.094,95.115,95.017,95.081
2025-08-05T06:00:00Z,95.056,95.235,94.991,95.175,95.079,95.26,95.012,95.198
2025-08-05T07:00:00Z,95.175,95.272,95.134,95.195,95.196,95.291,95.155,95.216
2025-08-05T08:00:00Z,95.195,95.252,95.138,95.222,95.217,95.276,95.157,95.245
2025-08-05T09:00:00Z,95.224,95.351,95.2,95.328,95.247,95.374,95.222,95.35
2025-08-05T10:00:00Z,95.328,95.404,95.307,95.314,95.348,95.425,95.327,95.337
2025-08-05T11:00:00Z,95.318,95.362,95.281,95.356,95.341,95.385,95.302,95.379
2025-08-05T12:00:00Z,95.355,95.487,95.338,95.462,95.374,95.509,95.361,95.485
2025-08-05T13:00:00Z,95.464,95.536,95.432,95.484,95.485,95.563,95.455,95.555
2025-08-05T14:00:00Z,95.484,95.487,95.165,95.266,95.552,95.595,95.185,95.29
2025-08-05T15:00:00Z,95.267,95.433,95.239,95.422,95.289,95.452,95.262,95.445
2025-08-05T16:00:00Z,95.423,95.542,95.407,95.532,95.447,95.564,95.43,95.554
2025-08-05T17:00:00Z,95.53,95.597,95.508,95.576,95.554,95.618,95.528,95.598
2025-08-05T18:00:00Z,95.575,95.589,95.459,95.473,95.596,95.611,95.483,95.494
2025-08-05T19:00:00Z,95.472,95.525,95.46,95.476,95.494,95.547,95.48,95.5
2025-08-05T20:00:00Z,95.476,95.513,95.446,95.488,95.501,95.553,95.469,95.531
2025-08-05T21:00:00Z,95.374,95.492,95.351,95.442,95.61,95.62,95.514,95.53
2025-08-05T22:00:00Z,95.441,95.499,95.434,95.466,95.528,95.554,95.464,95.494
2025-08-05T23:00:00Z,95.464,95.572,95.455,95.47,95.49,95.595,95.48,95.493
2025-08-06T00:00:00Z,95.467,95.608,95.455,95.577,95.491,95.632,95.48,95.602
2025-08-06T01:00:00Z,95.577,95.685,95.559,95.675,95.601,95.706,95.582,95.696
2025-08-06T02:00:00Z,95.675,95.753,95.64,95.646,95.695,95.775,95.663,95.668
2025-08-06T03:00:00Z,95.648,95.677,95.607,95.632,95.667,95.701,95.627,95.654
2025-08-06T04:00:00Z,95.632,95.714,95.632,95.667,95.655,95.735,95.654,95.688
2025-08-06T05:00:00Z,95.666,95.703,95.632,95.633,95.69,95.724,95.653,95.657
2025-08-06T06:00:00Z,95.633,95.755,95.606,95.753,95.653,95.776,95.628,95.77
2025-08-06T07:00:00Z,95.755,95.891,95.727,95.828,95.773,95.912,95.749,95.851
2025-08-06T08:00:00Z,95.828,95.951,95.803,95.936,95.85,95.973,95.827,95.958
2025-08-06T09:00:00Z,95.936,95.985,95.916,95.962,95.956,96.007,95.94,95.981
2025-08-06T10:00:00Z,95.961,96.015,95.911,95.986,95.981,96.039,95.933,96.01
2025-08-06T11:00:00Z,95.986,96.009,95.898,95.959,96.009,96.031,95.92,95.982
2025-08-06T12:00:00Z,95.961,95.977,95.834,95.882,95.982,95.995,95.857,95.902
2025-08-06T13:00:00Z,95.879,95.893,95.713,95.718,95.902,95.916,95.735,95.737
2025-08-06T14:00:00Z,95.719,95.786,95.595,95.701,95.74,95.806,95.616,95.722
2025-08-06T15:00:00Z,95.702,95.824,95.659,95.748,95.721,95.851,95.681,95.772
2025-08-06T16:00:00Z,95.748,95.802,95.728,95.743,95.771,95.823,95.748,95.765
2025-08-06T17:00:00Z,95.747,95.825,95.742,95.752,95.769,95.846,95.765,95.778
2025-08-06T18:00:00Z,95.749,95.775,95.632,95.653,95.775,95.798,95.656,95.672
2025-08-06T19:00:00Z,95.652,95.722,95.649,95.712,95.672,95.747,95.671,95.74
2025-08-06T20:00:00Z,95.714,95.944,95.698,95.808,95.738,95.986,95.723,95.855
2025-08-06T21:00:00Z,95.691,95.855,95.691,95.741,95.936,96.055,95.826,95.855
2025-08-06T22:00:00Z,95.741,95.819,95.717,95.74,95.857,95.871,95.752,95.768
2025-08-06T23:00:00Z,95.742,95.781,95.65,95.665,95.772,95.805,95.673,95.688
2025-08-07T00:00:00Z,95.662,95.897,95.653,95.873,95.684,95.917,95.672,95.891
2025-08-07T01:00:00Z,95.872,96.089,95.853,96.013,95.891,96.11,95.878,96.037
2025-08-07T02:00:00Z,96.011,96.071,95.947,95.993,96.036,96.096,95.965,96.016
2025-08-07T03:00:00Z,95.995,96.066,95.984,96.041,96.017,96.09,96.002,96.059
2025-08-07T04:00:00Z,96.041,96.071,95.946,95.985,96.06,96.095,95.968,96.003
2025-08-07T05:00:00Z,95.988,95.992,95.901,95.979,96.005,96.017,95.922,96.001
2025-08-07T06:00:00Z,95.976,96.017,95.76,95.792,95.998,96.04,95.782,95.814
2025-08-07T07:00:00Z,95.792,95.981,95.761,95.961,95.816,96.002,95.785,95.979
2025-08-07T08:00:00Z,95.961,96.129,95.948,96.081,95.982,96.152,95.966,96.102
2025-08-07T09:00:00Z,96.08,96.165,96.078,96.126,96.1,96.189,96.1,96.143
2025-08-07T10:00:00Z,96.127,96.186,96.103,96.159,96.146,96.206,96.123,96.18
2025-08-07T11:00:00Z,96.161,96.198,96.05,96.061,96.18,96.219,96.07,96.081
2025-08-07T12:00:00Z,96.061,96.126,95.961,96.096,96.079,96.148,95.983,96.118
2025-08-07T13:00:00Z,96.096,96.132,95.945,95.97,96.12,96.151,95.969,95.993
2025-08-07T14:00:00Z,95.971,95.983,95.785,95.797,95.995,96.006,95.807,95.818
2025-08-07T15:00:00Z,95.798,95.829,95.743,95.781,95.818,95.851,95.766,95.803
2025-08-07T16:00:00Z,95.778,95.847,95.737,95.79,95.801,95.87,95.758,95.808
2025-08-07T17:00:00Z,95.795,95.873,95.775,95.841,95.813,95.895,95.795,95.864
2025-08-07T18:00:00Z,95.841,95.88,95.81,95.878,95.863,95.904,95.832,95.902
2025-08-07T19:00:00Z,95.883,95.883,95.715,95.832,95.906,95.906,95.74,95.856
2025-08-07T20:00:00Z,95.827,95.989,95.822,95.965,95.852,96.024,95.844,96.011
2025-08-07T21:00:00Z,95.79,95.873,95.767,95.786,96.04,96.07,95.939,95.955
2025-08-07T22:00:00Z,95.855,95.943,95.789,95.871,95.931,95.975,95.816,95.891
2025-08-07T23:00:00Z,95.872,95.881,95.777,95.782,95.896,95.902,95.801,95.802
2025-08-08T00:00:00Z,95.78,95.98,95.741,95.954,95.798,96.002,95.766,95.971
2025-08-08T01:00:00Z,95.952,95.999,95.925,95.964,95.969,96.023,95.945,95.986
2025-08-08T02:00:00Z,95.968,96.052,95.953,96.003,95.991,96.075,95.974,96.021
2025-08-08T03:00:00Z,96.003,96.017,95.955,95.978,96.022,96.039,95.98,95.998
2025-08-08T04:00:00Z,95.977,96.016,95.943,95.969,95.996,96.039,95.963,95.991
2025-08-08T05:00:00Z,95.971,96.097,95.935,96.07,95.992,96.119,95.956,96.089
2025-08-08T06:00:00Z,96.067,96.156,96.048,96.111,96.087,96.178,96.067,96.129
2025-08-08T07:00:00Z,96.114,96.244,96.083,96.19,96.131,96.267,96.102,96.213
2025-08-08T08:00:00Z,96.188,96.26,96.137,96.249,96.21,96.284,96.159,96.271
2025-08-08T09:00:00Z,96.249,96.351,96.196,96.348,96.273,96.374,96.216,96.373
2025-08-08T10:00:00Z,96.35,96.458,96.306,96.43,96.374,96.479,96.325,96.45
2025-08-08T11:00:00Z,96.429,96.456,96.358,96.398,96.45,96.477,96.377,96.421
2025-08-08T12:00:00Z,96.398,96.428,96.286,96.339,96.418,96.45,96.307,96.361
2025-08-08T13:00:00Z,96.339,96.515,96.331,96.489,96.358,96.537,96.352,96.51
2025-08-08T14:00:00Z,96.49,96.493,96.374,96.434,96.512,96.516,96.397,96.454
2025-08-08T15:00:00Z,96.434,96.474,96.336,96.395,96.455,96.498,96.359,96.414
2025-08-08T16:00:00Z,96.394,96.447,96.375,96.393,96.415,96.47,96.398,96.417
2025-08-08T17:00:00Z,96.393,96.458,96.358,96.42,96.416,96.482,96.382,96.445
2025-08-08T18:00:00Z,96.418,96.433,96.378,96.398,96.443,96.454,96.399,96.424
2025-08-08T19:00:00Z,96.398,96.413,96.327,96.364,96.423,96.435,96.351,96.382
2025-08-08T20:00:00Z,96.365,96.385,96.22,96.245,96.385,96.48,96.335,96.462
2025-08-10T21:00:00Z,96.138,96.261,96.102,96.158,96.388,96.456,96.294,96.379
2025-08-10T22:00:00Z,96.181,96.369,96.181,96.335,96.356,96.417,96.28,96.356
2025-08-10T23:00:00Z,96.33,96.34,96.206,96.208,96.349,96.362,96.229,96.232
2025-08-11T00:00:00Z,96.205,96.259,96.172,96.21,96.229,96.283,96.196,96.23
2025-08-11T01:00:00Z,96.213,96.296,96.164,96.257,96.234,96.32,96.188,96.281
2025-08-11T02:00:00Z,96.26,96.279,96.218,96.246,96.283,96.302,96.238,96.269
2025-08-11T03:00:00Z,96.247,96.271,96.191,96.236,96.269,96.293,96.213,96.257
2025-08-11T04:00:00Z,96.235,96.259,96.181,96.211,96.257,96.281,96.202,96.236
2025-08-11T05:00:00Z,96.211,96.252,96.181,96.249,96.232,96.275,96.205,96.273
2025-08-11T06:00:00Z,96.248,96.306,96.226,96.28,96.271,96.329,96.248,96.302
2025-08-11T07:00:00Z,96.28,96.302,95.997,96.018,96.299,96.324,96.018,96.04
2025-08-11T08:00:00Z,96.016,96.21,95.987,96.182,96.04,96.228,96.007,96.2
2025-08-11T09:00:00Z,96.18,96.269,96.152,96.259,96.2,96.291,96.176,96.281
2025-08-11T10:00:00Z,96.258,96.343,96.257,96.33,96.279,96.363,96.277,96.349
2025-08-11T11:00:00Z,96.329,96.374,96.226,96.273,96.35,96.396,96.246,96.292
2025-08-11T12:00:00Z,96.275,96.293,96.138,96.165,96.293,96.313,96.158,96.186
2025-08-11T13:00:00Z,96.164,96.308,96.145,96.282,96.187,96.334,96.169,96.305
2025-08-11T14:00:00Z,96.285,96.348,96.205,96.298,96.307,96.37,96.228,96.321
2025-08-11T15:00:00Z,96.298,96.374,96.271,96.372,96.319,96.396,96.294,96.394
2025-08-11T16:00:00Z,96.375,96.404,96.334,96.363,96.397,96.427,96.358,96.386
2025-08-11T17:00:00Z,96.364,96.41,96.338,96.389,96.385,96.428,96.359,96.412
2025-08-11T18:00:00Z,96.392,96.524,96.38,96.502,96.413,96.546,96.403,96.525
2025-08-11T19:00:00Z,96.502,96.506,96.447,96.504,96.524,96.529,96.469,96.526
2025-08-11T20:00:00Z,96.505,96.515,96.461,96.468,96.528,96.539,96.48,96.512
2025-08-11T21:00:00Z,96.34,96.443,96.329,96.43,96.59,96.613,96.507,96.522
2025-08-11T22:00:00Z,96.452,96.522,96.429,96.509,96.495,96.545,96.487,96.534
2025-08-11T23:00:00Z,96.518,96.552,96.473,96.486,96.542,96.574,96.493,96.503
2025-08-12T00:00:00Z,96.485,96.748,96.478,96.718,96.504,96.771,96.5,96.736
2025-08-12T01:00:00Z,96.712,96.712,96.567,96.623,96.732,96.735,96.588,96.646
2025-08-12T02:00:00Z,96.624,96.738,96.605,96.717,96.643,96.761,96.626,96.738
2025-08-12T03:00:00Z,96.717,96.825,96.711,96.734,96.743,96.847,96.736,96.755
2025-08-12T04:00:00Z,96.731,96.742,96.474,96.643,96.755,96.766,96.499,96.664
2025-08-12T05:00:00Z,96.643,96.66,96.316,96.37,96.662,96.682,96.34,96.392
2025-08-12T06:00:00Z,96.371,96.459,96.286,96.336,96.394,96.48,96.305,96.358
2025-08-12T07:00:00Z,96.335,96.459,96.332,96.391,96.355,96.481,96.351,96.414
2025-08-12T08:00:00Z,96.393,96.42,96.276,96.358,96.412,96.442,96.3,96.383
2025-08-12T09:00:00Z,96.356,96.391,96.31,96.354,96.382,96.415,96.331,96.376
2025-08-12T10:00:00Z,96.352,96.397,96.32,96.327,96.374,96.42,96.342,96.348
2025-08-12T11:00:00Z,96.328,96.333,96.226,96.272,96.348,96.356,96.248,96.295
2025-08-12T12:00:00Z,96.269,96.39,96.192,96.291,96.293,96.505,96.246,96.314
2025-08-12T13:00:00Z,96.294,96.476,96.199,96.371,96.317,96.501,96.223,96.395
2025-08-12T14:00:00Z,96.37,96.549,96.314,96.535,96.393,96.572,96.338,96.552
2025-08-12T15:00:00Z,96.533,96.681,96.495,96.526,96.553,96.705,96.515,96.549
2025-08-12T16:00:00Z,96.527,96.54,96.459,96.463,96.549,96.564,96.481,96.487
2025-08-12T17:00:00Z,96.463,96.498,96.419,96.494,96.485,96.521,96.439,96.518
2025-08-12T18:00:00Z,96.494,96.522,96.434,96.458,96.517,96.546,96.453,96.481
2025-08-12T19:00:00Z,96.458,96.474,96.437,96.468,96.482,96.498,96.457,96.489
2025-08-12T20:00:00Z,96.468,96.542,96.46,96.523,96.488,96.573,96.482,96.555
2025-08-12T21:00:00Z,96.378,96.499,96.36,96.495,96.584,96.62,96.502,96.566
2025-08-12T22:00:00Z,96.493,96.547,96.459,96.476,96.558,96.587,96.484,96.499
2025-08-12T23:00:00Z,96.476,96.519,96.461,96.484,96.5,96.543,96.482,96.504
2025-08-13T00:00:00Z,96.481,96.519,96.384,96.436,96.502,96.54,96.404,96.457
2025-08-13T01:00:00Z,96.436,96.55,96.386,96.522,96.458,96.572,96.407,96.546
2025-08-13T02:00:00Z,96.522,96.697,96.512,96.651,96.544,96.72,96.534,96.67
2025-08-13T03:00:00Z,96.652,96.669,96.6,96.613,96.673,96.695,96.623,96.637
2025-08-13T04:00:00Z,96.614,96.724,96.592,96.612,96.637,96.746,96.615,96.634
2025-08-13T05:00:00Z,96.614,96.642,96.582,96.609,96.636,96.663,96.603,96.634
2025-08-13T06:00:00Z,96.614,96.727,96.548,96.699,96.635,96.751,96.568,96.721
2025-08-13T07:00:00Z,96.698,96.742,96.578,96.63,96.718,96.765,96.602,96.651
2025-08-13T08:00:00Z,96.628,96.648,96.404,96.458,96.651,96.665,96.428,96.482
2025-08-13T09:00:00Z,96.46,96.603,96.413,96.597,96.482,96.625,96.437,96.62
2025-08-13T10:00:00Z,96.6,96.634,96.541,96.62,96.623,96.654,96.564,96.643
2025-08-13T11:00:00Z,96.62,96.651,96.528,96.534,96.642,96.674,96.547,96.555
2025-08-13T12:00:00Z,96.534,96.545,96.446,96.47,96.557,96.563,96.469,96.491
2025-08-13T13:00:00Z,96.471,96.484,96.389,96.396,96.491,96.506,96.409,96.42
2025-08-13T14:00:00Z,96.397,96.507,96.338,96.409,96.42,96.53,96.357,96.426
2025-08-13T15:00:00Z,96.409,96.428,96.304,96.352,96.427,96.448,96.328,96.376
2025-08-13T16:00:00Z,96.352,96.427,96.349,96.404,96.375,96.449,96.373,96.428
2025-08-13T17:00:00Z,96.408,96.434,96.378,96.391,96.432,96.457,96.402,96.413
2025-08-13T18:00:00Z,96.389,96.467,96.389,96.422,96.412,96.489,96.412,96.446
2025-08-13T19:00:00Z,96.423,96.486,96.423,96.468,96.443,96.509,96.443,96.491
2025-08-13T20:00:00Z,96.468,96.49,96.423,96.459,96.492,96.51,96.447,96.498
2025-08-13T21:00:00Z,96.357,96.405,96.309,96.33,96.607,96.607,96.424,96.442
2025-08-13T22:00:00Z,96.331,96.407,96.33,96.391,96.441,96.462,96.382,96.408
2025-08-13T23:00:00Z,96.389,96.411,96.359,96.366,96.408,96.435,96.381,96.388
2025-08-14T00:00:00Z,96.368,96.368,96.042,96.119,96.391,96.391,96.064,96.138
2025-08-14T01:00:00Z,96.121,96.228,95.94,96.172,96.142,96.257,95.963,96.195
2025-08-14T02:00:00Z,96.173,96.231,96.086,96.194,96.197,96.25,96.107,96.214
2025-08-14T03:00:00Z,96.195,96.195,95.946,95.946,96.216,96.217,95.968,95.968
2025-08-14T04:00:00Z,95.946,95.961,95.864,95.887,95.967,95.98,95.883,95.912
2025-08-14T05:00:00Z,95.887,95.998,95.853,95.914,95.91,96.022,95.876,95.935
2025-08-14T06:00:00Z,95.91,95.924,95.708,95.745,95.933,95.946,95.73,95.768
2025-08-14T07:00:00Z,95.743,95.788,95.647,95.728,95.765,95.808,95.669,95.748
2025-08-14T08:00:00Z,95.729,95.785,95.619,95.622,95.748,95.807,95.638,95.643
2025-08-14T09:00:00Z,95.621,95.727,95.596,95.711,95.643,95.751,95.617,95.733
2025-08-14T10:00:00Z,95.712,95.725,95.62,95.631,95.733,95.746,95.639,95.649
2025-08-14T11:00:00Z,95.633,95.662,95.569,95.576,95.652,95.683,95.59,95.598
2025-08-14T12:00:00Z,95.578,95.699,95.504,95.589,95.6,95.726,95.531,95.615
2025-08-14T13:00:00Z,95.59,95.743,95.553,95.682,95.615,95.765,95.572,95.705
2025-08-14T14:00:00Z,95.685,95.952,95.685,95.887,95.709,95.972,95.707,95.908
2025-08-14T15:00:00Z,95.888,95.975,95.815,95.815,95.908,95.997,95.836,95.838
2025-08-14T16:00:00Z,95.818,95.927,95.816,95.916,95.841,95.948,95.839,95.934
2025-08-14T17:00:00Z,95.917,95.996,95.906,95.995,95.936,96.02,95.928,96.019
2025-08-14T18:00:00Z,95.995,96.042,95.995,96.033,96.018,96.065,96.016,96.055
2025-08-14T19:00:00Z,96.03,96.05,96.013,96.018,96.053,96.075,96.035,96.038
2025-08-14T20:00:00Z,96.017,96.017,95.952,95.955,96.038,96.038,95.982,95.997
2025-08-14T21:00:00Z,95.811,96.03,95.796,96.002,96.061,96.15,96.036,96.07
2025-08-14T22:00:00Z,96.006,96.042,95.977,96.014,96.049,96.071,96.022,96.042
2025-08-14T23:00:00Z,96.015,96.062,95.934,95.947,96.042,96.089,95.954,95.966
2025-08-15T00:00:00Z,95.946,95.973,95.817,95.823,95.97,95.997,95.837,95.843
2025-08-15T01:00:00Z,95.82,95.874,95.64,95.677,95.842,95.898,95.66,95.705
2025-08-15T02:00:00Z,95.678,95.709,95.575,95.681,95.704,95.733,95.598,95.703
2025-08-15T03:00:00Z,95.679,95.755,95.67,95.724,95.703,95.778,95.695,95.746
2025-08-15T04:00:00Z,95.723,95.73,95.617,95.643,95.743,95.753,95.635,95.663
2025-08-15T05:00:00Z,95.648,95.708,95.589,95.693,95.666,95.73,95.608,95.716
2025-08-15T06:00:00Z,95.69,95.757,95.637,95.715,95.712,95.78,95.66,95.737
2025-08-15T07:00:00Z,95.715,95.839,95.699,95.743,95.738,95.862,95.72,95.767
2025-08-15T08:00:00Z,95.739,95.746,95.579,95.584,95.763,95.77,95.604,95.608
2025-08-15T09:00:00Z,95.584,95.604,95.511,95.564,95.607,95.626,95.531,95.587
2025-08-15T10:00:00Z,95.561,95.706,95.522,95.696,95.586,95.727,95.545,95.718
2025-08-15T11:00:00Z,95.698,95.756,95.69,95.726,95.719,95.779,95.71,95.75
2025-08-15T12:00:00Z,95.724,95.804,95.648,95.701,95.747,95.831,95.671,95.724
2025-08-15T13:00:00Z,95.697,95.821,95.663,95.803,95.721,95.846,95.683,95.846
2025-08-15T14:00:00Z,95.795,95.82,95.655,95.745,95.849,95.852,95.68,95.765
2025-08-15T15:00:00Z,95.744,95.843,95.697,95.739,95.765,95.865,95.717,95.762
2025-08-15T16:00:00Z,95.737,95.854,95.737,95.841,95.761,95.878,95.761,95.863
2025-08-15T17:00:00Z,95.839,95.871,95.777,95.808,95.861,95.896,95.802,95.829
2025-08-15T18:00:00Z,95.806,95.806,95.75,95.757,95.826,95.83,95.771,95.779
2025-08-15T19:00:00Z,95.757,95.819,95.746,95.81,95.78,95.843,95.769,95.831
2025-08-15T20:00:00Z,95.81,95.838,95.696,95.712,95.834,95.862,95.801,95.829
2025-08-17T21:00:00Z,95.775,95.781,95.708,95.726,95.892,95.902,95.834,95.858
2025-08-17T22:00:00Z,95.729,95.851,95.727,95.833,95.857,95.886,95.784,95.856
2025-08-17T23:00:00Z,95.83,95.922,95.83,95.873,95.855,95.946,95.855,95.896
2025-08-18T00:00:00Z,95.873,96.044,95.868,96.014,95.895,96.067,95.891,96.036
2025-08-18T01:00:00Z,96.014,96.148,96.014,96.06,96.037,96.17,96.037,96.082
2025-08-18T02:00:00Z,96.059,96.086,96.026,96.058,96.082,96.108,96.044,96.08
2025-08-18T03:00:00Z,96.061,96.094,96.034,96.087,96.083,96.117,96.057,96.107
2025-08-18T04:00:00Z,96.087,96.15,96.079,96.089,96.108,96.173,96.099,96.113
2025-08-18T05:00:00Z,96.089,96.158,96.051,96.063,96.11,96.181,96.071,96.081
2025-08-18T06:00:00Z,96.065,96.072,95.942,95.963,96.086,96.093,95.961,95.984
2025-08-18T07:00:00Z,95.962,96.018,95.86,96.011,95.982,96.041,95.882,96.032
2025-08-18T08:00:00Z,96.011,96.025,95.923,95.991,96.033,96.047,95.945,96.009
2025-08-18T09:00:00Z,95.991,96.054,95.948,95.994,96.008,96.077,95.969,96.015
2025-08-18T10:00:00Z,95.992,96.034,95.967,95.971,96.013,96.057,95.991,95.994
2025-08-18T11:00:00Z,95.971,96.045,95.961,96.03,95.993,96.067,95.98,96.05
2025-08-18T12:00:00Z,96.029,96.149,96.024,96.124,96.051,96.17,96.043,96.141
2025-08-18T13:00:00Z,96.124,96.193,96.078,96.084,96.144,96.217,96.104,96.108
2025-08-18T14:00:00Z,96.085,96.111,95.9,95.962,96.11,96.132,95.923,95.979
2025-08-18T15:00:00Z,95.959,95.974,95.895,95.93,95.976,95.997,95.916,95.952
2025-08-18T16:00:00Z,95.93,95.953,95.866,95.893,95.953,95.976,95.889,95.916
2025-08-18T17:00:00Z,95.891,95.947,95.858,95.91,95.915,95.968,95.881,95.933
2025-08-18T18:00:00Z,95.911,95.96,95.878,95.959,95.933,95.982,95.903,95.982
2025-08-18T19:00:00Z,95.959,96.036,95.952,96.0,95.983,96.057,95.975,96.024
2025-08-18T20:00:00Z,95.999,96.043,95.955,95.959,96.019,96.068,95.996,96.01
2025-08-18T21:00:00Z,95.883,96.006,95.862,95.929,96.133,96.151,96.019,96.031
2025-08-18T22:00:00Z,95.944,96.045,95.925,96.02,96.018,96.072,95.986,96.045
2025-08-18T23:00:00Z,96.02,96.093,96.008,96.056,96.047,96.116,96.029,96.079
2025-08-19T00:00:00Z,96.056,96.093,95.941,95.958,96.075,96.116,95.96,95.981
2025-08-19T01:00:00Z,95.956,96.055,95.793,95.861,95.981,96.078,95.815,95.883
2025-08-19T02:00:00Z,95.86,95.94,95.807,95.937,95.883,95.962,95.833,95.96
2025-08-19T03:00:00Z,95.939,95.968,95.883,95.893,95.963,95.992,95.907,95.912
2025-08-19T04:00:00Z,95.892,95.925,95.854,95.871,95.913,95.945,95.874,95.894
2025-08-19T05:00:00Z,95.874,95.91,95.658,95.659,95.894,95.93,95.68,95.681
2025-08-19T06:00:00Z,95.659,95.799,95.625,95.795,95.678,95.822,95.647,95.815
2025-08-19T07:00:00Z,95.798,95.85,95.732,95.788,95.817,95.874,95.754,95.809
2025-08-19T08:00:00Z,95.788,95.828,95.711,95.741,95.81,95.849,95.73,95.759
2025-08-19T09:00:00Z,95.74,95.895,95.73,95.883,95.76,95.917,95.75,95.905
2025-08-19T10:00:00Z,95.883,95.892,95.822,95.855,95.906,95.915,95.845,95.878
2025-08-19T11:00:00Z,95.852,95.922,95.836,95.9,95.875,95.944,95.859,95.921
2025-08-19T12:00:00Z,95.899,95.951,95.798,95.821,95.918,95.973,95.817,95.843
2025-08-19T13:00:00Z,95.821,95.832,95.625,95.643,95.842,95.855,95.648,95.662
2025-08-19T14:00:00Z,95.64,95.65,95.488,95.503,95.661,95.672,95.512,95.525
2025-08-19T15:00:00Z,95.502,95.506,95.392,95.396,95.523,95.528,95.412,95.417
2025-08-19T16:00:00Z,95.396,95.404,95.294,95.309,95.418,95.426,95.315,95.33
2025-08-19T17:00:00Z,95.307,95.316,95.188,95.231,95.33,95.337,95.211,95.254
2025-08-19T18:00:00Z,95.229,95.231,95.137,95.165,95.252,95.252,95.159,95.187
2025-08-19T19:00:00Z,95.166,95.229,95.116,95.228,95.186,95.252,95.135,95.248
2025-08-19T20:00:00Z,95.226,95.3,95.225,95.291,95.25,95.33,95.248,95.326
2025-08-19T21:00:00Z,95.272,95.282,95.196,95.225,95.484,95.484,95.333,95.335
2025-08-19T22:00:00Z,95.243,95.286,95.221,95.263,95.336,95.337,95.256,95.291
2025-08-19T23:00:00Z,95.26,95.349,95.258,95.334,95.287,95.372,95.281,95.355
2025-08-20T00:00:00Z,95.337,95.357,95.156,95.188,95.356,95.38,95.178,95.209
2025-08-20T01:00:00Z,95.188,95.253,95.037,95.098,95.211,95.274,95.061,95.127
2025-08-20T02:00:00Z,95.097,95.103,94.857,94.961,95.127,95.132,94.88,94.981
2025-08-20T03:00:00Z,94.962,95.042,94.88,94.9,94.981,95.066,94.903,94.917
2025-08-20T04:00:00Z,94.899,95.122,94.88,95.086,94.918,95.144,94.904,95.109
2025-08-20T05:00:00Z,95.086,95.089,94.984,95.079,95.111,95.114,95.007,95.104
2025-08-20T06:00:00Z,95.081,95.096,94.75,94.947,95.104,95.119,94.773,94.969
2025-08-20T07:00:00Z,94.948,95.088,94.919,95.083,94.968,95.11,94.941,95.107
2025-08-20T08:00:00Z,95.086,95.093,94.8,94.946,95.109,95.117,94.823,94.966
2025-08-20T09:00:00Z,94.944,94.953,94.836,94.917,94.965,94.977,94.859,94.939
2025-08-20T10:00:00Z,94.917,94.918,94.83,94.864,94.94,94.94,94.85,94.885
2025-08-20T11:00:00Z,94.864,94.926,94.832,94.872,94.884,94.947,94.854,94.895
2025-08-20T12:00:00Z,94.872,95.003,94.858,94.887,94.891,95.025,94.878,94.91
2025-08-20T13:00:00Z,94.884,94.941,94.532,94.588,94.907,94.963,94.552,94.611
2025-08-20T14:00:00Z,94.586,94.687,94.392,94.511,94.609,94.708,94.415,94.534
2025-08-20T15:00:00Z,94.511,94.744,94.481,94.593,94.533,94.766,94.504,94.616
2025-08-20T16:00:00Z,94.591,94.72,94.589,94.658,94.614,94.743,94.609,94.679
2025-08-20T17:00:00Z,94.654,94.694,94.62,94.633,94.677,94.717,94.643,94.668
2025-08-20T18:00:00Z,94.633,94.754,94.624,94.693,94.664,94.776,94.65,94.717
2025-08-20T19:00:00Z,94.694,94.8,94.694,94.779,94.717,94.822,94.717,94.802
2025-08-20T20:00:00Z,94.78,94.828,94.749,94.753,94.802,94.853,94.789,94.79
2025-08-20T21:00:00Z,94.682,94.768,94.672,94.716,94.854,94.874,94.8,94.816
2025-08-20T22:00:00Z,94.715,94.802,94.715,94.79,94.821,94.833,94.755,94.816
2025-08-20T23:00:00Z,94.789,94.84,94.758,94.784,94.814,94.864,94.778,94.806
2025-08-21T00:00:00Z,94.783,94.899,94.67,94.726,94.806,94.923,94.695,94.748
2025-08-21T01:00:00Z,94.724,94.826,94.659,94.803,94.748,94.853,94.681,94.824
2025-08-21T02:00:00Z,94.799,94.824,94.575,94.578,94.822,94.848,94.597,94.603
2025-08-21T03:00:00Z,94.574,94.679,94.574,94.659,94.599,94.704,94.599,94.678
2025-08-21T04:00:00Z,94.657,94.677,94.589,94.611,94.677,94.7,94.609,94.634
2025-08-21T05:00:00Z,94.613,94.762,94.566,94.726,94.634,94.786,94.585,94.747
2025-08-21T06:00:00Z,94.724,94.79,94.64,94.752,94.745,94.814,94.663,94.773
2025-08-21T07:00:00Z,94.752,94.796,94.702,94.788,94.775,94.82,94.724,94.811
2025-08-21T08:00:00Z,94.781,94.816,94.714,94.802,94.803,94.84,94.737,94.82
2025-08-21T09:00:00Z,94.804,94.919,94.786,94.859,94.826,94.942,94.806,94.881
2025-08-21T10:00:00Z,94.854,95.041,94.854,95.041,94.876,95.063,94.873,95.062
2025-08-21T11:00:00Z,95.039,95.099,95.0,95.004,95.061,95.121,95.022,95.025
2025-08-21T12:00:00Z,95.003,95.003,94.839,94.852,95.028,95.028,94.857,94.872
2025-08-21T13:00:00Z,94.852,94.964,94.821,94.878,94.871,94.986,94.843,94.903
2025-08-21T14:00:00Z,94.879,95.201,94.871,95.194,94.909,95.22,94.897,95.211
2025-08-21T15:00:00Z,95.194,95.28,95.155,95.233,95.212,95.3,95.177,95.253
2025-08-21T16:00:00Z,95.231,95.258,95.171,95.223,95.253,95.282,95.192,95.245
2025-08-21T17:00:00Z,95.218,95.318,95.169,95.275,95.24,95.339,95.192,95.298
2025-08-21T18:00:00Z,95.275,95.333,95.25,95.301,95.297,95.355,95.273,95.323
2025-08-21T19:00:00Z,95.302,95.325,95.253,95.279,95.323,95.346,95.271,95.297
2025-08-21T20:00:00Z,95.276,95.288,95.229,95.253,95.296,95.311,95.248,95.296
2025-08-21T21:00:00Z,95.148,95.245,95.114,95.223,95.398,95.398,95.275,95.282
2025-08-21T22:00:00Z,95.225,95.316,95.21,95.275,95.275,95.339,95.261,95.299
2025-08-21T23:00:00Z,95.274,95.35,95.245,95.337,95.299,95.376,95.265,95.356
2025-08-22T00:00:00Z,95.333,95.45,95.236,95.386,95.354,95.474,95.26,95.403
2025-08-22T01:00:00Z,95.386,95.454,95.334,95.384,95.405,95.472,95.354,95.409
2025-08-22T02:00:00Z,95.383,95.489,95.343,95.408,95.409,95.51,95.368,95.433
2025-08-22T03:00:00Z,95.409,95.512,95.37,95.48,95.432,95.531,95.392,95.501
2025-08-22T04:00:00Z,95.481,95.512,95.436,95.468,95.503,95.535,95.456,95.486
2025-08-22T05:00:00Z,95.47,95.477,95.354,95.382,95.487,95.501,95.371,95.4
2025-08-22T06:00:00Z,95.378,95.419,95.233,95.315,95.4,95.44,95.251,95.334
2025-08-22T07:00:00Z,95.314,95.465,95.27,95.446,95.336,95.489,95.293,95.465
2025-08-22T08:00:00Z,95.446,95.58,95.427,95.571,95.467,95.602,95.448,95.591
2025-08-22T09:00:00Z,95.57,95.588,95.436,95.452,95.591,95.609,95.455,95.477
2025-08-22T10:00:00Z,95.454,95.468,95.365,95.384,95.477,95.491,95.385,95.406
2025-08-22T11:00:00Z,95.386,95.498,95.372,95.487,95.409,95.519,95.391,95.51
2025-08-22T12:00:00Z,95.488,95.528,95.452,95.482,95.51,95.547,95.474,95.502
2025-08-22T13:00:00Z,95.484,95.545,95.436,95.494,95.505,95.568,95.455,95.529
2025-08-22T14:00:00Z,95.492,95.563,95.2,95.342,95.522,95.638,95.224,95.366
2025-08-22T15:00:00Z,95.342,95.357,95.149,95.186,95.367,95.379,95.172,95.209
2025-08-22T16:00:00Z,95.189,95.25,95.134,95.178,95.21,95.274,95.154,95.202
2025-08-22T17:00:00Z,95.181,95.255,95.17,95.235,95.205,95.279,95.192,95.257
2025-08-22T18:00:00Z,95.232,95.316,95.219,95.294,95.255,95.339,95.241,95.314
2025-08-22T19:00:00Z,95.296,95.358,95.253,95.341,95.317,95.383,95.278,95.366
2025-08-22T20:00:00Z,95.339,95.388,95.315,95.335,95.363,95.489,95.334,95.452
2025-08-24T21:00:00Z,95.262,95.349,95.245,95.287,95.463,95.507,95.381,95.49
2025-08-24T22:00:00Z,95.292,95.411,95.272,95.407,95.493,95.493,95.33,95.427
2025-08-24T23:00:00Z,95.408,95.555,95.393,95.489,95.427,95.573,95.416,95.513
2025-08-25T00:00:00Z,95.493,95.624,95.482,95.552,95.516,95.642,95.507,95.57
2025-08-25T01:00:00Z,95.548,95.557,95.383,95.395,95.567,95.576,95.407,95.419
2025-08-25T02:00:00Z,95.397,95.55,95.393,95.544,95.419,95.573,95.414,95.564
2025-08-25T03:00:00Z,95.544,95.604,95.515,95.569,95.565,95.627,95.535,95.587
2025-08-25T04:00:00Z,95.572,95.608,95.506,95.539,95.589,95.628,95.525,95.561
2025-08-25T05:00:00Z,95.539,95.689,95.539,95.625,95.56,95.713,95.56,95.647
2025-08-25T06:00:00Z,95.621,95.718,95.613,95.655,95.644,95.741,95.633,95.676
2025-08-25T07:00:00Z,95.655,95.719,95.554,95.563,95.677,95.741,95.578,95.585
2025-08-25T08:00:00Z,95.56,95.708,95.56,95.664,95.584,95.73,95.584,95.685
2025-08-25T09:00:00Z,95.664,95.664,95.571,95.605,95.686,95.686,95.593,95.627
2025-08-25T10:00:00Z,95.61,95.686,95.592,95.678,95.631,95.709,95.612,95.697
2025-08-25T11:00:00Z,95.679,95.738,95.669,95.734,95.697,95.76,95.689,95.757
2025-08-25T12:00:00Z,95.734,95.746,95.668,95.67,95.754,95.769,95.691,95.692
2025-08-25T13:00:00Z,95.674,95.825,95.664,95.712,95.696,95.846,95.687,95.739
2025-08-25T14:00:00Z,95.713,95.909,95.697,95.859,95.741,95.932,95.718,95.88
2025-08-25T15:00:00Z,95.86,95.944,95.804,95.914,95.879,95.965,95.825,95.937
2025-08-25T16:00:00Z,95.914,95.914,95.824,95.837,95.938,95.938,95.847,95.86
2025-08-25T17:00:00Z,95.834,95.84,95.764,95.779,95.858,95.862,95.786,95.8
2025-08-25T18:00:00Z,95.78,95.837,95.769,95.817,95.8,95.856,95.79,95.84
2025-08-25T19:00:00Z,95.812,95.843,95.765,95.767,95.836,95.861,95.783,95.79
2025-08-25T20:00:00Z,95.767,95.8,95.728,95.771,95.789,95.824,95.76,95.815
2025-08-25T21:00:00Z,95.627,95.742,95.626,95.685,95.837,95.883,95.794,95.802
2025-08-25T22:00:00Z,95.682,95.811,95.679,95.762,95.794,95.843,95.767,95.791
2025-08-25T23:00:00Z,95.767,95.819,95.75,95.796,95.795,95.841,95.772,95.819
2025-08-26T00:00:00Z,95.798,95.815,95.386,95.467,95.822,95.837,95.409,95.492
2025-08-26T01:00:00Z,95.463,95.579,95.356,95.383,95.486,95.603,95.375,95.405
2025-08-26T02:00:00Z,95.383,95.657,95.383,95.594,95.406,95.681,95.402,95.616
2025-08-26T03:00:00Z,95.595,95.663,95.533,95.659,95.62,95.687,95.56,95.683
2025-08-26T04:00:00Z,95.659,95.75,95.618,95.737,95.681,95.775,95.642,95.761
2025-08-26T05:00:00Z,95.737,95.805,95.672,95.719,95.758,95.827,95.693,95.741
2025-08-26T06:00:00Z,95.722,95.772,95.607,95.753,95.744,95.794,95.63,95.774
2025-08-26T07:00:00Z,95.749,95.801,95.604,95.604,95.772,95.824,95.628,95.628
2025-08-26T08:00:00Z,95.605,95.638,95.532,95.568,95.628,95.661,95.55,95.591
2025-08-26T09:00:00Z,95.568,95.71,95.562,95.683,95.589,95.731,95.583,95.704
2025-08-26T10:00:00Z,95.686,95.738,95.645,95.692,95.706,95.76,95.666,95.712
2025-08-26T11:00:00Z,95.693,95.75,95.648,95.697,95.712,95.771,95.669,95.719
2025-08-26T12:00:00Z,95.698,95.703,95.623,95.688,95.718,95.725,95.646,95.715
2025-08-26T13:00:00Z,95.686,95.741,95.638,95.708,95.715,95.758,95.658,95.736
2025-08-26T14:00:00Z,95.716,95.836,95.709,95.781,95.758,95.857,95.741,95.801
2025-08-26T15:00:00Z,95.779,95.798,95.68,95.71,95.798,95.82,95.701,95.731
2025-08-26T16:00:00Z,95.71,95.717,95.586,95.682,95.732,95.739,95.609,95.704
2025-08-26T17:00:00Z,95.681,95.717,95.669,95.713,95.701,95.738,95.69,95.734
2025-08-26T18:00:00Z,95.711,95.785,95.687,95.7,95.734,95.808,95.71,95.723
2025-08-26T19:00:00Z,95.703,95.734,95.657,95.725,95.726,95.756,95.68,95.749
2025-08-26T20:00:00Z,95.725,95.78,95.719,95.731,95.746,95.802,95.742,95.764
2025-08-26T21:00:00Z,95.574,95.674,95.571,95.64,95.768,95.789,95.695,95.771
2025-08-26T22:00:00Z,95.641,95.796,95.641,95.771,95.746,95.819,95.729,95.798
2025-08-26T23:00:00Z,95.774,95.804,95.733,95.777,95.799,95.829,95.757,95.802
2025-08-27T00:00:00Z,95.782,95.831,95.736,95.816,95.806,95.856,95.754,95.838
2025-08-27T01:00:00Z,95.82,95.997,95.783,95.893,95.841,96.016,95.803,95.914
2025-08-27T02:00:00Z,95.893,95.959,95.819,95.878,95.917,95.983,95.843,95.903
2025-08-27T03:00:00Z,95.874,95.947,95.874,95.905,95.9,95.972,95.9,95.929
2025-08-27T04:00:00Z,95.907,95.971,95.88,95.927,95.932,95.995,95.904,95.951
2025-08-27T05:00:00Z,95.929,95.944,95.854,95.861,95.951,95.967,95.875,95.88
2025-08-27T06:00:00Z,95.861,95.917,95.782,95.829,95.885,95.941,95.802,95.85
2025-08-27T07:00:00Z,95.828,95.876,95.691,95.712,95.852,95.899,95.714,95.732
2025-08-27T08:00:00Z,95.713,95.75,95.613,95.704,95.736,95.773,95.636,95.726
2025-08-27T09:00:00Z,95.707,95.787,95.669,95.787,95.729,95.81,95.693,95.81
2025-08-27T10:00:00Z,95.787,95.797,95.711,95.763,95.811,95.821,95.731,95.787
2025-08-27T11:00:00Z,95.765,95.796,95.718,95.783,95.787,95.814,95.738,95.8
2025-08-27T12:00:00Z,95.784,95.846,95.761,95.815,95.805,95.869,95.781,95.836
2025-08-27T13:00:00Z,95.818,95.907,95.764,95.881,95.84,95.928,95.785,95.904
2025-08-27T14:00:00Z,95.882,95.912,95.779,95.889,95.904,95.934,95.8,95.911
2025-08-27T15:00:00Z,95.89,95.957,95.872,95.951,95.911,95.979,95.895,95.975
2025-08-27T16:00:00Z,95.954,95.983,95.872,95.906,95.975,96.007,95.892,95.928
2025-08-27T17:00:00Z,95.907,95.975,95.888,95.952,95.927,95.998,95.909,95.974
2025-08-27T18:00:00Z,95.949,95.999,95.922,95.949,95.97,96.018,95.944,95.966
2025-08-27T19:00:00Z,95.948,95.998,95.936,95.981,95.968,96.017,95.957,96.005
2025-08-27T20:00:00Z,95.977,95.986,95.871,95.879,96.001,96.008,95.899,95.929
2025-08-27T21:00:00Z,95.819,95.844,95.741,95.814,95.934,96.001,95.802,95.909
2025-08-27T22:00:00Z,95.812,95.886,95.806,95.848,95.906,95.944,95.829,95.873
2025-08-27T23:00:00Z,95.848,95.952,95.825,95.952,95.872,95.972,95.849,95.97
2025-08-28T00:00:00Z,95.952,96.056,95.905,95.917,95.971,96.081,95.927,95.939
2025-08-28T01:00:00Z,95.917,96.001,95.875,95.945,95.94,96.023,95.899,95.968
2025-08-28T02:00:00Z,95.946,96.028,95.926,95.989,95.968,96.052,95.95,96.012
2025-08-28T03:00:00Z,95.989,96.027,95.797,95.816,96.011,96.049,95.82,95.84
2025-08-28T04:00:00Z,95.814,95.858,95.771,95.809,95.838,95.881,95.796,95.83
2025-08-28T05:00:00Z,95.809,95.826,95.699,95.752,95.831,95.848,95.72,95.776
2025-08-28T06:00:00Z,95.754,95.934,95.708,95.919,95.776,95.955,95.728,95.937
2025-08-28T07:00:00Z,95.917,95.959,95.861,95.868,95.937,95.982,95.883,95.89
2025-08-28T08:00:00Z,95.871,95.974,95.821,95.946,95.894,95.997,95.844,95.968
2025-08-28T09:00:00Z,95.946,95.962,95.889,95.928,95.967,95.986,95.91,95.951
2025-08-28T10:00:00Z,95.93,95.991,95.898,95.907,95.953,96.012,95.916,95.928
2025-08-28T11:00:00Z,95.907,95.91,95.824,95.896,95.93,95.931,95.848,95.919
2025-08-28T12:00:00Z,95.89,96.05,95.869,96.027,95.914,96.072,95.889,96.049
2025-08-28T13:00:00Z,96.028,96.076,95.889,95.939,96.049,96.1,95.91,95.966
2025-08-28T14:00:00Z,95.943,95.999,95.854,95.895,95.971,96.02,95.875,95.919
2025-08-28T15:00:00Z,95.893,96.001,95.89,95.984,95.918,96.024,95.914,96.006
2025-08-28T16:00:00Z,95.985,95.993,95.94,95.949,96.005,96.016,95.964,95.974
2025-08-28T17:00:00Z,95.947,95.95,95.849,95.925,95.971,95.972,95.869,95.946
2025-08-28T18:00:00Z,95.925,95.978,95.918,95.935,95.945,95.999,95.94,95.954
2025-08-28T19:00:00Z,95.935,95.973,95.925,95.949,95.955,95.994,95.948,95.97
2025-08-28T20:00:00Z,95.949,96.001,95.945,95.973,95.969,96.026,95.965,96.01
2025-08-28T21:00:00Z,95.775,95.922,95.767,95.922,96.025,96.034,95.941,96.02
2025-08-28T22:00:00Z,95.935,96.022,95.908,95.983,96.039,96.05,95.963,96.007
2025-08-28T23:00:00Z,95.982,95.987,95.864,95.883,96.007,96.011,95.888,95.906
2025-08-29T00:00:00Z,95.88,96.017,95.871,95.952,95.904,96.035,95.895,95.973
2025-08-29T01:00:00Z,95.953,96.157,95.934,96.133,95.973,96.181,95.957,96.156
2025-08-29T02:00:00Z,96.133,96.14,96.012,96.019,96.155,96.16,96.036,96.043
2025-08-29T03:00:00Z,96.019,96.08,96.0,96.068,96.042,96.102,96.021,96.088
2025-08-29T04:00:00Z,96.07,96.107,96.023,96.058,96.091,96.131,96.043,96.08
2025-08-29T05:00:00Z,96.057,96.119,96.016,96.102,96.08,96.143,96.038,96.126
2025-08-29T06:00:00Z,96.107,96.151,96.065,96.102,96.127,96.173,96.084,96.122
2025-08-29T07:00:00Z,96.102,96.172,95.996,96.111,96.124,96.194,96.018,96.132
2025-08-29T08:00:00Z,96.111,96.116,96.003,96.037,96.134,96.138,96.025,96.059
2025-08-29T09:00:00Z,96.038,96.052,95.988,96.015,96.061,96.073,96.01,96.038
2025-08-29T10:00:00Z,96.015,96.105,96.009,96.073,96.034,96.126,96.029,96.096
2025-08-29T11:00:00Z,96.073,96.107,96.065,96.095,96.093,96.129,96.083,96.115
2025-08-29T12:00:00Z,96.095,96.183,96.039,96.177,96.116,96.205,96.061,96.2
2025-08-29T13:00:00Z,96.179,96.19,96.102,96.124,96.2,96.212,96.126,96.161
2025-08-29T14:00:00Z,96.118,96.214,96.027,96.077,96.156,96.235,96.047,96.098
2025-08-29T15:00:00Z,96.078,96.134,96.016,96.126,96.098,96.155,96.038,96.147
2025-08-29T16:00:00Z,96.125,96.184,96.099,96.162,96.147,96.208,96.123,96.183
2025-08-29T17:00:00Z,96.162,96.2,96.112,96.172,96.182,96.221,96.134,96.194
2025-08-29T18:00:00Z,96.174,96.216,96.149,96.209,96.196,96.237,96.171,96.231
2025-08-29T19:00:00Z,96.209,96.234,96.146,96.173,96.229,96.256,96.168,96.194
2025-08-29T20:00:00Z,96.173,96.202,96.101,96.112,96.196,96.234,96.136,96.229
2025-08-31T21:00:00Z,96.172,96.202,96.069,96.085,96.306,96.319,96.187,96.206
2025-08-31T22:00:00Z,96.084,96.253,96.084,96.241,96.21,96.278,96.178,96.267
2025-08-31T23:00:00Z,96.239,96.286,96.221,96.251,96.263,96.308,96.245,96.274
2025-09-01T00:00:00Z,96.254,96.416,96.254,96.389,96.276,96.437,96.276,96.411
2025-09-01T01:00:00Z,96.389,96.393,96.267,96.316,96.41,96.415,96.289,96.337
2025-09-01T02:00:00Z,96.316,96.338,96.158,96.169,96.335,96.361,96.182,96.191
2025-09-01T03:00:00Z,96.169,96.227,96.121,96.165,96.193,96.245,96.144,96.189
2025-09-01T04:00:00Z,96.163,96.224,96.136,96.2,96.188,96.247,96.159,96.224
2025-09-01T05:00:00Z,96.2,96.218,96.098,96.118,96.223,96.241,96.121,96.141
2025-09-01T06:00:00Z,96.116,96.142,96.047,96.127,96.137,96.164,96.07,96.15
2025-09-01T07:00:00Z,96.131,96.287,96.106,96.28,96.154,96.308,96.13,96.304
2025-09-01T08:00:00Z,96.278,96.378,96.262,96.368,96.3,96.401,96.285,96.392
2025-09-01T09:00:00Z,96.366,96.46,96.349,96.451,96.391,96.48,96.369,96.473
2025-09-01T10:00:00Z,96.452,96.501,96.412,96.462,96.472,96.525,96.436,96.486
2025-09-01T11:00:00Z,96.462,96.474,96.405,96.436,96.484,96.497,96.429,96.458
2025-09-01T12:00:00Z,96.437,96.462,96.373,96.44,96.454,96.483,96.396,96.463
2025-09-01T13:00:00Z,96.438,96.487,96.423,96.486,96.46,96.51,96.447,96.508
2025-09-01T14:00:00Z,96.484,96.575,96.474,96.573,96.507,96.597,96.494,96.595
2025-09-01T15:00:00Z,96.573,96.581,96.492,96.492,96.594,96.605,96.514,96.515
2025-09-01T16:00:00Z,96.492,96.493,96.42,96.485,96.516,96.517,96.442,96.507
2025-09-01T17:00:00Z,96.486,96.486,96.445,96.453,96.507,96.509,96.469,96.477
2025-09-01T18:00:00Z,96.457,96.464,96.444,96.464,96.479,96.488,96.465,96.483
2025-09-01T19:00:00Z,96.461,96.474,96.438,96.474,96.482,96.497,96.462,96.496
2025-09-01T20:00:00Z,96.471,96.475,96.42,96.447,96.494,96.498,96.454,96.483
2025-09-01T21:00:00Z,96.301,96.474,96.297,96.422,96.551,96.58,96.492,96.497
2025-09-01T22:00:00Z,96.424,96.466,96.412,96.449,96.482,96.495,96.44,96.471
2025-09-01T23:00:00Z,96.451,96.452,96.398,96.436,96.472,96.474,96.417,96.458
2025-09-02T00:00:00Z,96.439,96.536,96.437,96.514,96.46,96.559,96.459,96.534
2025-09-02T01:00:00Z,96.521,96.616,96.449,96.58,96.539,96.638,96.474,96.601
2025-09-02T02:00:00Z,96.578,96.646,96.544,96.638,96.598,96.669,96.568,96.658
2025-09-02T03:00:00Z,96.638,96.646,96.539,96.594,96.66,96.671,96.561,96.616
2025-09-02T04:00:00Z,96.594,96.647,96.548,96.563,96.618,96.67,96.57,96.583
2025-09-02T05:00:00Z,96.561,96.692,96.553,96.673,96.581,96.711,96.572,96.692
2025-09-02T06:00:00Z,96.675,96.812,96.675,96.799,96.698,96.83,96.696,96.822
2025-09-02T07:00:00Z,96.797,96.861,96.628,96.68,96.82,96.885,96.65,96.701
2025-09-02T08:00:00Z,96.678,96.734,96.55,96.678,96.7,96.757,96.573,96.702
2025-09-02T09:00:00Z,96.678,96.72,96.621,96.715,96.701,96.744,96.644,96.734
2025-09-02T10:00:00Z,96.712,96.779,96.712,96.751,96.732,96.799,96.73,96.775
2025-09-02T11:00:00Z,96.751,96.775,96.685,96.72,96.773,96.795,96.705,96.742
2025-09-02T12:00:00Z,96.723,96.758,96.478,96.535,96.743,96.779,96.496,96.557
2025-09-02T13:00:00Z,96.535,96.647,96.47,96.594,96.558,96.67,96.492,96.63
2025-09-02T14:00:00Z,96.577,96.649,96.47,96.58,96.635,96.671,96.489,96.603
2025-09-02T15:00:00Z,96.582,96.668,96.544,96.563,96.605,96.689,96.567,96.585
2025-09-02T16:00:00Z,96.561,96.704,96.555,96.688,96.584,96.726,96.576,96.708
2025-09-02T17:00:00Z,96.691,96.76,96.645,96.714,96.71,96.781,96.667,96.735
2025-09-02T18:00:00Z,96.714,96.731,96.652,96.722,96.733,96.754,96.675,96.744
2025-09-02T19:00:00Z,96.721,96.735,96.678,96.721,96.742,96.756,96.7,96.745
2025-09-02T20:00:00Z,96.723,96.768,96.708,96.71,96.745,96.791,96.733,96.742
2025-09-02T21:00:00Z,96.588,96.678,96.529,96.667,96.773,96.803,96.7,96.727
2025-09-02T22:00:00Z,96.668,96.83,96.667,96.778,96.727,96.856,96.717,96.804
2025-09-02T23:00:00Z,96.775,96.852,96.751,96.846,96.802,96.875,96.779,96.865
2025-09-03T00:00:00Z,96.847,96.91,96.759,96.905,96.869,96.933,96.783,96.925
2025-09-03T01:00:00Z,96.905,97.139,96.883,97.118,96.923,97.159,96.904,97.142
2025-09-03T02:00:00Z,97.118,97.127,96.989,97.047,97.139,97.149,97.01,97.066
2025-09-03T03:00:00Z,97.051,97.096,97.019,97.051,97.068,97.117,97.039,97.074
2025-09-03T04:00:00Z,97.047,97.072,96.857,96.887,97.071,97.094,96.876,96.91
2025-09-03T05:00:00Z,96.887,96.909,96.703,96.772,96.907,96.933,96.725,96.794
2025-09-03T06:00:00Z,96.772,96.841,96.721,96.755,96.795,96.864,96.74,96.776
2025-09-03T07:00:00Z,96.755,97.027,96.753,97.002,96.777,97.051,96.773,97.022
2025-09-03T08:00:00Z,97.002,97.048,96.941,96.944,97.021,97.069,96.961,96.964
2025-09-03T09:00:00Z,96.945,97.078,96.943,97.017,96.967,97.103,96.962,97.04
2025-09-03T10:00:00Z,97.015,97.084,97.0,97.083,97.038,97.105,97.022,97.104
2025-09-03T11:00:00Z,97.081,97.144,97.074,97.122,97.104,97.165,97.097,97.14
2025-09-03T12:00:00Z,97.122,97.27,97.115,97.268,97.144,97.292,97.137,97.29
2025-09-03T13:00:00Z,97.267,97.288,97.131,97.131,97.29,97.311,97.156,97.174
2025-09-03T14:00:00Z,97.124,97.136,96.917,96.952,97.185,97.219,96.939,96.976
2025-09-03T15:00:00Z,96.952,97.026,96.875,96.893,96.973,97.047,96.897,96.916
2025-09-03T16:00:00Z,96.89,96.916,96.837,96.906,96.914,96.939,96.857,96.926
2025-09-03T17:00:00Z,96.903,96.949,96.818,96.875,96.925,96.968,96.841,96.899
2025-09-03T18:00:00Z,96.878,96.898,96.822,96.839,96.901,96.919,96.841,96.862
2025-09-03T19:00:00Z,96.834,96.89,96.809,96.873,96.858,96.912,96.831,96.897
2025-09-03T20:00:00Z,96.875,96.953,96.873,96.902,96.897,96.977,96.895,96.939
2025-09-03T21:00:00Z,96.772,96.854,96.762,96.827,96.908,96.946,96.879,96.905
2025-09-03T22:00:00Z,96.822,96.904,96.821,96.832,96.904,96.962,96.85,96.858
2025-09-03T23:00:00Z,96.834,96.861,96.792,96.838,96.859,96.885,96.812,96.86
2025-09-04T00:00:00Z,96.836,97.011,96.821,96.904,96.857,97.028,96.841,96.925
2025-09-04T01:00:00Z,96.902,96.924,96.735,96.763,96.925,96.947,96.756,96.783
2025-09-04T02:00:00Z,96.764,96.858,96.757,96.827,96.782,96.882,96.779,96.849
2025-09-04T03:00:00Z,96.826,96.871,96.804,96.839,96.849,96.891,96.826,96.863
2025-09-04T04:00:00Z,96.839,96.872,96.752,96.768,96.864,96.894,96.771,96.789
2025-09-04T05:00:00Z,96.768,96.776,96.673,96.704,96.792,96.8,96.691,96.725
2025-09-04T06:00:00Z,96.711,96.742,96.65,96.682,96.735,96.766,96.672,96.704
2025-09-04T07:00:00Z,96.685,96.814,96.639,96.805,96.707,96.837,96.659,96.826
2025-09-04T08:00:00Z,96.807,96.829,96.681,96.736,96.826,96.85,96.705,96.754
2025-09-04T09:00:00Z,96.736,96.748,96.644,96.672,96.756,96.771,96.665,96.692
2025-09-04T10:00:00Z,96.672,96.685,96.642,96.649,96.693,96.708,96.661,96.669
2025-09-04T11:00:00Z,96.646,96.681,96.625,96.657,96.665,96.702,96.647,96.679
2025-09-04T12:00:00Z,96.66,96.777,96.524,96.777,96.679,96.799,96.621,96.799
2025-09-04T13:00:00Z,96.779,96.879,96.723,96.773,96.802,96.901,96.743,96.831
2025-09-04T14:00:00Z,96.776,96.837,96.549,96.785,96.835,96.86,96.568,96.805
2025-09-04T15:00:00Z,96.786,96.821,96.718,96.771,96.805,96.844,96.739,96.793
2025-09-04T16:00:00Z,96.77,96.789,96.739,96.748,96.793,96.811,96.762,96.769
2025-09-04T17:00:00Z,96.75,96.816,96.743,96.754,96.769,96.839,96.766,96.775
2025-09-04T18:00:00Z,96.755,96.801,96.739,96.757,96.778,96.822,96.76,96.778
2025-09-04T19:00:00Z,96.756,96.784,96.737,96.774,96.778,96.806,96.756,96.795
2025-09-04T20:00:00Z,96.774,96.79,96.746,96.746,96.796,96.813,96.772,96.784
2025-09-04T21:00:00Z,96.62,96.749,96.62,96.682,96.858,96.869,96.729,96.752
2025-09-04T22:00:00Z,96.689,96.796,96.679,96.763,96.734,96.825,96.732,96.786
2025-09-04T23:00:00Z,96.763,96.8,96.699,96.795,96.785,96.823,96.723,96.818
2025-09-05T00:00:00Z,96.795,96.828,96.666,96.695,96.815,96.849,96.687,96.719
2025-09-05T01:00:00Z,96.697,96.751,96.669,96.714,96.72,96.771,96.692,96.738
2025-09-05T02:00:00Z,96.712,96.759,96.661,96.743,96.738,96.778,96.683,96.764
2025-09-05T03:00:00Z,96.745,96.767,96.692,96.763,96.763,96.787,96.717,96.784
2025-09-05T04:00:00Z,96.762,96.781,96.728,96.743,96.784,96.803,96.751,96.765
2025-09-05T05:00:00Z,96.747,96.859,96.716,96.838,96.765,96.88,96.737,96.859
2025-09-05T06:00:00Z,96.839,96.881,96.796,96.828,96.858,96.901,96.818,96.849
2025-09-05T07:00:00Z,96.829,96.983,96.815,96.974,96.851,97.003,96.836,96.995
2025-09-05T08:00:00Z,96.973,96.991,96.922,96.952,96.995,97.012,96.942,96.974
2025-09-05T09:00:00Z,96.952,96.976,96.895,96.96,96.972,96.998,96.914,96.982
2025-09-05T10:00:00Z,96.96,96.973,96.919,96.925,96.981,96.995,96.941,96.945
2025-09-05T11:00:00Z,96.925,96.993,96.922,96.923,96.947,97.013,96.94,96.945
2025-09-05T12:00:00Z,96.924,96.941,96.566,96.794,96.942,97.002,96.665,96.817
2025-09-05T13:00:00Z,96.793,96.961,96.749,96.878,96.815,96.984,96.769,96.9
2025-09-05T14:00:00Z,96.878,96.897,96.364,96.431,96.899,96.916,96.388,96.453
2025-09-05T15:00:00Z,96.431,96.516,96.301,96.436,96.451,96.537,96.321,96.458
2025-09-05T16:00:00Z,96.439,96.571,96.421,96.567,96.46,96.593,96.442,96.59
2025-09-05T17:00:00Z,96.567,96.586,96.503,96.537,96.588,96.609,96.522,96.562
2025-09-05T18:00:00Z,96.539,96.615,96.514,96.615,96.561,96.638,96.532,96.638
2025-09-05T19:00:00Z,96.616,96.632,96.57,96.614,96.638,96.653,96.591,96.636
2025-09-05T20:00:00Z,96.614,96.66,96.577,96.585,96.637,96.72,96.614,96.702
2025-09-07T21:00:00Z,97.024,97.089,96.89,96.897,97.195,97.2,96.995,97.04
2025-09-07T22:00:00Z,96.897,97.206,96.891,97.166,97.039,97.232,96.972,97.19
2025-09-07T23:00:00Z,97.163,97.25,97.084,97.209,97.19,97.269,97.104,97.231
2025-09-08T00:00:00Z,97.202,97.325,97.171,97.24,97.225,97.35,97.19,97.26
2025-09-08T01:00:00Z,97.242,97.284,97.159,97.265,97.263,97.308,97.18,97.284
2025-09-08T02:00:00Z,97.266,97.276,97.067,97.188,97.287,97.296,97.092,97.211
2025-09-08T03:00:00Z,97.188,97.227,97.118,97.203,97.212,97.249,97.14,97.227
2025-09-08T04:00:00Z,97.205,97.229,97.14,97.223,97.227,97.252,97.161,97.248
2025-09-08T05:00:00Z,97.224,97.274,97.145,97.233,97.243,97.296,97.165,97.251
2025-09-08T06:00:00Z,97.232,97.29,97.173,97.203,97.249,97.312,97.194,97.222
2025-09-08T07:00:00Z,97.204,97.209,97.106,97.149,97.224,97.232,97.129,97.168
2025-09-08T08:00:00Z,97.147,97.246,97.116,97.234,97.168,97.268,97.136,97.257
2025-09-08T09:00:00Z,97.234,97.268,97.191,97.244,97.256,97.289,97.215,97.261
2025-09-08T10:00:00Z,97.244,97.389,97.243,97.345,97.262,97.409,97.262,97.367
2025-09-08T11:00:00Z,97.347,97.418,97.306,97.387,97.37,97.439,97.325,97.408
2025-09-08T12:00:00Z,97.387,97.422,97.325,97.407,97.405,97.441,97.347,97.429
2025-09-08T13:00:00Z,97.407,97.418,97.271,97.312,97.43,97.441,97.291,97.333
2025-09-08T14:00:00Z,97.312,97.353,97.253,97.273,97.336,97.375,97.276,97.295
2025-09-08T15:00:00Z,97.273,97.284,97.207,97.255,97.293,97.303,97.229,97.275
2025-09-08T16:00:00Z,97.256,97.257,97.196,97.245,97.275,97.28,97.216,97.268
2025-09-08T17:00:00Z,97.242,97.263,97.201,97.233,97.267,97.285,97.224,97.255
2025-09-08T18:00:00Z,97.232,97.251,97.204,97.214,97.251,97.273,97.224,97.233
2025-09-08T19:00:00Z,97.213,97.228,97.152,97.21,97.234,97.251,97.173,97.231
2025-09-08T20:00:00Z,97.211,97.262,97.187,97.241,97.234,97.287,97.209,97.278
2025-09-08T21:00:00Z,97.1,97.208,97.1,97.2,97.285,97.312,97.239,97.254
2025-09-08T22:00:00Z,97.204,97.247,97.183,97.201,97.257,97.301,97.211,97.227
2025-09-08T23:00:00Z,97.196,97.228,97.122,97.226,97.225,97.251,97.142,97.25
2025-09-09T00:00:00Z,97.225,97.245,97.104,97.177,97.247,97.269,97.127,97.196
2025-09-09T01:00:00Z,97.175,97.197,97.098,97.138,97.198,97.22,97.121,97.163
2025-09-09T02:00:00Z,97.139,97.268,97.127,97.262,97.162,97.29,97.148,97.285
2025-09-09T03:00:00Z,97.26,97.266,97.18,97.239,97.284,97.289,97.204,97.258
2025-09-09T04:00:00Z,97.24,97.25,97.147,97.191,97.26,97.272,97.168,97.212
2025-09-09T05:00:00Z,97.191,97.21,97.066,97.119,97.214,97.23,97.087,97.143
2025-09-09T06:00:00Z,97.12,97.179,97.087,97.127,97.142,97.196,97.109,97.149
2025-09-09T07:00:00Z,97.131,97.275,97.118,97.24,97.153,97.296,97.14,97.262
2025-09-09T08:00:00Z,97.238,97.317,96.86,96.949,97.26,97.34,96.884,96.969
2025-09-09T09:00:00Z,96.949,96.968,96.809,96.847,96.966,96.99,96.829,96.868
2025-09-09T10:00:00Z,96.844,96.923,96.835,96.877,96.861,96.942,96.855,96.897
2025-09-09T11:00:00Z,96.879,96.995,96.87,96.969,96.898,97.016,96.891,96.99
2025-09-09T12:00:00Z,96.966,97.048,96.901,96.928,96.986,97.07,96.92,96.949
2025-09-09T13:00:00Z,96.928,96.973,96.853,96.949,96.95,96.995,96.873,96.978
2025-09-09T14:00:00Z,96.95,97.013,96.861,96.976,96.983,97.038,96.893,96.999
2025-09-09T15:00:00Z,96.98,97.052,96.959,97.025,97.002,97.072,96.983,97.043
2025-09-09T16:00:00Z,97.023,97.087,97.013,97.05,97.043,97.11,97.034,97.068
2025-09-09T17:00:00Z,97.05,97.081,97.021,97.031,97.07,97.102,97.041,97.051
2025-09-09T18:00:00Z,97.031,97.056,97.015,97.034,97.052,97.077,97.034,97.055
2025-09-09T19:00:00Z,97.033,97.083,97.029,97.057,97.055,97.104,97.05,97.077
2025-09-09T20:00:00Z,97.058,97.089,97.041,97.049,97.08,97.109,97.067,97.086
2025-09-09T21:00:00Z,96.977,97.035,96.949,97.001,97.167,97.239,97.05,97.1
2025-09-09T22:00:00Z,97.003,97.072,96.996,97.046,97.094,97.097,97.048,97.068
2025-09-09T23:00:00Z,97.043,97.064,97.02,97.059,97.064,97.086,97.04,97.079
2025-09-10T00:00:00Z,97.057,97.116,97.044,97.115,97.079,97.137,97.064,97.137
2025-09-10T01:00:00Z,97.116,97.169,97.06,97.126,97.137,97.191,97.082,97.149
2025-09-10T02:00:00Z,97.123,97.2,97.107,97.194,97.144,97.222,97.127,97.218
2025-09-10T03:00:00Z,97.195,97.337,97.191,97.332,97.216,97.36,97.21,97.355
2025-09-10T04:00:00Z,97.333,97.427,97.326,97.413,97.355,97.446,97.347,97.431
2025-09-10T05:00:00Z,97.411,97.433,97.349,97.417,97.43,97.453,97.37,97.44
2025-09-10T06:00:00Z,97.419,97.491,97.329,97.408,97.44,97.511,97.347,97.432
2025-09-10T07:00:00Z,97.405,97.424,97.301,97.375,97.428,97.447,97.325,97.394
2025-09-10T08:00:00Z,97.375,97.379,97.282,97.357,97.393,97.402,97.302,97.381
2025-09-10T09:00:00Z,97.359,97.45,97.353,97.411,97.381,97.473,97.372,97.433
2025-09-10T10:00:00Z,97.412,97.413,97.334,97.364,97.432,97.437,97.355,97.387
2025-09-10T11:00:00Z,97.363,97.45,97.361,97.446,97.383,97.474,97.381,97.468
2025-09-10T12:00:00Z,97.443,97.546,97.293,97.536,97.465,97.57,97.391,97.561
2025-09-10T13:00:00Z,97.54,97.688,97.428,97.631,97.562,97.711,97.452,97.65
2025-09-10T14:00:00Z,97.632,97.736,97.628,97.696,97.655,97.757,97.651,97.717
2025-09-10T15:00:00Z,97.697,97.729,97.577,97.63,97.717,97.751,97.6,97.652
2025-09-10T16:00:00Z,97.63,97.634,97.526,97.545,97.651,97.655,97.549,97.567
2025-09-10T17:00:00Z,97.546,97.569,97.533,97.565,97.569,97.59,97.553,97.584
2025-09-10T18:00:00Z,97.564,97.58,97.496,97.515,97.586,97.602,97.52,97.536
2025-09-10T19:00:00Z,97.512,97.542,97.464,97.536,97.534,97.564,97.487,97.557
2025-09-10T20:00:00Z,97.537,97.546,97.483,97.511,97.557,97.569,97.506,97.546
2025-09-10T21:00:00Z,97.433,97.514,97.387,97.429,97.645,97.645,97.49,97.504
2025-09-10T22:00:00Z,97.431,97.519,97.431,97.512,97.488,97.544,97.488,97.536
2025-09-10T23:00:00Z,97.513,97.542,97.471,97.524,97.536,97.562,97.494,97.541
2025-09-11T00:00:00Z,97.527,97.548,97.448,97.473,97.544,97.569,97.468,97.491
2025-09-11T01:00:00Z,97.474,97.546,97.435,97.523,97.491,97.568,97.454,97.546
2025-09-11T02:00:00Z,97.521,97.549,97.46,97.473,97.543,97.57,97.482,97.493
2025-09-11T03:00:00Z,97.472,97.521,97.459,97.498,97.493,97.542,97.477,97.52
2025-09-11T04:00:00Z,97.498,97.506,97.41,97.447,97.521,97.528,97.428,97.464
2025-09-11T05:00:00Z,97.447,97.468,97.392,97.462,97.465,97.488,97.412,97.483
2025-09-11T06:00:00Z,97.459,97.667,97.458,97.667,97.479,97.689,97.478,97.687
2025-09-11T07:00:00Z,97.668,97.719,97.615,97.708,97.69,97.742,97.634,97.729
2025-09-11T08:00:00Z,97.708,97.746,97.664,97.698,97.73,97.769,97.683,97.718
2025-09-11T09:00:00Z,97.697,97.733,97.631,97.718,97.716,97.757,97.652,97.741
2025-09-11T10:00:00Z,97.717,97.757,97.678,97.739,97.737,97.78,97.696,97.76
2025-09-11T11:00:00Z,97.737,97.786,97.693,97.7,97.759,97.808,97.714,97.717
2025-09-11T12:00:00Z,97.697,97.717,97.488,97.698,97.715,97.794,97.511,97.719
2025-09-11T13:00:00Z,97.696,97.789,97.646,97.763,97.719,97.807,97.668,97.786
2025-09-11T14:00:00Z,97.767,97.862,97.703,97.859,97.791,97.885,97.725,97.88
2025-09-11T15:00:00Z,97.861,97.996,97.822,97.963,97.882,98.02,97.841,97.982
2025-09-11T16:00:00Z,97.963,97.99,97.887,97.924,97.985,98.013,97.907,97.949
2025-09-11T17:00:00Z,97.922,98.075,97.906,98.074,97.948,98.096,97.929,98.094
2025-09-11T18:00:00Z,98.075,98.101,98.024,98.039,98.096,98.126,98.045,98.062
2025-09-11T19:00:00Z,98.041,98.075,97.972,98.043,98.062,98.098,97.997,98.065
2025-09-11T20:00:00Z,98.043,98.088,98.012,98.044,98.066,98.109,98.031,98.085
2025-09-11T21:00:00Z,97.945,98.012,97.941,97.989,98.125,98.149,98.041,98.061
2025-09-11T22:00:00Z,97.993,98.082,97.988,98.07,98.056,98.109,98.032,98.098
2025-09-11T23:00:00Z,98.068,98.143,98.037,98.127,98.095,98.166,98.058,98.146
2025-09-12T00:00:00Z,98.125,98.206,98.048,98.16,98.146,98.227,98.071,98.182
2025-09-12T01:00:00Z,98.16,98.188,98.107,98.116,98.179,98.211,98.126,98.141
2025-09-12T02:00:00Z,98.111,98.226,98.107,98.2,98.136,98.247,98.13,98.217
2025-09-12T03:00:00Z,98.203,98.264,98.168,98.221,98.22,98.288,98.188,98.241
2025-09-12T04:00:00Z,98.221,98.278,98.194,98.198,98.242,98.299,98.212,98.215
2025-09-12T05:00:00Z,98.198,98.249,98.093,98.104,98.218,98.272,98.113,98.122
2025-09-12T06:00:00Z,98.1,98.164,98.048,98.149,98.122,98.186,98.067,98.17
2025-09-12T07:00:00Z,98.149,98.23,98.12,98.212,98.171,98.252,98.14,98.231
2025-09-12T08:00:00Z,98.209,98.311,98.18,98.279,98.231,98.334,98.2,98.301
2025-09-12T09:00:00Z,98.279,98.416,98.279,98.372,98.297,98.437,98.297,98.392
2025-09-12T10:00:00Z,98.373,98.388,98.206,98.238,98.392,98.411,98.226,98.257
2025-09-12T11:00:00Z,98.239,98.273,98.121,98.229,98.256,98.297,98.142,98.25
2025-09-12T12:00:00Z,98.229,98.248,98.122,98.148,98.248,98.271,98.139,98.169
2025-09-12T13:00:00Z,98.148,98.16,98.061,98.07,98.166,98.182,98.088,98.108
2025-09-12T14:00:00Z,98.071,98.148,98.033,98.099,98.113,98.171,98.056,98.118
2025-09-12T15:00:00Z,98.097,98.103,98.056,98.095,98.117,98.125,98.076,98.115
2025-09-12T16:00:00Z,98.095,98.121,98.059,98.095,98.116,98.142,98.076,98.119
2025-09-12T17:00:00Z,98.095,98.124,98.052,98.065,98.118,98.146,98.073,98.088
2025-09-12T18:00:00Z,98.065,98.113,98.031,98.112,98.089,98.131,98.054,98.131
2025-09-12T19:00:00Z,98.112,98.161,98.085,98.148,98.133,98.184,98.108,98.17
2025-09-12T20:00:00Z,98.143,98.188,98.108,98.141,98.164,98.26,98.156,98.258
2025-09-14T21:00:00Z,98.133,98.133,97.863,98.008,98.25,98.312,98.113,98.258
2025-09-14T22:00:00Z,98.003,98.24,98.003,98.194,98.253,98.325,98.181,98.218
2025-09-14T23:00:00Z,98.191,98.197,98.125,98.179,98.215,98.22,98.149,98.202
2025-09-15T00:00:00Z,98.179,98.191,98.107,98.133,98.201,98.215,98.129,98.152
2025-09-15T01:00:00Z,98.133,98.263,98.115,98.248,98.154,98.286,98.134,98.27
2025-09-15T02:00:00Z,98.245,98.254,98.145,98.154,98.268,98.278,98.168,98.176
2025-09-15T03:00:00Z,98.151,98.249,98.138,98.192,98.173,98.272,98.159,98.212
2025-09-15T04:00:00Z,98.192,98.24,98.152,98.223,98.21,98.258,98.177,98.245
2025-09-15T05:00:00Z,98.226,98.233,98.154,98.227,98.246,98.254,98.175,98.247
2025-09-15T06:00:00Z,98.228,98.282,98.169,98.202,98.25,98.304,98.189,98.222
2025-09-15T07:00:00Z,98.202,98.271,98.187,98.255,98.223,98.293,98.21,98.279
2025-09-15T08:00:00Z,98.256,98.256,98.146,98.16,98.279,98.279,98.167,98.182
2025-09-15T09:00:00Z,98.16,98.167,98.054,98.057,98.183,98.189,98.075,98.079
2025-09-15T10:00:00Z,98.054,98.12,98.041,98.1,98.077,98.14,98.061,98.121
2025-09-15T11:00:00Z,98.1,98.186,98.067,98.169,98.123,98.206,98.087,98.191
2025-09-15T12:00:00Z,98.173,98.222,98.139,98.162,98.192,98.243,98.159,98.184
2025-09-15T13:00:00Z,98.161,98.166,98.071,98.079,98.185,98.189,98.093,98.102
2025-09-15T14:00:00Z,98.082,98.195,98.054,98.162,98.104,98.217,98.073,98.182
2025-09-15T15:00:00Z,98.164,98.244,98.139,98.226,98.181,98.266,98.158,98.247
2025-09-15T16:00:00Z,98.224,98.274,98.187,98.199,98.247,98.295,98.207,98.221
2025-09-15T17:00:00Z,98.197,98.278,98.192,98.265,98.219,98.302,98.213,98.286
2025-09-15T18:00:00Z,98.264,98.296,98.242,98.283,98.286,98.316,98.262,98.306
2025-09-15T19:00:00Z,98.286,98.336,98.262,98.331,98.306,98.355,98.285,98.35
2025-09-15T20:00:00Z,98.33,98.342,98.3,98.309,98.35,98.365,98.326,98.349
2025-09-15T21:00:00Z,98.222,98.236,98.177,98.212,98.321,98.342,98.281,98.329
2025-09-15T22:00:00Z,98.207,98.308,98.205,98.305,98.317,98.343,98.302,98.333
2025-09-15T23:00:00Z,98.309,98.359,98.29,98.343,98.336,98.38,98.314,98.362
2025-09-16T00:00:00Z,98.342,98.381,98.279,98.305,98.362,98.403,98.3,98.327
2025-09-16T01:00:00Z,98.306,98.362,98.238,98.278,98.326,98.382,98.26,98.297
2025-09-16T02:00:00Z,98.275,98.275,98.047,98.054,98.297,98.297,98.069,98.074
2025-09-16T03:00:00Z,98.054,98.143,98.042,98.091,98.073,98.164,98.065,98.111
2025-09-16T04:00:00Z,98.093,98.096,97.913,97.928,98.111,98.116,97.935,97.947
2025-09-16T05:00:00Z,97.927,98.02,97.89,97.97,97.948,98.04,97.915,97.992
2025-09-16T06:00:00Z,97.969,98.008,97.885,97.945,97.992,98.029,97.906,97.964
2025-09-16T07:00:00Z,97.943,97.949,97.8,97.862,97.965,97.969,97.82,97.883
2025-09-16T08:00:00Z,97.862,97.98,97.837,97.929,97.884,98.001,97.857,97.951
2025-09-16T09:00:00Z,97.93,98.021,97.919,97.98,97.95,98.044,97.939,98.0
2025-09-16T10:00:00Z,97.981,98.05,97.961,98.023,98.002,98.072,97.98,98.042
2025-09-16T11:00:00Z,98.022,98.11,98.002,98.069,98.044,98.132,98.024,98.092
2025-09-16T12:00:00Z,98.072,98.123,98.038,98.077,98.091,98.152,98.061,98.101
2025-09-16T13:00:00Z,98.079,98.1,97.838,97.847,98.101,98.123,97.86,97.867
2025-09-16T14:00:00Z,97.847,97.877,97.713,97.825,97.869,97.895,97.736,97.846
2025-09-16T15:00:00Z,97.827,97.86,97.693,97.83,97.848,97.882,97.714,97.848
2025-09-16T16:00:00Z,97.829,97.884,97.798,97.801,97.849,97.902,97.817,97.823
2025-09-16T17:00:00Z,97.802,97.864,97.774,97.84,97.823,97.884,97.793,97.859
2025-09-16T18:00:00Z,97.837,97.858,97.794,97.8,97.857,97.88,97.813,97.82
2025-09-16T19:00:00Z,97.798,97.86,97.783,97.859,97.821,97.882,97.803,97.881
2025-09-16T20:00:00Z,97.861,97.943,97.851,97.889,97.88,97.966,97.87,97.926
2025-09-16T21:00:00Z,97.789,97.905,97.745,97.85,97.987,98.022,97.876,97.955
2025-09-16T22:00:00Z,97.851,97.913,97.851,97.903,97.948,97.949,97.887,97.924
2025-09-16T23:00:00Z,97.902,97.932,97.809,97.919,97.924,97.954,97.831,97.942
2025-09-17T00:00:00Z,97.919,97.938,97.796,97.917,97.94,97.96,97.817,97.941
2025-09-17T01:00:00Z,97.918,97.946,97.8,97.849,97.941,97.967,97.823,97.873
2025-09-17T02:00:00Z,97.851,97.876,97.777,97.841,97.874,97.899,97.797,97.863
2025-09-17T03:00:00Z,97.842,97.873,97.803,97.821,97.863,97.896,97.822,97.84
2025-09-17T04:00:00Z,97.821,97.824,97.752,97.759,97.842,97.845,97.772,97.778
2025-09-17T05:00:00Z,97.758,97.833,97.722,97.828,97.778,97.853,97.743,97.85
2025-09-17T06:00:00Z,97.824,97.836,97.712,97.755,97.848,97.857,97.734,97.776
2025-09-17T07:00:00Z,97.753,97.83,97.719,97.816,97.775,97.852,97.742,97.84
2025-09-17T08:00:00Z,97.817,97.828,97.654,97.694,97.839,97.849,97.676,97.717
2025-09-17T09:00:00Z,97.694,97.694,97.599,97.622,97.718,97.718,97.617,97.643
2025-09-17T10:00:00Z,97.622,97.623,97.53,97.553,97.644,97.646,97.552,97.571
2025-09-17T11:00:00Z,97.55,97.706,97.528,97.684,97.57,97.73,97.551,97.702
2025-09-17T12:00:00Z,97.682,97.821,97.679,97.775,97.702,97.842,97.701,97.798
2025-09-17T13:00:00Z,97.777,97.788,97.645,97.748,97.796,97.81,97.664,97.769
2025-09-17T14:00:00Z,97.747,97.754,97.577,97.613,97.769,97.777,97.597,97.633
2025-09-17T15:00:00Z,97.612,97.628,97.519,97.564,97.633,97.65,97.539,97.587
2025-09-17T16:00:00Z,97.565,97.569,97.458,97.474,97.586,97.591,97.477,97.495
2025-09-17T17:00:00Z,97.471,97.557,97.471,97.496,97.495,97.577,97.493,97.572
2025-09-17T18:00:00Z,97.5,97.741,97.409,97.644,97.569,97.767,97.439,97.668
2025-09-17T19:00:00Z,97.642,97.811,97.638,97.729,97.666,97.834,97.662,97.754
2025-09-17T20:00:00Z,97.73,97.815,97.714,97.76,97.752,97.838,97.735,97.814
2025-09-17T21:00:00Z,97.616,97.759,97.612,97.724,97.866,97.922,97.745,97.819
2025-09-17T22:00:00Z,97.726,97.776,97.666,97.733,97.809,97.834,97.691,97.752
2025-09-17T23:00:00Z,97.73,97.754,97.659,97.696,97.75,97.777,97.682,97.718
2025-09-18T00:00:00Z,97.697,97.733,97.617,97.697,97.721,97.756,97.639,97.72
2025-09-18T01:00:00Z,97.695,97.819,97.556,97.616,97.721,97.842,97.581,97.64
2025-09-18T02:00:00Z,97.616,97.754,97.608,97.667,97.635,97.777,97.629,97.687
2025-09-18T03:00:00Z,97.667,97.707,97.648,97.672,97.685,97.73,97.667,97.692
2025-09-18T04:00:00Z,97.674,97.688,97.572,97.6,97.692,97.71,97.591,97.622
2025-09-18T05:00:00Z,97.602,97.608,97.52,97.596,97.623,97.631,97.539,97.615
2025-09-18T06:00:00Z,97.597,97.649,97.555,97.588,97.614,97.672,97.575,97.61
2025-09-18T07:00:00Z,97.588,97.733,97.553,97.714,97.611,97.755,97.573,97.734
2025-09-18T08:00:00Z,97.712,97.931,97.684,97.862,97.733,97.953,97.707,97.883
2025-09-18T09:00:00Z,97.861,97.984,97.808,97.982,97.881,98.006,97.828,97.999
2025-09-18T10:00:00Z,97.979,98.088,97.949,97.989,97.996,98.112,97.968,98.014
2025-09-18T11:00:00Z,97.994,98.077,97.985,98.031,98.012,98.094,98.009,98.052
2025-09-18T12:00:00Z,98.03,98.047,97.952,97.99,98.05,98.073,97.971,98.01
2025-09-18T13:00:00Z,97.991,98.089,97.948,98.019,98.01,98.111,97.968,98.042
2025-09-18T14:00:00Z,98.024,98.084,97.857,97.874,98.047,98.107,97.88,97.896
2025-09-18T15:00:00Z,97.876,97.915,97.807,97.88,97.897,97.938,97.83,97.9
2025-09-18T16:00:00Z,97.877,97.915,97.836,97.854,97.9,97.938,97.856,97.876
2025-09-18T17:00:00Z,97.854,97.896,97.823,97.836,97.875,97.919,97.843,97.858
2025-09-18T18:00:00Z,97.835,97.869,97.793,97.829,97.858,97.891,97.814,97.852
2025-09-18T19:00:00Z,97.828,97.842,97.788,97.816,97.85,97.864,97.808,97.838
2025-09-18T20:00:00Z,97.817,97.859,97.809,97.846,97.84,97.883,97.83,97.882
2025-09-18T21:00:00Z,97.773,97.851,97.759,97.817,97.977,97.977,97.866,97.885
2025-09-18T22:00:00Z,97.819,97.861,97.81,97.836,97.885,97.892,97.848,97.861
2025-09-18T23:00:00Z,97.841,97.926,97.836,97.897,97.862,97.947,97.859,97.92
2025-09-19T00:00:00Z,97.897,97.964,97.806,97.858,97.919,97.986,97.827,97.875
2025-09-19T01:00:00Z,97.857,97.891,97.715,97.739,97.875,97.913,97.737,97.761
2025-09-19T02:00:00Z,97.738,97.813,97.682,97.771,97.761,97.837,97.705,97.794
2025-09-19T03:00:00Z,97.77,97.818,97.468,97.603,97.794,97.839,97.495,97.626
2025-09-19T04:00:00Z,97.603,97.609,97.296,97.417,97.624,97.63,97.319,97.441
2025-09-19T05:00:00Z,97.417,97.438,97.289,97.329,97.44,97.462,97.311,97.354
2025-09-19T06:00:00Z,97.328,97.6,97.234,97.514,97.352,97.627,97.257,97.536
2025-09-19T07:00:00Z,97.514,97.703,97.47,97.654,97.537,97.728,97.493,97.677
2025-09-19T08:00:00Z,97.656,97.72,97.577,97.681,97.678,97.745,97.601,97.702
2025-09-19T09:00:00Z,97.683,97.712,97.637,97.697,97.707,97.733,97.658,97.72
2025-09-19T10:00:00Z,97.702,97.734,97.665,97.691,97.721,97.755,97.689,97.713
2025-09-19T11:00:00Z,97.691,97.736,97.658,97.676,97.711,97.76,97.681,97.695
2025-09-19T12:00:00Z,97.671,97.671,97.576,97.601,97.695,97.695,97.599,97.622
2025-09-19T13:00:00Z,97.6,97.651,97.432,97.472,97.622,97.673,97.454,97.492
2025-09-19T14:00:00Z,97.466,97.58,97.441,97.578,97.488,97.6,97.464,97.598
2025-09-19T15:00:00Z,97.577,97.597,97.459,97.484,97.598,97.617,97.483,97.504
2025-09-19T16:00:00Z,97.485,97.538,97.472,97.508,97.504,97.561,97.493,97.531
2025-09-19T17:00:00Z,97.509,97.574,97.504,97.557,97.531,97.597,97.528,97.581
2025-09-19T18:00:00Z,97.558,97.578,97.525,97.572,97.581,97.599,97.547,97.597
2025-09-19T19:00:00Z,97.576,97.614,97.558,97.562,97.597,97.638,97.582,97.582
2025-09-19T20:00:00Z,97.563,97.578,97.486,97.497,97.584,97.646,97.517,97.619
2025-09-21T21:00:00Z,97.441,97.483,97.414,97.435,97.691,97.706,97.527,97.562
2025-09-21T22:00:00Z,97.437,97.589,97.437,97.577,97.543,97.611,97.498,97.601
2025-09-21T23:00:00Z,97.577,97.616,97.56,97.57,97.6,97.638,97.581,97.592
2025-09-22T00:00:00Z,97.572,97.709,97.544,97.553,97.594,97.73,97.565,97.573
2025-09-22T01:00:00Z,97.549,97.636,97.502,97.611,97.572,97.66,97.524,97.632
2025-09-22T02:00:00Z,97.611,97.773,97.603,97.762,97.63,97.796,97.624,97.78
2025-09-22T03:00:00Z,97.762,97.847,97.762,97.807,97.782,97.872,97.779,97.824
2025-09-22T04:00:00Z,97.807,97.821,97.767,97.786,97.825,97.844,97.786,97.803
2025-09-22T05:00:00Z,97.786,97.799,97.719,97.732,97.804,97.821,97.739,97.75
2025-09-22T06:00:00Z,97.732,97.737,97.534,97.545,97.749,97.757,97.552,97.564
2025-09-22T07:00:00Z,97.544,97.546,97.349,97.45,97.564,97.568,97.37,97.473
2025-09-22T08:00:00Z,97.453,97.519,97.406,97.49,97.474,97.54,97.428,97.511
2025-09-22T09:00:00Z,97.491,97.565,97.455,97.54,97.514,97.588,97.478,97.558
2025-09-22T10:00:00Z,97.539,97.575,97.499,97.509,97.558,97.598,97.519,97.533
2025-09-22T11:00:00Z,97.513,97.526,97.45,97.515,97.534,97.546,97.472,97.538
2025-09-22T12:00:00Z,97.515,97.544,97.471,97.537,97.539,97.566,97.494,97.559
2025-09-22T13:00:00Z,97.538,97.561,97.341,97.376,97.561,97.584,97.363,97.397
2025-09-22T14:00:00Z,97.375,97.445,97.301,97.437,97.397,97.464,97.324,97.459
2025-09-22T15:00:00Z,97.438,97.451,97.364,97.408,97.459,97.472,97.384,97.433
2025-09-22T16:00:00Z,97.409,97.478,97.393,97.398,97.433,97.501,97.412,97.416
2025-09-22T17:00:00Z,97.398,97.443,97.393,97.433,97.417,97.466,97.413,97.456
2025-09-22T18:00:00Z,97.435,97.5,97.423,97.49,97.456,97.522,97.442,97.51
2025-09-22T19:00:00Z,97.487,97.527,97.461,97.496,97.51,97.55,97.482,97.519
2025-09-22T20:00:00Z,97.495,97.515,97.455,97.48,97.517,97.538,97.488,97.519
2025-09-22T21:00:00Z,97.409,97.482,97.375,97.41,97.585,97.585,97.489,97.525
2025-09-22T22:00:00Z,97.43,97.486,97.427,97.458,97.53,97.549,97.472,97.484
2025-09-22T23:00:00Z,97.455,97.528,97.443,97.507,97.481,97.546,97.468,97.53
2025-09-23T00:00:00Z,97.507,97.517,97.356,97.402,97.531,97.541,97.377,97.423
2025-09-23T01:00:00Z,97.401,97.402,97.303,97.331,97.424,97.424,97.323,97.353
2025-09-23T02:00:00Z,97.33,97.364,97.233,97.314,97.353,97.385,97.255,97.335
2025-09-23T03:00:00Z,97.316,97.37,97.31,97.328,97.336,97.393,97.329,97.347
2025-09-23T04:00:00Z,97.329,97.367,97.268,97.286,97.346,97.385,97.291,97.31
2025-09-23T05:00:00Z,97.284,97.38,97.273,97.358,97.307,97.405,97.292,97.377
2025-09-23T06:00:00Z,97.361,97.393,97.297,97.373,97.381,97.414,97.318,97.397
2025-09-23T07:00:00Z,97.374,97.384,97.271,97.312,97.395,97.405,97.293,97.335
2025-09-23T08:00:00Z,97.313,97.427,97.305,97.369,97.335,97.449,97.328,97.391
2025-09-23T09:00:00Z,97.374,97.503,97.345,97.488,97.397,97.523,97.367,97.507
2025-09-23T10:00:00Z,97.488,97.602,97.488,97.596,97.511,97.623,97.51,97.617
2025-09-23T11:00:00Z,97.596,97.654,97.577,97.592,97.616,97.676,97.596,97.613
2025-09-23T12:00:00Z,97.593,97.668,97.583,97.639,97.611,97.688,97.601,97.662
2025-09-23T13:00:00Z,97.642,97.713,97.526,97.531,97.666,97.737,97.549,97.556
2025-09-23T14:00:00Z,97.528,97.609,97.5,97.593,97.554,97.632,97.523,97.612
2025-09-23T15:00:00Z,97.591,97.618,97.541,97.556,97.611,97.64,97.566,97.579
2025-09-23T16:00:00Z,97.551,97.609,97.501,97.554,97.574,97.627,97.521,97.576
2025-09-23T17:00:00Z,97.555,97.564,97.284,97.335,97.576,97.587,97.305,97.357
2025-09-23T18:00:00Z,97.34,97.364,97.238,97.315,97.36,97.387,97.26,97.332
2025-09-23T19:00:00Z,97.313,97.418,97.309,97.418,97.332,97.441,97.328,97.441
2025-09-23T20:00:00Z,97.417,97.431,97.374,97.419,97.441,97.47,97.395,97.456
2025-09-23T21:00:00Z,97.307,97.349,97.289,97.322,97.471,97.486,97.415,97.426
2025-09-23T22:00:00Z,97.319,97.423,97.316,97.416,97.425,97.449,97.409,97.439
2025-09-23T23:00:00Z,97.414,97.449,97.361,97.39,97.439,97.471,97.381,97.41
2025-09-24T00:00:00Z,97.389,97.487,97.269,97.443,97.41,97.509,97.287,97.464
2025-09-24T01:00:00Z,97.441,97.7,97.353,97.676,97.464,97.726,97.375,97.7
2025-09-24T02:00:00Z,97.677,97.86,97.673,97.843,97.698,97.882,97.693,97.862
2025-09-24T03:00:00Z,97.843,97.856,97.785,97.813,97.866,97.879,97.805,97.831
2025-09-24T04:00:00Z,97.813,97.944,97.804,97.898,97.836,97.966,97.825,97.919
2025-09-24T05:00:00Z,97.899,97.936,97.84,97.914,97.918,97.957,97.863,97.936
2025-09-24T06:00:00Z,97.918,98.081,97.918,97.944,97.94,98.105,97.94,97.965
2025-09-24T07:00:00Z,97.941,98.059,97.91,98.001,97.963,98.081,97.931,98.023
2025-09-24T08:00:00Z,97.997,98.045,97.902,98.037,98.021,98.067,97.925,98.055
2025-09-24T09:00:00Z,98.036,98.083,98.0,98.028,98.055,98.104,98.023,98.05
2025-09-24T10:00:00Z,98.027,98.063,97.992,98.018,98.05,98.086,98.014,98.035
2025-09-24T11:00:00Z,98.019,98.047,97.998,98.034,98.04,98.069,98.018,98.055
2025-09-24T12:00:00Z,98.032,98.174,97.991,98.02,98.051,98.195,98.014,98.041
2025-09-24T13:00:00Z,98.02,98.058,97.959,98.021,98.043,98.08,97.978,98.053
2025-09-24T14:00:00Z,98.024,98.054,97.916,98.011,98.054,98.082,97.94,98.031
2025-09-24T15:00:00Z,98.011,98.04,97.922,97.93,98.03,98.06,97.944,97.952
2025-09-24T16:00:00Z,97.932,97.941,97.803,97.825,97.951,97.962,97.823,97.848
2025-09-24T17:00:00Z,97.827,97.924,97.821,97.882,97.848,97.948,97.843,97.904
2025-09-24T18:00:00Z,97.883,97.932,97.864,97.926,97.903,97.953,97.885,97.949
2025-09-24T19:00:00Z,97.926,97.991,97.925,97.983,97.95,98.017,97.95,98.007
2025-09-24T20:00:00Z,97.983,98.017,97.969,98.014,98.006,98.056,97.995,98.054
2025-09-24T21:00:00Z,97.893,97.935,97.858,97.901,98.143,98.143,97.959,97.969
2025-09-24T22:00:00Z,97.9,97.999,97.9,97.988,97.981,98.022,97.976,98.008
2025-09-24T23:00:00Z,97.988,97.997,97.922,97.98,98.009,98.022,97.942,97.997
2025-09-25T00:00:00Z,97.98,97.997,97.879,97.946,98.001,98.022,97.902,97.964
2025-09-25T01:00:00Z,97.946,98.028,97.926,97.982,97.965,98.052,97.946,98.0
2025-09-25T02:00:00Z,97.982,98.143,97.951,98.143,97.999,98.166,97.973,98.163
2025-09-25T03:00:00Z,98.143,98.148,98.065,98.101,98.161,98.173,98.084,98.123
2025-09-25T04:00:00Z,98.104,98.111,98.028,98.035,98.124,98.134,98.049,98.054
2025-09-25T05:00:00Z,98.033,98.134,98.016,98.122,98.056,98.153,98.038,98.147
2025-09-25T06:00:00Z,98.125,98.206,98.087,98.108,98.149,98.227,98.105,98.126
2025-09-25T07:00:00Z,98.108,98.113,97.955,97.999,98.125,98.135,97.976,98.021
2025-09-25T08:00:00Z,97.999,98.154,97.987,98.136,98.023,98.176,98.01,98.158
2025-09-25T09:00:00Z,98.14,98.216,98.136,98.173,98.16,98.236,98.154,98.195
2025-09-25T10:00:00Z,98.173,98.173,98.038,98.051,98.196,98.198,98.058,98.074
2025-09-25T11:00:00Z,98.052,98.103,97.954,97.968,98.074,98.125,97.974,97.987
2025-09-25T12:00:00Z,97.964,97.985,97.798,97.903,97.987,98.034,97.847,97.926
2025-09-25T13:00:00Z,97.903,97.928,97.739,97.813,97.925,97.948,97.758,97.839
2025-09-25T14:00:00Z,97.814,97.978,97.803,97.968,97.837,98.0,97.825,97.988
2025-09-25T15:00:00Z,97.968,98.121,97.919,98.096,97.989,98.143,97.941,98.119
2025-09-25T16:00:00Z,98.096,98.126,97.976,98.012,98.118,98.15,97.995,98.035
2025-09-25T17:00:00Z,98.013,98.019,97.843,97.858,98.033,98.042,97.866,97.881
2025-09-25T18:00:00Z,97.857,97.944,97.749,97.923,97.878,97.966,97.772,97.942
2025-09-25T19:00:00Z,97.924,97.933,97.841,97.897,97.942,97.954,97.866,97.915
2025-09-25T20:00:00Z,97.896,97.97,97.88,97.956,97.916,98.002,97.903,97.997
2025-09-25T21:00:00Z,97.831,97.969,97.795,97.833,98.037,98.141,97.967,98.074
2025-09-25T22:00:00Z,97.857,97.973,97.857,97.903,98.046,98.046,97.917,97.927
2025-09-25T23:00:00Z,97.899,97.986,97.875,97.98,97.925,98.01,97.901,98.002
2025-09-26T00:00:00Z,97.979,97.979,97.821,97.849,98.002,98.002,97.84,97.87
2025-09-26T01:00:00Z,97.849,97.925,97.818,97.88,97.872,97.949,97.84,97.904
2025-09-26T02:00:00Z,97.878,97.97,97.87,97.916,97.901,97.994,97.894,97.935
2025-09-26T03:00:00Z,97.918,97.943,97.911,97.931,97.936,97.967,97.929,97.953
2025-09-26T04:00:00Z,97.931,97.933,97.874,97.887,97.949,97.955,97.894,97.906
2025-09-26T05:00:00Z,97.887,97.923,97.849,97.908,97.908,97.945,97.871,97.93
2025-09-26T06:00:00Z,97.91,97.989,97.843,97.87,97.935,98.011,97.863,97.892
2025-09-26T07:00:00Z,97.873,97.934,97.801,97.859,97.89,97.958,97.821,97.881
2025-09-26T08:00:00Z,97.858,97.873,97.744,97.806,97.878,97.896,97.766,97.826
2025-09-26T09:00:00Z,97.808,97.849,97.742,97.764,97.827,97.873,97.763,97.783
2025-09-26T10:00:00Z,97.763,97.788,97.725,97.759,97.784,97.809,97.748,97.782
2025-09-26T11:00:00Z,97.759,97.806,97.722,97.757,97.78,97.828,97.742,97.777
2025-09-26T12:00:00Z,97.756,97.842,97.723,97.815,97.773,97.867,97.744,97.837
2025-09-26T13:00:00Z,97.816,97.972,97.797,97.942,97.84,97.991,97.817,97.974
2025-09-26T14:00:00Z,97.939,97.967,97.769,97.807,97.968,97.991,97.791,97.827
2025-09-26T15:00:00Z,97.809,97.86,97.783,97.843,97.831,97.882,97.808,97.864
2025-09-26T16:00:00Z,97.842,97.936,97.838,97.929,97.864,97.957,97.86,97.952
2025-09-26T17:00:00Z,97.929,97.944,97.889,97.912,97.953,97.968,97.909,97.933
2025-09-26T18:00:00Z,97.914,97.934,97.861,97.878,97.936,97.956,97.879,97.901
2025-09-26T19:00:00Z,97.878,97.94,97.87,97.939,97.899,97.962,97.894,97.961
2025-09-26T20:00:00Z,97.938,97.938,97.812,97.834,97.962,97.962,97.876,97.932
2025-09-28T21:00:00Z,97.789,97.893,97.784,97.858,98.039,98.071,97.916,97.975
2025-09-28T22:00:00Z,97.86,97.906,97.814,97.883,97.934,97.98,97.854,97.906
2025-09-28T23:00:00Z,97.88,97.887,97.812,97.883,97.903,97.912,97.832,97.903
2025-09-29T00:00:00Z,97.886,97.888,97.769,97.799,97.907,97.907,97.793,97.82
2025-09-29T01:00:00Z,97.798,97.803,97.664,97.708,97.82,97.826,97.686,97.726
2025-09-29T02:00:00Z,97.707,97.741,97.657,97.725,97.726,97.765,97.679,97.747
2025-09-29T03:00:00Z,97.725,97.793,97.674,97.789,97.746,97.817,97.695,97.812
2025-09-29T04:00:00Z,97.789,97.876,97.751,97.866,97.81,97.899,97.774,97.886
2025-09-29T05:00:00Z,97.867,97.885,97.725,97.744,97.888,97.903,97.747,97.766
2025-09-29T06:00:00Z,97.745,97.771,97.688,97.689,97.766,97.792,97.709,97.711
2025-09-29T07:00:00Z,97.689,97.724,97.574,97.591,97.71,97.741,97.598,97.613
2025-09-29T08:00:00Z,97.594,97.617,97.531,97.565,97.615,97.635,97.555,97.589
2025-09-29T09:00:00Z,97.568,97.606,97.524,97.57,97.588,97.626,97.546,97.592
2025-09-29T10:00:00Z,97.57,97.615,97.548,97.56,97.593,97.636,97.57,97.58
2025-09-29T11:00:00Z,97.56,97.617,97.553,97.602,97.583,97.64,97.575,97.625
2025-09-29T12:00:00Z,97.603,97.652,97.573,97.595,97.623,97.676,97.596,97.618
2025-09-29T13:00:00Z,97.593,97.652,97.511,97.558,97.615,97.673,97.534,97.577
2025-09-29T14:00:00Z,97.56,97.744,97.508,97.743,97.58,97.765,97.528,97.762
2025-09-29T15:00:00Z,97.744,97.78,97.675,97.693,97.762,97.801,97.696,97.715
2025-09-29T16:00:00Z,97.696,97.741,97.673,97.692,97.716,97.761,97.695,97.712
2025-09-29T17:00:00Z,97.693,97.736,97.669,97.682,97.716,97.759,97.69,97.705
2025-09-29T18:00:00Z,97.683,97.811,97.67,97.809,97.702,97.834,97.69,97.827
2025-09-29T19:00:00Z,97.809,97.811,97.711,97.763,97.833,97.833,97.736,97.784
2025-09-29T20:00:00Z,97.762,97.782,97.706,97.709,97.785,97.801,97.739,97.758
2025-09-29T21:00:00Z,97.633,97.733,97.633,97.674,97.883,97.899,97.751,97.768
2025-09-29T22:00:00Z,97.669,97.756,97.66,97.734,97.759,97.789,97.723,97.756
2025-09-29T23:00:00Z,97.734,97.761,97.7,97.752,97.755,97.782,97.725,97.774
2025-09-30T00:00:00Z,97.751,97.887,97.684,97.88,97.775,97.907,97.705,97.898
2025-09-30T01:00:00Z,97.877,97.97,97.825,97.842,97.898,97.993,97.848,97.861
2025-09-30T02:00:00Z,97.842,98.037,97.807,98.037,97.859,98.059,97.831,98.055
2025-09-30T03:00:00Z,98.037,98.07,97.838,97.838,98.06,98.094,97.861,97.862
2025-09-30T04:00:00Z,97.839,98.141,97.773,98.034,97.862,98.162,97.796,98.055
2025-09-30T05:00:00Z,98.033,98.033,97.85,97.866,98.053,98.057,97.873,97.888
2025-09-30T06:00:00Z,97.869,97.901,97.691,97.699,97.891,97.927,97.712,97.719
2025-09-30T07:00:00Z,97.696,97.801,97.414,97.735,97.719,97.82,97.439,97.76
2025-09-30T08:00:00Z,97.743,97.801,97.682,97.718,97.764,97.824,97.703,97.741
2025-09-30T09:00:00Z,97.715,97.832,97.651,97.83,97.739,97.854,97.675,97.852
2025-09-30T10:00:00Z,97.827,97.839,97.751,97.822,97.849,97.862,97.773,97.845
2025-09-30T11:00:00Z,97.825,97.867,97.758,97.798,97.848,97.888,97.782,97.818
2025-09-30T12:00:00Z,97.798,97.897,97.77,97.824,97.815,97.92,97.791,97.85
2025-09-30T13:00:00Z,97.823,97.92,97.779,97.871,97.85,97.94,97.801,97.94
2025-09-30T14:00:00Z,97.87,97.975,97.797,97.87,97.941,97.999,97.82,97.893
2025-09-30T15:00:00Z,97.87,97.872,97.779,97.842,97.892,97.893,97.8,97.863
2025-09-30T16:00:00Z,97.841,97.846,97.758,97.791,97.863,97.865,97.778,97.808
2025-09-30T17:00:00Z,97.788,97.854,97.743,97.784,97.808,97.876,97.766,97.807
2025-09-30T18:00:00Z,97.788,97.827,97.765,97.82,97.811,97.851,97.787,97.844
2025-09-30T19:00:00Z,97.819,97.842,97.772,97.819,97.842,97.865,97.794,97.841
2025-09-30T20:00:00Z,97.821,97.84,97.793,97.816,97.844,97.866,97.813,97.859
2025-09-30T21:00:00Z,97.649,97.743,97.638,97.722,97.866,97.898,97.781,97.821
2025-09-30T22:00:00Z,97.722,97.828,97.72,97.812,97.812,97.876,97.801,97.837
2025-09-30T23:00:00Z,97.809,97.855,97.765,97.846,97.834,97.876,97.787,97.868
2025-10-01T00:00:00Z,97.847,97.914,97.767,97.81,97.867,97.936,97.791,97.83
2025-10-01T01:00:00Z,97.81,97.821,97.595,97.661,97.829,97.84,97.616,97.684
2025-10-01T02:00:00Z,97.658,97.674,97.559,97.562,97.677,97.693,97.581,97.582
2025-10-01T03:00:00Z,97.567,97.571,97.479,97.543,97.587,97.591,97.499,97.567
2025-10-01T04:00:00Z,97.545,97.584,97.398,97.423,97.567,97.606,97.42,97.442
2025-10-01T05:00:00Z,97.424,97.488,97.338,97.36,97.445,97.509,97.36,97.377
2025-10-01T06:00:00Z,97.356,97.387,97.252,97.3,97.373,97.409,97.275,97.321
2025-10-01T07:00:00Z,97.299,97.341,97.193,97.255,97.322,97.364,97.215,97.276
2025-10-01T08:00:00Z,97.252,97.327,97.222,97.321,97.274,97.348,97.242,97.343
2025-10-01T09:00:00Z,97.322,97.336,97.251,97.331,97.343,97.357,97.273,97.352
2025-10-01T10:00:00Z,97.331,97.366,97.201,97.208,97.354,97.387,97.224,97.231
2025-10-01T11:00:00Z,97.205,97.334,97.203,97.232,97.228,97.352,97.224,97.254
2025-10-01T12:00:00Z,97.228,97.242,97.096,97.167,97.251,97.263,97.12,97.189
2025-10-01T13:00:00Z,97.163,97.186,97.023,97.047,97.186,97.206,97.045,97.109
2025-10-01T14:00:00Z,97.05,97.251,97.033,97.068,97.099,97.274,97.055,97.089
2025-10-01T15:00:00Z,97.068,97.168,97.063,97.153,97.09,97.19,97.087,97.176
2025-10-01T16:00:00Z,97.155,97.264,97.155,97.246,97.179,97.286,97.176,97.269
2025-10-01T17:00:00Z,97.247,97.284,97.239,97.252,97.269,97.305,97.262,97.274
2025-10-01T18:00:00Z,97.253,97.344,97.25,97.323,97.273,97.364,97.273,97.345
2025-10-01T19:00:00Z,97.323,97.325,97.267,97.274,97.344,97.346,97.286,97.294
2025-10-01T20:00:00Z,97.273,97.284,97.221,97.246,97.294,97.303,97.244,97.29
2025-10-01T21:00:00Z,97.201,97.222,97.18,97.219,97.326,97.326,97.255,97.283
2025-10-01T22:00:00Z,97.216,97.252,97.181,97.187,97.282,97.286,97.204,97.208
2025-10-01T23:00:00Z,97.185,97.309,97.181,97.301,97.209,97.328,97.203,97.324
2025-10-02T00:00:00Z,97.301,97.353,97.22,97.232,97.325,97.373,97.243,97.251
2025-10-02T01:00:00Z,97.235,97.32,97.138,97.283,97.258,97.343,97.16,97.303
2025-10-02T02:00:00Z,97.282,97.397,97.243,97.364,97.304,97.418,97.266,97.388
2025-10-02T03:00:00Z,97.361,97.369,97.252,97.286,97.385,97.389,97.272,97.31
2025-10-02T04:00:00Z,97.283,97.384,97.273,97.371,97.307,97.407,97.292,97.395
2025-10-02T05:00:00Z,97.375,97.438,97.333,97.367,97.395,97.461,97.356,97.388
2025-10-02T06:00:00Z,97.363,97.452,97.207,97.383,97.387,97.476,97.229,97.409
2025-10-02T07:00:00Z,97.383,97.443,97.347,97.387,97.407,97.465,97.368,97.411
2025-10-02T08:00:00Z,97.387,97.389,97.119,97.175,97.41,97.411,97.142,97.197
2025-10-02T09:00:00Z,97.177,97.182,96.966,96.982,97.2,97.204,96.987,97.004
2025-10-02T10:00:00Z,96.983,97.035,96.95,96.969,97.004,97.057,96.972,96.99
2025-10-02T11:00:00Z,96.965,96.992,96.846,96.957,96.989,97.014,96.868,96.978
2025-10-02T12:00:00Z,96.953,97.157,96.943,97.14,96.977,97.179,96.962,97.164
2025-10-02T13:00:00Z,97.137,97.167,96.99,97.05,97.161,97.187,97.008,97.075
2025-10-02T14:00:00Z,97.048,97.06,96.934,97.017,97.073,97.084,96.955,97.038
2025-10-02T15:00:00Z,97.017,97.078,96.975,97.02,97.039,97.099,96.996,97.04
2025-10-02T16:00:00Z,97.022,97.058,97.001,97.018,97.039,97.08,97.021,97.037
2025-10-02T17:00:00Z,97.017,97.041,97.002,97.007,97.038,97.063,97.021,97.029
2025-10-02T18:00:00Z,97.005,97.114,97.005,97.108,97.029,97.134,97.023,97.128
2025-10-02T19:00:00Z,97.104,97.117,97.057,97.108,97.127,97.138,97.079,97.127
2025-10-02T20:00:00Z,97.105,97.127,97.083,97.116,97.128,97.159,97.105,97.157
2025-10-02T21:00:00Z,97.019,97.081,97.018,97.032,97.21,97.226,97.122,97.126
2025-10-02T22:00:00Z,97.023,97.093,97.023,97.063,97.116,97.171,97.056,97.089
2025-10-02T23:00:00Z,97.063,97.087,97.008,97.087,97.087,97.111,97.029,97.11
2025-10-03T00:00:00Z,97.086,97.265,97.082,97.244,97.111,97.288,97.106,97.264
2025-10-03T01:00:00Z,97.243,97.409,97.166,97.374,97.264,97.431,97.19,97.398
2025-10-03T02:00:00Z,97.375,97.424,97.33,97.36,97.398,97.445,97.351,97.381
2025-10-03T03:00:00Z,97.362,97.426,97.354,97.385,97.384,97.446,97.375,97.406
2025-10-03T04:00:00Z,97.384,97.411,97.343,97.344,97.406,97.435,97.361,97.367
2025-10-03T05:00:00Z,97.344,97.388,97.27,97.367,97.365,97.412,97.293,97.393
2025-10-03T06:00:00Z,97.369,97.414,97.309,97.355,97.395,97.438,97.328,97.378
2025-10-03T07:00:00Z,97.358,97.47,97.348,97.353,97.379,97.49,97.368,97.375
2025-10-03T08:00:00Z,97.353,97.394,97.291,97.313,97.373,97.417,97.313,97.333
2025-10-03T09:00:00Z,97.313,97.343,97.265,97.338,97.331,97.365,97.286,97.357
2025-10-03T10:00:00Z,97.333,97.34,97.264,97.272,97.355,97.36,97.285,97.294
2025-10-03T11:00:00Z,97.274,97.314,97.221,97.259,97.294,97.333,97.244,97.279
2025-10-03T12:00:00Z,97.259,97.287,97.23,97.272,97.281,97.311,97.253,97.291
2025-10-03T13:00:00Z,97.271,97.283,97.176,97.253,97.292,97.305,97.196,97.301
2025-10-03T14:00:00Z,97.152,97.384,97.131,97.347,97.343,97.405,97.196,97.37
2025-10-03T15:00:00Z,97.347,97.431,97.306,97.415,97.369,97.45,97.326,97.432
2025-10-03T16:00:00Z,97.413,97.491,97.405,97.465,97.431,97.513,97.423,97.487
2025-10-03T17:00:00Z,97.465,97.467,97.284,97.334,97.488,97.489,97.307,97.358
2025-10-03T18:00:00Z,97.336,97.391,97.28,97.367,97.357,97.41,97.302,97.385
2025-10-03T19:00:00Z,97.367,97.4,97.354,97.363,97.384,97.421,97.376,97.386
2025-10-03T20:00:00Z,97.363,97.369,97.3,97.314,97.387,97.42,97.324,97.419
2025-10-05T21:00:00Z,98.303,98.401,98.252,98.259,98.461,98.504,98.355,98.375
2025-10-05T22:00:00Z,98.259,98.443,98.2,98.377,98.373,98.462,98.249,98.4
2025-10-05T23:00:00Z,98.372,98.669,98.34,98.621,98.397,98.691,98.364,98.641
2025-10-06T00:00:00Z,98.618,98.836,98.55,98.768,98.644,98.856,98.574,98.791
2025-10-06T01:00:00Z,98.771,98.951,98.64,98.945,98.795,98.973,98.663,98.966
2025-10-06T02:00:00Z,98.945,99.064,98.931,99.038,98.967,99.087,98.951,99.058
2025-10-06T03:00:00Z,99.038,99.184,99.009,99.157,99.062,99.206,99.03,99.18
2025-10-06T04:00:00Z,99.157,99.295,99.039,99.239,99.178,99.32,99.062,99.263
2025-10-06T05:00:00Z,99.245,99.336,99.185,99.233,99.268,99.357,99.208,99.255
2025-10-06T06:00:00Z,99.23,99.249,99.1,99.153,99.253,99.271,99.121,99.176
2025-10-06T07:00:00Z,99.154,99.352,99.067,99.077,99.174,99.373,99.09,99.098
2025-10-06T08:00:00Z,99.074,99.255,99.058,99.222,99.097,99.276,99.08,99.242
2025-10-06T09:00:00Z,99.22,99.229,99.101,99.201,99.242,99.251,99.12,99.22
2025-10-06T10:00:00Z,99.201,99.201,99.062,99.096,99.222,99.224,99.085,99.116
2025-10-06T11:00:00Z,99.098,99.219,99.07,99.206,99.118,99.241,99.092,99.228
2025-10-06T12:00:00Z,99.212,99.214,98.88,98.995,99.229,99.231,98.902,99.019
2025-10-06T13:00:00Z,98.994,99.217,98.974,99.195,99.019,99.24,98.999,99.217
2025-10-06T14:00:00Z,99.196,99.324,99.123,99.221,99.217,99.347,99.146,99.246
2025-10-06T15:00:00Z,99.223,99.318,99.215,99.277,99.246,99.341,99.237,99.3
2025-10-06T16:00:00Z,99.276,99.356,99.211,99.356,99.3,99.379,99.231,99.377
2025-10-06T17:00:00Z,99.356,99.407,99.311,99.391,99.378,99.429,99.334,99.414
2025-10-06T18:00:00Z,99.392,99.467,99.366,99.453,99.413,99.49,99.389,99.476
2025-10-06T19:00:00Z,99.453,99.473,99.412,99.438,99.475,99.495,99.433,99.459
2025-10-06T20:00:00Z,99.438,99.533,99.423,99.484,99.461,99.55,99.447,99.521
2025-10-06T21:00:00Z,99.392,99.422,99.331,99.331,99.537,99.557,99.445,99.445
2025-10-06T22:00:00Z,99.331,99.496,99.331,99.479,99.441,99.521,99.419,99.504
2025-10-06T23:00:00Z,99.475,99.515,99.44,99.474,99.502,99.537,99.465,99.496
2025-10-07T00:00:00Z,99.474,99.67,99.39,99.451,99.497,99.693,99.414,99.474
2025-10-07T01:00:00Z,99.451,99.544,99.417,99.535,99.473,99.567,99.436,99.555
2025-10-07T02:00:00Z,99.535,99.629,99.478,99.621,99.557,99.651,99.501,99.643
2025-10-07T03:00:00Z,99.621,99.632,99.506,99.514,99.64,99.655,99.527,99.536
2025-10-07T04:00:00Z,99.514,99.524,99.398,99.435,99.535,99.549,99.422,99.457
2025-10-07T05:00:00Z,99.435,99.462,99.316,99.357,99.455,99.481,99.34,99.377
2025-10-07T06:00:00Z,99.355,99.403,99.301,99.369,99.377,99.427,99.325,99.388
2025-10-07T07:00:00Z,99.369,99.376,99.15,99.261,99.39,99.398,99.171,99.28
2025-10-07T08:00:00Z,99.261,99.393,99.201,99.371,99.284,99.418,99.221,99.392
2025-10-07T09:00:00Z,99.371,99.415,99.336,99.415,99.393,99.438,99.356,99.438
2025-10-07T10:00:00Z,99.418,99.436,99.357,99.394,99.44,99.459,99.378,99.415
2025-10-07T11:00:00Z,99.395,99.416,99.346,99.377,99.414,99.438,99.37,99.397
2025-10-07T12:00:00Z,99.377,99.416,99.316,99.343,99.396,99.44,99.339,99.366
2025-10-07T13:00:00Z,99.342,99.515,99.289,99.494,99.367,99.537,99.309,99.515
2025-10-07T14:00:00Z,99.494,99.627,99.477,99.588,99.517,99.65,99.501,99.607
2025-10-07T15:00:00Z,99.586,99.642,99.462,99.545,99.608,99.667,99.486,99.568
2025-10-07T16:00:00Z,99.545,99.744,99.535,99.649,99.569,99.764,99.556,99.672
2025-10-07T17:00:00Z,99.647,99.839,99.646,99.796,99.671,99.86,99.668,99.819
2025-10-07T18:00:00Z,99.798,100.034,99.782,99.966,99.82,100.058,99.804,99.987
2025-10-07T19:00:00Z,99.961,99.969,99.877,99.935,99.986,99.992,99.896,99.959
2025-10-07T20:00:00Z,99.94,100.033,99.935,99.947,99.964,100.056,99.964,99.988
2025-10-07T21:00:00Z,99.952,100.025,99.882,99.897,100.058,100.081,99.953,100.003
2025-10-07T22:00:00Z,99.914,99.986,99.875,99.971,99.991,100.012,99.904,99.993
2025-10-07T23:00:00Z,99.97,100.111,99.959,100.043,99.993,100.135,99.983,100.067
2025-10-08T00:00:00Z,100.046,100.184,100.041,100.141,100.067,100.207,100.067,100.17
2025-10-08T01:00:00Z,100.142,100.197,99.985,100.165,100.172,100.217,100.01,100.186
2025-10-08T02:00:00Z,100.169,100.179,99.967,100.067,100.19,100.201,99.99,100.09
2025-10-08T03:00:00Z,100.069,100.119,100.024,100.078,100.092,100.144,100.043,100.101
2025-10-08T04:00:00Z,100.078,100.116,99.947,99.997,100.1,100.14,99.968,100.021
2025-10-08T05:00:00Z,99.996,100.013,99.91,100.013,100.021,100.036,99.934,100.034
2025-10-08T06:00:00Z,100.013,100.086,99.906,99.953,100.036,100.11,99.93,99.973
2025-10-08T07:00:00Z,99.953,100.17,99.94,100.161,99.976,100.193,99.961,100.18
2025-10-08T08:00:00Z,100.161,100.212,100.023,100.199,100.183,100.236,100.046,100.222
2025-10-08T09:00:00Z,100.199,100.405,100.197,100.358,100.224,100.429,100.217,100.378
2025-10-08T10:00:00Z,100.357,100.532,100.342,100.42,100.378,100.555,100.365,100.446
2025-10-08T11:00:00Z,100.422,100.474,100.312,100.331,100.439,100.497,100.333,100.352
2025-10-08T12:00:00Z,100.33,100.44,100.294,100.337,100.352,100.46,100.318,100.359
2025-10-08T13:00:00Z,100.34,100.477,100.333,100.417,100.36,100.497,100.355,100.44
2025-10-08T14:00:00Z,100.425,100.489,100.326,100.39,100.447,100.511,100.348,100.411
2025-10-08T15:00:00Z,100.39,100.569,100.381,100.495,100.412,100.587,100.4,100.517
2025-10-08T16:00:00Z,100.496,100.504,100.423,100.495,100.519,100.526,100.445,100.519
2025-10-08T17:00:00Z,100.493,100.582,100.479,100.573,100.517,100.614,100.5,100.61
2025-10-08T18:00:00Z,100.571,100.604,100.498,100.548,100.615,100.634,100.52,100.568
2025-10-08T19:00:00Z,100.539,100.596,100.526,100.57,100.563,100.618,100.546,100.594
2025-10-08T20:00:00Z,100.572,100.602,100.543,100.562,100.595,100.625,100.566,100.591
2025-10-08T21:00:00Z,100.411,100.508,100.386,100.485,100.661,100.684,100.527,100.584
2025-10-08T22:00:00Z,100.481,100.547,100.475,100.514,100.582,100.584,100.498,100.539
2025-10-08T23:00:00Z,100.515,100.565,100.419,100.544,100.539,100.587,100.441,100.565
2025-10-09T00:00:00Z,100.542,100.681,100.443,100.681,100.567,100.705,100.466,100.702
2025-10-09T01:00:00Z,100.681,100.726,100.526,100.538,100.7,100.751,100.549,100.561
2025-10-09T02:00:00Z,100.539,100.634,100.514,100.591,100.561,100.657,100.533,100.611
2025-10-09T03:00:00Z,100.594,100.675,100.59,100.663,100.611,100.697,100.609,100.685
2025-10-09T04:00:00Z,100.663,100.802,100.651,100.719,100.684,100.826,100.674,100.74
2025-10-09T05:00:00Z,100.719,100.819,100.715,100.772,100.742,100.843,100.733,100.798
2025-10-09T06:00:00Z,100.775,100.892,100.564,100.573,100.8,100.911,100.586,100.591
2025-10-09T07:00:00Z,100.571,100.804,100.556,100.757,100.594,100.826,100.577,100.78
2025-10-09T08:00:00Z,100.76,100.763,100.481,100.551,100.783,100.785,100.502,100.572
2025-10-09T09:00:00Z,100.553,100.652,100.433,100.601,100.574,100.676,100.459,100.62
2025-10-09T10:00:00Z,100.605,100.724,100.572,100.686,100.622,100.744,100.593,100.706
2025-10-09T11:00:00Z,100.684,100.827,100.671,100.796,100.706,100.849,100.693,100.814
2025-10-09T12:00:00Z,100.794,100.936,100.759,100.894,100.813,100.958,100.779,100.915
2025-10-09T13:00:00Z,100.894,100.937,100.526,100.655,100.918,100.96,100.557,100.676
2025-10-09T14:00:00Z,100.655,100.655,100.31,100.436,100.678,100.678,100.334,100.456
2025-10-09T15:00:00Z,100.438,100.463,100.224,100.305,100.457,100.486,100.246,100.325
2025-10-09T16:00:00Z,100.304,100.362,100.169,100.183,100.325,100.386,100.194,100.206
2025-10-09T17:00:00Z,100.18,100.269,100.137,100.262,100.203,100.29,100.161,100.281
2025-10-09T18:00:00Z,100.262,100.273,100.173,100.224,100.283,100.295,100.195,100.247
2025-10-09T19:00:00Z,100.227,100.318,100.197,100.266,100.248,100.341,100.219,100.29
2025-10-09T20:00:00Z,100.273,100.348,100.272,100.327,100.296,100.379,100.294,100.364
2025-10-09T21:00:00Z,100.155,100.312,100.155,100.293,100.405,100.449,100.343,100.4
2025-10-09T22:00:00Z,100.313,100.357,100.284,100.337,100.407,100.426,100.324,100.362
2025-10-09T23:00:00Z,100.338,100.449,100.338,100.386,100.36,100.475,100.36,100.41
2025-10-10T00:00:00Z,100.39,100.499,100.334,100.426,100.412,100.518,100.358,100.449
2025-10-10T01:00:00Z,100.426,100.506,100.391,100.465,100.45,100.529,100.413,100.489
2025-10-10T02:00:00Z,100.465,100.519,100.424,100.455,100.488,100.541,100.444,100.478
2025-10-10T03:00:00Z,100.455,100.473,100.249,100.27,100.476,100.496,100.273,100.291
2025-10-10T04:00:00Z,100.272,100.349,100.229,100.301,100.29,100.373,100.254,100.322
2025-10-10T05:00:00Z,100.298,100.36,100.223,100.348,100.322,100.385,100.244,100.366
2025-10-10T06:00:00Z,100.343,100.383,99.866,99.957,100.364,100.407,99.889,99.983
2025-10-10T07:00:00Z,99.959,100.213,99.947,100.197,99.983,100.235,99.969,100.221
2025-10-10T08:00:00Z,100.198,100.239,100.08,100.086,100.219,100.263,100.101,100.109
2025-10-10T09:00:00Z,100.087,100.168,100.015,100.103,100.109,100.19,100.038,100.125
2025-10-10T10:00:00Z,100.098,100.107,100.021,100.038,100.125,100.129,100.042,100.06
2025-10-10T11:00:00Z,100.038,100.078,99.954,99.995,100.061,100.098,99.973,100.016
2025-10-10T12:00:00Z,100.0,100.061,99.945,99.997,100.021,100.084,99.968,100.016
2025-10-10T13:00:00Z,99.994,100.024,99.921,99.929,100.015,100.046,99.945,99.967
2025-10-10T14:00:00Z,99.935,99.964,99.646,99.676,99.979,99.989,99.669,99.697
2025-10-10T15:00:00Z,99.671,99.671,98.252,98.651,99.692,99.692,98.277,98.675
2025-10-10T16:00:00Z,98.649,98.814,98.469,98.476,98.674,98.835,98.493,98.499
2025-10-10T17:00:00Z,98.465,98.619,98.288,98.528,98.489,98.643,98.313,98.546
2025-10-10T18:00:00Z,98.531,98.552,98.318,98.361,98.554,98.573,98.343,98.384
2025-10-10T19:00:00Z,98.361,98.437,98.229,98.292,98.38,98.456,98.255,98.316
2025-10-10T20:00:00Z,98.291,98.37,97.798,97.821,98.312,98.394,97.897,97.938
2025-10-12T21:00:00Z,98.727,98.838,98.587,98.593,98.887,98.988,98.694,98.698
2025-10-12T22:00:00Z,98.579,98.975,98.579,98.717,98.695,99.013,98.686,98.742
2025-10-12T23:00:00Z,98.715,98.826,98.552,98.804,98.74,98.85,98.571,98.828
2025-10-13T00:00:00Z,98.804,98.914,98.757,98.912,98.827,98.936,98.778,98.936
2025-10-13T01:00:00Z,98.911,99.226,98.901,99.173,98.937,99.246,98.921,99.192
2025-10-13T02:00:00Z,99.166,99.208,99.121,99.13,99.191,99.233,99.144,99.154
2025-10-13T03:00:00Z,99.129,99.201,98.974,99.002,99.152,99.225,98.999,99.025
2025-10-13T04:00:00Z,99.004,99.084,98.999,99.077,99.027,99.107,99.02,99.1
2025-10-13T05:00:00Z,99.073,99.099,99.013,99.052,99.094,99.121,99.036,99.071
2025-10-13T06:00:00Z,99.047,99.096,98.921,99.017,99.071,99.119,98.942,99.04
2025-10-13T07:00:00Z,99.019,99.374,98.995,99.319,99.041,99.398,99.019,99.342
2025-10-13T08:00:00Z,99.324,99.379,99.258,99.333,99.346,99.4,99.279,99.355
2025-10-13T09:00:00Z,99.334,99.363,99.219,99.254,99.355,99.386,99.242,99.278
2025-10-13T10:00:00Z,99.254,99.266,99.201,99.213,99.276,99.289,99.223,99.234
2025-10-13T11:00:00Z,99.213,99.229,98.931,98.972,99.235,99.252,98.955,98.992
2025-10-13T12:00:00Z,98.976,99.078,98.937,99.063,98.993,99.099,98.955,99.087
2025-10-13T13:00:00Z,99.062,99.202,99.017,99.195,99.085,99.224,99.041,99.216
2025-10-13T14:00:00Z,99.194,99.309,99.106,99.215,99.217,99.334,99.129,99.237
2025-10-13T15:00:00Z,99.214,99.337,99.187,99.234,99.237,99.36,99.208,99.256
2025-10-13T16:00:00Z,99.234,99.353,99.213,99.337,99.255,99.375,99.234,99.359
2025-10-13T17:00:00Z,99.335,99.348,99.239,99.262,99.358,99.371,99.258,99.285
2025-10-13T18:00:00Z,99.262,99.318,99.209,99.214,99.283,99.34,99.233,99.237
2025-10-13T19:00:00Z,99.212,99.27,99.206,99.25,99.234,99.289,99.224,99.27
2025-10-13T20:00:00Z,99.249,99.254,99.194,99.212,99.27,99.277,99.233,99.245
2025-10-13T21:00:00Z,99.055,99.205,99.014,99.148,99.305,99.329,99.226,99.258
2025-10-13T22:00:00Z,99.15,99.293,99.142,99.287,99.252,99.318,99.195,99.312
2025-10-13T23:00:00Z,99.286,99.292,99.189,99.264,99.309,99.319,99.21,99.289
2025-10-14T00:00:00Z,99.266,99.476,99.264,99.38,99.289,99.496,99.288,99.401
2025-10-14T01:00:00Z,99.377,99.384,99.209,99.25,99.401,99.407,99.233,99.275
2025-10-14T02:00:00Z,99.253,99.319,99.179,99.183,99.278,99.344,99.203,99.204
2025-10-14T03:00:00Z,99.182,99.209,98.789,98.857,99.204,99.23,98.809,98.881
2025-10-14T04:00:00Z,98.857,98.864,98.297,98.4,98.879,98.888,98.321,98.427
2025-10-14T05:00:00Z,98.402,98.409,98.035,98.13,98.427,98.433,98.057,98.153
2025-10-14T06:00:00Z,98.126,98.338,98.065,98.231,98.147,98.361,98.087,98.254
2025-10-14T07:00:00Z,98.231,98.276,97.964,98.075,98.253,98.3,97.987,98.099
2025-10-14T08:00:00Z,98.078,98.317,98.074,98.136,98.101,98.34,98.097,98.155
2025-10-14T09:00:00Z,98.136,98.223,98.038,98.078,98.156,98.246,98.059,98.1
2025-10-14T10:00:00Z,98.078,98.083,97.852,97.922,98.101,98.105,97.872,97.941
2025-10-14T11:00:00Z,97.925,98.192,97.902,98.16,97.942,98.217,97.921,98.182
2025-10-14T12:00:00Z,98.162,98.176,97.872,98.012,98.182,98.196,97.896,98.035
2025-10-14T13:00:00Z,98.016,98.208,97.946,98.181,98.035,98.231,97.969,98.199
2025-10-14T14:00:00Z,98.182,98.561,98.18,98.447,98.205,98.58,98.2,98.469
2025-10-14T15:00:00Z,98.447,98.568,98.348,98.501,98.47,98.591,98.371,98.524
2025-10-14T16:00:00Z,98.504,98.565,98.452,98.497,98.526,98.589,98.475,98.515
2025-10-14T17:00:00Z,98.494,98.563,98.404,98.486,98.517,98.583,98.427,98.507
2025-10-14T18:00:00Z,98.485,98.528,98.449,98.5,98.508,98.548,98.472,98.523
2025-10-14T19:00:00Z,98.501,98.54,98.223,98.339,98.523,98.561,98.246,98.36
2025-10-14T20:00:00Z,98.338,98.459,98.329,98.455,98.362,98.493,98.349,98.488
2025-10-14T21:00:00Z,98.322,98.414,98.284,98.376,98.572,98.577,98.462,98.48
2025-10-14T22:00:00Z,98.375,98.579,98.374,98.541,98.478,98.611,98.477,98.565
2025-10-14T23:00:00Z,98.543,98.575,98.463,98.463,98.566,98.599,98.484,98.484
2025-10-15T00:00:00Z,98.462,98.547,98.371,98.442,98.486,98.568,98.393,98.465
2025-10-15T01:00:00Z,98.44,98.476,98.307,98.368,98.465,98.498,98.329,98.389
2025-10-15T02:00:00Z,98.369,98.481,98.277,98.297,98.388,98.503,98.301,98.318
2025-10-15T03:00:00Z,98.296,98.474,98.255,98.424,98.319,98.494,98.277,98.445
2025-10-15T04:00:00Z,98.423,98.55,98.391,98.519,98.445,98.575,98.412,98.539
2025-10-15T05:00:00Z,98.531,98.563,98.445,98.47,98.554,98.584,98.465,98.489
2025-10-15T06:00:00Z,98.466,98.525,98.363,98.47,98.489,98.546,98.385,98.492
2025-10-15T07:00:00Z,98.469,98.584,98.431,98.553,98.49,98.604,98.454,98.574
2025-10-15T08:00:00Z,98.551,98.687,98.505,98.55,98.574,98.709,98.525,98.572
2025-10-15T09:00:00Z,98.548,98.694,98.547,98.683,98.572,98.716,98.569,98.706
2025-10-15T10:00:00Z,98.687,98.764,98.64,98.701,98.71,98.785,98.66,98.72
2025-10-15T11:00:00Z,98.701,98.723,98.653,98.682,98.722,98.746,98.674,98.703
2025-10-15T12:00:00Z,98.682,98.806,98.652,98.682,98.701,98.829,98.673,98.705
2025-10-15T13:00:00Z,98.685,98.787,98.517,98.551,98.708,98.811,98.54,98.571
2025-10-15T14:00:00Z,98.553,98.682,98.517,98.653,98.575,98.704,98.538,98.674
2025-10-15T15:00:00Z,98.656,98.683,98.39,98.47,98.676,98.704,98.413,98.493
2025-10-15T16:00:00Z,98.471,98.538,98.439,98.468,98.493,98.559,98.462,98.491
2025-10-15T17:00:00Z,98.471,98.471,98.053,98.382,98.492,98.493,98.073,98.404
2025-10-15T18:00:00Z,98.379,98.479,98.34,98.461,98.402,98.498,98.364,98.486
2025-10-15T19:00:00Z,98.462,98.477,98.393,98.456,98.486,98.5,98.416,98.479
2025-10-15T20:00:00Z,98.459,98.491,98.357,98.363,98.479,98.513,98.389,98.406
2025-10-15T21:00:00Z,98.161,98.418,98.161,98.295,98.411,98.558,98.368,98.425
2025-10-15T22:00:00Z,98.308,98.405,98.187,98.277,98.425,98.43,98.211,98.301
2025-10-15T23:00:00Z,98.277,98.308,98.148,98.247,98.3,98.331,98.174,98.272
2025-10-16T00:00:00Z,98.252,98.325,97.538,97.782,98.277,98.349,97.567,97.807
2025-10-16T01:00:00Z,97.785,98.034,97.731,97.796,97.809,98.059,97.752,97.818
2025-10-16T02:00:00Z,97.796,97.94,97.743,97.887,97.819,97.961,97.766,97.91
2025-10-16T03:00:00Z,97.886,97.907,97.768,97.86,97.91,97.931,97.793,97.882
2025-10-16T04:00:00Z,97.86,98.049,97.844,98.026,97.881,98.071,97.866,98.049
2025-10-16T05:00:00Z,98.029,98.143,98.008,98.077,98.05,98.165,98.031,98.101
2025-10-16T06:00:00Z,98.077,98.334,98.062,98.296,98.1,98.358,98.082,98.318
2025-10-16T07:00:00Z,98.295,98.473,98.188,98.406,98.315,98.496,98.21,98.427
2025-10-16T08:00:00Z,98.404,98.45,98.341,98.397,98.429,98.474,98.363,98.419
2025-10-16T09:00:00Z,98.399,98.479,98.348,98.433,98.419,98.503,98.372,98.455
2025-10-16T10:00:00Z,98.432,98.46,98.359,98.371,98.452,98.483,98.379,98.393
2025-10-16T11:00:00Z,98.372,98.471,98.359,98.4,98.39,98.491,98.38,98.421
2025-10-16T12:00:00Z,98.4,98.412,98.17,98.21,98.42,98.435,98.196,98.233
2025-10-16T13:00:00Z,98.213,98.288,97.98,97.995,98.236,98.311,98.004,98.018
2025-10-16T14:00:00Z,97.998,98.141,97.846,98.04,98.021,98.164,97.87,98.062
2025-10-16T15:00:00Z,98.039,98.094,97.815,97.839,98.062,98.115,97.839,97.863
2025-10-16T16:00:00Z,97.834,97.926,97.307,97.605,97.858,97.948,97.331,97.627
2025-10-16T17:00:00Z,97.607,97.719,97.374,97.472,97.627,97.742,97.398,97.495
2025-10-16T18:00:00Z,97.474,97.519,97.231,97.469,97.495,97.543,97.255,97.493
2025-10-16T19:00:00Z,97.473,97.534,97.332,97.52,97.497,97.556,97.353,97.538
2025-10-16T20:00:00Z,97.518,97.584,97.461,97.529,97.537,97.619,97.482,97.576
2025-10-16T21:00:00Z,97.465,97.543,97.442,97.5,97.618,97.619,97.557,97.613
2025-10-16T22:00:00Z,97.5,97.59,97.436,97.44,97.617,97.644,97.462,97.468
2025-10-16T23:00:00Z,97.437,97.476,97.167,97.314,97.462,97.5,97.186,97.335
2025-10-17T00:00:00Z,97.314,97.4,97.223,97.398,97.337,97.421,97.247,97.421
2025-10-17T01:00:00Z,97.395,97.544,97.245,97.274,97.419,97.569,97.265,97.296
2025-10-17T02:00:00Z,97.274,97.309,97.085,97.146,97.298,97.331,97.109,97.167
2025-10-17T03:00:00Z,97.145,97.167,96.878,97.002,97.167,97.191,96.902,97.026
2025-10-17T04:00:00Z,97.004,97.178,97.002,97.08,97.028,97.196,97.026,97.099
2025-10-17T05:00:00Z,97.079,97.095,96.941,96.974,97.099,97.118,96.963,96.995
2025-10-17T06:00:00Z,96.97,97.109,96.765,96.776,96.992,97.132,96.789,96.796
2025-10-17T07:00:00Z,96.772,96.782,96.241,96.733,96.795,96.803,96.267,96.756
2025-10-17T08:00:00Z,96.737,96.779,96.565,96.738,96.756,96.799,96.59,96.762
2025-10-17T09:00:00Z,96.739,96.891,96.703,96.791,96.762,96.914,96.723,96.817
2025-10-17T10:00:00Z,96.794,97.162,96.717,97.115,96.818,97.187,96.741,97.137
2025-10-17T11:00:00Z,97.115,97.713,97.031,97.441,97.138,97.735,97.055,97.467
2025-10-17T12:00:00Z,97.442,97.647,97.315,97.361,97.464,97.671,97.339,97.386
2025-10-17T13:00:00Z,97.355,97.52,97.197,97.379,97.379,97.544,97.218,97.403
2025-10-17T14:00:00Z,97.377,97.591,97.328,97.534,97.398,97.614,97.35,97.555
2025-10-17T15:00:00Z,97.536,97.599,97.247,97.491,97.555,97.62,97.271,97.514
2025-10-17T16:00:00Z,97.491,97.635,97.476,97.524,97.51,97.656,97.495,97.548
2025-10-17T17:00:00Z,97.525,97.669,97.491,97.654,97.547,97.692,97.514,97.672
2025-10-17T18:00:00Z,97.652,97.822,97.651,97.775,97.671,97.843,97.671,97.797
2025-10-17T19:00:00Z,97.776,97.832,97.769,97.804,97.796,97.854,97.791,97.827
2025-10-17T20:00:00Z,97.804,97.842,97.757,97.793,97.828,97.909,97.796,97.909
2025-10-19T21:00:00Z,97.575,97.72,97.539,97.72,97.805,97.908,97.749,97.89
2025-10-19T22:00:00Z,97.731,98.132,97.729,98.116,97.892,98.159,97.879,98.139
2025-10-19T23:00:00Z,98.123,98.151,98.003,98.111,98.14,98.172,98.023,98.128
2025-10-20T00:00:00Z,98.108,98.181,97.963,98.165,98.127,98.203,97.987,98.187
2025-10-20T01:00:00Z,98.164,98.47,98.145,98.195,98.187,98.492,98.165,98.218
2025-10-20T02:00:00Z,98.197,98.297,98.155,98.161,98.221,98.323,98.177,98.18
2025-10-20T03:00:00Z,98.164,98.192,97.934,98.016,98.182,98.209,97.96,98.039
2025-10-20T04:00:00Z,98.017,98.067,97.851,97.917,98.041,98.091,97.874,97.94
2025-10-20T05:00:00Z,97.919,98.05,97.89,98.021,97.943,98.07,97.913,98.04
2025-10-20T06:00:00Z,98.013,98.015,97.822,97.899,98.035,98.035,97.843,97.918
2025-10-20T07:00:00Z,97.897,98.054,97.84,97.914,97.92,98.075,97.862,97.939
2025-10-20T08:00:00Z,97.912,97.991,97.818,97.826,97.937,98.013,97.84,97.849
2025-10-20T09:00:00Z,97.822,97.89,97.602,97.855,97.846,97.912,97.625,97.873
2025-10-20T10:00:00Z,97.857,97.917,97.77,97.804,97.874,97.942,97.789,97.824
2025-10-20T11:00:00Z,97.801,97.873,97.768,97.803,97.822,97.897,97.787,97.823
2025-10-20T12:00:00Z,97.803,97.833,97.726,97.815,97.821,97.856,97.748,97.838
2025-10-20T13:00:00Z,97.818,98.049,97.764,97.984,97.84,98.072,97.787,98.006
2025-10-20T14:00:00Z,97.988,98.065,97.866,98.043,98.01,98.086,97.889,98.065
2025-10-20T15:00:00Z,98.042,98.192,97.997,98.109,98.065,98.211,98.02,98.131
2025-10-20T16:00:00Z,98.11,98.157,98.083,98.146,98.131,98.178,98.105,98.166
2025-10-20T17:00:00Z,98.145,98.237,98.132,98.192,98.167,98.26,98.154,98.215
2025-10-20T18:00:00Z,98.194,98.244,98.15,98.163,98.215,98.264,98.174,98.184
2025-10-20T19:00:00Z,98.165,98.193,98.129,98.154,98.189,98.214,98.152,98.175
2025-10-20T20:00:00Z,98.152,98.184,98.125,98.17,98.175,98.212,98.148,98.212
2025-10-20T21:00:00Z,98.059,98.163,98.039,98.131,98.285,98.296,98.201,98.229
2025-10-20T22:00:00Z,98.126,98.227,98.118,98.211,98.214,98.25,98.182,98.24
2025-10-20T23:00:00Z,98.212,98.272,98.186,98.27,98.24,98.293,98.209,98.291
2025-10-21T00:00:00Z,98.265,98.28,98.071,98.277,98.29,98.304,98.09,98.302
2025-10-21T01:00:00Z,98.28,98.345,98.136,98.334,98.303,98.367,98.159,98.352
2025-10-21T02:00:00Z,98.331,98.395,98.298,98.339,98.351,98.416,98.317,98.36
2025-10-21T03:00:00Z,98.338,98.369,98.211,98.249,98.36,98.391,98.235,98.272
2025-10-21T04:00:00Z,98.246,98.363,98.076,98.241,98.269,98.388,98.104,98.264
2025-10-21T05:00:00Z,98.244,98.431,98.103,98.343,98.272,98.453,98.123,98.368
2025-10-21T06:00:00Z,98.346,98.378,98.205,98.236,98.37,98.403,98.226,98.261
2025-10-21T07:00:00Z,98.239,98.239,97.998,98.054,98.263,98.263,98.022,98.078
2025-10-21T08:00:00Z,98.058,98.354,97.908,98.316,98.082,98.379,97.931,98.335
2025-10-21T09:00:00Z,98.313,98.479,98.287,98.455,98.333,98.503,98.308,98.475
2025-10-21T10:00:00Z,98.456,98.601,98.439,98.563,98.475,98.626,98.458,98.583
2025-10-21T11:00:00Z,98.564,98.689,98.515,98.643,98.585,98.715,98.538,98.667
2025-10-21T12:00:00Z,98.644,98.773,98.625,98.737,98.665,98.792,98.647,98.761
2025-10-21T13:00:00Z,98.733,98.736,98.173,98.173,98.757,98.76,98.194,98.197
2025-10-21T14:00:00Z,98.176,98.579,98.065,98.565,98.199,98.601,98.09,98.586
2025-10-21T15:00:00Z,98.565,98.667,98.484,98.584,98.588,98.688,98.507,98.603
2025-10-21T16:00:00Z,98.581,98.699,98.535,98.568,98.604,98.721,98.558,98.59
2025-10-21T17:00:00Z,98.567,98.61,98.494,98.584,98.59,98.632,98.519,98.606
2025-10-21T18:00:00Z,98.586,98.617,98.564,98.587,98.608,98.638,98.585,98.606
2025-10-21T19:00:00Z,98.587,98.616,98.572,98.577,98.604,98.637,98.591,98.6
2025-10-21T20:00:00Z,98.577,98.594,98.519,98.555,98.598,98.615,98.539,98.596
2025-10-21T21:00:00Z,98.506,98.58,98.494,98.53,98.604,98.668,98.583,98.613
2025-10-21T22:00:00Z,98.53,98.622,98.518,98.62,98.609,98.649,98.575,98.643
2025-10-21T23:00:00Z,98.617,98.643,98.57,98.578,98.637,98.665,98.594,98.596
2025-10-22T00:00:00Z,98.58,98.613,98.328,98.333,98.599,98.635,98.347,98.352
2025-10-22T01:00:00Z,98.324,98.48,98.289,98.462,98.347,98.501,98.313,98.482
2025-10-22T02:00:00Z,98.463,98.562,98.392,98.461,98.484,98.586,98.415,98.48
2025-10-22T03:00:00Z,98.463,98.6,98.446,98.583,98.485,98.624,98.465,98.604
2025-10-22T04:00:00Z,98.583,98.723,98.579,98.63,98.603,98.746,98.599,98.654
2025-10-22T05:00:00Z,98.631,98.77,98.623,98.768,98.654,98.792,98.646,98.79
2025-10-22T06:00:00Z,98.769,98.86,98.715,98.717,98.79,98.882,98.738,98.74
2025-10-22T07:00:00Z,98.721,98.749,98.623,98.722,98.744,98.77,98.647,98.745
2025-10-22T08:00:00Z,98.723,98.731,98.487,98.51,98.745,98.753,98.507,98.532
2025-10-22T09:00:00Z,98.511,98.623,98.443,98.605,98.535,98.647,98.467,98.626
2025-10-22T10:00:00Z,98.605,98.609,98.469,98.475,98.628,98.632,98.491,98.497
2025-10-22T11:00:00Z,98.477,98.521,98.356,98.414,98.5,98.544,98.376,98.434
2025-10-22T12:00:00Z,98.417,98.58,98.413,98.568,98.439,98.604,98.434,98.591
2025-10-22T13:00:00Z,98.568,98.7,98.535,98.661,98.592,98.724,98.558,98.683
2025-10-22T14:00:00Z,98.661,98.754,98.508,98.609,98.682,98.776,98.53,98.632
2025-10-22T15:00:00Z,98.609,98.727,98.527,98.672,98.634,98.751,98.549,98.696
2025-10-22T16:00:00Z,98.673,98.69,98.193,98.56,98.696,98.711,98.219,98.585
2025-10-22T17:00:00Z,98.568,98.584,98.215,98.285,98.591,98.608,98.236,98.307
2025-10-22T18:00:00Z,98.285,98.511,98.269,98.499,98.305,98.53,98.293,98.521
2025-10-22T19:00:00Z,98.499,98.649,98.464,98.63,98.522,98.669,98.487,98.651
2025-10-22T20:00:00Z,98.628,98.646,98.552,98.593,98.65,98.668,98.575,98.633
2025-10-22T21:00:00Z,98.473,98.582,98.473,98.572,98.723,98.727,98.611,98.64
2025-10-22T22:00:00Z,98.569,98.594,98.522,98.577,98.635,98.639,98.557,98.602
2025-10-22T23:00:00Z,98.578,98.605,98.55,98.598,98.602,98.628,98.569,98.62
2025-10-23T00:00:00Z,98.602,98.79,98.562,98.768,98.624,98.813,98.58,98.79
2025-10-23T01:00:00Z,98.771,98.97,98.763,98.847,98.792,98.991,98.786,98.868
2025-10-23T02:00:00Z,98.847,98.874,98.758,98.842,98.869,98.897,98.778,98.859
2025-10-23T03:00:00Z,98.843,98.913,98.761,98.784,98.862,98.936,98.781,98.805
2025-10-23T04:00:00Z,98.783,98.888,98.783,98.834,98.803,98.912,98.803,98.855
2025-10-23T05:00:00Z,98.833,98.89,98.785,98.883,98.852,98.914,98.808,98.907
2025-10-23T06:00:00Z,98.889,99.23,98.882,99.215,98.91,99.253,98.906,99.235
2025-10-23T07:00:00Z,99.215,99.274,99.089,99.192,99.236,99.298,99.111,99.214
2025-10-23T08:00:00Z,99.193,99.367,99.182,99.315,99.217,99.388,99.205,99.334
2025-10-23T09:00:00Z,99.317,99.397,99.23,99.344,99.335,99.418,99.255,99.366
2025-10-23T10:00:00Z,99.346,99.373,99.292,99.37,99.367,99.396,99.314,99.391
2025-10-23T11:00:00Z,99.372,99.375,99.246,99.251,99.394,99.398,99.266,99.272
2025-10-23T12:00:00Z,99.249,99.286,99.169,99.211,99.269,99.307,99.191,99.235
2025-10-23T13:00:00Z,99.211,99.453,99.186,99.368,99.234,99.476,99.208,99.394
2025-10-23T14:00:00Z,99.371,99.462,99.311,99.439,99.399,99.485,99.332,99.463
2025-10-23T15:00:00Z,99.441,99.525,99.386,99.486,99.464,99.549,99.411,99.509
2025-10-23T16:00:00Z,99.489,99.541,99.43,99.434,99.512,99.562,99.448,99.453
2025-10-23T17:00:00Z,99.434,99.529,99.324,99.441,99.452,99.551,99.345,99.465
2025-10-23T18:00:00Z,99.443,99.47,99.387,99.395,99.466,99.492,99.409,99.416
2025-10-23T19:00:00Z,99.395,99.402,99.32,99.336,99.417,99.423,99.34,99.359
2025-10-23T20:00:00Z,99.335,99.393,99.314,99.369,99.356,99.412,99.336,99.409
2025-10-23T21:00:00Z,99.242,99.313,99.242,99.286,99.425,99.425,99.374,99.388
2025-10-23T22:00:00Z,99.283,99.43,99.279,99.393,99.389,99.448,99.348,99.418
2025-10-23T23:00:00Z,99.393,99.436,99.389,99.408,99.417,99.458,99.415,99.433
2025-10-24T00:00:00Z,99.411,99.43,99.318,99.42,99.436,99.453,99.342,99.443
2025-10-24T01:00:00Z,99.42,99.525,99.419,99.506,99.445,99.545,99.443,99.528
2025-10-24T02:00:00Z,99.506,99.534,99.283,99.314,99.527,99.557,99.303,99.336
2025-10-24T03:00:00Z,99.314,99.407,99.314,99.379,99.337,99.425,99.337,99.402
2025-10-24T04:00:00Z,99.378,99.426,99.352,99.395,99.398,99.45,99.377,99.416
2025-10-24T05:00:00Z,99.395,99.449,99.298,99.384,99.417,99.469,99.322,99.406
2025-10-24T06:00:00Z,99.386,99.532,99.383,99.506,99.409,99.554,99.401,99.525
2025-10-24T07:00:00Z,99.504,99.508,99.32,99.374,99.528,99.528,99.34,99.395
2025-10-24T08:00:00Z,99.373,99.391,99.31,99.343,99.397,99.414,99.329,99.365
2025-10-24T09:00:00Z,99.339,99.371,99.289,99.343,99.362,99.393,99.309,99.361
2025-10-24T10:00:00Z,99.346,99.387,99.328,99.376,99.363,99.411,99.347,99.396
2025-10-24T11:00:00Z,99.376,99.421,99.334,99.402,99.397,99.444,99.358,99.425
2025-10-24T12:00:00Z,99.405,99.523,99.157,99.499,99.425,99.543,99.273,99.521
2025-10-24T13:00:00Z,99.499,99.583,99.47,99.52,99.522,99.62,99.499,99.561
2025-10-24T14:00:00Z,99.516,99.543,99.207,99.277,99.555,99.567,99.23,99.297
2025-10-24T15:00:00Z,99.277,99.49,99.277,99.466,99.3,99.512,99.3,99.484
2025-10-24T16:00:00Z,99.47,99.489,99.43,99.48,99.487,99.512,99.45,99.502
2025-10-24T17:00:00Z,99.479,99.507,99.452,99.462,99.502,99.529,99.475,99.483
2025-10-24T18:00:00Z,99.462,99.526,99.446,99.507,99.48,99.547,99.469,99.531
2025-10-24T19:00:00Z,99.509,99.524,99.475,99.5,99.531,99.548,99.498,99.523
2025-10-24T20:00:00Z,99.501,99.568,99.477,99.55,99.523,99.628,99.504,99.628
2025-10-26T21:00:00Z,99.876,100.035,99.763,100.032,100.037,100.136,99.938,100.121
2025-10-26T22:00:00Z,100.03,100.171,99.974,100.02,100.129,100.195,99.999,100.041
2025-10-26T23:00:00Z,100.016,100.122,99.978,99.999,100.04,100.146,99.999,100.025
2025-10-27T00:00:00Z,100.0,100.09,99.818,99.842,100.025,100.116,99.837,99.865
2025-10-27T01:00:00Z,99.84,99.934,99.783,99.861,99.864,99.955,99.808,99.882
2025-10-27T02:00:00Z,99.859,99.996,99.846,99.994,99.881,100.017,99.869,100.016
2025-10-27T03:00:00Z,99.993,100.016,99.921,99.942,100.016,100.04,99.939,99.962
2025-10-27T04:00:00Z,99.942,100.02,99.932,100.02,99.96,100.042,99.951,100.039
2025-10-27T05:00:00Z,100.021,100.128,100.018,100.097,100.042,100.151,100.037,100.117
2025-10-27T06:00:00Z,100.098,100.161,100.038,100.043,100.12,100.184,100.062,100.066
2025-10-27T07:00:00Z,100.048,100.052,99.921,99.98,100.072,100.073,99.943,100.001
2025-10-27T08:00:00Z,99.979,100.154,99.912,100.13,100.002,100.172,99.935,100.152
2025-10-27T09:00:00Z,100.133,100.162,100.032,100.155,100.153,100.181,100.054,100.179
2025-10-27T10:00:00Z,100.155,100.183,100.119,100.137,100.178,100.202,100.143,100.159
2025-10-27T11:00:00Z,100.134,100.166,100.041,100.078,100.154,100.189,100.064,100.098
2025-10-27T12:00:00Z,100.074,100.221,100.03,100.187,100.094,100.242,100.053,100.208
2025-10-27T13:00:00Z,100.187,100.291,100.139,100.268,100.209,100.315,100.163,100.29
2025-10-27T14:00:00Z,100.27,100.297,100.174,100.193,100.291,100.32,100.196,100.217
2025-10-27T15:00:00Z,100.194,100.33,100.16,100.309,100.217,100.351,100.182,100.328
2025-10-27T16:00:00Z,100.309,100.325,100.267,100.294,100.327,100.348,100.289,100.316
2025-10-27T17:00:00Z,100.298,100.361,100.264,100.331,100.321,100.385,100.284,100.351
2025-10-27T18:00:00Z,100.329,100.331,100.158,100.186,100.349,100.354,100.18,100.209
2025-10-27T19:00:00Z,100.184,100.225,100.165,100.218,100.207,100.248,100.188,100.241
2025-10-27T20:00:00Z,100.218,100.249,100.19,100.213,100.239,100.272,100.21,100.246
2025-10-27T21:00:00Z,100.127,100.199,100.11,100.12,100.211,100.325,100.202,100.309
2025-10-27T22:00:00Z,100.15,100.217,100.136,100.18,100.251,100.251,100.186,100.205
2025-10-27T23:00:00Z,100.179,100.206,100.101,100.137,100.205,100.229,100.125,100.16
2025-10-28T00:00:00Z,100.134,100.148,99.956,99.999,100.156,100.171,99.974,100.018
2025-10-28T01:00:00Z,99.994,100.001,99.851,99.923,100.015,100.023,99.872,99.947
2025-10-28T02:00:00Z,99.926,100.017,99.893,99.956,99.947,100.039,99.915,99.98
2025-10-28T03:00:00Z,99.957,99.979,99.823,99.886,99.978,100.002,99.848,99.909
2025-10-28T04:00:00Z,99.887,99.948,99.658,99.676,99.909,99.965,99.681,99.7
2025-10-28T05:00:00Z,99.676,99.701,99.526,99.597,99.699,99.727,99.549,99.617
2025-10-28T06:00:00Z,99.594,99.646,99.507,99.554,99.611,99.669,99.531,99.577
2025-10-28T07:00:00Z,99.554,99.767,99.554,99.651,99.578,99.787,99.578,99.671
2025-10-28T08:00:00Z,99.651,99.664,99.405,99.463,99.67,99.685,99.423,99.485
2025-10-28T09:00:00Z,99.464,99.622,99.452,99.593,99.485,99.644,99.475,99.613
2025-10-28T10:00:00Z,99.596,99.635,99.556,99.611,99.614,99.657,99.576,99.634
2025-10-28T11:00:00Z,99.611,99.72,99.591,99.648,99.629,99.742,99.614,99.671
2025-10-28T12:00:00Z,99.646,99.77,99.635,99.699,99.668,99.793,99.657,99.723
2025-10-28T13:00:00Z,99.699,99.854,99.694,99.819,99.725,99.876,99.713,99.85
2025-10-28T14:00:00Z,99.821,100.011,99.819,99.95,99.85,100.032,99.847,99.971
2025-10-28T15:00:00Z,99.947,100.174,99.888,100.162,99.971,100.194,99.91,100.184
2025-10-28T16:00:00Z,100.157,100.345,100.144,100.209,100.181,100.37,100.163,100.232
2025-10-28T17:00:00Z,100.208,100.265,100.188,100.253,100.232,100.284,100.209,100.275
2025-10-28T18:00:00Z,100.253,100.277,100.2,100.215,100.274,100.299,100.221,100.237
2025-10-28T19:00:00Z,100.214,100.214,100.067,100.121,100.237,100.237,100.085,100.145
2025-10-28T20:00:00Z,100.122,100.157,100.109,100.154,100.143,100.195,100.13,100.193
2025-10-28T21:00:00Z,100.109,100.12,100.043,100.06,100.199,100.22,100.135,100.177
2025-10-28T22:00:00Z,100.069,100.188,100.069,100.15,100.182,100.212,100.161,100.177
2025-10-28T23:00:00Z,100.149,100.183,99.898,99.906,100.177,100.209,99.922,99.927
2025-10-29T00:00:00Z,99.912,100.305,99.724,100.029,99.93,100.332,99.748,100.053
2025-10-29T01:00:00Z,100.03,100.23,99.967,100.163,100.055,100.254,99.987,100.184
2025-10-29T02:00:00Z,100.159,100.336,100.102,100.287,100.182,100.358,100.123,100.309
2025-10-29T03:00:00Z,100.285,100.352,100.239,100.352,100.309,100.374,100.263,100.374
2025-10-29T04:00:00Z,100.35,100.377,100.258,100.299,100.372,100.398,100.283,100.322
2025-10-29T05:00:00Z,100.298,100.709,100.286,100.566,100.322,100.731,100.305,100.591
2025-10-29T06:00:00Z,100.568,100.664,100.473,100.536,100.59,100.688,100.497,100.558
2025-10-29T07:00:00Z,100.542,100.637,100.5,100.538,100.561,100.656,100.524,100.559
2025-10-29T08:00:00Z,100.539,100.659,100.422,100.455,100.557,100.681,100.445,100.475
2025-10-29T09:00:00Z,100.456,100.527,100.435,100.455,100.477,100.55,100.456,100.48
2025-10-29T10:00:00Z,100.456,100.543,100.435,100.487,100.48,100.565,100.458,100.511
2025-10-29T11:00:00Z,100.489,100.505,100.336,100.403,100.509,100.526,100.356,100.421
2025-10-29T12:00:00Z,100.403,100.429,100.292,100.427,100.424,100.45,100.313,100.45
2025-10-29T13:00:00Z,100.427,100.441,100.262,100.365,100.448,100.463,100.284,100.385
2025-10-29T14:00:00Z,100.365,100.411,100.253,100.411,100.388,100.434,100.276,100.432
2025-10-29T15:00:00Z,100.412,100.546,100.38,100.431,100.432,100.57,100.404,100.453
2025-10-29T16:00:00Z,100.428,100.612,100.428,100.6,100.449,100.635,100.449,100.621
2025-10-29T17:00:00Z,100.599,100.705,100.559,100.641,100.619,100.727,100.581,100.713
2025-10-29T18:00:00Z,100.641,100.75,100.283,100.52,100.718,100.805,100.312,100.548
2025-10-29T19:00:00Z,100.523,100.55,100.307,100.438,100.549,100.577,100.332,100.459
2025-10-29T20:00:00Z,100.439,100.524,100.333,100.405,100.461,100.547,100.354,100.443
2025-10-29T21:00:00Z,100.259,100.389,100.259,100.292,100.375,100.467,100.361,100.389
2025-10-29T22:00:00Z,100.313,100.362,100.281,100.286,100.38,100.417,100.305,100.309
2025-10-29T23:00:00Z,100.288,100.443,100.268,100.432,100.308,100.467,100.289,100.456
2025-10-30T00:00:00Z,100.431,100.59,100.398,100.526,100.456,100.611,100.421,100.545
2025-10-30T01:00:00Z,100.526,100.566,100.346,100.448,100.546,100.586,100.37,100.465
2025-10-30T02:00:00Z,100.446,100.516,100.35,100.379,100.465,100.539,100.375,100.405
2025-10-30T03:00:00Z,100.378,100.885,100.308,100.798,100.407,100.902,100.334,100.822
2025-10-30T04:00:00Z,100.799,100.879,100.339,100.727,100.822,100.905,100.366,100.754
2025-10-30T05:00:00Z,100.73,100.869,100.604,100.867,100.756,100.891,100.628,100.891
2025-10-30T06:00:00Z,100.868,101.034,100.7,100.908,100.894,101.058,100.728,100.934
2025-10-30T07:00:00Z,100.911,101.116,100.844,100.938,100.937,101.14,100.867,100.961
2025-10-30T08:00:00Z,100.944,101.2,100.944,101.114,100.967,101.222,100.967,101.137
2025-10-30T09:00:00Z,101.112,101.162,100.935,101.003,101.136,101.186,100.952,101.025
2025-10-30T10:00:00Z,101.005,101.116,100.997,101.069,101.028,101.137,101.018,101.091
2025-10-30T11:00:00Z,101.072,101.112,100.988,101.025,101.093,101.134,101.007,101.043
2025-10-30T12:00:00Z,101.025,101.064,100.838,100.878,101.048,101.087,100.857,100.9
2025-10-30T13:00:00Z,100.879,101.0,100.733,100.952,100.903,101.023,100.753,100.974
2025-10-30T14:00:00Z,100.951,101.054,100.92,101.027,100.974,101.078,100.942,101.046
2025-10-30T15:00:00Z,101.024,101.109,100.95,101.036,101.043,101.132,100.973,101.058
2025-10-30T16:00:00Z,101.038,101.082,100.961,100.991,101.06,101.105,100.984,101.016
2025-10-30T17:00:00Z,100.995,101.078,100.914,101.011,101.017,101.097,100.939,101.034
2025-10-30T18:00:00Z,101.009,101.016,100.926,100.962,101.034,101.039,100.951,100.986
2025-10-30T19:00:00Z,100.96,100.961,100.857,100.887,100.982,100.983,100.881,100.911
2025-10-30T20:00:00Z,100.882,101.032,100.867,101.014,100.904,101.074,100.89,101.055
2025-10-30T21:00:00Z,100.997,101.004,100.906,100.918,101.075,101.089,101.022,101.023
2025-10-30T22:00:00Z,100.911,101.003,100.898,100.982,101.01,101.052,100.954,101.003
2025-10-30T23:00:00Z,100.983,101.011,100.89,100.943,101.006,101.035,100.912,100.964
2025-10-31T00:00:00Z,100.943,101.019,100.864,100.898,100.966,101.043,100.885,100.921
2025-10-31T01:00:00Z,100.898,100.94,100.655,100.801,100.923,100.964,100.682,100.824
2025-10-31T02:00:00Z,100.801,100.843,100.692,100.81,100.823,100.864,100.716,100.834
2025-10-31T03:00:00Z,100.812,100.9,100.757,100.884,100.835,100.923,100.778,100.904
2025-10-31T04:00:00Z,100.884,100.912,100.783,100.823,100.905,100.936,100.806,100.845
2025-10-31T05:00:00Z,100.823,100.823,100.628,100.669,100.844,100.844,100.651,100.686
2025-10-31T06:00:00Z,100.666,100.84,100.658,100.807,100.684,100.864,100.679,100.829
2025-10-31T07:00:00Z,100.813,100.93,100.783,100.905,100.834,100.952,100.803,100.925
2025-10-31T08:00:00Z,100.906,100.973,100.859,100.922,100.928,100.997,100.881,100.944
2025-10-31T09:00:00Z,100.923,100.942,100.753,100.818,100.944,100.964,100.775,100.838
2025-10-31T10:00:00Z,100.819,100.864,100.788,100.819,100.842,100.888,100.812,100.839
2025-10-31T11:00:00Z,100.821,100.861,100.764,100.82,100.842,100.884,100.787,100.841
2025-10-31T12:00:00Z,100.817,100.867,100.643,100.745,100.839,100.888,100.665,100.769
2025-10-31T13:00:00Z,100.751,100.866,100.727,100.861,100.775,100.89,100.749,100.887
2025-10-31T14:00:00Z,100.86,100.873,100.718,100.863,100.887,100.897,100.743,100.882
2025-10-31T15:00:00Z,100.863,100.883,100.721,100.819,100.881,100.909,100.745,100.842
2025-10-31T16:00:00Z,100.823,100.848,100.72,100.783,100.844,100.867,100.744,100.805
2025-10-31T17:00:00Z,100.782,100.792,100.703,100.74,100.803,100.815,100.724,100.76
2025-10-31T18:00:00Z,100.739,100.82,100.728,100.806,100.763,100.844,100.751,100.829
2025-10-31T19:00:00Z,100.806,100.869,100.789,100.821,100.827,100.891,100.813,100.842
2025-10-31T20:00:00Z,100.818,100.861,100.714,100.734,100.842,100.887,100.825,100.843
2025-11-02T22:00:00Z,100.74,100.784,100.706,100.72,100.859,100.878,100.782,100.792
2025-11-02T23:00:00Z,100.716,100.977,100.716,100.919,100.793,101.005,100.793,100.946
2025-11-03T00:00:00Z,100.917,100.927,100.842,100.865,100.943,100.951,100.864,100.888
2025-11-03T01:00:00Z,100.866,100.925,100.782,100.837,100.888,100.949,100.807,100.858
2025-11-03T02:00:00Z,100.835,100.898,100.803,100.884,100.858,100.918,100.826,100.905
2025-11-03T03:00:00Z,100.884,100.954,100.807,100.951,100.907,100.977,100.83,100.973
2025-11-03T04:00:00Z,100.951,100.973,100.91,100.967,100.974,100.995,100.929,100.987
2025-11-03T05:00:00Z,100.964,101.12,100.962,101.072,100.985,101.144,100.98,101.094
2025-11-03T06:00:00Z,101.072,101.131,101.044,101.09,101.097,101.15,101.064,101.107
2025-11-03T07:00:00Z,101.089,101.125,100.966,100.985,101.107,101.148,100.986,101.007
2025-11-03T08:00:00Z,100.985,101.04,100.88,101.003,101.006,101.061,100.903,101.024
2025-11-03T09:00:00Z,101.003,101.035,100.913,100.919,101.026,101.059,100.932,100.942
2025-11-03T10:00:00Z,100.92,100.956,100.877,100.893,100.942,100.977,100.895,100.914
2025-11-03T11:00:00Z,100.892,100.954,100.884,100.936,100.914,100.975,100.904,100.957
2025-11-03T12:00:00Z,100.937,100.989,100.931,100.937,100.959,101.01,100.951,100.959
2025-11-03T13:00:00Z,100.937,100.948,100.845,100.857,100.958,100.968,100.866,100.879
2025-11-03T14:00:00Z,100.857,100.879,100.577,100.619,100.878,100.902,100.599,100.664
2025-11-03T15:00:00Z,100.614,100.639,100.387,100.577,100.667,100.668,100.411,100.595
2025-11-03T16:00:00Z,100.58,100.741,100.574,100.724,100.603,100.763,100.594,100.742
2025-11-03T17:00:00Z,100.721,100.812,100.679,100.77,100.74,100.835,100.698,100.793
2025-11-03T18:00:00Z,100.771,100.842,100.75,100.809,100.793,100.863,100.772,100.833
2025-11-03T19:00:00Z,100.81,100.866,100.768,100.82,100.833,100.888,100.79,100.843
2025-11-03T20:00:00Z,100.824,100.83,100.776,100.807,100.847,100.852,100.799,100.83
2025-11-03T21:00:00Z,100.81,100.823,100.759,100.804,100.833,100.857,100.782,100.837
2025-11-03T22:00:00Z,100.752,100.838,100.735,100.801,100.862,100.894,100.815,100.831
2025-11-03T23:00:00Z,100.797,100.828,100.77,100.816,100.831,100.868,100.795,100.841
2025-11-04T00:00:00Z,100.815,100.892,100.753,100.879,100.841,100.914,100.773,100.901
2025-11-04T01:00:00Z,100.882,100.902,100.785,100.829,100.903,100.926,100.808,100.854
2025-11-04T02:00:00Z,100.83,100.832,100.526,100.528,100.853,100.856,100.547,100.549
2025-11-04T03:00:00Z,100.525,100.715,100.432,100.64,100.546,100.743,100.459,100.661
2025-11-04T04:00:00Z,100.64,100.644,100.496,100.614,100.66,100.666,100.522,100.634
2025-11-04T05:00:00Z,100.614,100.634,100.094,100.103,100.633,100.653,100.118,100.126
2025-11-04T06:00:00Z,100.106,100.167,99.866,100.037,100.13,100.191,99.891,100.058
2025-11-04T07:00:00Z,100.036,100.075,99.878,100.058,100.058,100.093,99.898,100.08
2025-11-04T08:00:00Z,100.059,100.134,99.9,100.01,100.078,100.157,99.922,100.032
2025-11-04T09:00:00Z,100.009,100.074,99.646,99.679,100.029,100.093,99.669,99.701
2025-11-04T10:00:00Z,99.676,99.875,99.534,99.843,99.698,99.899,99.556,99.861
2025-11-04T11:00:00Z,99.835,99.882,99.721,99.779,99.858,99.899,99.745,99.797
2025-11-04T12:00:00Z,99.778,99.793,99.663,99.707,99.795,99.81,99.683,99.73
2025-11-04T13:00:00Z,99.703,99.739,99.539,99.577,99.727,99.761,99.559,99.599
2025-11-04T14:00:00Z,99.576,99.697,99.458,99.642,99.599,99.716,99.478,99.67
2025-11-04T15:00:00Z,99.643,99.793,99.637,99.727,99.669,99.811,99.66,99.75
2025-11-04T16:00:00Z,99.727,99.807,99.662,99.807,99.749,99.829,99.682,99.829
2025-11-04T17:00:00Z,99.808,99.816,99.657,99.702,99.831,99.836,99.679,99.724
2025-11-04T18:00:00Z,99.701,99.726,99.607,99.619,99.724,99.747,99.627,99.643
2025-11-04T19:00:00Z,99.622,99.691,99.562,99.608,99.644,99.716,99.584,99.631
2025-11-04T20:00:00Z,99.608,99.703,99.593,99.636,99.633,99.726,99.616,99.66
2025-11-04T21:00:00Z,99.639,99.734,99.611,99.693,99.662,99.771,99.631,99.733
2025-11-04T22:00:00Z,99.683,99.751,99.648,99.724,99.753,99.832,99.698,99.787
2025-11-04T23:00:00Z,99.722,99.773,99.547,99.562,99.783,99.807,99.57,99.584
2025-11-05T00:00:00Z,99.559,99.665,99.201,99.208,99.581,99.689,99.222,99.229
2025-11-05T01:00:00Z,99.209,99.218,98.813,99.045,99.233,99.242,98.837,99.07
2025-11-05T02:00:00Z,99.043,99.356,98.98,99.349,99.068,99.38,99.004,99.374
2025-11-05T03:00:00Z,99.353,99.709,99.352,99.664,99.376,99.731,99.373,99.687
2025-11-05T04:00:00Z,99.665,99.68,99.482,99.63,99.687,99.703,99.509,99.655
2025-11-05T05:00:00Z,99.63,99.785,99.562,99.625,99.652,99.808,99.586,99.651
2025-11-05T06:00:00Z,99.628,99.803,99.572,99.736,99.653,99.826,99.596,99.76
2025-11-05T07:00:00Z,99.738,99.745,99.508,99.615,99.761,99.768,99.526,99.638
2025-11-05T08:00:00Z,99.618,99.8,99.558,99.609,99.641,99.822,99.582,99.629
2025-11-05T09:00:00Z,99.606,99.694,99.532,99.609,99.628,99.715,99.55,99.627
2025-11-05T10:00:00Z,99.61,99.678,99.506,99.525,99.627,99.701,99.529,99.548
2025-11-05T11:00:00Z,99.523,99.55,99.478,99.516,99.545,99.572,99.5,99.539
2025-11-05T12:00:00Z,99.518,99.637,99.456,99.63,99.543,99.655,99.477,99.651
2025-11-05T13:00:00Z,99.633,99.879,99.618,99.852,99.65,99.902,99.635,99.876
2025-11-05T14:00:00Z,99.854,100.007,99.804,99.978,99.877,100.031,99.828,100.023
2025-11-05T15:00:00Z,99.982,100.285,99.982,100.285,100.025,100.307,100.025,100.307
2025-11-05T16:00:00Z,100.286,100.384,100.167,100.33,100.307,100.406,100.191,100.351
2025-11-05T17:00:00Z,100.33,100.364,100.207,100.239,100.352,100.384,100.229,100.26
2025-11-05T18:00:00Z,100.239,100.3,100.197,100.291,100.259,100.32,100.217,100.313
2025-11-05T19:00:00Z,100.293,100.298,100.238,100.252,100.313,100.322,100.259,100.275
2025-11-05T20:00:00Z,100.253,100.321,100.223,100.241,100.275,100.344,100.246,100.266
2025-11-05T21:00:00Z,100.242,100.285,100.2,100.252,100.265,100.318,100.219,100.292
2025-11-05T22:00:00Z,100.196,100.261,100.162,100.207,100.308,100.336,100.246,100.257
2025-11-05T23:00:00Z,100.207,100.307,100.181,100.293,100.259,100.332,100.213,100.318
2025-11-06T00:00:00Z,100.294,100.296,100.056,100.095,100.316,100.321,100.08,100.116
2025-11-06T01:00:00Z,100.093,100.188,99.918,100.165,100.117,100.211,99.941,100.188
2025-11-06T02:00:00Z,100.162,100.269,100.075,100.17,100.186,100.289,100.101,100.194
2025-11-06T03:00:00Z,100.17,100.267,100.148,100.19,100.193,100.29,100.173,100.213
2025-11-06T04:00:00Z,100.191,100.317,100.157,100.265,100.213,100.34,100.181,100.289
2025-11-06T05:00:00Z,100.269,100.298,100.084,100.134,100.291,100.32,100.108,100.158
2025-11-06T06:00:00Z,100.13,100.224,100.118,100.177,100.152,100.245,100.142,100.201
2025-11-06T07:00:00Z,100.18,100.251,100.096,100.177,100.2,100.272,100.12,100.198
2025-11-06T08:00:00Z,100.178,100.18,99.972,100.05,100.197,100.202,99.995,100.069
2025-11-06T09:00:00Z,100.049,100.17,100.047,100.118,100.07,100.191,100.067,100.14
2025-11-06T10:00:00Z,100.119,100.154,100.029,100.037,100.14,100.177,100.051,100.059
2025-11-06T11:00:00Z,100.037,100.069,99.938,99.981,100.06,100.091,99.961,100.005
2025-11-06T12:00:00Z,99.982,100.097,99.947,100.051,100.005,100.119,99.971,100.074
2025-11-06T13:00:00Z,100.052,100.108,99.9,99.904,100.074,100.129,99.923,99.928
2025-11-06T14:00:00Z,99.905,99.913,99.416,99.418,99.928,99.935,99.44,99.44
2025-11-06T15:00:00Z,99.415,99.477,98.996,98.996,99.437,99.499,99.019,99.02
2025-11-06T16:00:00Z,98.994,99.085,98.915,98.927,99.016,99.111,98.937,98.95
2025-11-06T17:00:00Z,98.932,99.158,98.815,99.108,98.954,99.184,98.839,99.134
2025-11-06T18:00:00Z,99.111,99.258,98.975,99.186,99.135,99.281,98.998,99.208
2025-11-06T19:00:00Z,99.187,99.354,99.17,99.277,99.204,99.378,99.193,99.302
2025-11-06T20:00:00Z,99.28,99.297,99.104,99.14,99.303,99.32,99.128,99.166
2025-11-06T21:00:00Z,99.139,99.19,99.108,99.165,99.166,99.22,99.133,99.211
2025-11-06T22:00:00Z,99.092,99.182,99.074,99.173,99.264,99.264,99.174,99.237
2025-11-06T23:00:00Z,99.172,99.193,99.116,99.16,99.238,99.238,99.141,99.184
2025-11-07T00:00:00Z,99.16,99.343,99.081,99.264,99.186,99.369,99.106,99.284
2025-11-07T01:00:00Z,99.264,99.333,99.029,99.183,99.283,99.358,99.053,99.207
2025-11-07T02:00:00Z,99.184,99.197,99.035,99.159,99.21,99.22,99.061,99.183
2025-11-07T03:00:00Z,99.156,99.184,98.98,99.052,99.179,99.207,99.004,99.076
2025-11-07T04:00:00Z,99.051,99.166,98.957,99.132,99.076,99.19,98.98,99.156
2025-11-07T05:00:00Z,99.133,99.361,99.133,99.354,99.158,99.385,99.157,99.375
2025-11-07T06:00:00Z,99.354,99.525,99.354,99.514,99.378,99.552,99.376,99.538
2025-11-07T07:00:00Z,99.509,99.569,99.453,99.453,99.533,99.592,99.472,99.473
2025-11-07T08:00:00Z,99.453,99.552,99.33,99.547,99.475,99.572,99.355,99.567
2025-11-07T09:00:00Z,99.548,99.553,99.414,99.495,99.567,99.576,99.437,99.518
2025-11-07T10:00:00Z,99.495,99.547,99.387,99.442,99.519,99.57,99.41,99.464
2025-11-07T11:00:00Z,99.443,99.449,99.127,99.304,99.464,99.471,99.151,99.327
2025-11-07T12:00:00Z,99.305,99.33,99.102,99.194,99.326,99.348,99.125,99.216
2025-11-07T13:00:00Z,99.193,99.539,99.131,99.479,99.213,99.564,99.152,99.5
2025-11-07T14:00:00Z,99.478,99.567,99.124,99.404,99.5,99.589,99.148,99.455
2025-11-07T15:00:00Z,99.401,99.406,99.034,99.102,99.45,99.45,99.057,99.126
2025-11-07T16:00:00Z,99.103,99.207,99.021,99.1,99.128,99.231,99.045,99.122
2025-11-07T17:00:00Z,99.098,99.296,99.025,99.255,99.122,99.32,99.049,99.279
2025-11-07T18:00:00Z,99.257,99.402,99.203,99.38,99.279,99.425,99.228,99.404
2025-11-07T19:00:00Z,99.378,99.749,99.358,99.724,99.403,99.772,99.382,99.748
2025-11-07T20:00:00Z,99.721,99.742,99.56,99.687,99.745,99.766,99.58,99.711
2025-11-07T21:00:00Z,99.684,99.727,99.537,99.571,99.708,99.752,99.648,99.705
2025-11-09T22:00:00Z,99.84,99.844,99.689,99.749,99.958,99.958,99.796,99.808
2025-11-09T23:00:00Z,99.745,100.035,99.729,100.01,99.802,100.06,99.787,100.034
2025-11-10T00:00:00Z,100.011,100.153,99.718,100.104,100.033,100.18,99.743,100.13
2025-11-10T01:00:00Z,100.099,100.303,100.096,100.247,100.126,100.325,100.122,100.272
2025-11-10T02:00:00Z,100.248,100.341,100.164,100.31,100.272,100.363,100.189,100.334
2025-11-10T03:00:00Z,100.314,100.374,100.247,100.258,100.337,100.399,100.272,100.281
2025-11-10T04:00:00Z,100.259,100.392,100.257,100.392,100.281,100.415,100.281,100.415
2025-11-10T05:00:00Z,100.39,100.548,100.375,100.467,100.415,100.573,100.4,100.492
2025-11-10T06:00:00Z,100.468,100.552,100.453,100.492,100.491,100.576,100.475,100.517
2025-11-10T07:00:00Z,100.491,100.627,100.486,100.564,100.514,100.649,100.507,100.586
2025-11-10T08:00:00Z,100.562,100.686,100.5,100.672,100.586,100.708,100.523,100.694
2025-11-10T09:00:00Z,100.672,100.817,100.659,100.765,100.693,100.84,100.682,100.788
2025-11-10T10:00:00Z,100.768,100.769,100.665,100.696,100.787,100.792,100.689,100.719
2025-11-10T11:00:00Z,100.697,100.74,100.651,100.696,100.718,100.761,100.673,100.72
2025-11-10T12:00:00Z,100.693,100.72,100.636,100.663,100.718,100.744,100.66,100.687
2025-11-10T13:00:00Z,100.663,100.724,100.523,100.577,100.684,100.746,100.547,100.599
2025-11-10T14:00:00Z,100.579,100.601,100.469,100.562,100.602,100.623,100.491,100.582
2025-11-10T15:00:00Z,100.562,100.604,100.351,100.361,100.583,100.626,100.371,100.385
2025-11-10T16:00:00Z,100.363,100.428,100.291,100.426,100.385,100.45,100.317,100.448
2025-11-10T17:00:00Z,100.425,100.684,100.405,100.646,100.449,100.707,100.43,100.671
2025-11-10T18:00:00Z,100.648,100.713,100.62,100.66,100.672,100.735,100.643,100.685
2025-11-10T19:00:00Z,100.661,100.729,100.646,100.702,100.685,100.753,100.668,100.725
2025-11-10T20:00:00Z,100.702,100.743,100.681,100.696,100.726,100.76,100.703,100.718
2025-11-10T21:00:00Z,100.693,100.757,100.687,100.725,100.718,100.781,100.71,100.759
2025-11-10T22:00:00Z,100.569,100.688,100.569,100.654,100.768,100.771,100.719,100.72
2025-11-10T23:00:00Z,100.674,100.733,100.656,100.719,100.719,100.756,100.68,100.742
2025-11-11T00:00:00Z,100.717,100.804,100.693,100.803,100.742,100.826,100.718,100.826
2025-11-11T01:00:00Z,100.804,100.864,100.776,100.777,100.826,100.888,100.796,100.802
2025-11-11T02:00:00Z,100.776,100.836,100.697,100.756,100.8,100.859,100.721,100.78
2025-11-11T03:00:00Z,100.759,100.761,100.647,100.71,100.784,100.786,100.671,100.737
2025-11-11T04:00:00Z,100.71,100.767,100.641,100.648,100.735,100.789,100.663,100.673
2025-11-11T05:00:00Z,100.649,100.651,100.45,100.45,100.673,100.675,100.472,100.472
2025-11-11T06:00:00Z,100.448,100.624,100.446,100.495,100.471,100.644,100.469,100.519
2025-11-11T07:00:00Z,100.498,100.544,100.451,100.519,100.52,100.566,100.475,100.542
2025-11-11T08:00:00Z,100.516,100.696,100.512,100.613,100.538,100.718,100.533,100.636
2025-11-11T09:00:00Z,100.612,100.663,100.549,100.595,100.633,100.685,100.571,100.619
2025-11-11T10:00:00Z,100.597,100.638,100.571,100.607,100.622,100.66,100.593,100.629
2025-11-11T11:00:00Z,100.606,100.656,100.579,100.655,100.629,100.68,100.602,100.678
2025-11-11T12:00:00Z,100.654,100.678,100.556,100.565,100.675,100.7,100.579,100.582
2025-11-11T13:00:00Z,100.563,100.624,100.39,100.485,100.584,100.647,100.412,100.51
2025-11-11T14:00:00Z,100.485,100.652,100.43,100.648,100.509,100.674,100.456,100.671
2025-11-11T15:00:00Z,100.645,100.689,100.396,100.4,100.669,100.711,100.42,100.421
2025-11-11T16:00:00Z,100.399,100.554,100.398,100.487,100.422,100.573,100.421,100.51
2025-11-11T17:00:00Z,100.486,100.621,100.48,100.617,100.508,100.644,100.5,100.64
2025-11-11T18:00:00Z,100.615,100.673,100.601,100.634,100.638,100.696,100.623,100.658
2025-11-11T19:00:00Z,100.635,100.672,100.596,100.628,100.658,100.698,100.62,100.652
2025-11-11T20:00:00Z,100.629,100.649,100.601,100.63,100.655,100.67,100.622,100.653
2025-11-11T21:00:00Z,100.633,100.636,100.593,100.598,100.655,100.659,100.618,100.639
2025-11-11T22:00:00Z,100.492,100.578,100.488,100.508,100.607,100.65,100.566,100.576
2025-11-11T23:00:00Z,100.512,100.671,100.512,100.594,100.579,100.694,100.577,100.616
2025-11-12T00:00:00Z,100.594,100.7,100.553,100.61,100.617,100.72,100.579,100.63
2025-11-12T01:00:00Z,100.611,100.679,100.59,100.66,100.629,100.704,100.616,100.684
2025-11-12T02:00:00Z,100.662,100.774,100.634,100.652,100.684,100.797,100.656,100.677
2025-11-12T03:00:00Z,100.655,100.696,100.623,100.678,100.679,100.721,100.642,100.699
2025-11-12T04:00:00Z,100.676,100.894,100.637,100.89,100.699,100.918,100.659,100.915
2025-11-12T05:00:00Z,100.892,100.984,100.78,100.957,100.916,101.007,100.808,100.984
2025-11-12T06:00:00Z,100.961,101.082,100.958,101.026,100.986,101.106,100.984,101.051
2025-11-12T07:00:00Z,101.027,101.139,100.98,101.07,101.05,101.161,101.005,101.091
2025-11-12T08:00:00Z,101.071,101.269,101.047,101.22,101.091,101.291,101.07,101.239
2025-11-12T09:00:00Z,101.221,101.264,101.147,101.15,101.239,101.286,101.172,101.175
2025-11-12T10:00:00Z,101.15,101.186,101.101,101.148,101.173,101.209,101.124,101.172
2025-11-12T11:00:00Z,101.15,101.195,101.134,101.164,101.174,101.218,101.156,101.188
2025-11-12T12:00:00Z,101.163,101.294,101.152,101.285,101.188,101.318,101.176,101.31
2025-11-12T13:00:00Z,101.289,101.314,101.217,101.278,101.31,101.336,101.24,101.302
2025-11-12T14:00:00Z,101.277,101.306,101.14,101.167,101.302,101.329,101.166,101.19
2025-11-12T15:00:00Z,101.167,101.265,101.12,101.185,101.191,101.288,101.142,101.206
2025-11-12T16:00:00Z,101.183,101.27,101.107,101.129,101.206,101.291,101.13,101.153
2025-11-12T17:00:00Z,101.129,101.181,101.066,101.132,101.152,101.202,101.089,101.155
2025-11-12T18:00:00Z,101.135,101.286,101.119,101.281,101.158,101.309,101.141,101.303
2025-11-12T19:00:00Z,101.284,101.284,101.146,101.238,101.305,101.305,101.169,101.261
2025-11-12T20:00:00Z,101.233,101.253,101.185,101.225,101.255,101.277,101.204,101.247
2025-11-12T21:00:00Z,101.224,101.266,101.219,101.252,101.248,101.296,101.245,101.287
2025-11-12T22:00:00Z,101.194,101.239,101.104,101.108,101.297,101.333,101.176,101.181
2025-11-12T23:00:00Z,101.137,101.175,101.077,101.112,101.181,101.214,101.103,101.134
2025-11-13T00:00:00Z,101.114,101.631,101.089,101.515,101.139,101.66,101.115,101.54
2025-11-13T01:00:00Z,101.515,101.653,101.435,101.462,101.539,101.676,101.459,101.483
2025-11-13T02:00:00Z,101.459,101.584,101.407,101.491,101.483,101.607,101.431,101.509
2025-11-13T03:00:00Z,101.493,101.549,101.443,101.467,101.512,101.574,101.468,101.484
2025-11-13T04:00:00Z,101.463,101.522,101.353,101.503,101.484,101.543,101.378,101.525
2025-11-13T05:00:00Z,101.502,101.637,101.497,101.598,101.525,101.659,101.52,101.622
2025-11-13T06:00:00Z,101.6,101.637,101.547,101.575,101.622,101.664,101.572,101.599
2025-11-13T07:00:00Z,101.579,101.813,101.57,101.718,101.601,101.838,101.591,101.739
2025-11-13T08:00:00Z,101.717,101.81,101.646,101.65,101.739,101.832,101.667,101.67
2025-11-13T09:00:00Z,101.653,101.668,101.446,101.564,101.671,101.69,101.47,101.586
2025-11-13T10:00:00Z,101.564,101.619,101.514,101.579,101.587,101.641,101.537,101.601
2025-11-13T11:00:00Z,101.575,101.621,101.508,101.535,101.598,101.644,101.53,101.557
2025-11-13T12:00:00Z,101.535,101.552,101.452,101.494,101.558,101.575,101.475,101.516
2025-11-13T13:00:00Z,101.489,101.489,101.294,101.336,101.512,101.512,101.314,101.355
2025-11-13T14:00:00Z,101.337,101.352,100.951,101.079,101.359,101.375,100.975,101.102
2025-11-13T15:00:00Z,101.081,101.266,100.914,101.033,101.104,101.29,100.937,101.058
2025-11-13T16:00:00Z,101.033,101.22,101.0,101.165,101.057,101.24,101.019,101.188
2025-11-13T17:00:00Z,101.163,101.224,101.011,101.057,101.186,101.248,101.031,101.075
2025-11-13T18:00:00Z,101.056,101.081,100.68,100.822,101.075,101.103,100.703,100.846
2025-11-13T19:00:00Z,100.825,100.934,100.737,100.832,100.848,100.957,100.76,100.853
2025-11-13T20:00:00Z,100.83,100.901,100.804,100.891,100.853,100.921,100.828,100.914
2025-11-13T21:00:00Z,100.889,100.931,100.853,100.903,100.912,100.953,100.886,100.948
2025-11-13T22:00:00Z,100.799,100.96,100.799,100.956,100.956,101.056,100.924,101.01
2025-11-13T23:00:00Z,100.954,100.98,100.901,100.914,101.01,101.01,100.923,100.937
2025-11-14T00:00:00Z,100.914,101.048,100.897,100.979,100.938,101.073,100.921,101.004
2025-11-14T01:00:00Z,100.983,101.083,100.952,101.041,101.005,101.105,100.971,101.067
2025-11-14T02:00:00Z,101.04,101.227,101.037,101.063,101.068,101.249,101.06,101.082
2025-11-14T03:00:00Z,101.06,101.143,101.003,101.084,101.08,101.165,101.023,101.108
2025-11-14T04:00:00Z,101.084,101.091,100.862,100.871,101.107,101.116,100.886,100.894
2025-11-14T05:00:00Z,100.87,101.013,100.803,101.001,100.891,101.038,100.827,101.025
2025-11-14T06:00:00Z,101.001,101.029,100.937,100.981,101.024,101.054,100.962,101.007
2025-11-14T07:00:00Z,100.983,100.991,100.78,100.97,101.007,101.013,100.802,100.992
2025-11-14T08:00:00Z,100.97,100.974,100.752,100.91,100.994,100.998,100.773,100.929
2025-11-14T09:00:00Z,100.91,100.983,100.82,100.87,100.931,101.007,100.842,100.892
2025-11-14T10:00:00Z,100.867,100.947,100.785,100.806,100.89,100.97,100.807,100.828
2025-11-14T11:00:00Z,100.806,100.826,100.6,100.668,100.827,100.848,100.621,100.69
2025-11-14T12:00:00Z,100.672,100.673,100.311,100.373,100.691,100.694,100.332,100.397
2025-11-14T13:00:00Z,100.37,100.539,100.217,100.516,100.395,100.562,100.24,100.535
2025-11-14T14:00:00Z,100.514,100.855,100.428,100.851,100.535,100.877,100.454,100.874
2025-11-14T15:00:00Z,100.852,101.096,100.69,101.083,100.874,101.12,100.713,101.103
2025-11-14T16:00:00Z,101.084,101.283,100.981,101.237,101.105,101.305,101.004,101.26
2025-11-14T17:00:00Z,101.237,101.286,101.115,101.158,101.259,101.31,101.137,101.181
2025-11-14T18:00:00Z,101.157,101.16,100.979,101.025,101.181,101.183,101.0,101.048
2025-11-14T19:00:00Z,101.025,101.061,100.96,101.041,101.047,101.083,100.982,101.063
2025-11-14T20:00:00Z,101.042,101.053,100.953,100.996,101.063,101.076,100.977,101.018
2025-11-14T21:00:00Z,100.996,101.058,100.915,100.964,101.019,101.081,100.993,101.031
2025-11-16T22:00:00Z,100.894,100.994,100.876,100.947,101.124,101.139,100.96,101.007
2025-11-16T23:00:00Z,100.94,101.023,100.847,100.982,101.007,101.047,100.879,101.007
2025-11-17T00:00:00Z,100.982,101.015,100.788,100.916,101.006,101.039,100.811,100.939
2025-11-17T01:00:00Z,100.917,100.92,100.753,100.758,100.939,100.941,100.778,100.783
2025-11-17T02:00:00Z,100.76,100.865,100.731,100.849,100.783,100.889,100.753,100.872
2025-11-17T03:00:00Z,100.846,100.921,100.739,100.82,100.87,100.943,100.763,100.842
2025-11-17T04:00:00Z,100.821,100.877,100.798,100.846,100.841,100.9,100.821,100.87
2025-11-17T05:00:00Z,100.848,100.923,100.819,100.89,100.871,100.947,100.843,100.912
2025-11-17T06:00:00Z,100.888,100.98,100.87,100.93,100.912,101.002,100.894,100.955
2025-11-17T07:00:00Z,100.927,101.129,100.905,101.099,100.951,101.15,100.928,101.121
2025-11-17T08:00:00Z,101.099,101.124,100.879,100.914,101.119,101.145,100.903,100.937
2025-11-17T09:00:00Z,100.914,100.928,100.864,100.889,100.938,100.952,100.887,100.912
2025-11-17T10:00:00Z,100.889,100.929,100.795,100.817,100.911,100.951,100.819,100.839
2025-11-17T11:00:00Z,100.812,100.904,100.771,100.877,100.835,100.927,100.793,100.9
2025-11-17T12:00:00Z,100.877,100.974,100.856,100.931,100.899,100.997,100.877,100.955
2025-11-17T13:00:00Z,100.934,100.972,100.766,100.828,100.955,100.994,100.785,100.851
2025-11-17T14:00:00Z,100.827,100.951,100.789,100.95,100.851,100.974,100.81,100.974
2025-11-17T15:00:00Z,100.949,101.103,100.923,101.005,100.974,101.122,100.947,101.027
2025-11-17T16:00:00Z,101.005,101.105,100.803,101.105,101.026,101.126,100.826,101.126
2025-11-17T17:00:00Z,101.107,101.143,100.976,100.99,101.127,101.164,100.995,101.01
2025-11-17T18:00:00Z,100.991,101.005,100.796,100.797,101.013,101.028,100.818,100.82
2025-11-17T19:00:00Z,100.794,100.81,100.618,100.643,100.815,100.831,100.642,100.665
2025-11-17T20:00:00Z,100.644,100.78,100.6,100.762,100.665,100.802,100.622,100.784
2025-11-17T21:00:00Z,100.765,100.803,100.741,100.801,100.787,100.847,100.766,100.844
2025-11-17T22:00:00Z,100.737,100.832,100.735,100.792,100.884,100.9,100.797,100.845
2025-11-17T23:00:00Z,100.796,100.893,100.777,100.807,100.846,100.915,100.8,100.828
2025-11-18T00:00:00Z,100.806,100.823,100.61,100.66,100.828,100.846,100.635,100.682
2025-11-18T01:00:00Z,100.66,100.778,100.643,100.727,100.683,100.804,100.666,100.747
2025-11-18T02:00:00Z,100.725,100.849,100.694,100.695,100.746,100.873,100.714,100.716
2025-11-18T03:00:00Z,100.694,100.695,100.495,100.529,100.714,100.717,100.519,100.547
2025-11-18T04:00:00Z,100.527,100.527,100.14,100.474,100.546,100.546,100.161,100.498
2025-11-18T05:00:00Z,100.471,100.577,100.364,100.512,100.495,100.599,100.388,100.533
2025-11-18T06:00:00Z,100.511,100.581,100.356,100.483,100.533,100.6,100.38,100.507
2025-11-18T07:00:00Z,100.488,100.581,100.32,100.51,100.512,100.604,100.343,100.531
2025-11-18T08:00:00Z,100.509,100.85,100.509,100.7,100.531,100.873,100.531,100.723
2025-11-18T09:00:00Z,100.704,100.858,100.675,100.827,100.727,100.88,100.697,100.848
2025-11-18T10:00:00Z,100.826,101.019,100.784,101.016,100.849,101.041,100.807,101.037
2025-11-18T11:00:00Z,101.014,101.093,100.969,101.064,101.036,101.117,100.992,101.086
2025-11-18T12:00:00Z,101.063,101.063,100.872,100.89,101.084,101.084,100.897,100.912
2025-11-18T13:00:00Z,100.891,101.042,100.88,100.943,100.915,101.063,100.902,100.967
2025-11-18T14:00:00Z,100.938,101.115,100.848,100.859,100.963,101.138,100.873,100.886
2025-11-18T15:00:00Z,100.859,100.897,100.622,100.715,100.888,100.92,100.644,100.736
2025-11-18T16:00:00Z,100.712,101.202,100.658,101.085,100.734,101.223,100.683,101.106
2025-11-18T17:00:00Z,101.083,101.36,100.989,101.341,101.106,101.383,101.013,101.358
2025-11-18T18:00:00Z,101.343,101.427,101.308,101.338,101.362,101.45,101.334,101.361
2025-11-18T19:00:00Z,101.337,101.403,101.284,101.346,101.363,101.426,101.307,101.364
2025-11-18T20:00:00Z,101.346,101.358,101.238,101.242,101.366,101.382,101.262,101.266
2025-11-18T21:00:00Z,101.244,101.249,101.177,101.196,101.267,101.273,101.2,101.238
2025-11-18T22:00:00Z,101.133,101.22,101.069,101.206,101.218,101.289,101.161,101.266
2025-11-18T23:00:00Z,101.219,101.273,101.207,101.216,101.264,101.296,101.234,101.239
2025-11-19T00:00:00Z,101.217,101.233,101.013,101.07,101.239,101.256,101.036,101.096
2025-11-19T01:00:00Z,101.075,101.084,100.903,100.944,101.101,101.105,100.926,100.968
2025-11-19T02:00:00Z,100.949,101.02,100.821,100.828,100.972,101.039,100.846,100.852
2025-11-19T03:00:00Z,100.826,100.83,100.627,100.663,100.852,100.856,100.65,100.683
2025-11-19T04:00:00Z,100.665,100.795,100.583,100.681,100.684,100.819,100.607,100.706
2025-11-19T05:00:00Z,100.683,100.819,100.645,100.817,100.707,100.842,100.665,100.84
2025-11-19T06:00:00Z,100.818,100.935,100.792,100.887,100.84,100.958,100.815,100.909
2025-11-19T07:00:00Z,100.888,100.99,100.866,100.966,100.909,101.012,100.89,100.987
2025-11-19T08:00:00Z,100.966,100.981,100.791,100.816,100.988,101.002,100.815,100.837
2025-11-19T09:00:00Z,100.814,101.171,100.794,101.154,100.837,101.193,100.818,101.177
2025-11-19T10:00:00Z,101.157,101.345,101.116,101.326,101.179,101.366,101.139,101.348
2025-11-19T11:00:00Z,101.323,101.361,101.265,101.294,101.346,101.382,101.289,101.318
2025-11-19T12:00:00Z,101.291,101.43,101.282,101.389,101.314,101.452,101.303,101.409
2025-11-19T13:00:00Z,101.393,101.393,101.232,101.328,101.41,101.411,101.254,101.35
2025-11-19T14:00:00Z,101.328,101.676,101.286,101.663,101.351,101.699,101.31,101.687
2025-11-19T15:00:00Z,101.667,101.676,101.15,101.173,101.69,101.7,101.173,101.193
2025-11-19T16:00:00Z,101.173,101.297,101.098,101.297,101.194,101.319,101.122,101.317
2025-11-19T17:00:00Z,101.294,101.339,101.138,101.255,101.314,101.364,101.162,101.28
2025-11-19T18:00:00Z,101.255,101.444,101.251,101.361,101.279,101.472,101.276,101.396
2025-11-19T19:00:00Z,101.364,101.503,101.295,101.495,101.399,101.528,101.319,101.519
2025-11-19T20:00:00Z,101.487,101.602,101.469,101.512,101.513,101.625,101.492,101.536
2025-11-19T21:00:00Z,101.515,101.854,101.491,101.807,101.537,101.88,101.514,101.854
2025-11-19T22:00:00Z,101.717,101.785,101.662,101.742,101.817,101.863,101.776,101.806
2025-11-19T23:00:00Z,101.745,101.938,101.709,101.887,101.806,101.964,101.745,101.912
2025-11-20T00:00:00Z,101.886,101.965,101.715,101.837,101.912,101.988,101.739,101.855
2025-11-20T01:00:00Z,101.837,102.038,101.79,101.997,101.858,102.063,101.814,102.021
2025-11-20T02:00:00Z,101.994,102.029,101.843,101.905,102.021,102.055,101.867,101.924
2025-11-20T03:00:00Z,101.907,102.094,101.907,102.025,101.925,102.118,101.925,102.049
2025-11-20T04:00:00Z,102.027,102.095,101.947,102.081,102.05,102.116,101.971,102.104
2025-11-20T05:00:00Z,102.081,102.197,102.014,102.072,102.103,102.221,102.034,102.096
2025-11-20T06:00:00Z,102.072,102.227,102.032,102.227,102.095,102.251,102.053,102.251
2025-11-20T07:00:00Z,102.227,102.227,101.924,101.954,102.25,102.25,101.946,101.976
2025-11-20T08:00:00Z,101.955,101.969,101.744,101.776,101.976,101.992,101.768,101.795
2025-11-20T09:00:00Z,101.783,101.891,101.77,101.884,101.806,101.914,101.793,101.909
2025-11-20T10:00:00Z,101.886,102.058,101.878,102.029,101.91,102.08,101.901,102.053
2025-11-20T11:00:00Z,102.032,102.067,101.949,101.99,102.052,102.09,101.972,102.013
2025-11-20T12:00:00Z,101.992,102.147,101.986,102.147,102.013,102.167,102.008,102.164
2025-11-20T13:00:00Z,102.14,102.444,101.999,102.266,102.164,102.474,102.051,102.294
2025-11-20T14:00:00Z,102.268,102.477,102.256,102.394,102.293,102.502,102.282,102.423
2025-11-20T15:00:00Z,102.393,102.434,102.111,102.117,102.424,102.457,102.133,102.143
2025-11-20T16:00:00Z,102.115,102.119,101.455,101.486,102.142,102.144,101.48,101.509
2025-11-20T17:00:00Z,101.482,101.669,101.292,101.515,101.508,101.694,101.318,101.539
2025-11-20T18:00:00Z,101.514,101.871,101.411,101.453,101.539,101.894,101.434,101.477
2025-11-20T19:00:00Z,101.454,101.71,101.416,101.707,101.479,101.733,101.439,101.73
2025-11-20T20:00:00Z,101.707,101.739,101.509,101.53,101.729,101.763,101.534,101.554
2025-11-20T21:00:00Z,101.532,101.539,101.369,101.388,101.554,101.56,101.419,101.428
2025-11-20T22:00:00Z,101.415,101.511,101.377,101.511,101.528,101.571,101.454,101.57
2025-11-20T23:00:00Z,101.508,101.518,101.279,101.491,101.557,101.557,101.307,101.518
2025-11-21T00:00:00Z,101.487,101.613,101.475,101.547,101.513,101.639,101.496,101.571
2025-11-21T01:00:00Z,101.548,101.651,101.457,101.632,101.571,101.675,101.483,101.652
2025-11-21T02:00:00Z,101.633,101.652,101.432,101.436,101.655,101.673,101.454,101.456
2025-11-21T03:00:00Z,101.435,101.535,101.405,101.405,101.456,101.557,101.429,101.429
2025-11-21T04:00:00Z,101.406,101.406,101.227,101.357,101.428,101.428,101.25,101.382
2025-11-21T05:00:00Z,101.357,101.471,101.31,101.348,101.381,101.495,101.334,101.372
2025-11-21T06:00:00Z,101.349,101.434,101.272,101.381,101.372,101.459,101.298,101.405
2025-11-21T07:00:00Z,101.381,101.401,100.781,100.868,101.403,101.423,100.802,100.892
2025-11-21T08:00:00Z,100.874,101.271,100.785,101.218,100.895,101.295,100.803,101.242
2025-11-21T09:00:00Z,101.218,101.233,100.88,100.89,101.241,101.256,100.903,100.913
2025-11-21T10:00:00Z,100.887,100.908,100.596,100.882,100.911,100.932,100.62,100.907
2025-11-21T11:00:00Z,100.883,101.039,100.796,100.862,100.906,101.062,100.819,100.885
2025-11-21T12:00:00Z,100.862,101.104,100.708,101.018,100.884,101.129,100.731,101.041
2025-11-21T13:00:00Z,101.027,101.204,100.939,101.128,101.045,101.228,100.961,101.151
2025-11-21T14:00:00Z,101.127,101.138,100.772,100.828,101.151,101.16,100.796,100.87
2025-11-21T15:00:00Z,100.836,100.906,100.347,100.689,100.879,100.931,100.37,100.713
2025-11-21T16:00:00Z,100.687,101.063,100.585,101.06,100.712,101.085,100.606,101.084
2025-11-21T17:00:00Z,101.063,101.2,101.002,101.033,101.086,101.227,101.025,101.056
2025-11-21T18:00:00Z,101.032,101.179,100.87,101.03,101.052,101.203,100.893,101.055
2025-11-21T19:00:00Z,101.031,101.072,100.88,100.91,101.055,101.096,100.905,100.934
2025-11-21T20:00:00Z,100.902,101.033,100.901,100.98,100.926,101.058,100.925,101.004
2025-11-21T21:00:00Z,100.976,101.05,100.867,100.884,101.0,101.081,100.948,101.04
2025-11-23T22:00:00Z,100.952,101.118,100.913,101.032,101.202,101.283,101.087,101.117
2025-11-23T23:00:00Z,101.033,101.264,101.033,101.235,101.117,101.29,101.091,101.259
2025-11-24T00:00:00Z,101.234,101.241,101.111,101.141,101.261,101.27,101.135,101.165
2025-11-24T01:00:00Z,101.14,101.157,101.06,101.136,101.165,101.182,101.082,101.155
2025-11-24T02:00:00Z,101.133,101.285,101.102,101.215,101.155,101.307,101.126,101.237
2025-11-24T03:00:00Z,101.218,101.244,101.15,101.2,101.239,101.264,101.174,101.22
2025-11-24T04:00:00Z,101.203,101.25,101.107,101.126,101.221,101.272,101.13,101.151
2025-11-24T05:00:00Z,101.129,101.202,101.097,101.187,101.151,101.225,101.122,101.212
2025-11-24T06:00:00Z,101.19,101.286,101.173,101.228,101.215,101.309,101.196,101.253
2025-11-24T07:00:00Z,101.228,101.362,101.181,101.324,101.25,101.383,101.202,101.345
2025-11-24T08:00:00Z,101.32,101.334,101.213,101.298,101.343,101.358,101.237,101.322
2025-11-24T09:00:00Z,101.295,101.311,100.955,101.043,101.318,101.333,100.978,101.064
2025-11-24T10:00:00Z,101.041,101.113,100.989,101.073,101.064,101.135,101.011,101.096
2025-11-24T11:00:00Z,101.068,101.211,101.034,101.158,101.092,101.235,101.055,101.182
2025-11-24T12:00:00Z,101.155,101.252,101.057,101.244,101.177,101.272,101.078,101.264
2025-11-24T13:00:00Z,101.244,101.373,101.21,101.265,101.266,101.395,101.233,101.287
2025-11-24T14:00:00Z,101.262,101.457,101.185,101.342,101.284,101.48,101.208,101.365
2025-11-24T15:00:00Z,101.348,101.465,101.193,101.25,101.37,101.489,101.217,101.27
2025-11-24T16:00:00Z,101.251,101.353,101.247,101.292,101.272,101.376,101.27,101.315
2025-11-24T17:00:00Z,101.294,101.358,101.231,101.33,101.315,101.379,101.252,101.351
2025-11-24T18:00:00Z,101.328,101.389,101.317,101.354,101.351,101.41,101.341,101.378
2025-11-24T19:00:00Z,101.355,101.387,101.259,101.274,101.378,101.409,101.281,101.297
2025-11-24T20:00:00Z,101.275,101.413,101.275,101.389,101.299,101.437,101.298,101.412
2025-11-24T21:00:00Z,101.385,101.431,101.377,101.426,101.408,101.465,101.401,101.462
2025-11-24T22:00:00Z,101.253,101.408,101.253,101.402,101.468,101.469,101.379,101.469
2025-11-24T23:00:00Z,101.404,101.498,101.404,101.435,101.468,101.525,101.449,101.459
2025-11-25T00:00:00Z,101.433,101.433,101.232,101.243,101.456,101.456,101.254,101.267
2025-11-25T01:00:00Z,101.241,101.321,101.191,101.237,101.266,101.344,101.217,101.26
2025-11-25T02:00:00Z,101.233,101.305,101.189,101.296,101.257,101.328,101.211,101.318
2025-11-25T03:00:00Z,101.295,101.299,101.115,101.163,101.318,101.321,101.134,101.183
2025-11-25T04:00:00Z,101.164,101.245,101.16,101.191,101.187,101.267,101.18,101.214
2025-11-25T05:00:00Z,101.19,101.257,101.12,101.207,101.214,101.28,101.141,101.229
2025-11-25T06:00:00Z,101.209,101.262,101.05,101.063,101.232,101.285,101.075,101.087
2025-11-25T07:00:00Z,101.068,101.11,101.002,101.078,101.089,101.133,101.025,101.101
2025-11-25T08:00:00Z,101.076,101.123,100.912,100.95,101.098,101.147,100.934,100.974
2025-11-25T09:00:00Z,100.953,100.984,100.832,100.938,100.977,101.006,100.854,100.96
2025-11-25T10:00:00Z,100.939,100.998,100.873,100.92,100.962,101.018,100.894,100.943
2025-11-25T11:00:00Z,100.921,100.944,100.83,100.877,100.943,100.966,100.852,100.9
2025-11-25T12:00:00Z,100.879,101.031,100.822,100.881,100.9,101.054,100.846,100.903
2025-11-25T13:00:00Z,100.881,101.005,100.835,100.88,100.901,101.029,100.877,100.906
2025-11-25T14:00:00Z,100.878,100.882,100.336,100.705,100.903,100.906,100.358,100.742
2025-11-25T15:00:00Z,100.704,100.732,100.489,100.66,100.744,100.755,100.513,100.683
2025-11-25T16:00:00Z,100.664,100.834,100.636,100.831,100.686,100.858,100.66,100.852
2025-11-25T17:00:00Z,100.829,100.986,100.783,100.888,100.849,101.009,100.805,100.912
2025-11-25T18:00:00Z,100.888,100.949,100.875,100.892,100.911,100.969,100.896,100.915
2025-11-25T19:00:00Z,100.894,100.92,100.803,100.87,100.915,100.942,100.825,100.894
2025-11-25T20:00:00Z,100.874,101.003,100.874,100.939,100.896,101.028,100.894,100.958
2025-11-25T21:00:00Z,100.936,101.007,100.925,100.953,100.959,101.031,100.946,100.995
2025-11-25T22:00:00Z,100.795,100.943,100.795,100.94,100.969,101.023,100.928,100.995
2025-11-25T23:00:00Z,100.938,101.073,100.933,101.055,100.992,101.096,100.974,101.077
2025-11-26T00:00:00Z,101.055,101.31,101.006,101.233,101.078,101.345,101.029,101.26
2025-11-26T01:00:00Z,101.231,101.408,101.144,101.205,101.26,101.431,101.165,101.23
2025-11-26T02:00:00Z,101.203,101.259,101.071,101.173,101.227,101.284,101.096,101.198
2025-11-26T03:00:00Z,101.172,101.397,101.161,101.339,101.198,101.415,101.186,101.357
2025-11-26T04:00:00Z,101.336,101.506,101.334,101.449,101.356,101.529,101.353,101.474
2025-11-26T05:00:00Z,101.445,101.594,101.443,101.555,101.471,101.617,101.47,101.578
2025-11-26T06:00:00Z,101.554,101.689,101.554,101.586,101.578,101.713,101.578,101.611
2025-11-26T07:00:00Z,101.587,101.735,101.573,101.661,101.61,101.758,101.598,101.681
2025-11-26T08:00:00Z,101.662,101.715,101.464,101.63,101.68,101.739,101.49,101.653
2025-11-26T09:00:00Z,101.632,101.707,101.539,101.676,101.654,101.728,101.562,101.696
2025-11-26T10:00:00Z,101.677,101.68,101.539,101.564,101.7,101.702,101.562,101.588
2025-11-26T11:00:00Z,101.565,101.637,101.507,101.56,101.588,101.66,101.529,101.584
2025-11-26T12:00:00Z,101.56,101.61,101.488,101.583,101.583,101.631,101.51,101.604
2025-11-26T13:00:00Z,101.583,101.715,101.576,101.675,101.606,101.758,101.597,101.698
2025-11-26T14:00:00Z,101.676,101.827,101.623,101.722,101.698,101.849,101.644,101.754
2025-11-26T15:00:00Z,101.72,101.854,101.658,101.804,101.751,101.877,101.682,101.826
2025-11-26T16:00:00Z,101.804,101.903,101.801,101.875,101.828,101.927,101.823,101.899
2025-11-26T17:00:00Z,101.876,101.906,101.834,101.884,101.898,101.927,101.856,101.906
2025-11-26T18:00:00Z,101.886,102.004,101.813,101.992,101.906,102.028,101.839,102.012
2025-11-26T19:00:00Z,101.988,102.021,101.951,101.981,102.012,102.047,101.972,102.004
2025-11-26T20:00:00Z,101.981,102.006,101.934,101.962,102.0,102.027,101.957,101.979
2025-11-26T21:00:00Z,101.96,101.986,101.931,101.971,101.978,102.023,101.957,102.014
2025-11-26T22:00:00Z,101.918,101.969,101.893,101.903,102.036,102.07,101.965,101.974
2025-11-26T23:00:00Z,101.928,102.013,101.887,101.901,101.971,102.035,101.912,101.924
2025-11-27T00:00:00Z,101.9,101.923,101.707,101.819,101.922,101.946,101.732,101.844
2025-11-27T01:00:00Z,101.824,101.934,101.632,101.913,101.846,101.956,101.654,101.933
2025-11-27T02:00:00Z,101.911,102.043,101.864,101.917,101.934,102.063,101.887,101.942
2025-11-27T03:00:00Z,101.92,101.956,101.844,101.941,101.942,101.98,101.87,101.964
2025-11-27T04:00:00Z,101.943,101.98,101.889,101.944,101.964,102.003,101.909,101.97
2025-11-27T05:00:00Z,101.946,101.959,101.844,101.902,101.97,101.981,101.869,101.927
2025-11-27T06:00:00Z,101.904,101.956,101.842,101.898,101.924,101.979,101.867,101.922
2025-11-27T07:00:00Z,101.898,102.004,101.892,101.965,101.923,102.028,101.917,101.988
2025-11-27T08:00:00Z,101.965,102.025,101.888,101.986,101.989,102.048,101.913,102.006
2025-11-27T09:00:00Z,101.987,102.06,101.947,101.996,102.008,102.08,101.969,102.018
2025-11-27T10:00:00Z,101.997,102.026,101.927,101.947,102.018,102.048,101.95,101.969
2025-11-27T11:00:00Z,101.945,102.04,101.926,102.022,101.967,102.063,101.948,102.045
2025-11-27T12:00:00Z,102.024,102.065,102.0,102.038,102.045,102.087,102.021,102.061
2025-11-27T13:00:00Z,102.042,102.048,101.979,101.98,102.061,102.068,102.001,102.004
2025-11-27T14:00:00Z,101.982,102.04,101.975,102.03,102.004,102.063,101.997,102.053
2025-11-27T15:00:00Z,102.03,102.128,102.015,102.113,102.051,102.15,102.04,102.136
2025-11-27T16:00:00Z,102.114,102.123,102.048,102.063,102.136,102.147,102.067,102.087
2025-11-27T17:00:00Z,102.065,102.108,102.062,102.099,102.087,102.131,102.08,102.123
2025-11-27T18:00:00Z,102.097,102.118,102.083,102.089,102.122,102.141,102.102,102.111
2025-11-27T19:00:00Z,102.091,102.101,102.075,102.083,102.112,102.124,102.097,102.102
2025-11-27T20:00:00Z,102.078,102.095,102.057,102.076,102.103,102.116,102.081,102.102
2025-11-27T21:00:00Z,102.082,102.113,102.062,102.111,102.108,102.164,102.087,102.151
2025-11-27T22:00:00Z,102.04,102.107,102.02,102.094,102.163,102.187,102.129,102.146
2025-11-27T23:00:00Z,102.093,102.149,102.031,102.134,102.148,102.172,102.059,102.16
2025-11-28T00:00:00Z,102.136,102.303,102.093,102.246,102.16,102.326,102.115,102.271
2025-11-28T01:00:00Z,102.246,102.275,102.175,102.179,102.272,102.3,102.199,102.203
2025-11-28T02:00:00Z,102.178,102.223,102.022,102.133,102.203,102.245,102.049,102.17
2025-11-28T03:00:00Z,102.119,102.207,102.044,102.093,102.162,102.242,102.091,102.123
2025-11-28T04:00:00Z,102.087,102.132,102.0,102.039,102.119,102.16,102.036,102.062
2025-11-28T05:00:00Z,102.036,102.121,101.978,102.077,102.063,102.173,102.021,102.11
2025-11-28T06:00:00Z,102.073,102.125,101.996,102.049,102.106,102.16,102.024,102.084
2025-11-28T07:00:00Z,102.054,102.105,101.929,101.93,102.086,102.131,101.956,101.962
2025-11-28T08:00:00Z,101.926,102.008,101.899,101.945,101.96,102.044,101.932,101.976
2025-11-28T09:00:00Z,101.947,102.04,101.939,101.979,101.978,102.076,101.976,102.011
2025-11-28T10:00:00Z,101.974,102.036,101.888,101.923,102.009,102.073,101.918,101.957
2025-11-28T11:00:00Z,101.924,101.948,101.845,101.892,101.956,101.984,101.877,101.924
2025-11-28T12:00:00Z,101.891,101.939,101.828,101.866,101.925,101.97,101.856,101.891
2025-11-28T13:00:00Z,101.866,102.021,101.857,101.958,101.89,102.052,101.881,101.977
2025-11-28T14:00:00Z,101.958,102.206,101.932,102.125,101.976,102.227,101.953,102.149
2025-11-28T15:00:00Z,102.123,102.356,102.103,102.314,102.151,102.38,102.13,102.338
2025-11-28T16:00:00Z,102.312,102.342,102.227,102.293,102.337,102.365,102.251,102.315
2025-11-28T17:00:00Z,102.291,102.339,102.182,102.326,102.314,102.362,102.207,102.352
2025-11-28T18:00:00Z,102.33,102.343,102.219,102.251,102.356,102.371,102.241,102.276
2025-11-28T19:00:00Z,102.253,102.277,102.215,102.253,102.276,102.302,102.241,102.277
2025-11-28T20:00:00Z,102.253,102.284,102.218,102.27,102.278,102.316,102.242,102.294
2025-11-28T21:00:00Z,102.267,102.321,102.125,102.205,102.302,102.429,102.255,102.386
2025-11-30T22:00:00Z,102.058,102.181,102.006,102.072,102.176,102.286,102.082,102.157
2025-11-30T23:00:00Z,102.066,102.266,102.057,102.13,102.156,102.291,102.13,102.153
2025-12-01T00:00:00Z,102.131,102.141,101.81,101.919,102.152,102.167,101.833,101.939
2025-12-01T01:00:00Z,101.919,102.08,101.769,101.97,101.94,102.1,101.794,101.995
2025-12-01T02:00:00Z,101.97,101.98,101.652,101.735,101.994,102.003,101.676,101.757
2025-12-01T03:00:00Z,101.736,101.786,101.66,101.773,101.757,101.805,101.686,101.799
2025-12-01T04:00:00Z,101.775,101.867,101.7,101.782,101.8,101.888,101.723,101.802
2025-12-01T05:00:00Z,101.779,101.792,101.608,101.773,101.802,101.812,101.63,101.796
2025-12-01T06:00:00Z,101.773,101.83,101.768,101.78,101.795,101.853,101.793,101.801
2025-12-01T07:00:00Z,101.78,101.816,101.719,101.76,101.804,101.84,101.739,101.784
2025-12-01T08:00:00Z,101.763,101.882,101.691,101.818,101.785,101.905,101.714,101.84
2025-12-01T09:00:00Z,101.816,101.816,101.688,101.699,101.84,101.84,101.709,101.721
2025-12-01T10:00:00Z,101.699,101.724,101.584,101.673,101.72,101.745,101.605,101.69
2025-12-01T11:00:00Z,101.673,101.725,101.606,101.648,101.693,101.746,101.63,101.671
2025-12-01T12:00:00Z,101.648,101.686,101.518,101.584,101.67,101.709,101.541,101.606
2025-12-01T13:00:00Z,101.587,101.625,101.502,101.569,101.61,101.646,101.523,101.589
2025-12-01T14:00:00Z,101.569,101.698,101.518,101.67,101.59,101.722,101.541,101.709
2025-12-01T15:00:00Z,101.64,101.78,101.56,101.64,101.7,101.803,101.58,101.66
2025-12-01T16:00:00Z,101.64,101.798,101.633,101.752,101.663,101.82,101.657,101.773
2025-12-01T17:00:00Z,101.752,101.827,101.723,101.786,101.771,101.85,101.747,101.806
2025-12-01T18:00:00Z,101.786,101.818,101.749,101.811,101.807,101.842,101.772,101.831
2025-12-01T19:00:00Z,101.81,101.81,101.679,101.717,101.832,101.832,101.701,101.741
2025-12-01T20:00:00Z,101.719,101.733,101.673,101.699,101.741,101.756,101.695,101.722
2025-12-01T21:00:00Z,101.698,101.743,101.67,101.724,101.719,101.784,101.694,101.764
2025-12-01T22:00:00Z,101.695,101.695,101.565,101.635,101.789,101.791,101.635,101.695
2025-12-01T23:00:00Z,101.638,101.793,101.638,101.755,101.694,101.817,101.694,101.776
2025-12-02T00:00:00Z,101.756,101.83,101.685,101.815,101.776,101.852,101.707,101.835
2025-12-02T01:00:00Z,101.816,101.874,101.804,101.856,101.841,101.897,101.827,101.88
2025-12-02T02:00:00Z,101.855,101.988,101.816,101.953,101.878,102.009,101.836,101.974
2025-12-02T03:00:00Z,101.952,102.001,101.851,101.943,101.974,102.024,101.872,101.967
2025-12-02T04:00:00Z,101.944,101.976,101.89,101.922,101.967,102.001,101.914,101.945
2025-12-02T05:00:00Z,101.924,102.06,101.911,101.991,101.945,102.082,101.934,102.015
2025-12-02T06:00:00Z,101.991,102.096,101.982,102.069,102.016,102.119,102.005,102.09
2025-12-02T07:00:00Z,102.072,102.164,102.066,102.101,102.094,102.187,102.086,102.12
2025-12-02T08:00:00Z,102.104,102.262,102.098,102.239,102.126,102.284,102.119,102.259
2025-12-02T09:00:00Z,102.238,102.256,102.112,102.116,102.255,102.279,102.135,102.142
2025-12-02T10:00:00Z,102.118,102.15,102.096,102.126,102.142,102.173,102.119,102.149
2025-12-02T11:00:00Z,102.127,102.175,102.08,102.098,102.151,102.198,102.103,102.121
2025-12-02T12:00:00Z,102.098,102.263,102.095,102.247,102.119,102.283,102.117,102.267
2025-12-02T13:00:00Z,102.249,102.358,102.238,102.354,102.271,102.378,102.258,102.374
2025-12-02T14:00:00Z,102.355,102.489,102.288,102.334,102.376,102.512,102.308,102.358
2025-12-02T15:00:00Z,102.339,102.458,102.225,102.394,102.363,102.483,102.247,102.417
2025-12-02T16:00:00Z,102.394,102.412,102.127,102.196,102.416,102.434,102.151,102.217
2025-12-02T17:00:00Z,102.193,102.362,102.19,102.211,102.213,102.385,102.213,102.236
2025-12-02T18:00:00Z,102.206,102.28,102.188,102.274,102.231,102.302,102.212,102.295
2025-12-02T19:00:00Z,102.274,102.337,102.247,102.33,102.296,102.356,102.268,102.35
2025-12-02T20:00:00Z,102.333,102.338,102.283,102.294,102.351,102.356,102.305,102.315
2025-12-02T21:00:00Z,102.294,102.338,102.287,102.314,102.314,102.372,102.312,102.366
2025-12-02T22:00:00Z,102.214,102.334,102.205,102.33,102.4,102.425,102.326,102.421
2025-12-02T23:00:00Z,102.323,102.422,102.323,102.381,102.4,102.446,102.349,102.406
2025-12-03T00:00:00Z,102.38,102.416,102.008,102.289,102.404,102.441,102.031,102.314
2025-12-03T01:00:00Z,102.289,102.342,102.193,102.326,102.315,102.367,102.221,102.349
2025-12-03T02:00:00Z,102.329,102.447,102.306,102.379,102.352,102.465,102.328,102.403
2025-12-03T03:00:00Z,102.382,102.429,102.37,102.398,102.403,102.452,102.394,102.422
2025-12-03T04:00:00Z,102.4,102.467,102.384,102.419,102.422,102.486,102.408,102.441
2025-12-03T05:00:00Z,102.42,102.504,102.391,102.483,102.441,102.527,102.414,102.507
2025-12-03T06:00:00Z,102.481,102.481,102.354,102.418,102.505,102.505,102.379,102.442
2025-12-03T07:00:00Z,102.421,102.45,102.362,102.393,102.442,102.468,102.385,102.412
2025-12-03T08:00:00Z,102.392,102.476,102.342,102.46,102.412,102.498,102.365,102.482
2025-12-03T09:00:00Z,102.458,102.469,102.383,102.415,102.482,102.491,102.404,102.437
2025-12-03T10:00:00Z,102.413,102.493,102.406,102.456,102.436,102.517,102.427,102.477
2025-12-03T11:00:00Z,102.454,102.456,102.358,102.4,102.477,102.477,102.382,102.422
2025-12-03T12:00:00Z,102.4,102.434,102.355,102.389,102.417,102.457,102.373,102.409
2025-12-03T13:00:00Z,102.39,102.479,102.339,102.468,102.413,102.503,102.382,102.489
2025-12-03T14:00:00Z,102.469,102.482,102.091,102.268,102.491,102.504,102.116,102.325
2025-12-03T15:00:00Z,102.27,102.495,102.251,102.397,102.346,102.519,102.293,102.416
2025-12-03T16:00:00Z,102.396,102.424,102.231,102.262,102.418,102.442,102.253,102.284
2025-12-03T17:00:00Z,102.261,102.351,102.229,102.313,102.282,102.375,102.254,102.337
2025-12-03T18:00:00Z,102.317,102.381,102.283,102.357,102.339,102.405,102.306,102.381
2025-12-03T19:00:00Z,102.357,102.403,102.332,102.402,102.382,102.427,102.356,102.427
2025-12-03T20:00:00Z,102.404,102.476,102.384,102.468,102.427,102.501,102.405,102.492
2025-12-03T21:00:00Z,102.469,102.514,102.438,102.448,102.491,102.538,102.469,102.49
2025-12-03T22:00:00Z,102.392,102.414,102.313,102.387,102.523,102.537,102.449,102.502
2025-12-03T23:00:00Z,102.378,102.452,102.369,102.427,102.495,102.518,102.392,102.448
2025-12-04T00:00:00Z,102.427,102.593,102.399,102.513,102.446,102.617,102.422,102.537
2025-12-04T01:00:00Z,102.513,102.619,102.491,102.565,102.536,102.641,102.516,102.589
2025-12-04T02:00:00Z,102.563,102.705,102.561,102.673,102.586,102.723,102.584,102.698
2025-12-04T03:00:00Z,102.675,102.733,102.638,102.689,102.698,102.754,102.661,102.713
2025-12-04T04:00:00Z,102.694,102.827,102.669,102.806,102.713,102.849,102.692,102.83
2025-12-04T05:00:00Z,102.807,102.839,102.575,102.613,102.83,102.865,102.6,102.638
2025-12-04T06:00:00Z,102.615,102.694,102.606,102.658,102.638,102.717,102.628,102.682
2025-12-04T07:00:00Z,102.655,102.728,102.624,102.696,102.678,102.75,102.646,102.719
2025-12-04T08:00:00Z,102.701,102.702,102.362,102.446,102.723,102.726,102.388,102.469
2025-12-04T09:00:00Z,102.447,102.488,102.4,102.413,102.471,102.511,102.424,102.433
2025-12-04T10:00:00Z,102.413,102.448,102.283,102.292,102.435,102.472,102.305,102.315
2025-12-04T11:00:00Z,102.295,102.302,102.089,102.157,102.316,102.323,102.11,102.178
2025-12-04T12:00:00Z,102.157,102.254,102.139,102.199,102.179,102.277,102.162,102.221
2025-12-04T13:00:00Z,102.201,102.385,102.196,102.282,102.222,102.436,102.218,102.304
2025-12-04T14:00:00Z,102.285,102.372,102.25,102.311,102.307,102.394,102.275,102.334
2025-12-04T15:00:00Z,102.312,102.453,102.3,102.353,102.337,102.473,102.324,102.374
2025-12-04T16:00:00Z,102.351,102.518,102.336,102.504,102.373,102.539,102.359,102.526
2025-12-04T17:00:00Z,102.504,102.519,102.45,102.499,102.528,102.542,102.474,102.518
2025-12-04T18:00:00Z,102.499,102.524,102.473,102.52,102.516,102.547,102.496,102.541
2025-12-04T19:00:00Z,102.52,102.526,102.411,102.52,102.542,102.548,102.434,102.539
2025-12-04T20:00:00Z,102.511,102.566,102.46,102.56,102.534,102.59,102.485,102.584
2025-12-04T21:00:00Z,102.562,102.571,102.489,102.517,102.585,102.596,102.519,102.552
2025-12-04T22:00:00Z,102.46,102.496,102.411,102.445,102.577,102.58,102.459,102.491
2025-12-04T23:00:00Z,102.447,102.526,102.446,102.477,102.495,102.551,102.487,102.5
2025-12-05T00:00:00Z,102.474,102.566,102.421,102.433,102.497,102.587,102.447,102.456
2025-12-05T01:00:00Z,102.435,102.579,102.428,102.511,102.46,102.602,102.45,102.534
2025-12-05T02:00:00Z,102.514,102.601,102.511,102.568,102.536,102.623,102.536,102.594
2025-12-05T03:00:00Z,102.57,102.608,102.517,102.594,102.594,102.632,102.541,102.617
2025-12-05T04:00:00Z,102.592,102.612,102.441,102.532,102.617,102.636,102.465,102.557
2025-12-05T05:00:00Z,102.534,102.539,102.318,102.368,102.557,102.565,102.342,102.389
2025-12-05T06:00:00Z,102.366,102.476,102.332,102.405,102.387,102.498,102.355,102.427
2025-12-05T07:00:00Z,102.407,102.458,102.28,102.431,102.428,102.481,102.303,102.456
2025-12-05T08:00:00Z,102.431,102.689,102.401,102.602,102.455,102.713,102.424,102.626
2025-12-05T09:00:00Z,102.601,102.731,102.575,102.712,102.626,102.755,102.6,102.734
2025-12-05T10:00:00Z,102.712,102.944,102.658,102.928,102.732,102.968,102.682,102.951
2025-12-05T11:00:00Z,102.928,102.953,102.8,102.844,102.952,102.977,102.825,102.868
2025-12-05T12:00:00Z,102.845,103.013,102.84,102.998,102.868,103.037,102.864,103.021
2025-12-05T13:00:00Z,103.001,103.116,102.983,103.062,103.022,103.139,103.007,103.084
2025-12-05T14:00:00Z,103.063,103.131,102.986,103.113,103.087,103.155,103.009,103.15
2025-12-05T15:00:00Z,103.109,103.18,103.072,103.115,103.149,103.202,103.095,103.137
2025-12-05T16:00:00Z,103.113,103.126,102.935,103.012,103.135,103.148,102.958,103.035
2025-12-05T17:00:00Z,103.007,103.114,102.977,103.096,103.031,103.139,102.999,103.116
2025-12-05T18:00:00Z,103.096,103.112,103.044,103.077,103.118,103.133,103.067,103.094
2025-12-05T19:00:00Z,103.074,103.098,103.041,103.086,103.095,103.121,103.062,103.109
2025-12-05T20:00:00Z,103.088,103.117,103.048,103.103,103.111,103.14,103.074,103.125
2025-12-05T21:00:00Z,103.101,103.151,103.054,103.054,103.125,103.272,103.12,103.269
2025-12-07T22:00:00Z,102.897,103.0,102.849,102.905,103.085,103.118,102.986,102.989
2025-12-07T23:00:00Z,102.899,103.122,102.899,103.044,102.966,103.141,102.966,103.065
2025-12-08T00:00:00Z,103.044,103.053,102.952,102.965,103.067,103.073,102.976,102.985
2025-12-08T01:00:00Z,102.965,103.01,102.898,102.905,102.987,103.034,102.923,102.927
2025-12-08T02:00:00Z,102.902,103.039,102.896,103.037,102.924,103.065,102.921,103.065
2025-12-08T03:00:00Z,103.037,103.046,102.982,103.015,103.064,103.069,103.007,103.035
2025-12-08T04:00:00Z,103.018,103.063,103.003,103.027,103.036,103.086,103.028,103.052
2025-12-08T05:00:00Z,103.029,103.171,103.012,103.126,103.053,103.194,103.037,103.151
2025-12-08T06:00:00Z,103.128,103.183,103.094,103.123,103.151,103.205,103.119,103.144
2025-12-08T07:00:00Z,103.126,103.153,103.035,103.105,103.144,103.177,103.057,103.122
2025-12-08T08:00:00Z,103.104,103.176,103.068,103.16,103.122,103.197,103.091,103.182
2025-12-08T09:00:00Z,103.164,103.215,103.135,103.163,103.188,103.239,103.157,103.183
2025-12-08T10:00:00Z,103.161,103.203,103.145,103.189,103.183,103.223,103.167,103.208
2025-12-08T11:00:00Z,103.19,103.209,103.155,103.199,103.208,103.231,103.179,103.222
2025-12-08T12:00:00Z,103.197,103.287,103.172,103.267,103.221,103.31,103.189,103.289
2025-12-08T13:00:00Z,103.269,103.304,103.253,103.28,103.289,103.323,103.276,103.297
2025-12-08T14:00:00Z,103.278,103.361,103.173,103.312,103.296,103.383,103.197,103.33
2025-12-08T15:00:00Z,103.312,103.312,103.118,103.126,103.329,103.336,103.138,103.148
2025-12-08T16:00:00Z,103.127,103.262,103.089,103.218,103.147,103.28,103.106,103.236
2025-12-08T17:00:00Z,103.217,103.25,103.121,103.231,103.238,103.267,103.145,103.248
2025-12-08T18:00:00Z,103.233,103.251,103.09,103.11,103.25,103.269,103.111,103.129
2025-12-08T19:00:00Z,103.113,103.263,103.096,103.26,103.135,103.286,103.119,103.277
2025-12-08T20:00:00Z,103.251,103.294,103.213,103.293,103.275,103.316,103.236,103.316
2025-12-08T21:00:00Z,103.295,103.311,103.259,103.271,103.319,103.333,103.284,103.309
2025-12-08T22:00:00Z,103.133,103.254,103.133,103.232,103.286,103.32,103.249,103.279
2025-12-08T23:00:00Z,103.236,103.328,103.221,103.266,103.283,103.352,103.247,103.283
2025-12-09T00:00:00Z,103.271,103.307,103.209,103.295,103.294,103.328,103.233,103.313
2025-12-09T01:00:00Z,103.295,103.302,103.199,103.218,103.316,103.325,103.224,103.236
2025-12-09T02:00:00Z,103.22,103.311,103.193,103.289,103.237,103.329,103.218,103.314
2025-12-09T03:00:00Z,103.294,103.338,102.972,103.235,103.314,103.361,103.011,103.259
2025-12-09T04:00:00Z,103.234,103.656,103.191,103.616,103.259,103.679,103.217,103.633
2025-12-09T05:00:00Z,103.616,103.671,103.556,103.632,103.634,103.692,103.58,103.649
2025-12-09T06:00:00Z,103.636,103.665,103.515,103.607,103.657,103.69,103.538,103.631
2025-12-09T07:00:00Z,103.609,103.684,103.561,103.664,103.631,103.705,103.579,103.688
2025-12-09T08:00:00Z,103.667,103.784,103.664,103.743,103.688,103.808,103.684,103.766
2025-12-09T09:00:00Z,103.743,103.763,103.628,103.71,103.765,103.787,103.651,103.728
2025-12-09T10:00:00Z,103.712,103.757,103.575,103.612,103.729,103.779,103.6,103.629
2025-12-09T11:00:00Z,103.601,103.684,103.581,103.67,103.626,103.708,103.6,103.694
2025-12-09T12:00:00Z,103.671,103.787,103.671,103.766,103.694,103.809,103.692,103.785
2025-12-09T13:00:00Z,103.766,103.861,103.748,103.776,103.783,103.885,103.768,103.796
2025-12-09T14:00:00Z,103.771,103.974,103.765,103.951,103.796,104.0,103.789,103.979
2025-12-09T15:00:00Z,103.949,104.253,103.924,104.208,103.981,104.275,103.981,104.23
2025-12-09T16:00:00Z,104.207,104.387,104.194,104.329,104.23,104.406,104.215,104.352
2025-12-09T17:00:00Z,104.33,104.354,104.131,104.159,104.352,104.375,104.154,104.18
2025-12-09T18:00:00Z,104.158,104.162,104.08,104.149,104.181,104.183,104.103,104.17
2025-12-09T19:00:00Z,104.149,104.175,104.104,104.113,104.172,104.198,104.129,104.136
2025-12-09T20:00:00Z,104.117,104.186,104.113,104.164,104.136,104.205,104.135,104.188
2025-12-09T21:00:00Z,104.167,104.217,104.154,104.184,104.19,104.249,104.177,104.238
2025-12-09T22:00:00Z,103.985,104.186,103.985,104.169,104.212,104.253,104.16,104.224
2025-12-09T23:00:00Z,104.166,104.214,104.114,104.115,104.227,104.243,104.132,104.132
2025-12-10T00:00:00Z,104.113,104.227,104.096,104.099,104.13,104.25,104.117,104.118
2025-12-10T01:00:00Z,104.099,104.106,103.922,103.932,104.116,104.13,103.945,103.952
2025-12-10T02:00:00Z,103.935,104.013,103.827,103.956,103.953,104.031,103.853,103.973
2025-12-10T03:00:00Z,103.959,103.999,103.893,103.926,103.976,104.019,103.918,103.947
2025-12-10T04:00:00Z,103.923,103.997,103.917,103.992,103.947,104.022,103.942,104.017
2025-12-10T05:00:00Z,103.994,104.09,103.915,104.079,104.017,104.114,103.938,104.102
2025-12-10T06:00:00Z,104.079,104.182,104.075,104.146,104.101,104.203,104.093,104.169
2025-12-10T07:00:00Z,104.146,104.214,104.114,104.123,104.172,104.232,104.137,104.145
2025-12-10T08:00:00Z,104.122,104.227,104.074,104.215,104.145,104.248,104.097,104.238
2025-12-10T09:00:00Z,104.217,104.305,104.185,104.262,104.238,104.326,104.209,104.285
2025-12-10T10:00:00Z,104.259,104.297,104.15,104.195,104.284,104.317,104.172,104.217
2025-12-10T11:00:00Z,104.195,104.221,104.108,104.161,104.216,104.238,104.127,104.181
2025-12-10T12:00:00Z,104.161,104.199,104.132,104.155,104.182,104.224,104.154,104.174
2025-12-10T13:00:00Z,104.155,104.155,103.946,103.977,104.173,104.173,103.969,103.999
2025-12-10T14:00:00Z,103.977,104.002,103.837,103.883,103.997,104.022,103.855,103.905
2025-12-10T15:00:00Z,103.881,103.885,103.725,103.841,103.903,103.906,103.743,103.864
2025-12-10T16:00:00Z,103.841,103.858,103.762,103.819,103.858,103.879,103.782,103.842
2025-12-10T17:00:00Z,103.818,103.859,103.777,103.829,103.838,103.882,103.798,103.854
2025-12-10T18:00:00Z,103.83,103.921,103.828,103.875,103.854,103.942,103.85,103.94
2025-12-10T19:00:00Z,103.875,104.18,103.691,104.168,103.937,104.206,103.914,104.192
2025-12-10T20:00:00Z,104.169,104.22,104.091,104.145,104.195,104.245,104.116,104.17
2025-12-10T21:00:00Z,104.145,104.214,104.114,104.118,104.168,104.239,104.147,104.178
2025-12-10T22:00:00Z,104.056,104.087,103.985,104.034,104.19,104.209,104.077,104.105
2025-12-10T23:00:00Z,104.042,104.092,103.836,103.942,104.105,104.136,103.862,103.959
2025-12-11T00:00:00Z,103.94,103.943,103.654,103.799,103.957,103.966,103.678,103.816
2025-12-11T01:00:00Z,103.794,103.87,103.724,103.848,103.815,103.893,103.75,103.871
2025-12-11T02:00:00Z,103.846,103.86,103.517,103.61,103.867,103.879,103.543,103.634
2025-12-11T03:00:00Z,103.612,103.625,103.314,103.323,103.634,103.645,103.339,103.34
2025-12-11T04:00:00Z,103.321,103.458,103.176,103.441,103.34,103.483,103.194,103.465
2025-12-11T05:00:00Z,103.442,103.561,103.417,103.539,103.467,103.584,103.439,103.561
2025-12-11T06:00:00Z,103.538,103.584,103.445,103.473,103.561,103.603,103.467,103.492
2025-12-11T07:00:00Z,103.474,103.656,103.459,103.635,103.492,103.678,103.481,103.659
2025-12-11T08:00:00Z,103.635,103.688,103.524,103.589,103.658,103.711,103.547,103.606
2025-12-11T09:00:00Z,103.589,103.687,103.548,103.67,103.608,103.71,103.568,103.687
2025-12-11T10:00:00Z,103.673,103.715,103.604,103.715,103.69,103.738,103.625,103.738
2025-12-11T11:00:00Z,103.715,103.759,103.659,103.696,103.736,103.782,103.68,103.717
2025-12-11T12:00:00Z,103.694,103.735,103.488,103.578,103.717,103.756,103.51,103.601
2025-12-11T13:00:00Z,103.578,103.596,103.459,103.479,103.602,103.616,103.482,103.502
2025-12-11T14:00:00Z,103.479,103.491,103.198,103.2,103.503,103.51,103.22,103.224
2025-12-11T15:00:00Z,103.199,103.53,103.178,103.526,103.224,103.55,103.2,103.546
2025-12-11T16:00:00Z,103.523,103.575,103.39,103.476,103.547,103.598,103.415,103.498
2025-12-11T17:00:00Z,103.473,103.597,103.471,103.53,103.495,103.617,103.49,103.552
2025-12-11T18:00:00Z,103.528,103.68,103.525,103.62,103.552,103.7,103.547,103.641
2025-12-11T19:00:00Z,103.62,103.71,103.62,103.706,103.64,103.733,103.64,103.725
2025-12-11T20:00:00Z,103.704,103.721,103.617,103.67,103.725,103.745,103.641,103.69
2025-12-11T21:00:00Z,103.672,103.721,103.646,103.658,103.695,103.748,103.668,103.701
2025-12-11T22:00:00Z,103.647,103.672,103.541,103.62,103.755,103.776,103.635,103.669
2025-12-11T23:00:00Z,103.627,103.67,103.588,103.592,103.671,103.697,103.613,103.616
2025-12-12T00:00:00Z,103.588,103.861,103.56,103.829,103.614,103.887,103.586,103.849
2025-12-12T01:00:00Z,103.829,103.866,103.711,103.773,103.852,103.886,103.735,103.799
2025-12-12T02:00:00Z,103.774,103.813,103.733,103.755,103.799,103.834,103.757,103.778
2025-12-12T03:00:00Z,103.755,103.799,103.735,103.761,103.777,103.823,103.758,103.787
2025-12-12T04:00:00Z,103.759,103.792,103.711,103.718,103.784,103.817,103.732,103.743
2025-12-12T05:00:00Z,103.718,103.83,103.715,103.83,103.744,103.854,103.739,103.852
2025-12-12T06:00:00Z,103.83,103.92,103.754,103.758,103.854,103.945,103.773,103.775
2025-12-12T07:00:00Z,103.746,103.794,103.665,103.793,103.769,103.817,103.685,103.815
2025-12-12T08:00:00Z,103.793,104.013,103.775,103.998,103.816,104.037,103.796,104.019
2025-12-12T09:00:00Z,103.998,104.015,103.89,103.953,104.021,104.04,103.913,103.979
2025-12-12T10:00:00Z,103.955,103.964,103.86,103.961,103.979,103.986,103.882,103.978
2025-12-12T11:00:00Z,103.961,103.977,103.899,103.933,103.979,103.998,103.921,103.954
2025-12-12T12:00:00Z,103.933,104.013,103.859,103.961,103.952,104.034,103.877,103.983
2025-12-12T13:00:00Z,103.959,104.008,103.862,103.968,103.983,104.029,103.885,103.989
2025-12-12T14:00:00Z,103.972,104.038,103.872,103.922,103.995,104.057,103.889,103.945
2025-12-12T15:00:00Z,103.922,103.922,103.53,103.548,103.943,103.943,103.548,103.567
2025-12-12T16:00:00Z,103.549,103.579,103.315,103.442,103.567,103.601,103.335,103.459
2025-12-12T17:00:00Z,103.441,103.686,103.428,103.63,103.464,103.707,103.451,103.649
2025-12-12T18:00:00Z,103.633,103.74,103.626,103.64,103.65,103.757,103.647,103.663
2025-12-12T19:00:00Z,103.638,103.703,103.595,103.701,103.662,103.727,103.618,103.722
2025-12-12T20:00:00Z,103.701,103.709,103.596,103.668,103.72,103.73,103.62,103.691
2025-12-12T21:00:00Z,103.671,103.688,103.595,103.623,103.693,103.76,103.639,103.745
2025-12-14T22:00:00Z,103.45,103.637,103.349,103.462,103.677,103.757,103.504,103.555
2025-12-14T23:00:00Z,103.464,103.618,103.45,103.601,103.555,103.646,103.495,103.625
2025-12-15T00:00:00Z,103.6,103.667,103.582,103.616,103.626,103.692,103.608,103.633
2025-12-15T01:00:00Z,103.613,103.646,103.511,103.523,103.632,103.67,103.537,103.55
2025-12-15T02:00:00Z,103.531,103.547,103.258,103.293,103.558,103.572,103.282,103.317
2025-12-15T03:00:00Z,103.291,103.339,103.231,103.257,103.316,103.362,103.254,103.281
2025-12-15T04:00:00Z,103.257,103.257,103.078,103.152,103.28,103.282,103.101,103.175
2025-12-15T05:00:00Z,103.148,103.159,103.015,103.015,103.174,103.183,103.04,103.04
2025-12-15T06:00:00Z,103.018,103.132,102.963,103.1,103.041,103.156,102.988,103.124
2025-12-15T07:00:00Z,103.104,103.221,103.075,103.195,103.127,103.242,103.095,103.218
2025-12-15T08:00:00Z,103.197,103.229,103.096,103.176,103.218,103.251,103.12,103.196
2025-12-15T09:00:00Z,103.177,103.177,103.0,103.02,103.199,103.199,103.025,103.042
2025-12-15T10:00:00Z,103.02,103.087,103.003,103.065,103.043,103.109,103.026,103.087
2025-12-15T11:00:00Z,103.066,103.071,102.992,103.016,103.09,103.093,103.016,103.04
2025-12-15T12:00:00Z,103.016,103.179,102.995,103.178,103.039,103.199,103.017,103.199
2025-12-15T13:00:00Z,103.179,103.21,103.099,103.174,103.203,103.233,103.124,103.195
2025-12-15T14:00:00Z,103.177,103.204,102.955,102.976,103.199,103.226,102.978,102.997
2025-12-15T15:00:00Z,102.976,103.196,102.872,103.19,102.996,103.219,102.895,103.214
2025-12-15T16:00:00Z,103.19,103.233,103.078,103.136,103.212,103.258,103.1,103.158
2025-12-15T17:00:00Z,103.134,103.164,103.037,103.082,103.158,103.187,103.059,103.105
2025-12-15T18:00:00Z,103.082,103.12,103.026,103.099,103.104,103.141,103.046,103.122
2025-12-15T19:00:00Z,103.099,103.134,103.081,103.108,103.121,103.154,103.103,103.13
2025-12-15T20:00:00Z,103.107,103.107,103.04,103.067,103.13,103.13,103.062,103.087
2025-12-15T21:00:00Z,103.069,103.073,103.031,103.057,103.086,103.108,103.055,103.09
2025-12-15T22:00:00Z,102.98,103.078,102.919,103.048,103.208,103.222,103.059,103.119
2025-12-15T23:00:00Z,103.048,103.117,102.928,102.955,103.113,103.141,102.954,102.978
2025-12-16T00:00:00Z,102.956,102.968,102.657,102.795,102.978,102.992,102.674,102.821
2025-12-16T01:00:00Z,102.798,102.863,102.517,102.544,102.821,102.889,102.543,102.568
2025-12-16T02:00:00Z,102.544,102.763,102.507,102.6,102.569,102.788,102.532,102.624
2025-12-16T03:00:00Z,102.601,102.783,102.582,102.759,102.624,102.808,102.606,102.784
2025-12-16T04:00:00Z,102.761,102.824,102.723,102.739,102.787,102.849,102.748,102.763
2025-12-16T05:00:00Z,102.738,102.787,102.631,102.689,102.763,102.811,102.657,102.712
2025-12-16T06:00:00Z,102.693,102.818,102.67,102.811,102.714,102.846,102.695,102.836
2025-12-16T07:00:00Z,102.812,102.911,102.757,102.801,102.838,102.934,102.778,102.823
2025-12-16T08:00:00Z,102.801,102.906,102.789,102.83,102.824,102.928,102.807,102.852
2025-12-16T09:00:00Z,102.826,102.826,102.713,102.715,102.848,102.848,102.736,102.739
2025-12-16T10:00:00Z,102.715,102.806,102.69,102.761,102.737,102.827,102.713,102.784
2025-12-16T11:00:00Z,102.76,102.785,102.724,102.749,102.782,102.805,102.744,102.772
2025-12-16T12:00:00Z,102.748,102.753,102.571,102.622,102.77,102.775,102.593,102.645
2025-12-16T13:00:00Z,102.617,102.925,102.6,102.814,102.64,102.948,102.621,102.835
2025-12-16T14:00:00Z,102.814,103.03,102.761,102.883,102.836,103.054,102.784,102.906
2025-12-16T15:00:00Z,102.884,102.906,102.428,102.755,102.906,102.929,102.45,102.778
2025-12-16T16:00:00Z,102.751,102.813,102.646,102.72,102.774,102.834,102.669,102.743
2025-12-16T17:00:00Z,102.719,102.77,102.608,102.618,102.743,102.792,102.629,102.635
2025-12-16T18:00:00Z,102.616,102.717,102.518,102.687,102.635,102.736,102.54,102.711
2025-12-16T19:00:00Z,102.689,102.689,102.548,102.64,102.711,102.711,102.572,102.665
2025-12-16T20:00:00Z,102.641,102.7,102.59,102.672,102.664,102.722,102.611,102.693
2025-12-16T21:00:00Z,102.673,102.68,102.554,102.603,102.692,102.702,102.573,102.642
2025-12-16T22:00:00Z,102.553,102.619,102.547,102.607,102.647,102.715,102.61,102.696
2025-12-16T23:00:00Z,102.614,102.688,102.586,102.643,102.676,102.712,102.61,102.667
2025-12-17T00:00:00Z,102.643,102.665,102.311,102.357,102.666,102.689,102.334,102.381
2025-12-17T01:00:00Z,102.36,102.593,102.36,102.59,102.384,102.617,102.384,102.61
2025-12-17T02:00:00Z,102.591,102.705,102.5,102.688,102.609,102.726,102.522,102.711
2025-12-17T03:00:00Z,102.688,102.699,102.554,102.625,102.712,102.724,102.578,102.648
2025-12-17T04:00:00Z,102.627,102.688,102.586,102.628,102.648,102.711,102.611,102.653
2025-12-17T05:00:00Z,102.633,102.689,102.569,102.689,102.655,102.711,102.593,102.706
2025-12-17T06:00:00Z,102.692,102.865,102.67,102.773,102.709,102.888,102.692,102.794
2025-12-17T07:00:00Z,102.772,102.926,102.745,102.882,102.79,102.945,102.768,102.904
2025-12-17T08:00:00Z,102.883,102.955,102.825,102.954,102.906,102.978,102.849,102.974
2025-12-17T09:00:00Z,102.952,102.992,102.858,102.864,102.975,103.014,102.882,102.888
2025-12-17T10:00:00Z,102.865,102.915,102.844,102.897,102.887,102.936,102.868,102.919
2025-12-17T11:00:00Z,102.898,102.938,102.839,102.913,102.921,102.96,102.861,102.937
2025-12-17T12:00:00Z,102.909,102.988,102.89,102.983,102.932,103.01,102.912,103.005
2025-12-17T13:00:00Z,102.985,103.034,102.849,102.94,103.007,103.052,102.873,102.958
2025-12-17T14:00:00Z,102.938,103.025,102.903,103.012,102.959,103.046,102.926,103.034
2025-12-17T15:00:00Z,103.011,103.05,102.679,102.732,103.034,103.074,102.702,102.751
2025-12-17T16:00:00Z,102.729,102.903,102.714,102.797,102.749,102.924,102.736,102.82
2025-12-17T17:00:00Z,102.795,102.833,102.727,102.756,102.817,102.856,102.75,102.778
2025-12-17T18:00:00Z,102.757,102.822,102.676,102.716,102.778,102.846,102.702,102.741
2025-12-17T19:00:00Z,102.715,102.815,102.705,102.786,102.739,102.837,102.728,102.81
2025-12-17T20:00:00Z,102.787,102.892,102.77,102.815,102.81,102.912,102.793,102.838
2025-12-17T21:00:00Z,102.814,102.878,102.8,102.808,102.838,102.9,102.825,102.855
2025-12-17T22:00:00Z,102.782,102.799,102.692,102.773,102.897,103.049,102.761,102.837
2025-12-17T23:00:00Z,102.775,102.809,102.606,102.62,102.838,102.838,102.632,102.643
2025-12-18T00:00:00Z,102.619,102.691,102.55,102.649,102.643,102.715,102.575,102.673
2025-12-18T01:00:00Z,102.649,102.814,102.602,102.788,102.674,102.837,102.623,102.812
2025-12-18T02:00:00Z,102.791,102.833,102.735,102.785,102.814,102.853,102.76,102.807
2025-12-18T03:00:00Z,102.783,102.795,102.667,102.7,102.808,102.82,102.691,102.723
2025-12-18T04:00:00Z,102.696,102.801,102.673,102.801,102.722,102.825,102.696,102.825
2025-12-18T05:00:00Z,102.801,102.954,102.774,102.9,102.824,102.977,102.796,102.924
2025-12-18T06:00:00Z,102.901,103.013,102.86,102.999,102.926,103.038,102.881,103.02
2025-12-18T07:00:00Z,103.003,103.096,102.982,103.029,103.025,103.116,103.004,103.053
2025-12-18T08:00:00Z,103.03,103.034,102.903,102.958,103.053,103.054,102.926,102.981
2025-12-18T09:00:00Z,102.958,103.042,102.92,102.984,102.977,103.062,102.943,103.005
2025-12-18T10:00:00Z,102.982,103.055,102.958,102.972,103.004,103.077,102.98,102.995
2025-12-18T11:00:00Z,102.972,102.992,102.89,102.943,102.993,103.015,102.912,102.963
2025-12-18T12:00:00Z,102.943,102.984,102.871,102.915,102.964,103.004,102.894,102.937
2025-12-18T13:00:00Z,102.915,103.077,102.815,103.037,102.933,103.15,102.904,103.057
2025-12-18T14:00:00Z,103.037,103.057,102.795,102.971,103.058,103.081,102.82,102.995
2025-12-18T15:00:00Z,102.974,103.035,102.85,102.882,102.997,103.057,102.872,102.906
2025-12-18T16:00:00Z,102.886,102.998,102.866,102.913,102.909,103.019,102.891,102.936
2025-12-18T17:00:00Z,102.915,102.953,102.783,102.928,102.936,102.974,102.806,102.95
2025-12-18T18:00:00Z,102.926,103.04,102.9,102.947,102.946,103.062,102.921,102.971
2025-12-18T19:00:00Z,102.948,102.962,102.833,102.857,102.97,102.984,102.856,102.878
2025-12-18T20:00:00Z,102.857,102.913,102.836,102.863,102.877,102.935,102.857,102.886
2025-12-18T21:00:00Z,102.859,102.889,102.826,102.845,102.882,102.913,102.853,102.889
2025-12-18T22:00:00Z,102.758,102.822,102.753,102.817,102.885,102.909,102.836,102.887
2025-12-18T23:00:00Z,102.815,102.933,102.808,102.883,102.888,102.954,102.852,102.908
2025-12-19T00:00:00Z,102.884,103.129,102.883,103.11,102.908,103.185,102.908,103.135
2025-12-19T01:00:00Z,103.113,103.12,102.934,102.97,103.138,103.145,102.958,102.995
2025-12-19T02:00:00Z,102.969,103.016,102.9,103.004,102.993,103.043,102.923,103.033
2025-12-19T03:00:00Z,103.004,103.232,102.829,103.029,103.034,103.26,102.861,103.055
2025-12-19T04:00:00Z,103.031,103.139,102.939,103.128,103.055,103.162,102.963,103.153
2025-12-19T05:00:00Z,103.131,103.138,102.962,103.011,103.154,103.162,102.989,103.035
2025-12-19T06:00:00Z,103.012,103.333,102.982,103.027,103.035,103.359,103.007,103.054
2025-12-19T07:00:00Z,103.024,103.483,103.001,103.48,103.05,103.508,103.026,103.504
2025-12-19T08:00:00Z,103.477,103.718,103.459,103.663,103.501,103.741,103.483,103.687
2025-12-19T09:00:00Z,103.665,103.887,103.618,103.872,103.687,103.911,103.642,103.897
2025-12-19T10:00:00Z,103.875,104.002,103.814,103.959,103.9,104.027,103.838,103.979
2025-12-19T11:00:00Z,103.955,103.955,103.855,103.909,103.975,103.977,103.88,103.932
2025-12-19T12:00:00Z,103.915,103.924,103.815,103.824,103.938,103.949,103.839,103.848
2025-12-19T13:00:00Z,103.824,103.994,103.793,103.991,103.847,104.016,103.816,104.014
2025-12-19T14:00:00Z,103.989,104.245,103.816,104.224,104.013,104.27,103.841,104.264
2025-12-19T15:00:00Z,104.218,104.307,104.03,104.052,104.266,104.33,104.055,104.073
2025-12-19T16:00:00Z,104.052,104.223,104.036,104.134,104.075,104.245,104.057,104.158
2025-12-19T17:00:00Z,104.134,104.248,104.117,104.133,104.157,104.271,104.141,104.153
2025-12-19T18:00:00Z,104.134,104.234,104.127,104.198,104.157,104.254,104.147,104.221
2025-12-19T19:00:00Z,104.198,104.274,104.189,104.259,104.218,104.298,104.209,104.28
2025-12-19T20:00:00Z,104.258,104.274,104.193,104.233,104.281,104.297,104.213,104.257
2025-12-19T21:00:00Z,104.232,104.275,104.184,104.222,104.257,104.355,104.228,104.339
2025-12-21T22:00:00Z,104.081,104.224,103.93,103.995,104.331,104.392,104.051,104.095
2025-12-21T23:00:00Z,103.996,104.245,103.996,104.211,104.094,104.279,104.091,104.244
2025-12-22T00:00:00Z,104.212,104.306,104.149,104.255,104.249,104.331,104.18,104.278
2025-12-22T01:00:00Z,104.26,104.3,104.071,104.131,104.283,104.327,104.097,104.155
2025-12-22T02:00:00Z,104.134,104.247,104.094,104.236,104.159,104.268,104.12,104.261
2025-12-22T03:00:00Z,104.241,104.304,104.127,104.158,104.266,104.328,104.15,104.182
2025-12-22T04:00:00Z,104.154,104.263,104.154,104.247,104.179,104.286,104.179,104.272
2025-12-22T05:00:00Z,104.248,104.305,104.201,104.251,104.271,104.327,104.225,104.274
2025-12-22T06:00:00Z,104.253,104.355,104.209,104.283,104.274,104.38,104.236,104.305
2025-12-22T07:00:00Z,104.284,104.607,104.28,104.55,104.305,104.631,104.304,104.575
2025-12-22T08:00:00Z,104.552,104.605,104.444,104.598,104.576,104.626,104.462,104.623
2025-12-22T09:00:00Z,104.601,104.61,104.503,104.533,104.623,104.633,104.526,104.556
2025-12-22T10:00:00Z,104.532,104.542,104.477,104.509,104.556,104.566,104.499,104.534
2025-12-22T11:00:00Z,104.509,104.564,104.461,104.562,104.532,104.587,104.485,104.584
2025-12-22T12:00:00Z,104.559,104.601,104.517,104.6,104.584,104.625,104.541,104.622
2025-12-22T13:00:00Z,104.599,104.606,104.292,104.461,104.624,104.625,104.32,104.485
2025-12-22T14:00:00Z,104.461,104.465,104.34,104.429,104.484,104.489,104.364,104.452
2025-12-22T15:00:00Z,104.429,104.523,104.414,104.492,104.451,104.546,104.437,104.513
2025-12-22T16:00:00Z,104.491,104.517,104.417,104.45,104.511,104.54,104.436,104.47
2025-12-22T17:00:00Z,104.453,104.459,104.356,104.398,104.473,104.483,104.378,104.421
2025-12-22T18:00:00Z,104.396,104.487,104.396,104.42,104.419,104.51,104.419,104.441
2025-12-22T19:00:00Z,104.419,104.454,104.39,104.401,104.441,104.477,104.412,104.42
2025-12-22T20:00:00Z,104.399,104.488,104.396,104.476,104.42,104.51,104.42,104.495
2025-12-22T21:00:00Z,104.473,104.559,104.473,104.538,104.497,104.59,104.497,104.572
2025-12-22T22:00:00Z,104.426,104.516,104.414,104.512,104.566,104.592,104.511,104.565
2025-12-22T23:00:00Z,104.511,104.54,104.39,104.431,104.56,104.585,104.412,104.456
2025-12-23T00:00:00Z,104.429,104.475,104.248,104.269,104.453,104.501,104.274,104.291
2025-12-23T01:00:00Z,104.263,104.312,104.178,104.218,104.288,104.334,104.199,104.242
2025-12-23T02:00:00Z,104.217,104.299,104.172,104.236,104.242,104.321,104.197,104.258
2025-12-23T03:00:00Z,104.235,104.241,104.119,104.13,104.258,104.266,104.142,104.155
2025-12-23T04:00:00Z,104.126,104.126,103.973,103.989,104.151,104.151,103.998,104.013
2025-12-23T05:00:00Z,103.986,104.028,103.882,103.957,104.012,104.05,103.906,103.978
2025-12-23T06:00:00Z,103.957,104.086,103.949,104.038,103.979,104.111,103.973,104.062
2025-12-23T07:00:00Z,104.041,104.196,104.04,104.149,104.066,104.218,104.064,104.171
2025-12-23T08:00:00Z,104.147,104.305,104.115,104.261,104.168,104.33,104.137,104.284
2025-12-23T09:00:00Z,104.261,104.378,104.089,104.35,104.283,104.4,104.112,104.372
2025-12-23T10:00:00Z,104.349,104.431,104.327,104.364,104.369,104.455,104.35,104.385
2025-12-23T11:00:00Z,104.363,104.385,104.311,104.338,104.385,104.408,104.334,104.361
2025-12-23T12:00:00Z,104.337,104.417,104.304,104.399,104.362,104.437,104.327,104.423
2025-12-23T13:00:00Z,104.401,104.614,104.4,104.491,104.422,104.636,104.422,104.51
2025-12-23T14:00:00Z,104.492,104.594,104.404,104.426,104.516,104.618,104.428,104.455
2025-12-23T15:00:00Z,104.426,104.633,104.38,104.609,104.457,104.654,104.398,104.631
2025-12-23T16:00:00Z,104.61,104.643,104.568,104.595,104.634,104.666,104.593,104.618
2025-12-23T17:00:00Z,104.593,104.603,104.501,104.507,104.614,104.623,104.526,104.531
2025-12-23T18:00:00Z,104.51,104.603,104.507,104.566,104.531,104.626,104.531,104.588
2025-12-23T19:00:00Z,104.567,104.62,104.562,104.586,104.59,104.644,104.586,104.609
2025-12-23T20:00:00Z,104.586,104.684,104.56,104.675,104.611,104.706,104.584,104.696
2025-12-23T21:00:00Z,104.678,104.708,104.636,104.652,104.702,104.743,104.672,104.722
2025-12-23T22:00:00Z,104.628,104.632,104.574,104.581,104.735,104.749,104.618,104.63
2025-12-23T23:00:00Z,104.576,104.693,104.557,104.621,104.628,104.72,104.593,104.65
2025-12-24T00:00:00Z,104.624,104.679,104.488,104.492,104.654,104.705,104.509,104.517
2025-12-24T01:00:00Z,104.493,104.591,104.348,104.415,104.519,104.613,104.374,104.441
2025-12-24T02:00:00Z,104.415,104.462,104.355,104.428,104.437,104.486,104.38,104.453
2025-12-24T03:00:00Z,104.431,104.536,104.415,104.527,104.456,104.556,104.437,104.549
2025-12-24T04:00:00Z,104.528,104.589,104.44,104.491,104.549,104.613,104.466,104.518
2025-12-24T05:00:00Z,104.491,104.531,104.447,104.524,104.517,104.557,104.473,104.547
2025-12-24T06:00:00Z,104.523,104.598,104.436,104.539,104.547,104.624,104.463,104.562
2025-12-24T07:00:00Z,104.533,104.618,104.508,104.538,104.558,104.643,104.535,104.566
2025-12-24T08:00:00Z,104.54,104.611,104.455,104.502,104.566,104.636,104.48,104.53
2025-12-24T09:00:00Z,104.502,104.581,104.45,104.556,104.529,104.603,104.475,104.581
2025-12-24T10:00:00Z,104.556,104.639,104.542,104.628,104.585,104.662,104.567,104.653
2025-12-24T11:00:00Z,104.628,104.64,104.562,104.585,104.651,104.663,104.589,104.614
2025-12-24T12:00:00Z,104.581,104.638,104.479,104.552,104.611,104.663,104.507,104.58
2025-12-24T13:00:00Z,104.552,104.582,104.5,104.57,104.581,104.605,104.525,104.594
2025-12-24T14:00:00Z,104.572,104.589,104.339,104.392,104.594,104.612,104.364,104.42
2025-12-24T15:00:00Z,104.392,104.549,104.346,104.532,104.418,104.574,104.372,104.558
2025-12-24T16:00:00Z,104.532,104.572,104.446,104.463,104.557,104.601,104.476,104.49
2025-12-24T17:00:00Z,104.464,104.616,104.464,104.554,104.49,104.649,104.49,104.586
2025-12-24T18:00:00Z,104.557,104.576,104.502,104.512,104.588,104.605,104.531,104.549
2025-12-24T19:00:00Z,104.515,104.527,104.429,104.479,104.549,104.565,104.479,104.517
2025-12-24T20:00:00Z,104.48,104.517,104.456,104.512,104.517,104.563,104.512,104.56
2025-12-24T21:00:00Z,104.514,104.525,104.442,104.496,104.563,104.642,104.539,104.641
2025-12-25T22:00:00Z,104.379,104.477,104.351,104.433,104.579,104.655,104.495,104.545
2025-12-25T23:00:00Z,104.431,104.669,104.366,104.655,104.545,104.703,104.435,104.692
2025-12-26T00:00:00Z,104.658,104.96,104.654,104.927,104.692,104.994,104.69,104.955
2025-12-26T01:00:00Z,104.928,104.982,104.811,104.854,104.958,105.002,104.841,104.883
2025-12-26T02:00:00Z,104.854,104.959,104.854,104.927,104.881,104.988,104.881,104.956
2025-12-26T03:00:00Z,104.929,104.939,104.649,104.652,104.956,104.968,104.675,104.681
2025-12-26T04:00:00Z,104.647,104.737,104.626,104.734,104.676,104.762,104.655,104.761
2025-12-26T05:00:00Z,104.734,104.834,104.666,104.793,104.762,104.861,104.692,104.822
2025-12-26T06:00:00Z,104.793,104.848,104.689,104.802,104.821,104.875,104.718,104.829
2025-12-26T07:00:00Z,104.805,104.846,104.704,104.803,104.832,104.876,104.734,104.826
2025-12-26T08:00:00Z,104.798,104.812,104.71,104.792,104.826,104.836,104.739,104.811
2025-12-26T09:00:00Z,104.795,104.82,104.759,104.784,104.816,104.846,104.786,104.811
2025-12-26T10:00:00Z,104.784,104.845,104.761,104.815,104.81,104.874,104.784,104.84
2025-12-26T11:00:00Z,104.812,104.855,104.801,104.853,104.838,104.881,104.825,104.875
2025-12-26T12:00:00Z,104.85,104.907,104.83,104.898,104.876,104.933,104.854,104.924
2025-12-26T13:00:00Z,104.899,104.996,104.857,104.98,104.923,105.023,104.883,105.006
2025-12-26T14:00:00Z,104.98,105.128,104.974,105.091,105.005,105.152,105.002,105.119
2025-12-26T15:00:00Z,105.086,105.155,105.009,105.035,105.116,105.182,105.037,105.061
2025-12-26T16:00:00Z,105.033,105.069,104.976,105.059,105.062,105.099,105.007,105.088
2025-12-26T17:00:00Z,105.059,105.101,105.014,105.029,105.086,105.132,105.043,105.061
2025-12-26T18:00:00Z,105.03,105.054,104.992,105.036,105.061,105.084,105.023,105.063
2025-12-26T19:00:00Z,105.038,105.059,105.017,105.018,105.065,105.085,105.04,105.045
2025-12-26T20:00:00Z,105.019,105.077,105.003,105.066,105.044,105.104,105.028,105.091
2025-12-26T21:00:00Z,105.064,105.106,105.014,105.014,105.092,105.269,105.09,105.264
2025-12-28T22:00:00Z,104.803,104.985,104.767,104.933,105.053,105.147,105.017,105.096
2025-12-28T23:00:00Z,104.93,105.074,104.925,105.066,105.087,105.126,105.003,105.098
2025-12-29T00:00:00Z,105.064,105.064,104.788,104.954,105.095,105.095,104.817,104.976
2025-12-29T01:00:00Z,104.955,105.057,104.941,105.028,104.975,105.081,104.968,105.051
2025-12-29T02:00:00Z,105.026,105.173,105.013,105.152,105.051,105.195,105.041,105.179
2025-12-29T03:00:00Z,105.15,105.209,105.097,105.161,105.179,105.229,105.124,105.184
2025-12-29T04:00:00Z,105.16,105.201,105.054,105.1,105.184,105.227,105.082,105.129
2025-12-29T05:00:00Z,105.102,105.107,104.956,104.961,105.129,105.139,104.982,104.986
2025-12-29T06:00:00Z,104.962,104.975,104.835,104.871,104.989,105.005,104.864,104.899
2025-12-29T07:00:00Z,104.871,104.947,104.752,104.755,104.903,104.974,104.773,104.782
2025-12-29T08:00:00Z,104.75,104.849,104.641,104.751,104.775,104.876,104.665,104.781
2025-12-29T09:00:00Z,104.753,104.774,104.606,104.726,104.782,104.797,104.636,104.753
2025-12-29T10:00:00Z,104.726,104.779,104.707,104.732,104.752,104.809,104.735,104.761
2025-12-29T11:00:00Z,104.735,104.738,104.66,104.703,104.76,104.763,104.686,104.732
2025-12-29T12:00:00Z,104.702,104.714,104.479,104.577,104.733,104.744,104.506,104.6
2025-12-29T13:00:00Z,104.577,104.634,104.506,104.569,104.598,104.66,104.531,104.593
2025-12-29T14:00:00Z,104.568,104.614,104.409,104.515,104.593,104.638,104.435,104.54
2025-12-29T15:00:00Z,104.514,104.55,104.389,104.409,104.54,104.575,104.408,104.431
2025-12-29T16:00:00Z,104.407,104.495,104.344,104.429,104.428,104.519,104.37,104.455
2025-12-29T17:00:00Z,104.429,104.481,104.39,104.464,104.453,104.503,104.415,104.488
2025-12-29T18:00:00Z,104.464,104.534,104.437,104.479,104.489,104.56,104.462,104.507
2025-12-29T19:00:00Z,104.479,104.513,104.457,104.481,104.503,104.542,104.482,104.505
2025-12-29T20:00:00Z,104.482,104.483,104.42,104.439,104.505,104.51,104.442,104.461
2025-12-29T21:00:00Z,104.437,104.479,104.414,104.436,104.465,104.499,104.445,104.485
2025-12-29T22:00:00Z,104.391,104.436,104.345,104.404,104.54,104.555,104.442,104.483
2025-12-29T23:00:00Z,104.403,104.498,104.398,104.428,104.486,104.528,104.435,104.455
2025-12-30T00:00:00Z,104.429,104.644,104.374,104.618,104.458,104.668,104.404,104.644
2025-12-30T01:00:00Z,104.62,104.753,104.559,104.733,104.649,104.776,104.589,104.755
2025-12-30T02:00:00Z,104.732,104.805,104.652,104.784,104.752,104.83,104.679,104.811
2025-12-30T03:00:00Z,104.785,104.828,104.755,104.784,104.813,104.854,104.781,104.81
2025-12-30T04:00:00Z,104.784,104.828,104.705,104.727,104.812,104.851,104.728,104.749
2025-12-30T05:00:00Z,104.727,104.809,104.66,104.756,104.75,104.836,104.681,104.779
2025-12-30T06:00:00Z,104.758,104.824,104.687,104.796,104.782,104.852,104.714,104.823
2025-12-30T07:00:00Z,104.793,104.794,104.571,104.604,104.822,104.822,104.597,104.633
2025-12-30T08:00:00Z,104.599,104.656,104.476,104.586,104.628,104.683,104.505,104.609
2025-12-30T09:00:00Z,104.588,104.654,104.514,104.529,104.609,104.682,104.539,104.555
2025-12-30T10:00:00Z,104.53,104.59,104.502,104.541,104.558,104.619,104.526,104.567
2025-12-30T11:00:00Z,104.541,104.548,104.426,104.447,104.568,104.575,104.454,104.471
2025-12-30T12:00:00Z,104.446,104.549,104.429,104.505,104.472,104.575,104.458,104.532
2025-12-30T13:00:00Z,104.505,104.686,104.505,104.551,104.535,104.715,104.534,104.581
2025-12-30T14:00:00Z,104.554,104.719,104.534,104.694,104.584,104.746,104.561,104.721
2025-12-30T15:00:00Z,104.696,104.778,104.639,104.746,104.721,104.805,104.664,104.768
2025-12-30T16:00:00Z,104.744,104.767,104.654,104.709,104.766,104.794,104.679,104.734
2025-12-30T17:00:00Z,104.706,104.812,104.7,104.788,104.733,104.838,104.725,104.811
2025-12-30T18:00:00Z,104.788,104.804,104.742,104.742,104.814,104.833,104.773,104.794
2025-12-30T19:00:00Z,104.741,104.797,104.733,104.783,104.794,104.823,104.758,104.806
2025-12-30T20:00:00Z,104.778,104.789,104.713,104.717,104.802,104.813,104.739,104.742
2025-12-30T21:00:00Z,104.717,104.733,104.692,104.724,104.744,104.776,104.723,104.77
2025-12-30T22:00:00Z,104.61,104.694,104.61,104.657,104.757,104.765,104.72,104.73
2025-12-30T23:00:00Z,104.657,104.741,104.648,104.716,104.738,104.767,104.695,104.744
2025-12-31T00:00:00Z,104.707,104.788,104.685,104.755,104.735,104.812,104.707,104.781
2025-12-31T01:00:00Z,104.758,104.803,104.691,104.709,104.784,104.831,104.717,104.738
2025-12-31T02:00:00Z,104.709,104.807,104.665,104.774,104.739,104.834,104.695,104.799
2025-12-31T03:00:00Z,104.774,104.813,104.731,104.782,104.798,104.839,104.758,104.807
2025-12-31T04:00:00Z,104.783,104.826,104.765,104.791,104.807,104.853,104.792,104.812
2025-12-31T05:00:00Z,104.789,104.821,104.719,104.752,104.816,104.85,104.745,104.776
2025-12-31T06:00:00Z,104.753,104.758,104.701,104.74,104.775,104.783,104.728,104.767
2025-12-31T07:00:00Z,104.741,104.766,104.651,104.71,104.766,104.791,104.675,104.732
2025-12-31T08:00:00Z,104.707,104.717,104.566,104.624,104.731,104.739,104.592,104.648
2025-12-31T09:00:00Z,104.622,104.731,104.611,104.674,104.647,104.751,104.636,104.697
2025-12-31T10:00:00Z,104.67,104.721,104.553,104.625,104.697,104.745,104.579,104.649
2025-12-31T11:00:00Z,104.627,104.757,104.621,104.692,104.649,104.781,104.646,104.717
2025-12-31T12:00:00Z,104.693,104.763,104.683,104.715,104.717,104.787,104.709,104.739
2025-12-31T13:00:00Z,104.716,104.831,104.633,104.791,104.736,104.855,104.678,104.819
2025-12-31T14:00:00Z,104.792,104.801,104.7,104.717,104.819,104.825,104.723,104.739
2025-12-31T15:00:00Z,104.713,104.72,104.454,104.512,104.739,104.745,104.478,104.531
2025-12-31T16:00:00Z,104.514,104.591,104.455,104.554,104.532,104.614,104.485,104.577
2025-12-31T17:00:00Z,104.553,104.633,104.524,104.623,104.578,104.657,104.549,104.644
2025-12-31T18:00:00Z,104.624,104.669,104.612,104.657,104.648,104.696,104.637,104.68
2025-12-31T19:00:00Z,104.658,104.668,104.541,104.584,104.678,104.692,104.567,104.609
2025-12-31T20:00:00Z,104.583,104.609,104.503,104.511,104.609,104.639,104.53,104.538
2025-12-31T21:00:00Z,104.512,104.591,104.508,104.532,104.54,104.631,104.535,104.589
2026-01-01T22:00:00Z,104.455,104.516,104.404,104.412,104.705,104.747,104.654,104.662
2026-01-01T23:00:00Z,104.409,104.73,104.402,104.656,104.645,104.756,104.587,104.681
2026-01-02T00:00:00Z,104.658,104.696,104.622,104.668,104.683,104.723,104.647,104.695
2026-01-02T01:00:00Z,104.666,104.851,104.663,104.822,104.693,104.876,104.69,104.847
2026-01-02T02:00:00Z,104.824,104.89,104.776,104.889,104.849,104.915,104.801,104.913
2026-01-02T03:00:00Z,104.887,104.999,104.878,104.967,104.912,105.023,104.901,104.991
2026-01-02T04:00:00Z,104.967,105.075,104.962,105.027,104.992,105.101,104.986,105.053
2026-01-02T05:00:00Z,105.02,105.068,104.992,105.051,105.042,105.093,105.016,105.077
2026-01-02T06:00:00Z,105.047,105.121,105.032,105.059,105.073,105.146,105.058,105.078
2026-01-02T07:00:00Z,105.063,105.103,104.929,105.026,105.081,105.126,104.953,105.049
2026-01-02T08:00:00Z,105.025,105.27,105.021,105.139,105.047,105.293,105.043,105.159
2026-01-02T09:00:00Z,105.132,105.197,105.033,105.104,105.157,105.22,105.056,105.127
2026-01-02T10:00:00Z,105.106,105.114,104.973,105.04,105.129,105.138,104.997,105.063
2026-01-02T11:00:00Z,105.04,105.048,104.95,104.982,105.061,105.071,104.973,105.005
2026-01-02T12:00:00Z,104.982,105.048,104.957,105.011,105.003,105.072,104.98,105.035
2026-01-02T13:00:00Z,105.009,105.061,104.914,104.928,105.032,105.079,104.937,104.951
2026-01-02T14:00:00Z,104.929,104.996,104.88,104.972,104.953,105.018,104.904,104.995
2026-01-02T15:00:00Z,104.974,105.014,104.687,104.714,104.998,105.038,104.712,104.736
2026-01-02T16:00:00Z,104.711,104.807,104.625,104.729,104.733,104.828,104.648,104.751
2026-01-02T17:00:00Z,104.728,104.848,104.715,104.793,104.749,104.869,104.739,104.814
2026-01-02T18:00:00Z,104.791,104.854,104.772,104.792,104.814,104.875,104.794,104.815
2026-01-02T19:00:00Z,104.795,104.927,104.785,104.909,104.819,104.95,104.808,104.932
2026-01-02T20:00:00Z,104.909,105.019,104.899,105.017,104.931,105.04,104.921,105.04
2026-01-02T21:00:00Z,105.019,105.037,104.917,104.943,105.041,105.075,104.984,105.058
2026-01-04T22:00:00Z,104.692,104.881,104.601,104.772,104.83,105.038,104.775,104.877
2026-01-04T23:00:00Z,104.774,104.945,104.774,104.922,104.9,104.971,104.841,104.947
2026-01-05T00:00:00Z,104.926,105.059,104.871,104.936,104.947,105.082,104.895,104.957
2026-01-05T01:00:00Z,104.936,105.083,104.83,104.896,104.959,105.106,104.853,104.921
2026-01-05T02:00:00Z,104.898,105.072,104.794,105.02,104.922,105.097,104.82,105.042
2026-01-05T03:00:00Z,105.018,105.053,104.86,104.88,105.042,105.079,104.885,104.904
2026-01-05T04:00:00Z,104.885,104.95,104.824,104.918,104.909,104.971,104.848,104.943
2026-01-05T05:00:00Z,104.921,104.924,104.833,104.918,104.943,104.947,104.858,104.94
2026-01-05T06:00:00Z,104.916,104.954,104.852,104.902,104.94,104.979,104.88,104.924
2026-01-05T07:00:00Z,104.901,104.925,104.777,104.809,104.924,104.948,104.8,104.832
2026-01-05T08:00:00Z,104.803,104.831,104.658,104.698,104.827,104.855,104.682,104.721
2026-01-05T09:00:00Z,104.698,104.8,104.669,104.748,104.723,104.82,104.692,104.77
2026-01-05T10:00:00Z,104.748,104.797,104.642,104.675,104.771,104.82,104.666,104.698
2026-01-05T11:00:00Z,104.673,104.722,104.614,104.681,104.695,104.743,104.638,104.699
2026-01-05T12:00:00Z,104.682,104.7,104.593,104.6,104.699,104.721,104.616,104.623
2026-01-05T13:00:00Z,104.604,104.71,104.554,104.708,104.626,104.73,104.578,104.73
2026-01-05T14:00:00Z,104.712,104.888,104.681,104.824,104.734,104.912,104.703,104.885
2026-01-05T15:00:00Z,104.825,105.068,104.804,105.025,104.883,105.09,104.843,105.046
2026-01-05T16:00:00Z,105.022,105.063,104.966,104.996,105.045,105.084,104.987,105.017
2026-01-05T17:00:00Z,104.996,105.027,104.906,104.92,105.018,105.048,104.928,104.943
2026-01-05T18:00:00Z,104.923,104.932,104.832,104.849,104.947,104.954,104.853,104.871
2026-01-05T19:00:00Z,104.847,104.927,104.802,104.92,104.87,104.95,104.825,104.942
2026-01-05T20:00:00Z,104.92,104.989,104.887,104.982,104.94,105.012,104.908,105.003
2026-01-05T21:00:00Z,104.98,105.043,104.973,104.997,105.0,105.064,104.993,105.04
2026-01-05T22:00:00Z,104.913,105.085,104.897,105.085,105.033,105.168,105.024,105.162
2026-01-05T23:00:00Z,105.101,105.145,105.047,105.126,105.161,105.17,105.08,105.151
2026-01-06T00:00:00Z,105.13,105.247,105.023,105.029,105.154,105.269,105.043,105.051
2026-01-06T01:00:00Z,105.024,105.118,104.963,105.056,105.048,105.143,104.989,105.081
2026-01-06T02:00:00Z,105.056,105.106,105.017,105.078,105.079,105.131,105.04,105.1
2026-01-06T03:00:00Z,105.081,105.154,105.056,105.101,105.105,105.177,105.081,105.121
2026-01-06T04:00:00Z,105.1,105.181,105.031,105.156,105.123,105.203,105.053,105.178
2026-01-06T05:00:00Z,105.155,105.237,105.139,105.219,105.179,105.26,105.163,105.245
2026-01-06T06:00:00Z,105.22,105.361,105.185,105.335,105.245,105.385,105.208,105.357
2026-01-06T07:00:00Z,105.331,105.336,105.171,105.217,105.353,105.359,105.194,105.242
2026-01-06T08:00:00Z,105.214,105.285,105.078,105.094,105.239,105.309,105.102,105.116
2026-01-06T09:00:00Z,105.094,105.17,104.97,105.026,105.117,105.188,104.993,105.047
2026-01-06T10:00:00Z,105.026,105.114,104.995,105.074,105.048,105.136,105.02,105.096
2026-01-06T11:00:00Z,105.073,105.113,105.039,105.094,105.096,105.135,105.064,105.115
2026-01-06T12:00:00Z,105.089,105.13,105.032,105.111,105.11,105.153,105.054,105.134
2026-01-06T13:00:00Z,105.11,105.2,105.087,105.177,105.134,105.221,105.11,105.199
2026-01-06T14:00:00Z,105.175,105.333,105.151,105.278,105.196,105.355,105.174,105.299
2026-01-06T15:00:00Z,105.277,105.384,105.255,105.368,105.3,105.405,105.279,105.387
2026-01-06T16:00:00Z,105.366,105.49,105.342,105.465,105.387,105.513,105.365,105.487
2026-01-06T17:00:00Z,105.465,105.556,105.458,105.533,105.483,105.58,105.48,105.556
2026-01-06T18:00:00Z,105.531,105.591,105.523,105.559,105.555,105.613,105.547,105.577
2026-01-06T19:00:00Z,105.559,105.56,105.435,105.438,105.578,105.582,105.454,105.461
2026-01-06T20:00:00Z,105.432,105.557,105.412,105.553,105.455,105.58,105.435,105.577
2026-01-06T21:00:00Z,105.551,105.584,105.542,105.546,105.574,105.608,105.564,105.581
2026-01-06T22:00:00Z,105.47,105.536,105.452,105.533,105.561,105.611,105.532,105.607
2026-01-06T23:00:00Z,105.542,105.61,105.487,105.5,105.607,105.638,105.513,105.525
2026-01-07T00:00:00Z,105.499,105.593,105.226,105.473,105.525,105.616,105.253,105.501
2026-01-07T01:00:00Z,105.474,105.788,105.364,105.736,105.501,105.811,105.391,105.758
2026-01-07T02:00:00Z,105.736,105.779,105.648,105.69,105.76,105.8,105.674,105.715
2026-01-07T03:00:00Z,105.687,105.803,105.667,105.779,105.712,105.828,105.692,105.805
2026-01-07T04:00:00Z,105.776,105.926,105.763,105.806,105.801,105.95,105.784,105.83
2026-01-07T05:00:00Z,105.806,105.813,105.554,105.591,105.831,105.834,105.579,105.613
2026-01-07T06:00:00Z,105.589,105.617,105.492,105.54,105.613,105.642,105.517,105.564
2026-01-07T07:00:00Z,105.538,105.547,105.396,105.461,105.561,105.569,105.418,105.483
2026-01-07T08:00:00Z,105.457,105.504,105.402,105.468,105.48,105.528,105.427,105.489
2026-01-07T09:00:00Z,105.468,105.48,105.381,105.416,105.492,105.504,105.403,105.438
2026-01-07T10:00:00Z,105.414,105.472,105.384,105.456,105.435,105.494,105.408,105.479
2026-01-07T11:00:00Z,105.456,105.52,105.45,105.462,105.477,105.544,105.47,105.484
2026-01-07T12:00:00Z,105.462,105.477,105.328,105.365,105.485,105.498,105.351,105.388
2026-01-07T13:00:00Z,105.362,105.418,105.298,105.405,105.384,105.44,105.323,105.428
2026-01-07T14:00:00Z,105.406,105.57,105.37,105.433,105.428,105.589,105.395,105.484
2026-01-07T15:00:00Z,105.453,105.505,105.332,105.396,105.477,105.598,105.354,105.418
2026-01-07T16:00:00Z,105.398,105.434,105.351,105.422,105.419,105.458,105.372,105.448
2026-01-07T17:00:00Z,105.42,105.426,105.362,105.379,105.445,105.45,105.385,105.402
2026-01-07T18:00:00Z,105.376,105.488,105.365,105.47,105.399,105.511,105.388,105.494
2026-01-07T19:00:00Z,105.472,105.489,105.402,105.445,105.494,105.51,105.426,105.467
2026-01-07T20:00:00Z,105.445,105.453,105.363,105.363,105.466,105.475,105.384,105.385
2026-01-07T21:00:00Z,105.362,105.364,105.327,105.328,105.385,105.393,105.355,105.371
2026-01-07T22:00:00Z,105.331,105.36,105.259,105.318,105.413,105.434,105.344,105.389
2026-01-07T23:00:00Z,105.319,105.358,105.291,105.324,105.389,105.402,105.318,105.345
2026-01-08T00:00:00Z,105.323,105.396,105.283,105.352,105.346,105.421,105.309,105.374
2026-01-08T01:00:00Z,105.35,105.521,105.332,105.503,105.373,105.546,105.358,105.527
2026-01-08T02:00:00Z,105.502,105.506,105.249,105.256,105.527,105.531,105.274,105.283
2026-01-08T03:00:00Z,105.258,105.267,105.108,105.198,105.283,105.289,105.129,105.22
2026-01-08T04:00:00Z,105.196,105.206,105.067,105.073,105.22,105.23,105.091,105.095
2026-01-08T05:00:00Z,105.069,105.083,104.969,105.015,105.094,105.104,104.994,105.04
2026-01-08T06:00:00Z,105.018,105.02,104.712,104.913,105.041,105.041,104.737,104.933
2026-01-08T07:00:00Z,104.913,105.032,104.77,104.77,104.931,105.054,104.79,104.79
2026-01-08T08:00:00Z,104.768,105.013,104.756,104.931,104.791,105.037,104.779,104.95
2026-01-08T09:00:00Z,104.931,104.955,104.836,104.9,104.952,104.978,104.861,104.923
2026-01-08T10:00:00Z,104.902,104.951,104.864,104.948,104.923,104.972,104.888,104.965
2026-01-08T11:00:00Z,104.946,104.993,104.929,104.977,104.963,105.016,104.948,105.001
2026-01-08T12:00:00Z,104.976,104.995,104.895,104.951,104.999,105.019,104.918,104.974
2026-01-08T13:00:00Z,104.954,105.066,104.915,105.042,104.977,105.087,104.938,105.065
2026-01-08T14:00:00Z,105.045,105.086,104.919,105.012,105.067,105.108,104.942,105.038
2026-01-08T15:00:00Z,105.01,105.175,104.987,105.061,105.037,105.197,105.011,105.081
2026-01-08T16:00:00Z,105.062,105.067,104.96,105.011,105.084,105.09,104.982,105.032
2026-01-08T17:00:00Z,105.009,105.015,104.866,104.974,105.032,105.036,104.889,104.998
2026-01-08T18:00:00Z,104.972,104.987,104.929,104.945,104.995,105.008,104.953,104.968
2026-01-08T19:00:00Z,104.945,105.064,104.929,105.05,104.967,105.087,104.951,105.07
2026-01-08T20:00:00Z,105.051,105.133,105.05,105.109,105.069,105.153,105.068,105.131
2026-01-08T21:00:00Z,105.11,105.142,105.038,105.075,105.131,105.167,105.064,105.117
2026-01-08T22:00:00Z,105.021,105.112,104.967,105.109,105.157,105.187,105.064,105.185
2026-01-08T23:00:00Z,105.111,105.139,105.069,105.072,105.183,105.183,105.094,105.096
2026-01-09T00:00:00Z,105.072,105.168,105.059,105.123,105.095,105.189,105.084,105.141
2026-01-09T01:00:00Z,105.122,105.194,105.039,105.175,105.141,105.216,105.064,105.2
2026-01-09T02:00:00Z,105.177,105.286,105.17,105.224,105.201,105.311,105.195,105.248
2026-01-09T03:00:00Z,105.223,105.263,105.181,105.251,105.248,105.287,105.206,105.276
2026-01-09T04:00:00Z,105.254,105.316,105.241,105.277,105.276,105.34,105.266,105.297
2026-01-09T05:00:00Z,105.274,105.369,105.274,105.351,105.298,105.394,105.297,105.374
2026-01-09T06:00:00Z,105.348,105.386,105.278,105.291,105.373,105.41,105.304,105.316
2026-01-09T07:00:00Z,105.289,105.324,105.218,105.218,105.313,105.344,105.24,105.241
2026-01-09T08:00:00Z,105.218,105.333,105.181,105.324,105.24,105.356,105.204,105.348
2026-01-09T09:00:00Z,105.322,105.386,105.301,105.352,105.345,105.409,105.325,105.379
2026-01-09T10:00:00Z,105.352,105.397,105.282,105.299,105.378,105.42,105.306,105.32
2026-01-09T11:00:00Z,105.297,105.364,105.283,105.294,105.32,105.385,105.307,105.318
2026-01-09T12:00:00Z,105.296,105.311,105.219,105.234,105.318,105.334,105.24,105.254
2026-01-09T13:00:00Z,105.231,105.507,105.082,105.346,105.254,105.53,105.194,105.37
2026-01-09T14:00:00Z,105.35,105.617,105.259,105.489,105.374,105.641,105.282,105.536
2026-01-09T15:00:00Z,105.494,105.62,105.318,105.456,105.537,105.643,105.342,105.474
2026-01-09T16:00:00Z,105.458,105.63,105.442,105.615,105.475,105.652,105.462,105.635
2026-01-09T17:00:00Z,105.616,105.645,105.56,105.596,105.638,105.668,105.584,105.618
2026-01-09T18:00:00Z,105.596,105.615,105.54,105.563,105.619,105.636,105.563,105.586
2026-01-09T19:00:00Z,105.563,105.579,105.509,105.562,105.585,105.602,105.532,105.583
2026-01-09T20:00:00Z,105.561,105.621,105.561,105.61,105.581,105.644,105.581,105.635
2026-01-09T21:00:00Z,105.611,105.638,105.532,105.532,105.635,105.699,105.605,105.671
2026-01-11T22:00:00Z,105.5,105.652,105.476,105.649,105.65,105.753,105.611,105.74
2026-01-11T23:00:00Z,105.651,105.744,105.616,105.721,105.739,105.766,105.651,105.746
2026-01-12T00:00:00Z,105.718,105.773,105.582,105.612,105.743,105.799,105.602,105.639
2026-01-12T01:00:00Z,105.612,105.672,105.587,105.658,105.64,105.692,105.613,105.678
2026-01-12T02:00:00Z,105.657,105.818,105.629,105.806,105.679,105.841,105.654,105.831
2026-01-12T03:00:00Z,105.803,105.9,105.767,105.898,105.828,105.925,105.79,105.925
2026-01-12T04:00:00Z,105.901,105.935,105.821,105.854,105.925,105.959,105.845,105.879
2026-01-12T05:00:00Z,105.858,105.892,105.806,105.833,105.883,105.915,105.831,105.857
2026-01-12T06:00:00Z,105.828,105.875,105.791,105.851,105.852,105.899,105.814,105.873
2026-01-12T07:00:00Z,105.848,105.894,105.801,105.828,105.871,105.917,105.823,105.852
2026-01-12T08:00:00Z,105.824,105.885,105.713,105.774,105.848,105.906,105.739,105.797
2026-01-12T09:00:00Z,105.77,105.898,105.745,105.883,105.793,105.921,105.767,105.906
2026-01-12T10:00:00Z,105.879,105.956,105.829,105.936,105.903,105.98,105.85,105.959
2026-01-12T11:00:00Z,105.935,105.937,105.863,105.876,105.959,105.96,105.885,105.9
2026-01-12T12:00:00Z,105.875,105.94,105.813,105.906,105.898,105.961,105.834,105.926
2026-01-12T13:00:00Z,105.908,105.991,105.89,105.988,105.929,106.012,105.91,106.007
2026-01-12T14:00:00Z,105.986,105.993,105.868,105.964,106.007,106.013,105.891,105.987
2026-01-12T15:00:00Z,105.966,106.155,105.929,106.145,105.987,106.175,105.952,106.166
2026-01-12T16:00:00Z,106.142,106.272,106.115,106.193,106.165,106.294,106.135,106.217
2026-01-12T17:00:00Z,106.193,106.203,106.096,106.128,106.215,106.226,106.12,106.147
2026-01-12T18:00:00Z,106.128,106.139,106.096,106.125,106.146,106.163,106.119,106.146
2026-01-12T19:00:00Z,106.123,106.174,106.116,106.167,106.146,106.197,106.138,106.191
2026-01-12T20:00:00Z,106.167,106.2,106.144,106.181,106.19,106.223,106.165,106.203
2026-01-12T21:00:00Z,106.182,106.205,106.08,106.114,106.202,106.23,106.121,106.14
2026-01-12T22:00:00Z,106.08,106.111,106.009,106.023,106.166,106.218,106.075,106.115
2026-01-12T23:00:00Z,106.032,106.113,105.939,105.961,106.116,106.151,105.963,105.985
2026-01-13T00:00:00Z,105.962,106.186,105.958,106.124,105.985,106.21,105.983,106.15
2026-01-13T01:00:00Z,106.126,106.389,106.126,106.346,106.151,106.414,106.151,106.37
2026-01-13T02:00:00Z,106.356,106.513,106.314,106.476,106.38,106.538,106.339,106.5
2026-01-13T03:00:00Z,106.479,106.559,106.467,106.554,106.502,106.584,106.492,106.578
2026-01-13T04:00:00Z,106.554,106.631,106.457,106.503,106.577,106.655,106.484,106.526
2026-01-13T05:00:00Z,106.501,106.542,106.457,106.53,106.526,106.566,106.481,106.554
2026-01-13T06:00:00Z,106.526,106.62,106.473,106.483,106.55,106.645,106.498,106.507
2026-01-13T07:00:00Z,106.48,106.563,106.462,106.554,106.505,106.585,106.485,106.578
2026-01-13T08:00:00Z,106.551,106.585,106.493,106.51,106.575,106.608,106.514,106.534
2026-01-13T09:00:00Z,106.513,106.581,106.491,106.543,106.537,106.604,106.513,106.566
2026-01-13T10:00:00Z,106.541,106.558,106.369,106.369,106.564,106.579,106.393,106.393
2026-01-13T11:00:00Z,106.371,106.501,106.362,106.492,106.392,106.522,106.387,106.515
2026-01-13T12:00:00Z,106.491,106.497,106.438,106.446,106.515,106.519,106.458,106.469
2026-01-13T13:00:00Z,106.447,106.689,106.377,106.585,106.466,106.728,106.397,106.61
2026-01-13T14:00:00Z,106.585,106.655,106.416,106.434,106.612,106.679,106.435,106.462
2026-01-13T15:00:00Z,106.44,106.443,106.167,106.262,106.464,106.469,106.189,106.284
2026-01-13T16:00:00Z,106.265,106.324,106.201,106.293,106.285,106.349,106.225,106.318
2026-01-13T17:00:00Z,106.294,106.334,106.217,106.235,106.32,106.358,106.242,106.256
2026-01-13T18:00:00Z,106.235,106.323,106.179,106.28,106.257,106.345,106.203,106.299
2026-01-13T19:00:00Z,106.279,106.318,106.244,106.305,106.3,106.342,106.27,106.327
2026-01-13T20:00:00Z,106.304,106.335,106.269,106.319,106.327,106.358,106.294,106.343
2026-01-13T21:00:00Z,106.325,106.339,106.303,106.325,106.348,106.369,106.325,106.364
2026-01-13T22:00:00Z,106.324,106.422,106.256,106.416,106.423,106.494,106.346,106.476
2026-01-13T23:00:00Z,106.425,106.44,106.364,106.377,106.474,106.478,106.388,106.399
2026-01-14T00:00:00Z,106.376,106.438,106.316,106.346,106.397,106.46,106.34,106.369
2026-01-14T01:00:00Z,106.348,106.507,106.347,106.461,106.372,106.529,106.367,106.486
2026-01-14T02:00:00Z,106.463,106.595,106.445,106.543,106.487,106.618,106.469,106.567
2026-01-14T03:00:00Z,106.543,106.62,106.512,106.614,106.568,106.644,106.537,106.637
2026-01-14T04:00:00Z,106.614,106.65,106.584,106.603,106.638,106.671,106.608,106.628
2026-01-14T05:00:00Z,106.605,106.706,106.569,106.66,106.628,106.73,106.594,106.684
2026-01-14T06:00:00Z,106.661,106.701,106.587,106.625,106.686,106.725,106.607,106.645
2026-01-14T07:00:00Z,106.625,106.669,106.53,106.556,106.65,106.692,106.553,106.579
2026-01-14T08:00:00Z,106.551,106.57,106.262,106.378,106.575,106.591,106.286,106.403
2026-01-14T09:00:00Z,106.377,106.397,106.242,106.298,106.403,106.421,106.268,106.32
2026-01-14T10:00:00Z,106.295,106.295,105.984,106.073,106.32,106.32,106.009,106.094
2026-01-14T11:00:00Z,106.07,106.108,105.946,106.045,106.093,106.13,105.97,106.062
2026-01-14T12:00:00Z,106.04,106.053,105.698,105.978,106.062,106.074,105.72,105.998
2026-01-14T13:00:00Z,105.974,105.99,105.873,105.921,105.998,106.031,105.897,105.945
2026-01-14T14:00:00Z,105.924,105.98,105.71,105.729,105.947,106.001,105.733,105.763
2026-01-14T15:00:00Z,105.73,105.933,105.631,105.666,105.763,105.959,105.652,105.687
2026-01-14T16:00:00Z,105.666,105.833,105.578,105.589,105.69,105.854,105.602,105.611
2026-01-14T17:00:00Z,105.591,105.716,105.587,105.64,105.613,105.738,105.61,105.665
2026-01-14T18:00:00Z,105.638,105.82,105.636,105.82,105.662,105.846,105.661,105.846
2026-01-14T19:00:00Z,105.82,105.872,105.784,105.864,105.844,105.895,105.805,105.887
2026-01-14T20:00:00Z,105.867,106.006,105.828,106.006,105.89,106.025,105.849,106.025
2026-01-14T21:00:00Z,106.003,106.014,105.828,105.848,106.022,106.037,105.888,105.928
2026-01-14T22:00:00Z,105.772,105.83,105.664,105.715,105.936,105.976,105.766,105.811
2026-01-14T23:00:00Z,105.733,105.865,105.664,105.844,105.81,105.888,105.695,105.87
2026-01-15T00:00:00Z,105.847,106.01,105.845,105.886,105.87,106.034,105.865,105.91
2026-01-15T01:00:00Z,105.887,105.904,105.664,105.781,105.91,105.929,105.688,105.804
2026-01-15T02:00:00Z,105.789,105.891,105.736,105.83,105.814,105.914,105.759,105.855
2026-01-15T03:00:00Z,105.831,105.852,105.695,105.753,105.855,105.877,105.721,105.778
2026-01-15T04:00:00Z,105.759,105.886,105.718,105.837,105.784,105.908,105.743,105.86
2026-01-15T05:00:00Z,105.836,105.855,105.747,105.773,105.86,105.878,105.771,105.795
2026-01-15T06:00:00Z,105.77,105.972,105.753,105.959,105.794,105.994,105.777,105.982
2026-01-15T07:00:00Z,105.959,106.046,105.893,105.971,105.98,106.069,105.915,105.993
2026-01-15T08:00:00Z,105.969,106.182,105.895,106.18,105.993,106.204,105.918,106.201
2026-01-15T09:00:00Z,106.181,106.223,106.0,106.044,106.204,106.247,106.026,106.068
2026-01-15T10:00:00Z,106.045,106.161,106.011,106.14,106.068,106.182,106.034,106.165
2026-01-15T11:00:00Z,106.14,106.188,106.115,106.179,106.164,106.211,106.137,106.202
2026-01-15T12:00:00Z,106.182,106.213,106.054,106.084,106.204,106.236,106.078,106.107
2026-01-15T13:00:00Z,106.084,106.087,105.964,106.052,106.104,106.108,105.994,106.071
2026-01-15T14:00:00Z,106.054,106.133,106.023,106.102,106.071,106.155,106.046,106.126
2026-01-15T15:00:00Z,106.102,106.214,106.016,106.209,106.125,106.234,106.038,106.232
2026-01-15T16:00:00Z,106.204,106.322,106.2,106.255,106.227,106.345,106.222,106.276
2026-01-15T17:00:00Z,106.252,106.302,106.24,106.266,106.274,106.326,106.262,106.289
2026-01-15T18:00:00Z,106.268,106.319,106.263,106.276,106.288,106.34,106.285,106.298
2026-01-15T19:00:00Z,106.277,106.288,106.212,106.236,106.298,106.309,106.234,106.258
2026-01-15T20:00:00Z,106.235,106.246,106.181,106.237,106.255,106.268,106.201,106.259
2026-01-15T21:00:00Z,106.234,106.295,106.233,106.236,106.257,106.318,106.251,106.28
2026-01-15T22:00:00Z,106.188,106.286,106.171,106.244,106.303,106.348,106.275,106.319
2026-01-15T23:00:00Z,106.244,106.312,106.22,106.259,106.31,106.336,106.274,106.284
2026-01-16T00:00:00Z,106.257,106.287,106.217,106.247,106.282,106.308,106.242,106.272
2026-01-16T01:00:00Z,106.247,106.295,106.187,106.215,106.271,106.318,106.212,106.236
2026-01-16T02:00:00Z,106.215,106.218,105.864,106.041,106.235,106.239,105.888,106.067
2026-01-16T03:00:00Z,106.042,106.061,105.963,105.985,106.069,106.084,105.989,106.011
2026-01-16T04:00:00Z,105.987,106.146,105.977,106.13,106.011,106.171,106.001,106.155
2026-01-16T05:00:00Z,106.132,106.134,106.05,106.127,106.155,106.158,106.075,106.149
2026-01-16T06:00:00Z,106.127,106.152,106.03,106.111,106.15,106.175,106.053,106.131
2026-01-16T07:00:00Z,106.109,106.131,105.941,105.968,106.132,106.152,105.965,105.989
2026-01-16T08:00:00Z,105.965,106.058,105.901,106.016,105.989,106.078,105.926,106.037
2026-01-16T09:00:00Z,106.019,106.025,105.949,106.008,106.039,106.046,105.971,106.032
2026-01-16T10:00:00Z,106.011,106.081,105.943,106.03,106.032,106.104,105.967,106.05
2026-01-16T11:00:00Z,106.032,106.062,105.96,105.972,106.05,106.083,105.981,105.994
2026-01-16T12:00:00Z,105.972,106.055,105.935,105.949,105.995,106.078,105.958,105.973
2026-01-16T13:00:00Z,105.949,105.953,105.716,105.774,105.97,105.977,105.739,105.795
2026-01-16T14:00:00Z,105.772,105.799,105.557,105.576,105.793,105.82,105.577,105.597
2026-01-16T15:00:00Z,105.574,105.709,105.517,105.569,105.596,105.733,105.542,105.59
2026-01-16T16:00:00Z,105.567,105.634,105.535,105.57,105.589,105.659,105.558,105.593
2026-01-16T17:00:00Z,105.566,105.665,105.559,105.645,105.59,105.688,105.582,105.666
2026-01-16T18:00:00Z,105.64,105.727,105.638,105.694,105.663,105.75,105.66,105.717
2026-01-16T19:00:00Z,105.696,105.749,105.657,105.677,105.717,105.773,105.677,105.7
2026-01-16T20:00:00Z,105.671,105.694,105.62,105.664,105.695,105.717,105.644,105.686
2026-01-16T21:00:00Z,105.663,105.673,105.568,105.572,105.687,105.765,105.647,105.765
2026-01-18T22:00:00Z,105.301,105.374,105.259,105.281,105.409,105.467,105.357,105.378
2026-01-18T23:00:00Z,105.282,105.449,105.197,105.357,105.364,105.473,105.262,105.384
2026-01-19T00:00:00Z,105.362,105.482,105.299,105.369,105.389,105.507,105.324,105.394
2026-01-19T01:00:00Z,105.369,105.482,105.226,105.372,105.393,105.506,105.252,105.396
2026-01-19T02:00:00Z,105.372,105.56,105.368,105.505,105.397,105.584,105.389,105.528
2026-01-19T03:00:00Z,105.508,105.616,105.467,105.568,105.531,105.638,105.492,105.593
2026-01-19T04:00:00Z,105.569,105.64,105.542,105.604,105.593,105.663,105.567,105.628
2026-01-19T05:00:00Z,105.601,105.787,105.548,105.714,105.625,105.811,105.572,105.738
2026-01-19T06:00:00Z,105.715,105.747,105.628,105.636,105.741,105.769,105.652,105.661
2026-01-19T07:00:00Z,105.638,105.775,105.6,105.739,105.661,105.797,105.624,105.762
2026-01-19T08:00:00Z,105.741,105.892,105.731,105.797,105.761,105.916,105.755,105.819
2026-01-19T09:00:00Z,105.795,105.885,105.676,105.75,105.819,105.909,105.7,105.773
2026-01-19T10:00:00Z,105.751,105.841,105.739,105.779,105.775,105.864,105.763,105.8
2026-01-19T11:00:00Z,105.78,105.943,105.777,105.92,105.799,105.965,105.799,105.943
2026-01-19T12:00:00Z,105.92,105.939,105.843,105.924,105.944,105.962,105.867,105.946
2026-01-19T13:00:00Z,105.924,105.939,105.857,105.889,105.942,105.962,105.879,105.909
2026-01-19T14:00:00Z,105.888,105.947,105.808,105.931,105.911,105.965,105.831,105.955
2026-01-19T15:00:00Z,105.932,106.089,105.919,106.068,105.954,106.108,105.943,106.09
2026-01-19T16:00:00Z,106.068,106.164,106.039,106.132,106.089,106.186,106.059,106.156
2026-01-19T17:00:00Z,106.124,106.158,106.102,106.13,106.145,106.179,106.124,106.154
2026-01-19T18:00:00Z,106.131,106.135,106.098,106.108,106.154,106.158,106.123,106.131
2026-01-19T19:00:00Z,106.112,106.156,106.112,106.128,106.135,106.178,106.135,106.151
2026-01-19T20:00:00Z,106.128,106.181,106.124,106.173,106.146,106.2,106.144,106.195
2026-01-19T21:00:00Z,106.178,106.18,106.128,106.144,106.196,106.211,106.15,106.188
2026-01-19T22:00:00Z,105.992,106.131,105.989,106.107,106.197,106.233,106.151,106.18
2026-01-19T23:00:00Z,106.115,106.181,106.102,106.108,106.181,106.208,106.126,106.132
2026-01-20T00:00:00Z,106.108,106.205,105.941,105.965,106.131,106.227,105.96,105.987
2026-01-20T01:00:00Z,105.964,106.165,105.904,105.994,105.987,106.188,105.927,106.02
2026-01-20T02:00:00Z,105.995,106.156,105.961,106.122,106.019,106.179,105.984,106.14
2026-01-20T03:00:00Z,106.123,106.272,106.116,106.261,106.14,106.295,106.139,106.286
2026-01-20T04:00:00Z,106.26,106.497,106.239,106.47,106.284,106.522,106.263,106.494
2026-01-20T05:00:00Z,106.471,106.549,106.428,106.486,106.494,106.57,106.45,106.509
2026-01-20T06:00:00Z,106.485,106.705,106.473,106.628,106.509,106.729,106.498,106.653
2026-01-20T07:00:00Z,106.634,106.815,106.634,106.791,106.659,106.836,106.659,106.81
2026-01-20T08:00:00Z,106.789,106.805,106.244,106.285,106.81,106.826,106.267,106.309
2026-01-20T09:00:00Z,106.289,106.322,105.966,106.113,106.311,106.347,105.991,106.138
2026-01-20T10:00:00Z,106.112,106.315,106.078,106.226,106.138,106.338,106.1,106.252
2026-01-20T11:00:00Z,106.227,106.286,106.211,106.241,106.251,106.308,106.235,106.264
2026-01-20T12:00:00Z,106.239,106.272,106.169,106.244,106.263,106.296,106.192,106.268
2026-01-20T13:00:00Z,106.244,106.313,106.073,106.22,106.266,106.335,106.098,106.244
2026-01-20T14:00:00Z,106.221,106.412,106.151,106.407,106.244,106.436,106.173,106.431
2026-01-20T15:00:00Z,106.403,106.532,106.328,106.459,106.427,106.555,106.353,106.482
2026-01-20T16:00:00Z,106.462,106.566,106.402,106.445,106.486,106.59,106.424,106.468
2026-01-20T17:00:00Z,106.443,106.511,106.409,106.44,106.468,106.534,106.432,106.464
2026-01-20T18:00:00Z,106.44,106.51,106.369,106.432,106.463,106.532,106.393,106.455
2026-01-20T19:00:00Z,106.434,106.566,106.431,106.559,106.453,106.586,106.451,106.582
2026-01-20T20:00:00Z,106.56,106.584,106.505,106.547,106.577,106.607,106.527,106.569
2026-01-20T21:00:00Z,106.549,106.579,106.505,106.522,106.571,106.604,106.547,106.564
2026-01-20T22:00:00Z,106.418,106.489,106.401,106.47,106.56,106.576,106.514,106.538
2026-01-20T23:00:00Z,106.47,106.527,106.378,106.441,106.528,106.555,106.402,106.465
2026-01-21T00:00:00Z,106.446,106.543,106.434,106.434,106.47,106.563,106.46,106.46
2026-01-21T01:00:00Z,106.432,106.507,106.405,106.497,106.458,106.528,106.429,106.522
2026-01-21T02:00:00Z,106.499,106.557,106.349,106.357,106.522,106.581,106.369,106.381
2026-01-21T03:00:00Z,106.359,106.473,106.357,106.42,106.381,106.498,106.381,106.444
2026-01-21T04:00:00Z,106.422,106.451,106.289,106.383,106.444,106.474,106.313,106.407
2026-01-21T05:00:00Z,106.384,106.584,106.372,106.558,106.407,106.603,106.397,106.584
2026-01-21T06:00:00Z,106.559,106.78,106.554,106.744,106.583,106.802,106.578,106.769
2026-01-21T07:00:00Z,106.744,106.749,106.596,106.632,106.768,106.771,106.62,106.65
2026-01-21T08:00:00Z,106.634,106.703,106.548,106.59,106.651,106.724,106.572,106.612
2026-01-21T09:00:00Z,106.589,106.696,106.583,106.601,106.612,106.72,106.604,106.623
2026-01-21T10:00:00Z,106.601,106.632,106.556,106.598,106.625,106.655,106.579,106.618
2026-01-21T11:00:00Z,106.596,106.672,106.572,106.578,106.619,106.695,106.594,106.602
2026-01-21T12:00:00Z,106.579,106.796,106.559,106.779,106.6,106.819,106.584,106.804
2026-01-21T13:00:00Z,106.777,106.931,106.761,106.896,106.801,106.953,106.784,106.921
2026-01-21T14:00:00Z,106.895,107.094,106.831,107.077,106.918,107.113,106.861,107.106
2026-01-21T15:00:00Z,107.075,107.195,107.045,107.111,107.105,107.219,107.07,107.134
2026-01-21T16:00:00Z,107.115,107.179,106.916,106.962,107.137,107.202,106.942,106.982
2026-01-21T17:00:00Z,106.963,107.008,106.808,106.885,106.984,107.031,106.832,106.908
2026-01-21T18:00:00Z,106.884,106.968,106.818,106.947,106.905,106.991,106.843,106.971
2026-01-21T19:00:00Z,106.946,107.171,106.891,107.113,106.968,107.195,106.913,107.135
2026-01-21T20:00:00Z,107.112,107.136,107.03,107.079,107.133,107.159,107.051,107.104
2026-01-21T21:00:00Z,107.078,107.124,107.01,107.011,107.102,107.147,107.053,107.059
2026-01-21T22:00:00Z,106.983,107.006,106.928,106.947,107.082,107.11,106.996,107.036
2026-01-21T23:00:00Z,106.949,107.029,106.931,107.009,107.034,107.054,106.956,107.034
2026-01-22T00:00:00Z,107.012,107.506,106.955,107.402,107.035,107.53,106.978,107.429
2026-01-22T01:00:00Z,107.398,107.651,107.39,107.614,107.424,107.676,107.414,107.639
2026-01-22T02:00:00Z,107.617,107.691,107.549,107.691,107.641,107.716,107.574,107.716
2026-01-22T03:00:00Z,107.691,107.896,107.678,107.887,107.713,107.922,107.7,107.912
2026-01-22T04:00:00Z,107.889,108.026,107.878,107.941,107.911,108.052,107.901,107.966
2026-01-22T05:00:00Z,107.943,108.007,107.871,107.987,107.969,108.03,107.896,108.01
2026-01-22T06:00:00Z,107.988,108.053,107.932,108.05,108.01,108.077,107.957,108.073
2026-01-22T07:00:00Z,108.051,108.182,108.005,108.011,108.075,108.206,108.03,108.036
2026-01-22T08:00:00Z,108.011,108.053,107.916,107.969,108.037,108.078,107.941,107.991
2026-01-22T09:00:00Z,107.969,108.065,107.846,107.927,107.993,108.087,107.87,107.95
2026-01-22T10:00:00Z,107.928,107.968,107.854,107.898,107.949,107.994,107.879,107.92
2026-01-22T11:00:00Z,107.896,107.947,107.839,107.864,107.92,107.971,107.862,107.889
2026-01-22T12:00:00Z,107.867,108.092,107.846,108.085,107.891,108.115,107.865,108.105
2026-01-22T13:00:00Z,108.088,108.144,108.023,108.134,108.109,108.2,108.047,108.154
2026-01-22T14:00:00Z,108.132,108.181,108.011,108.042,108.157,108.204,108.034,108.081
2026-01-22T15:00:00Z,108.038,108.137,107.921,108.093,108.08,108.162,107.945,108.115
2026-01-22T16:00:00Z,108.093,108.21,108.074,108.21,108.116,108.233,108.094,108.233
2026-01-22T17:00:00Z,108.203,108.279,108.096,108.267,108.227,108.303,108.121,108.289
2026-01-22T18:00:00Z,108.265,108.334,108.225,108.31,108.289,108.358,108.247,108.333
2026-01-22T19:00:00Z,108.307,108.392,108.296,108.33,108.332,108.415,108.32,108.354
2026-01-22T20:00:00Z,108.33,108.352,108.261,108.321,108.353,108.37,108.284,108.344
2026-01-22T21:00:00Z,108.318,108.385,108.303,108.348,108.342,108.413,108.328,108.394
2026-01-22T22:00:00Z,108.275,108.321,108.274,108.311,108.389,108.416,108.368,108.387
2026-01-22T23:00:00Z,108.321,108.41,108.297,108.377,108.387,108.435,108.331,108.402
2026-01-23T00:00:00Z,108.377,108.491,108.367,108.453,108.404,108.514,108.389,108.478
2026-01-23T01:00:00Z,108.454,108.631,108.437,108.569,108.475,108.655,108.46,108.592
2026-01-23T02:00:00Z,108.569,108.593,108.392,108.486,108.593,108.617,108.417,108.503
2026-01-23T03:00:00Z,108.478,108.536,108.387,108.53,108.5,108.559,108.417,108.555
2026-01-23T04:00:00Z,108.529,108.624,108.449,108.575,108.555,108.65,108.475,108.597
2026-01-23T05:00:00Z,108.573,108.631,108.503,108.622,108.598,108.661,108.528,108.646
2026-01-23T06:00:00Z,108.626,108.905,108.557,108.811,108.646,108.927,108.584,108.838
2026-01-23T07:00:00Z,108.814,108.994,107.697,108.366,108.84,109.017,107.745,108.395
2026-01-23T08:00:00Z,108.367,108.442,108.178,108.279,108.398,108.468,108.204,108.3
2026-01-23T09:00:00Z,108.279,108.284,108.041,108.056,108.301,108.308,108.061,108.08
2026-01-23T10:00:00Z,108.051,108.289,108.017,108.284,108.076,108.311,108.043,108.305
2026-01-23T11:00:00Z,108.281,108.441,108.241,108.334,108.305,108.466,108.263,108.359
2026-01-23T12:00:00Z,108.337,108.578,108.306,108.548,108.361,108.602,108.331,108.569
2026-01-23T13:00:00Z,108.55,108.611,108.374,108.393,108.572,108.631,108.399,108.417
2026-01-23T14:00:00Z,108.392,108.62,108.392,108.584,108.417,108.644,108.417,108.637
2026-01-23T15:00:00Z,108.593,108.725,108.562,108.643,108.638,108.749,108.586,108.665
2026-01-23T16:00:00Z,108.64,108.665,108.258,108.328,108.665,108.689,108.283,108.357
2026-01-23T17:00:00Z,108.329,108.358,107.553,107.591,108.359,108.382,107.581,107.623
2026-01-23T18:00:00Z,107.593,107.677,107.363,107.45,107.624,107.708,107.387,107.476
2026-01-23T19:00:00Z,107.448,107.557,107.196,107.338,107.475,107.59,107.221,107.364
2026-01-23T20:00:00Z,107.337,107.426,107.3,107.402,107.362,107.454,107.325,107.429
2026-01-23T21:00:00Z,107.404,107.464,107.299,107.323,107.428,107.501,107.337,107.44
2026-01-25T22:00:00Z,107.164,107.358,106.737,107.1,107.278,107.446,106.869,107.244
2026-01-25T23:00:00Z,107.109,107.307,106.832,107.259,107.243,107.335,106.871,107.284
2026-01-26T00:00:00Z,107.263,107.305,106.971,107.119,107.29,107.332,106.996,107.147
2026-01-26T01:00:00Z,107.122,107.15,106.792,106.844,107.15,107.177,106.819,106.872
2026-01-26T02:00:00Z,106.856,106.872,106.524,106.534,106.883,106.897,106.552,106.561
2026-01-26T03:00:00Z,106.535,106.778,106.489,106.591,106.56,106.804,106.517,106.616
2026-01-26T04:00:00Z,106.584,106.598,106.372,106.479,106.611,106.623,106.394,106.504
2026-01-26T05:00:00Z,106.483,106.553,106.4,106.545,106.504,106.578,106.425,106.57
2026-01-26T06:00:00Z,106.547,106.695,106.526,106.618,106.57,106.718,106.551,106.646
2026-01-26T07:00:00Z,106.617,106.631,106.401,106.588,106.643,106.656,106.424,106.612
2026-01-26T08:00:00Z,106.59,106.664,106.181,106.53,106.614,106.69,106.207,106.555
2026-01-26T09:00:00Z,106.533,106.666,106.27,106.36,106.559,106.691,106.295,106.384
2026-01-26T10:00:00Z,106.361,106.553,106.259,106.274,106.384,106.576,106.284,106.296
2026-01-26T11:00:00Z,106.271,106.402,106.065,106.401,106.295,106.424,106.091,106.419
2026-01-26T12:00:00Z,106.396,106.61,106.395,106.569,106.415,106.634,106.415,106.594
2026-01-26T13:00:00Z,106.566,106.607,106.49,106.558,106.59,106.631,106.517,106.582
2026-01-26T14:00:00Z,106.561,106.727,106.515,106.676,106.584,106.747,106.539,106.701
2026-01-26T15:00:00Z,106.675,106.724,106.458,106.724,106.702,106.748,106.484,106.748
2026-01-26T16:00:00Z,106.726,106.742,106.612,106.669,106.748,106.766,106.636,106.689
2026-01-26T17:00:00Z,106.671,106.84,106.648,106.764,106.688,106.864,106.67,106.786
2026-01-26T18:00:00Z,106.761,106.876,106.72,106.841,106.784,106.9,106.742,106.866
2026-01-26T19:00:00Z,106.838,106.867,106.56,106.567,106.861,106.888,106.584,106.59
2026-01-26T20:00:00Z,106.566,106.617,106.446,106.593,106.586,106.643,106.468,106.616
2026-01-26T21:00:00Z,106.595,106.707,106.589,106.64,106.619,106.736,106.609,106.677
2026-01-26T22:00:00Z,106.51,106.617,106.454,106.484,106.689,106.723,106.554,106.591
2026-01-26T23:00:00Z,106.476,106.763,106.476,106.729,106.571,106.789,106.519,106.754
2026-01-27T00:00:00Z,106.727,106.764,106.483,106.575,106.752,106.792,106.509,106.601
2026-01-27T01:00:00Z,106.573,106.767,106.559,106.761,106.595,106.791,106.584,106.787
2026-01-27T02:00:00Z,106.758,106.834,106.716,106.781,106.784,106.858,106.741,106.806
2026-01-27T03:00:00Z,106.782,106.822,106.665,106.777,106.808,106.849,106.688,106.801
2026-01-27T04:00:00Z,106.778,106.878,106.705,106.84,106.801,106.903,106.73,106.865
2026-01-27T05:00:00Z,106.837,106.878,106.727,106.799,106.863,106.901,106.751,106.82
2026-01-27T06:00:00Z,106.797,106.903,106.797,106.881,106.821,106.927,106.819,106.904
2026-01-27T07:00:00Z,106.876,107.085,106.842,106.995,106.9,107.107,106.867,107.016
2026-01-27T08:00:00Z,106.994,106.997,106.836,106.877,107.016,107.021,106.861,106.902
2026-01-27T09:00:00Z,106.874,106.915,106.054,106.491,106.898,106.939,106.083,106.516
2026-01-27T10:00:00Z,106.496,106.723,106.427,106.497,106.521,106.751,106.451,106.522
2026-01-27T11:00:00Z,106.49,106.566,106.414,106.548,106.517,106.59,106.439,106.572
2026-01-27T12:00:00Z,106.547,106.587,106.428,106.475,106.572,106.61,106.455,106.499
2026-01-27T13:00:00Z,106.471,106.566,106.3,106.419,106.493,106.59,106.327,106.445
2026-01-27T14:00:00Z,106.419,106.732,106.372,106.628,106.447,106.756,106.396,106.661
2026-01-27T15:00:00Z,106.626,106.837,106.523,106.728,106.661,106.86,106.547,106.749
2026-01-27T16:00:00Z,106.729,106.827,106.687,106.767,106.747,106.85,106.712,106.793
2026-01-27T17:00:00Z,106.77,106.797,106.459,106.596,106.792,106.82,106.483,106.616
2026-01-27T18:00:00Z,106.596,106.643,106.439,106.568,106.618,106.666,106.462,106.593
2026-01-27T19:00:00Z,106.573,106.656,106.569,106.581,106.601,106.681,106.593,106.604
2026-01-27T20:00:00Z,106.581,106.774,106.389,106.747,106.605,106.802,106.415,106.775
2026-01-27T21:00:00Z,106.749,106.796,106.632,106.684,106.778,106.825,106.654,106.762
2026-01-27T22:00:00Z,106.653,106.744,106.641,106.718,106.797,106.994,106.751,106.788
2026-01-27T23:00:00Z,106.735,106.793,106.596,106.685,106.786,106.821,106.626,106.712
2026-01-28T00:00:00Z,106.682,107.132,106.588,106.82,106.712,107.166,106.616,106.846
2026-01-28T01:00:00Z,106.813,106.926,106.755,106.87,106.84,106.948,106.781,106.894
2026-01-28T02:00:00Z,106.873,106.895,106.789,106.874,106.896,106.918,106.812,106.899
2026-01-28T03:00:00Z,106.866,106.882,106.734,106.739,106.894,106.907,106.759,106.768
2026-01-28T04:00:00Z,106.74,106.761,106.664,106.693,106.767,106.787,106.684,106.719
2026-01-28T05:00:00Z,106.693,106.886,106.605,106.874,106.714,106.909,106.632,106.897
2026-01-28T06:00:00Z,106.892,106.987,106.833,106.842,106.913,107.01,106.86,106.869
2026-01-28T07:00:00Z,106.839,106.926,106.777,106.827,106.864,106.95,106.801,106.849
2026-01-28T08:00:00Z,106.826,106.927,106.716,106.756,106.849,106.95,106.739,106.781
2026-01-28T09:00:00Z,106.758,106.927,106.69,106.926,106.782,106.95,106.713,106.948
2026-01-28T10:00:00Z,106.926,106.978,106.835,106.927,106.949,107.003,106.857,106.95
2026-01-28T11:00:00Z,106.929,106.944,106.793,106.844,106.953,106.971,106.819,106.868
2026-01-28T12:00:00Z,106.846,106.864,106.733,106.821,106.867,106.885,106.756,106.839
2026-01-28T13:00:00Z,106.816,106.959,106.763,106.93,106.84,106.978,106.787,106.952
2026-01-28T14:00:00Z,106.93,107.044,106.848,106.954,106.95,107.067,106.871,106.975
2026-01-28T15:00:00Z,106.954,107.419,106.944,107.393,106.976,107.439,106.965,107.414
2026-01-28T16:00:00Z,107.393,107.534,107.32,107.383,107.413,107.558,107.344,107.406
2026-01-28T17:00:00Z,107.383,107.524,107.354,107.469,107.408,107.548,107.377,107.492
2026-01-28T18:00:00Z,107.467,107.647,107.458,107.502,107.49,107.668,107.481,107.618
2026-01-28T19:00:00Z,107.505,107.645,107.457,107.582,107.625,107.673,107.482,107.608
2026-01-28T20:00:00Z,107.58,107.815,107.555,107.782,107.606,107.838,107.579,107.808
2026-01-28T21:00:00Z,107.785,108.042,107.736,107.996,107.808,108.078,107.76,108.021
2026-01-28T22:00:00Z,107.834,107.978,107.812,107.963,108.084,108.102,107.957,108.011
2026-01-28T23:00:00Z,107.975,107.975,107.708,107.751,108.002,108.019,107.732,107.775
2026-01-29T00:00:00Z,107.758,107.89,107.566,107.707,107.782,107.913,107.591,107.729
2026-01-29T01:00:00Z,107.699,107.779,107.532,107.702,107.725,107.804,107.556,107.725
2026-01-29T02:00:00Z,107.705,107.934,107.646,107.89,107.726,107.957,107.671,107.915
2026-01-29T03:00:00Z,107.889,108.242,107.883,108.242,107.913,108.269,107.908,108.264
2026-01-29T04:00:00Z,108.243,108.522,108.195,108.456,108.269,108.546,108.215,108.48
2026-01-29T05:00:00Z,108.451,108.562,108.394,108.448,108.477,108.587,108.418,108.473
2026-01-29T06:00:00Z,108.456,108.504,108.3,108.386,108.48,108.526,108.324,108.412
2026-01-29T07:00:00Z,108.38,108.468,108.324,108.366,108.405,108.491,108.349,108.39
2026-01-29T08:00:00Z,108.369,108.41,108.132,108.241,108.39,108.434,108.154,108.266
2026-01-29T09:00:00Z,108.242,108.335,108.148,108.168,108.266,108.358,108.172,108.193
2026-01-29T10:00:00Z,108.166,108.172,107.86,107.896,108.192,108.197,107.885,107.918
2026-01-29T11:00:00Z,107.896,108.043,107.821,108.0,107.92,108.067,107.846,108.025
2026-01-29T12:00:00Z,108.002,108.19,107.958,108.168,108.025,108.215,107.982,108.19
2026-01-29T13:00:00Z,108.168,108.355,108.166,108.329,108.193,108.379,108.19,108.351
2026-01-29T14:00:00Z,108.333,108.479,108.053,108.059,108.356,108.501,108.078,108.088
2026-01-29T15:00:00Z,108.06,108.089,106.509,106.618,108.088,108.119,106.54,106.641
2026-01-29T16:00:00Z,106.614,107.283,106.607,107.152,106.638,107.307,106.631,107.175
2026-01-29T17:00:00Z,107.153,107.602,107.151,107.303,107.175,107.627,107.174,107.328
2026-01-29T18:00:00Z,107.307,107.662,107.261,107.589,107.327,107.686,107.287,107.613
2026-01-29T19:00:00Z,107.592,107.724,107.523,107.545,107.616,107.747,107.547,107.568
2026-01-29T20:00:00Z,107.546,107.886,107.545,107.868,107.568,107.908,107.568,107.891
2026-01-29T21:00:00Z,107.865,108.009,107.864,107.922,107.89,108.033,107.888,107.96
2026-01-29T22:00:00Z,107.699,107.967,107.699,107.832,107.949,108.039,107.898,107.914
2026-01-29T23:00:00Z,107.837,107.981,107.666,107.914,107.929,108.008,107.694,107.939
2026-01-30T00:00:00Z,107.922,108.052,107.828,107.828,107.947,108.074,107.854,107.854
2026-01-30T01:00:00Z,107.831,107.982,107.643,107.704,107.855,108.007,107.669,107.731
2026-01-30T02:00:00Z,107.706,107.774,107.284,107.725,107.733,107.799,107.311,107.747
2026-01-30T03:00:00Z,107.731,107.782,107.616,107.719,107.748,107.807,107.641,107.745
2026-01-30T04:00:00Z,107.717,107.884,107.683,107.792,107.742,107.909,107.708,107.814
2026-01-30T05:00:00Z,107.789,107.854,107.689,107.724,107.813,107.878,107.716,107.749
2026-01-30T06:00:00Z,107.727,107.766,107.467,107.467,107.748,107.789,107.492,107.492
2026-01-30T07:00:00Z,107.465,107.724,107.463,107.624,107.489,107.747,107.487,107.65
2026-01-30T08:00:00Z,107.63,107.847,107.456,107.823,107.654,107.87,107.481,107.843
2026-01-30T09:00:00Z,107.82,107.964,107.475,107.617,107.841,107.987,107.501,107.643
2026-01-30T10:00:00Z,107.613,107.913,107.604,107.845,107.64,107.936,107.628,107.869
2026-01-30T11:00:00Z,107.849,108.071,107.843,108.048,107.871,108.094,107.867,108.071
2026-01-30T12:00:00Z,108.046,108.158,107.859,107.892,108.067,108.183,107.882,107.913
2026-01-30T13:00:00Z,107.889,108.149,107.812,107.907,107.911,108.172,107.837,107.931
2026-01-30T14:00:00Z,107.907,108.522,107.901,108.308,107.933,108.546,107.925,108.334
2026-01-30T15:00:00Z,108.31,108.574,108.017,108.025,108.333,108.6,108.039,108.046
2026-01-30T16:00:00Z,108.02,108.051,107.806,107.93,108.043,108.075,107.829,107.952
2026-01-30T17:00:00Z,107.93,107.95,107.639,107.671,107.953,107.974,107.663,107.695
2026-01-30T18:00:00Z,107.671,107.772,107.285,107.735,107.693,107.796,107.311,107.758
2026-01-30T19:00:00Z,107.736,107.856,107.695,107.743,107.755,107.88,107.718,107.769
2026-01-30T20:00:00Z,107.74,107.785,107.658,107.752,107.762,107.809,107.682,107.776
2026-01-30T21:00:00Z,107.755,107.821,107.682,107.682,107.777,107.896,107.737,107.872
2026-02-01T22:00:00Z,107.606,107.978,107.575,107.709,107.805,108.118,107.77,107.844
2026-02-01T23:00:00Z,107.753,107.989,107.56,107.772,107.869,108.016,107.591,107.805
2026-02-02T00:00:00Z,107.767,108.171,107.739,108.116,107.792,108.195,107.766,108.141
2026-02-02T01:00:00Z,108.119,108.132,107.829,107.961,108.143,108.157,107.849,107.986
2026-02-02T02:00:00Z,107.961,108.012,107.648,107.728,107.988,108.039,107.673,107.753
2026-02-02T03:00:00Z,107.727,107.819,107.511,107.554,107.751,107.843,107.534,107.579
2026-02-02T04:00:00Z,107.556,107.558,107.309,107.46,107.579,107.581,107.333,107.485
2026-02-02T05:00:00Z,107.462,107.52,107.108,107.257,107.487,107.545,107.134,107.279
2026-02-02T06:00:00Z,107.257,107.343,106.844,107.022,107.281,107.369,106.87,107.049
2026-02-02T07:00:00Z,107.021,107.547,107.014,107.526,107.046,107.57,107.039,107.55
2026-02-02T08:00:00Z,107.526,107.8,107.464,107.664,107.548,107.825,107.489,107.687
2026-02-02T09:00:00Z,107.661,107.802,107.477,107.779,107.685,107.828,107.501,107.804
2026-02-02T10:00:00Z,107.775,107.854,107.568,107.653,107.8,107.879,107.593,107.677
2026-02-02T11:00:00Z,107.652,107.885,107.636,107.66,107.677,107.909,107.658,107.685
2026-02-02T12:00:00Z,107.655,107.841,107.652,107.823,107.681,107.864,107.678,107.848
2026-02-02T13:00:00Z,107.825,107.867,107.613,107.836,107.846,107.888,107.638,107.86
2026-02-02T14:00:00Z,107.83,108.199,107.809,108.053,107.855,108.224,107.835,108.139
2026-02-02T15:00:00Z,108.068,108.36,108.021,108.09,108.172,108.386,108.062,108.113
2026-02-02T16:00:00Z,108.091,108.33,108.042,108.202,108.112,108.355,108.066,108.226
2026-02-02T17:00:00Z,108.202,108.256,108.089,108.112,108.223,108.28,108.115,108.135
2026-02-02T18:00:00Z,108.109,108.133,107.979,108.013,108.132,108.156,108.004,108.038
2026-02-02T19:00:00Z,108.01,108.136,108.003,108.076,108.034,108.16,108.028,108.1
2026-02-02T20:00:00Z,108.078,108.14,108.036,108.136,108.103,108.162,108.062,108.16
2026-02-02T21:00:00Z,108.132,108.184,108.078,108.089,108.154,108.206,108.111,108.133
2026-02-02T22:00:00Z,108.177,108.193,108.008,108.071,108.284,108.332,108.113,108.136
2026-02-02T23:00:00Z,108.066,108.181,108.056,108.156,108.125,108.207,108.1,108.183
2026-02-03T00:00:00Z,108.156,108.408,108.149,108.326,108.181,108.433,108.175,108.347
2026-02-03T01:00:00Z,108.326,108.492,108.304,108.468,108.348,108.518,108.329,108.492
2026-02-03T02:00:00Z,108.468,108.474,108.183,108.265,108.491,108.498,108.208,108.29
2026-02-03T03:00:00Z,108.267,109.221,108.227,109.169,108.291,109.25,108.254,109.196
2026-02-03T04:00:00Z,109.169,109.345,108.789,108.907,109.195,109.373,108.817,108.929
2026-02-03T05:00:00Z,108.907,109.028,108.826,108.886,108.93,109.057,108.851,108.909
2026-02-03T06:00:00Z,108.886,109.125,108.818,109.065,108.911,109.153,108.843,109.089
2026-02-03T07:00:00Z,109.064,109.546,109.017,109.441,109.085,109.57,109.041,109.463
2026-02-03T08:00:00Z,109.436,109.533,109.271,109.325,109.461,109.559,109.297,109.349
2026-02-03T09:00:00Z,109.328,109.364,109.023,109.19,109.35,109.388,109.042,109.214
2026-02-03T10:00:00Z,109.194,109.264,109.148,109.17,109.218,109.289,109.173,109.195
2026-02-03T11:00:00Z,109.167,109.269,109.119,109.14,109.192,109.293,109.144,109.165
2026-02-03T12:00:00Z,109.145,109.334,109.14,109.289,109.169,109.358,109.165,109.314
2026-02-03T13:00:00Z,109.292,109.306,109.158,109.235,109.317,109.327,109.181,109.26
2026-02-03T14:00:00Z,109.237,109.242,108.95,108.96,109.261,109.266,108.974,108.988
2026-02-03T15:00:00Z,108.961,109.264,108.816,109.207,108.988,109.287,108.84,109.23
2026-02-03T16:00:00Z,109.207,109.361,109.158,109.282,109.228,109.385,109.183,109.305
2026-02-03T17:00:00Z,109.277,109.289,109.045,109.159,109.302,109.314,109.072,109.183
2026-02-03T18:00:00Z,109.159,109.274,108.935,108.937,109.182,109.299,108.959,108.962
2026-02-03T19:00:00Z,108.94,109.193,108.868,109.143,108.961,109.213,108.89,109.163
2026-02-03T20:00:00Z,109.141,109.367,109.097,109.328,109.164,109.391,109.119,109.35
2026-02-03T21:00:00Z,109.33,109.445,109.328,109.375,109.352,109.47,109.352,109.418
2026-02-03T22:00:00Z,109.302,109.363,109.191,109.25,109.436,109.446,109.326,109.329
2026-02-03T23:00:00Z,109.278,109.409,109.262,109.407,109.333,109.432,109.314,109.432
2026-02-04T00:00:00Z,109.414,109.553,109.334,109.501,109.436,109.578,109.357,109.528
2026-02-04T01:00:00Z,109.5,109.816,109.493,109.719,109.526,109.842,109.519,109.745
2026-02-04T02:00:00Z,109.721,109.84,109.586,109.646,109.747,109.865,109.611,109.671
2026-02-04T03:00:00Z,109.647,109.768,109.627,109.736,109.671,109.794,109.651,109.762
2026-02-04T04:00:00Z,109.739,109.792,109.672,109.749,109.764,109.817,109.698,109.774
2026-02-04T05:00:00Z,109.749,109.894,109.743,109.854,109.775,109.918,109.769,109.878
2026-02-04T06:00:00Z,109.857,109.961,109.82,109.951,109.878,109.985,109.845,109.974
2026-02-04T07:00:00Z,109.953,110.058,109.889,110.02,109.974,110.081,109.912,110.043
2026-02-04T08:00:00Z,110.022,110.167,109.998,110.095,110.046,110.192,110.022,110.12
2026-02-04T09:00:00Z,110.096,110.127,109.858,109.963,110.12,110.151,109.882,109.987
2026-02-04T10:00:00Z,109.959,110.054,109.939,110.002,109.983,110.076,109.963,110.026
2026-02-04T11:00:00Z,110.002,110.097,109.929,110.097,110.027,110.118,109.953,110.117
2026-02-04T12:00:00Z,110.097,110.181,110.039,110.095,110.119,110.203,110.064,110.117
2026-02-04T13:00:00Z,110.096,110.173,110.018,110.04,110.117,110.197,110.043,110.064
2026-02-04T14:00:00Z,110.039,110.061,109.655,109.702,110.064,110.084,109.684,109.757
2026-02-04T15:00:00Z,109.733,109.896,109.611,109.622,109.811,109.922,109.635,109.645
2026-02-04T16:00:00Z,109.62,109.664,109.318,109.544,109.642,109.69,109.341,109.566
2026-02-04T17:00:00Z,109.544,109.631,109.173,109.331,109.568,109.656,109.197,109.357
2026-02-04T18:00:00Z,109.328,109.491,109.209,109.414,109.353,109.514,109.233,109.439
2026-02-04T19:00:00Z,109.414,109.783,109.328,109.739,109.437,109.807,109.351,109.764
2026-02-04T20:00:00Z,109.735,109.821,109.696,109.781,109.76,109.846,109.72,109.803
2026-02-04T21:00:00Z,109.784,109.835,109.734,109.759,109.806,109.863,109.756,109.809
2026-02-04T22:00:00Z,109.655,109.771,109.637,109.728,109.799,109.841,109.733,109.786
2026-02-04T23:00:00Z,109.73,109.791,109.658,109.741,109.781,109.818,109.695,109.766
2026-02-05T00:00:00Z,109.732,109.952,109.709,109.793,109.755,109.976,109.735,109.815
2026-02-05T01:00:00Z,109.792,109.926,109.726,109.746,109.815,109.95,109.749,109.771
2026-02-05T02:00:00Z,109.748,109.777,109.166,109.196,109.774,109.801,109.193,109.221
2026-02-05T03:00:00Z,109.193,109.399,109.071,109.183,109.218,109.421,109.098,109.209
2026-02-05T04:00:00Z,109.185,109.388,109.185,109.295,109.211,109.412,109.211,109.319
2026-02-05T05:00:00Z,109.295,109.44,109.213,109.429,109.318,109.464,109.237,109.455
2026-02-05T06:00:00Z,109.432,109.545,109.339,109.545,109.456,109.57,109.365,109.57
2026-02-05T07:00:00Z,109.552,109.697,109.533,109.583,109.576,109.719,109.557,109.607
2026-02-05T08:00:00Z,109.585,109.81,109.539,109.55,109.61,109.835,109.564,109.574
2026-02-05T09:00:00Z,109.552,109.727,109.377,109.597,109.575,109.75,109.4,109.622
2026-02-05T10:00:00Z,109.59,109.677,109.551,109.669,109.614,109.699,109.572,109.691
2026-02-05T11:00:00Z,109.67,109.778,109.622,109.691,109.691,109.805,109.647,109.714
2026-02-05T12:00:00Z,109.691,109.794,109.259,109.384,109.716,109.819,109.282,109.409
2026-02-05T13:00:00Z,109.384,109.394,109.114,109.128,109.407,109.421,109.138,109.152
2026-02-05T14:00:00Z,109.125,109.513,109.078,109.324,109.15,109.537,109.103,109.353
2026-02-05T15:00:00Z,109.324,109.324,108.657,109.033,109.36,109.366,108.683,109.056
2026-02-05T16:00:00Z,109.033,109.446,108.944,109.406,109.057,109.468,108.97,109.43
2026-02-05T17:00:00Z,109.403,109.487,109.202,109.295,109.427,109.51,109.227,109.32
2026-02-05T18:00:00Z,109.295,109.351,109.102,109.157,109.322,109.379,109.124,109.181
2026-02-05T19:00:00Z,109.156,109.326,109.143,109.185,109.179,109.349,109.166,109.209
2026-02-05T20:00:00Z,109.179,109.34,109.002,109.043,109.202,109.364,109.025,109.064
2026-02-05T21:00:00Z,109.042,109.101,108.743,108.764,109.064,109.124,108.805,108.822
2026-02-05T22:00:00Z,108.659,108.845,108.659,108.767,108.909,108.954,108.835,108.854
2026-02-05T23:00:00Z,108.777,108.786,108.346,108.429,108.869,108.873,108.371,108.455
2026-02-06T00:00:00Z,108.431,108.493,108.039,108.419,108.459,108.519,108.064,108.443
2026-02-06T01:00:00Z,108.423,108.671,108.23,108.626,108.447,108.697,108.255,108.65
2026-02-06T02:00:00Z,108.624,108.894,108.622,108.725,108.65,108.919,108.648,108.751
2026-02-06T03:00:00Z,108.726,108.797,108.653,108.776,108.75,108.822,108.677,108.801
2026-02-06T04:00:00Z,108.773,108.81,108.672,108.746,108.799,108.835,108.698,108.77
2026-02-06T05:00:00Z,108.746,109.026,108.699,109.026,108.772,109.05,108.725,109.046
2026-02-06T06:00:00Z,109.024,109.228,109.009,109.1,109.048,109.253,109.028,109.124
2026-02-06T07:00:00Z,109.098,109.194,108.925,109.179,109.123,109.218,108.95,109.201
2026-02-06T08:00:00Z,109.177,109.314,109.08,109.307,109.2,109.337,109.105,109.329
2026-02-06T09:00:00Z,109.305,109.567,109.279,109.542,109.328,109.59,109.303,109.566
2026-02-06T10:00:00Z,109.545,109.565,109.355,109.456,109.565,109.588,109.38,109.48
2026-02-06T11:00:00Z,109.455,109.733,109.452,109.699,109.478,109.758,109.476,109.722
2026-02-06T12:00:00Z,109.696,109.73,109.587,109.688,109.719,109.754,109.609,109.709
2026-02-06T13:00:00Z,109.69,109.845,109.651,109.751,109.709,109.87,109.675,109.772
2026-02-06T14:00:00Z,109.751,109.977,109.675,109.935,109.774,110.001,109.699,109.973
2026-02-06T15:00:00Z,109.941,110.114,109.853,109.869,109.981,110.138,109.876,109.892
2026-02-06T16:00:00Z,109.871,110.254,109.871,110.166,109.895,110.279,109.895,110.19
2026-02-06T17:00:00Z,110.167,110.298,110.145,110.253,110.189,110.317,110.17,110.277
2026-02-06T18:00:00Z,110.256,110.316,110.226,110.231,110.277,110.336,110.249,110.253
2026-02-06T19:00:00Z,110.228,110.264,110.182,110.227,110.253,110.288,110.207,110.246
2026-02-06T20:00:00Z,110.226,110.302,110.202,110.25,110.246,110.327,110.224,110.274
2026-02-06T21:00:00Z,110.253,110.37,110.194,110.219,110.278,110.399,110.265,110.365
2026-02-08T22:00:00Z,110.466,110.466,109.943,110.423,110.716,110.716,110.175,110.515
2026-02-08T23:00:00Z,110.425,110.78,110.421,110.626,110.514,110.808,110.502,110.655
2026-02-09T00:00:00Z,110.616,110.632,110.095,110.183,110.643,110.659,110.122,110.21
2026-02-09T01:00:00Z,110.179,110.2,109.645,109.923,110.206,110.23,109.672,109.95
2026-02-09T02:00:00Z,109.92,110.301,109.917,110.196,109.949,110.328,109.942,110.225
2026-02-09T03:00:00Z,110.2,110.298,110.118,110.139,110.225,110.328,110.144,110.168
2026-02-09T04:00:00Z,110.142,110.178,109.996,110.047,110.172,110.206,110.023,110.075
2026-02-09T05:00:00Z,110.053,110.111,109.986,110.072,110.08,110.137,110.011,110.097
2026-02-09T06:00:00Z,110.074,110.166,109.9,110.16,110.099,110.194,109.927,110.186
2026-02-09T07:00:00Z,110.16,110.231,109.942,110.117,110.188,110.255,109.97,110.142
2026-02-09T08:00:00Z,110.123,110.29,110.079,110.207,110.147,110.314,110.104,110.231
2026-02-09T09:00:00Z,110.206,110.277,110.144,110.164,110.229,110.303,110.169,110.189
2026-02-09T10:00:00Z,110.165,110.173,109.887,109.991,110.189,110.196,109.913,110.016
2026-02-09T11:00:00Z,109.991,110.092,109.92,110.079,110.015,110.12,109.945,110.1
2026-02-09T12:00:00Z,110.079,110.275,110.023,110.223,110.102,110.299,110.048,110.248
2026-02-09T13:00:00Z,110.227,110.265,110.013,110.021,110.249,110.289,110.038,110.046
2026-02-09T14:00:00Z,110.018,110.218,109.877,110.164,110.042,110.242,109.898,110.189
2026-02-09T15:00:00Z,110.161,110.468,110.158,110.464,110.185,110.492,110.182,110.486
2026-02-09T16:00:00Z,110.467,110.621,110.437,110.604,110.488,110.644,110.461,110.624
2026-02-09T17:00:00Z,110.605,110.635,110.527,110.532,110.624,110.656,110.552,110.557
2026-02-09T18:00:00Z,110.533,110.611,110.492,110.585,110.557,110.632,110.515,110.61
2026-02-09T19:00:00Z,110.585,110.598,110.46,110.485,110.608,110.621,110.484,110.51
2026-02-09T20:00:00Z,110.486,110.577,110.462,110.555,110.513,110.6,110.486,110.578
2026-02-09T21:00:00Z,110.555,110.593,110.515,110.573,110.576,110.622,110.537,110.614
2026-02-09T22:00:00Z,110.388,110.601,110.342,110.446,110.601,110.786,110.514,110.535
2026-02-09T23:00:00Z,110.453,110.613,110.453,110.58,110.543,110.648,110.533,110.605
2026-02-10T00:00:00Z,110.582,110.65,110.414,110.425,110.609,110.675,110.439,110.45
2026-02-10T01:00:00Z,110.425,110.455,110.302,110.367,110.449,110.479,110.328,110.393
2026-02-10T02:00:00Z,110.369,110.423,110.072,110.086,110.39,110.449,110.097,110.112
2026-02-10T03:00:00Z,110.083,110.109,109.81,109.899,110.109,110.134,109.834,109.925
2026-02-10T04:00:00Z,109.9,109.949,109.762,109.812,109.925,109.975,109.785,109.837
2026-02-10T05:00:00Z,109.815,109.841,109.667,109.828,109.842,109.866,109.692,109.855
2026-02-10T06:00:00Z,109.828,109.867,109.725,109.836,109.858,109.893,109.748,109.861
2026-02-10T07:00:00Z,109.836,109.996,109.776,109.993,109.86,110.019,109.8,110.016
2026-02-10T08:00:00Z,109.996,110.055,109.918,109.986,110.021,110.079,109.942,110.006
2026-02-10T09:00:00Z,109.986,110.013,109.818,109.839,110.007,110.034,109.842,109.863
2026-02-10T10:00:00Z,109.841,109.841,109.681,109.731,109.861,109.861,109.705,109.753
2026-02-10T11:00:00Z,109.734,109.854,109.696,109.826,109.754,109.877,109.718,109.849
2026-02-10T12:00:00Z,109.824,109.863,109.655,109.703,109.849,109.883,109.681,109.727
2026-02-10T13:00:00Z,109.708,109.726,109.443,109.48,109.729,109.749,109.467,109.501
2026-02-10T14:00:00Z,109.479,109.562,109.061,109.36,109.504,109.587,109.084,109.384
2026-02-10T15:00:00Z,109.356,109.405,109.096,109.248,109.38,109.43,109.119,109.271
2026-02-10T16:00:00Z,109.248,109.294,109.013,109.085,109.269,109.318,109.036,109.108
2026-02-10T17:00:00Z,109.082,109.224,109.045,109.196,109.106,109.248,109.07,109.221
2026-02-10T18:00:00Z,109.197,109.245,109.131,109.233,109.225,109.27,109.154,109.259
2026-02-10T19:00:00Z,109.236,109.312,109.211,109.233,109.262,109.333,109.235,109.257
2026-02-10T20:00:00Z,109.231,109.25,109.122,109.159,109.255,109.272,109.147,109.183
2026-02-10T21:00:00Z,109.158,109.242,109.136,109.196,109.184,109.283,109.16,109.243
2026-02-10T22:00:00Z,109.113,109.19,109.084,109.132,109.257,109.31,109.205,109.215
2026-02-10T23:00:00Z,109.158,109.281,109.141,109.277,109.212,109.304,109.212,109.301
2026-02-11T00:00:00Z,109.277,109.29,109.078,109.083,109.299,109.315,109.102,109.11
2026-02-11T01:00:00Z,109.082,109.32,109.013,109.239,109.11,109.346,109.038,109.263
2026-02-11T02:00:00Z,109.237,109.522,109.172,109.341,109.263,109.549,109.198,109.366
2026-02-11T03:00:00Z,109.343,109.503,109.276,109.419,109.366,109.531,109.3,109.446
2026-02-11T04:00:00Z,109.423,109.449,109.011,109.029,109.446,109.47,109.036,109.053
2026-02-11T05:00:00Z,109.029,109.068,108.831,108.885,109.051,109.091,108.856,108.912
2026-02-11T06:00:00Z,108.887,108.889,108.682,108.825,108.913,108.916,108.71,108.85
2026-02-11T07:00:00Z,108.825,108.929,108.781,108.82,108.851,108.953,108.807,108.841
2026-02-11T08:00:00Z,108.82,108.939,108.765,108.899,108.842,108.963,108.789,108.924
2026-02-11T09:00:00Z,108.902,109.086,108.883,108.981,108.926,109.111,108.907,109.005
2026-02-11T10:00:00Z,108.981,109.178,108.902,109.149,109.007,109.2,108.927,109.173
2026-02-11T11:00:00Z,109.154,109.252,109.125,109.152,109.178,109.277,109.149,109.177
2026-02-11T12:00:00Z,109.152,109.233,109.134,109.222,109.176,109.256,109.157,109.243
2026-02-11T13:00:00Z,109.22,109.541,108.55,109.441,109.243,109.573,108.599,109.47
2026-02-11T14:00:00Z,109.438,109.632,109.235,109.336,109.468,109.661,109.261,109.365
2026-02-11T15:00:00Z,109.34,109.373,108.77,109.181,109.367,109.401,108.795,109.201
2026-02-11T16:00:00Z,109.177,109.211,108.961,109.003,109.203,109.233,108.986,109.025
2026-02-11T17:00:00Z,109.001,109.133,108.922,109.103,109.025,109.16,108.947,109.128
2026-02-11T18:00:00Z,109.104,109.147,108.864,108.928,109.128,109.171,108.887,108.952
2026-02-11T19:00:00Z,108.927,109.066,108.925,109.036,108.95,109.09,108.949,109.062
2026-02-11T20:00:00Z,109.033,109.186,109.02,109.147,109.058,109.209,109.045,109.171
2026-02-11T21:00:00Z,109.148,109.257,109.131,109.207,109.173,109.286,109.154,109.266
2026-02-11T22:00:00Z,109.005,109.181,109.005,109.088,109.234,109.32,109.167,109.186
2026-02-11T23:00:00Z,109.092,109.225,109.068,109.184,109.185,109.252,109.092,109.211
2026-02-12T00:00:00Z,109.184,109.395,109.095,109.251,109.21,109.423,109.121,109.274
2026-02-12T01:00:00Z,109.247,109.386,109.106,109.185,109.272,109.41,109.132,109.208
2026-02-12T02:00:00Z,109.185,109.219,108.814,108.843,109.209,109.244,108.837,108.865
2026-02-12T03:00:00Z,108.841,108.841,108.661,108.764,108.866,108.866,108.686,108.788
2026-02-12T04:00:00Z,108.765,108.814,108.64,108.744,108.788,108.84,108.664,108.768
2026-02-12T05:00:00Z,108.757,109.077,108.741,109.075,108.78,109.102,108.763,109.099
2026-02-12T06:00:00Z,109.077,109.214,108.829,109.003,109.102,109.24,108.86,109.032
2026-02-12T07:00:00Z,109.004,109.064,108.848,108.941,109.031,109.086,108.873,108.963
2026-02-12T08:00:00Z,108.938,108.986,108.718,108.827,108.962,109.012,108.742,108.851
2026-02-12T09:00:00Z,108.828,108.921,108.765,108.92,108.851,108.947,108.79,108.943
2026-02-12T10:00:00Z,108.919,109.071,108.867,109.056,108.943,109.096,108.89,109.077
2026-02-12T11:00:00Z,109.056,109.305,109.004,109.28,109.076,109.33,109.027,109.306
2026-02-12T12:00:00Z,109.285,109.475,109.257,109.438,109.311,109.501,109.279,109.459
2026-02-12T13:00:00Z,109.435,109.473,109.319,109.435,109.459,109.495,109.344,109.459
2026-02-12T14:00:00Z,109.437,109.441,108.94,108.986,109.46,109.465,108.965,109.014
2026-02-12T15:00:00Z,108.99,109.069,108.684,108.879,109.017,109.097,108.706,108.9
2026-02-12T16:00:00Z,108.878,108.906,107.962,108.326,108.9,108.925,107.989,108.352
2026-02-12T17:00:00Z,108.32,108.403,108.148,108.304,108.343,108.427,108.172,108.328
2026-02-12T18:00:00Z,108.3,108.491,108.138,108.424,108.324,108.512,108.163,108.446
2026-02-12T19:00:00Z,108.424,108.551,108.376,108.487,108.445,108.574,108.4,108.509
2026-02-12T20:00:00Z,108.488,108.522,108.189,108.202,108.512,108.546,108.214,108.224
2026-02-12T21:00:00Z,108.201,108.322,108.193,108.286,108.225,108.361,108.218,108.325
2026-02-12T22:00:00Z,108.211,108.321,108.13,108.165,108.349,108.451,108.24,108.304
2026-02-12T23:00:00Z,108.188,108.385,108.169,108.287,108.304,108.414,108.189,108.314
2026-02-13T00:00:00Z,108.285,108.464,108.166,108.2,108.311,108.491,108.192,108.224
2026-02-13T01:00:00Z,108.199,108.782,108.199,108.609,108.224,108.807,108.224,108.638
2026-02-13T02:00:00Z,108.605,108.67,108.464,108.577,108.634,108.694,108.487,108.601
2026-02-13T03:00:00Z,108.576,108.592,108.28,108.335,108.602,108.616,108.306,108.36
2026-02-13T04:00:00Z,108.334,108.54,108.285,108.539,108.356,108.565,108.309,108.564
2026-02-13T05:00:00Z,108.539,108.624,108.247,108.366,108.562,108.65,108.273,108.388
2026-02-13T06:00:00Z,108.365,108.404,108.056,108.249,108.39,108.43,108.082,108.275
2026-02-13T07:00:00Z,108.247,108.337,108.131,108.289,108.272,108.361,108.157,108.314
2026-02-13T08:00:00Z,108.292,108.671,108.29,108.666,108.312,108.695,108.312,108.692
2026-02-13T09:00:00Z,108.666,108.707,108.52,108.545,108.693,108.732,108.545,108.573
2026-02-13T10:00:00Z,108.548,108.603,108.354,108.355,108.572,108.626,108.378,108.378
2026-02-13T11:00:00Z,108.36,108.363,107.989,108.115,108.383,108.384,108.014,108.137
2026-02-13T12:00:00Z,108.115,108.179,108.013,108.078,108.138,108.203,108.037,108.1
2026-02-13T13:00:00Z,108.078,108.305,107.951,108.216,108.101,108.335,108.039,108.241
2026-02-13T14:00:00Z,108.211,108.303,107.685,107.898,108.237,108.331,107.708,107.924
2026-02-13T15:00:00Z,107.903,108.356,107.82,108.111,107.927,108.379,107.846,108.133
2026-02-13T16:00:00Z,108.109,108.211,107.92,107.961,108.13,108.238,107.945,107.986
2026-02-13T17:00:00Z,107.963,108.172,107.944,108.122,107.987,108.197,107.966,108.147
2026-02-13T18:00:00Z,108.126,108.291,108.053,108.2,108.151,108.312,108.078,108.223
2026-02-13T19:00:00Z,108.201,108.249,108.008,108.026,108.222,108.271,108.03,108.05
2026-02-13T20:00:00Z,108.032,108.112,107.89,108.064,108.055,108.136,107.918,108.086
2026-02-13T21:00:00Z,108.064,108.071,107.917,107.932,108.087,108.107,107.969,108.107
2026-02-15T22:00:00Z,107.78,107.867,107.663,107.848,108.03,108.034,107.806,107.931
2026-02-15T23:00:00Z,107.843,108.056,107.843,108.041,107.931,108.083,107.892,108.067
2026-02-16T00:00:00Z,108.039,108.346,108.0,108.346,108.064,108.371,108.023,108.369
2026-02-16T01:00:00Z,108.345,108.433,108.298,108.396,108.37,108.452,108.324,108.416
2026-02-16T02:00:00Z,108.397,108.452,108.345,108.367,108.419,108.475,108.368,108.391
2026-02-16T03:00:00Z,108.366,108.456,108.316,108.425,108.391,108.477,108.34,108.451
2026-02-16T04:00:00Z,108.425,108.595,108.39,108.58,108.452,108.621,108.415,108.605
2026-02-16T05:00:00Z,108.578,108.59,108.508,108.564,108.603,108.615,108.534,108.59
2026-02-16T06:00:00Z,108.565,108.626,108.52,108.533,108.59,108.651,108.546,108.556
2026-02-16T07:00:00Z,108.529,108.723,108.505,108.676,108.555,108.747,108.529,108.699
2026-02-16T08:00:00Z,108.675,108.793,108.635,108.768,108.7,108.818,108.661,108.792
2026-02-16T09:00:00Z,108.761,108.803,108.714,108.775,108.786,108.825,108.739,108.797
2026-02-16T10:00:00Z,108.775,108.882,108.738,108.779,108.8,108.907,108.762,108.802
2026-02-16T11:00:00Z,108.782,108.787,108.604,108.628,108.806,108.812,108.629,108.653
2026-02-16T12:00:00Z,108.627,108.68,108.577,108.662,108.65,108.703,108.602,108.683
2026-02-16T13:00:00Z,108.66,108.674,108.571,108.605,108.683,108.696,108.594,108.627
2026-02-16T14:00:00Z,108.603,108.626,108.406,108.534,108.626,108.648,108.431,108.558
2026-02-16T15:00:00Z,108.534,108.566,108.368,108.468,108.557,108.59,108.392,108.491
2026-02-16T16:00:00Z,108.472,108.604,108.447,108.55,108.495,108.627,108.471,108.574
2026-02-16T17:00:00Z,108.547,108.626,108.526,108.533,108.572,108.649,108.552,108.557
2026-02-16T18:00:00Z,108.533,108.599,108.533,108.565,108.558,108.622,108.558,108.59
2026-02-16T19:00:00Z,108.566,108.596,108.559,108.589,108.59,108.619,108.585,108.609
2026-02-16T20:00:00Z,108.589,108.603,108.565,108.603,108.61,108.624,108.586,108.624
2026-02-16T21:00:00Z,108.601,108.607,108.536,108.558,108.625,108.632,108.563,108.594
2026-02-16T22:00:00Z,108.45,108.578,108.435,108.556,108.597,108.675,108.584,108.617
2026-02-16T23:00:00Z,108.564,108.73,108.537,108.593,108.619,108.756,108.58,108.618
2026-02-17T00:00:00Z,108.595,108.621,108.218,108.221,108.615,108.646,108.242,108.246
2026-02-17T01:00:00Z,108.218,108.453,108.063,108.089,108.243,108.478,108.089,108.114
2026-02-17T02:00:00Z,108.081,108.198,107.971,108.079,108.106,108.223,107.994,108.106
2026-02-17T03:00:00Z,108.078,108.082,107.842,108.06,108.104,108.108,107.87,108.082
2026-02-17T04:00:00Z,108.061,108.193,108.019,108.19,108.081,108.217,108.047,108.216
2026-02-17T05:00:00Z,108.194,108.214,107.91,107.998,108.22,108.239,107.936,108.022
2026-02-17T06:00:00Z,107.994,108.107,107.969,108.09,108.022,108.134,107.995,108.114
2026-02-17T07:00:00Z,108.086,108.137,107.884,108.128,108.111,108.162,107.909,108.154
2026-02-17T08:00:00Z,108.125,108.264,107.88,107.923,108.15,108.287,107.905,107.948
2026-02-17T09:00:00Z,107.925,108.164,107.905,108.134,107.95,108.187,107.932,108.159
2026-02-17T10:00:00Z,108.134,108.25,108.078,108.08,108.155,108.275,108.102,108.103
2026-02-17T11:00:00Z,108.08,108.181,108.065,108.128,108.104,108.204,108.09,108.152
2026-02-17T12:00:00Z,108.125,108.193,107.955,107.965,108.149,108.218,107.98,107.989
2026-02-17T13:00:00Z,107.962,108.244,107.836,107.97,107.986,108.267,107.861,107.998
2026-02-17T14:00:00Z,107.968,108.332,107.963,107.995,107.996,108.358,107.99,108.019
2026-02-17T15:00:00Z,107.993,108.356,107.979,108.314,108.017,108.38,108.003,108.336
2026-02-17T16:00:00Z,108.314,108.582,108.31,108.46,108.338,108.606,108.332,108.485
2026-02-17T17:00:00Z,108.459,108.489,108.289,108.431,108.483,108.51,108.314,108.456
2026-02-17T18:00:00Z,108.435,108.708,108.398,108.682,108.458,108.73,108.419,108.706
2026-02-17T19:00:00Z,108.681,108.72,108.506,108.524,108.704,108.743,108.531,108.547
2026-02-17T20:00:00Z,108.525,108.57,108.496,108.555,108.547,108.591,108.521,108.58
2026-02-17T21:00:00Z,108.559,108.614,108.523,108.611,108.582,108.647,108.545,108.646
2026-02-17T22:00:00Z,108.519,108.585,108.481,108.577,108.638,108.668,108.575,108.652
2026-02-17T23:00:00Z,108.577,108.607,108.429,108.436,108.645,108.664,108.453,108.461
2026-02-18T00:00:00Z,108.437,108.545,108.361,108.431,108.463,108.571,108.386,108.463
2026-02-18T01:00:00Z,108.429,108.578,108.41,108.563,108.462,108.603,108.436,108.59
2026-02-18T02:00:00Z,108.562,108.668,108.485,108.489,108.588,108.693,108.51,108.514
2026-02-18T03:00:00Z,108.488,108.589,108.455,108.569,108.514,108.616,108.479,108.593
2026-02-18T04:00:00Z,108.573,108.6,108.517,108.569,108.596,108.624,108.542,108.594
2026-02-18T05:00:00Z,108.572,108.607,108.458,108.467,108.595,108.631,108.482,108.49
2026-02-18T06:00:00Z,108.465,108.515,108.415,108.47,108.489,108.541,108.44,108.496
2026-02-18T07:00:00Z,108.468,108.647,108.454,108.63,108.493,108.671,108.479,108.655
2026-02-18T08:00:00Z,108.634,108.758,108.589,108.675,108.66,108.783,108.615,108.7
2026-02-18T09:00:00Z,108.678,108.846,108.666,108.797,108.703,108.869,108.692,108.82
2026-02-18T10:00:00Z,108.798,108.869,108.754,108.782,108.819,108.894,108.78,108.805
2026-02-18T11:00:00Z,108.784,108.788,108.639,108.678,108.808,108.812,108.663,108.7
2026-02-18T12:00:00Z,108.679,108.827,108.575,108.646,108.703,108.852,108.6,108.671
2026-02-18T13:00:00Z,108.647,108.745,108.583,108.617,108.671,108.769,108.607,108.637
2026-02-18T14:00:00Z,108.62,109.049,108.587,109.015,108.641,109.072,108.612,109.04
2026-02-18T15:00:00Z,109.015,109.165,109.011,109.1,109.039,109.186,109.037,109.124
2026-02-18T16:00:00Z,109.101,109.188,109.071,109.099,109.123,109.213,109.096,109.121
2026-02-18T17:00:00Z,109.099,109.197,109.07,109.158,109.122,109.221,109.093,109.182
2026-02-18T18:00:00Z,109.159,109.195,109.045,109.076,109.181,109.219,109.07,109.117
2026-02-18T19:00:00Z,109.078,109.122,108.829,108.882,109.118,109.147,108.853,108.906
2026-02-18T20:00:00Z,108.883,109.043,108.87,109.009,108.908,109.064,108.894,109.034
2026-02-18T21:00:00Z,109.011,109.058,108.974,109.019,109.037,109.081,109.001,109.058
2026-02-18T22:00:00Z,108.964,109.025,108.898,109.001,109.04,109.123,109.006,109.082
2026-02-18T23:00:00Z,109.006,109.047,108.932,108.932,109.083,109.091,108.957,108.957
2026-02-19T00:00:00Z,108.936,109.139,108.871,109.038,108.961,109.166,108.9,109.062
2026-02-19T01:00:00Z,109.035,109.499,109.035,109.493,109.061,109.524,109.061,109.517
2026-02-19T02:00:00Z,109.491,109.552,109.289,109.546,109.517,109.576,109.314,109.573
2026-02-19T03:00:00Z,109.55,109.687,109.523,109.574,109.575,109.714,109.547,109.599
2026-02-19T04:00:00Z,109.575,109.63,109.352,109.36,109.599,109.656,109.378,109.385
2026-02-19T05:00:00Z,109.364,109.536,109.297,109.536,109.389,109.561,109.322,109.561
2026-02-19T06:00:00Z,109.535,109.578,109.396,109.578,109.561,109.604,109.42,109.604
2026-02-19T07:00:00Z,109.586,109.757,109.574,109.622,109.612,109.78,109.6,109.647
2026-02-19T08:00:00Z,109.624,109.679,109.312,109.44,109.648,109.703,109.337,109.465
2026-02-19T09:00:00Z,109.447,109.579,109.214,109.286,109.472,109.602,109.239,109.31
2026-02-19T10:00:00Z,109.285,109.325,109.066,109.115,109.31,109.35,109.089,109.138
2026-02-19T11:00:00Z,109.11,109.191,108.864,108.94,109.134,109.215,108.887,108.965
2026-02-19T12:00:00Z,108.939,109.12,108.846,109.082,108.965,109.144,108.872,109.105
2026-02-19T13:00:00Z,109.081,109.262,108.985,109.248,109.103,109.287,109.008,109.272
2026-02-19T14:00:00Z,109.247,109.262,108.995,109.186,109.267,109.287,109.02,109.213
2026-02-19T15:00:00Z,109.188,109.534,109.122,109.38,109.215,109.558,109.146,109.401
2026-02-19T16:00:00Z,109.38,109.394,109.189,109.215,109.402,109.417,109.213,109.239
2026-02-19T17:00:00Z,109.217,109.331,109.156,109.274,109.242,109.355,109.181,109.298
2026-02-19T18:00:00Z,109.272,109.336,109.193,109.261,109.293,109.359,109.218,109.284
2026-02-19T19:00:00Z,109.261,109.323,109.228,109.289,109.283,109.346,109.253,109.313
2026-02-19T20:00:00Z,109.291,109.416,109.276,109.414,109.313,109.442,109.299,109.438
2026-02-19T21:00:00Z,109.416,109.453,109.372,109.376,109.439,109.478,109.403,109.422
2026-02-19T22:00:00Z,109.225,109.358,109.217,109.354,109.475,109.477,109.322,109.429
2026-02-19T23:00:00Z,109.352,109.521,109.348,109.494,109.423,109.547,109.398,109.518
2026-02-20T00:00:00Z,109.497,109.512,109.292,109.397,109.518,109.532,109.318,109.423
2026-02-20T01:00:00Z,109.406,109.44,108.985,109.077,109.428,109.467,109.014,109.104
2026-02-20T02:00:00Z,109.074,109.107,108.869,108.965,109.099,109.132,108.895,108.991
2026-02-20T03:00:00Z,108.966,109.092,108.945,109.051,108.993,109.114,108.971,109.075
2026-02-20T04:00:00Z,109.048,109.15,109.011,109.128,109.072,109.175,109.037,109.153
2026-02-20T05:00:00Z,109.13,109.382,109.114,109.371,109.156,109.408,109.138,109.395
2026-02-20T06:00:00Z,109.366,109.4,109.268,109.322,109.393,109.424,109.295,109.348
2026-02-20T07:00:00Z,109.321,109.493,109.197,109.488,109.344,109.517,109.221,109.512
2026-02-20T08:00:00Z,109.485,109.746,109.371,109.727,109.51,109.771,109.395,109.752
2026-02-20T09:00:00Z,109.729,109.851,109.639,109.672,109.754,109.873,109.662,109.696
2026-02-20T10:00:00Z,109.674,109.703,109.427,109.46,109.697,109.728,109.453,109.482
2026-02-20T11:00:00Z,109.459,109.511,109.369,109.384,109.483,109.534,109.393,109.408
2026-02-20T12:00:00Z,109.385,109.485,109.288,109.339,109.408,109.511,109.312,109.363
2026-02-20T13:00:00Z,109.338,109.615,109.304,109.589,109.36,109.639,109.324,109.613
2026-02-20T14:00:00Z,109.589,109.716,109.434,109.672,109.612,109.75,109.456,109.746
2026-02-20T15:00:00Z,109.671,110.061,109.434,109.718,109.734,110.098,109.466,109.737
2026-02-20T16:00:00Z,109.717,109.805,109.5,109.73,109.741,109.828,109.526,109.751
2026-02-20T17:00:00Z,109.727,109.784,109.548,109.667,109.752,109.807,109.572,109.694
2026-02-20T18:00:00Z,109.67,109.865,109.506,109.858,109.694,109.892,109.541,109.883
2026-02-20T19:00:00Z,109.856,109.88,109.731,109.805,109.884,109.904,109.757,109.825
2026-02-20T20:00:00Z,109.806,109.846,109.744,109.826,109.827,109.867,109.769,109.85
2026-02-20T21:00:00Z,109.826,109.858,109.774,109.79,109.848,109.927,109.81,109.926
2026-02-22T22:00:00Z,109.544,109.748,109.494,109.652,109.794,109.917,109.744,109.758
2026-02-22T23:00:00Z,109.651,109.766,109.597,109.756,109.755,109.824,109.624,109.781
2026-02-23T00:00:00Z,109.756,109.765,109.2,109.238,109.779,109.789,109.226,109.261
2026-02-23T01:00:00Z,109.238,109.244,109.072,109.182,109.265,109.267,109.096,109.205
2026-02-23T02:00:00Z,109.179,109.191,108.977,109.077,109.202,109.215,109.004,109.102
2026-02-23T03:00:00Z,109.082,109.179,109.051,109.056,109.106,109.206,109.076,109.08
2026-02-23T04:00:00Z,109.047,109.194,109.005,109.152,109.074,109.222,109.029,109.174
2026-02-23T05:00:00Z,109.153,109.251,109.125,109.229,109.174,109.275,109.15,109.254
2026-02-23T06:00:00Z,109.233,109.361,109.16,109.36,109.258,109.388,109.185,109.384
2026-02-23T07:00:00Z,109.36,109.457,109.319,109.374,109.382,109.479,109.346,109.396
2026-02-23T08:00:00Z,109.371,109.617,109.364,109.576,109.395,109.64,109.388,109.602
2026-02-23T09:00:00Z,109.579,109.719,109.55,109.658,109.604,109.743,109.575,109.682
2026-02-23T10:00:00Z,109.66,109.666,109.533,109.538,109.682,109.688,109.558,109.564
2026-02-23T11:00:00Z,109.543,109.565,109.496,109.528,109.568,109.588,109.521,109.552
2026-02-23T12:00:00Z,109.534,109.557,109.324,109.424,109.557,109.581,109.349,109.446
2026-02-23T13:00:00Z,109.423,109.445,109.249,109.281,109.447,109.467,109.273,109.306
2026-02-23T14:00:00Z,109.283,109.572,109.27,109.368,109.305,109.597,109.293,109.399
2026-02-23T15:00:00Z,109.369,109.396,108.991,109.02,109.397,109.42,109.015,109.041
2026-02-23T16:00:00Z,109.021,109.064,108.843,108.931,109.04,109.088,108.865,108.957
2026-02-23T17:00:00Z,108.933,108.997,108.795,108.973,108.955,109.02,108.82,108.995
2026-02-23T18:00:00Z,108.974,109.232,108.963,109.063,108.995,109.254,108.986,109.085
2026-02-23T19:00:00Z,109.064,109.12,109.046,109.077,109.087,109.144,109.07,109.101
2026-02-23T20:00:00Z,109.076,109.171,109.051,109.166,109.098,109.193,109.075,109.189
2026-02-23T21:00:00Z,109.163,109.225,109.092,109.114,109.187,109.246,109.129,109.151
2026-02-23T22:00:00Z,108.987,109.103,108.973,109.063,109.169,109.198,109.088,109.152
2026-02-23T23:00:00Z,109.068,109.209,109.033,109.176,109.133,109.233,109.075,109.204
2026-02-24T00:00:00Z,109.178,109.378,109.17,109.372,109.204,109.403,109.193,109.397
2026-02-24T01:00:00Z,109.37,109.41,109.277,109.372,109.395,109.436,109.302,109.397
2026-02-24T02:00:00Z,109.37,109.532,109.304,109.518,109.395,109.557,109.33,109.543
2026-02-24T03:00:00Z,109.518,109.593,109.493,109.591,109.542,109.616,109.519,109.614
2026-02-24T04:00:00Z,109.589,109.663,109.556,109.582,109.61,109.687,109.58,109.608
2026-02-24T05:00:00Z,109.582,109.642,109.539,109.621,109.61,109.669,109.564,109.646
2026-02-24T06:00:00Z,109.622,109.652,109.486,109.486,109.646,109.678,109.511,109.512
2026-02-24T07:00:00Z,109.489,110.361,109.475,110.32,109.514,110.387,109.499,110.344
2026-02-24T08:00:00Z,110.324,110.427,110.078,110.151,110.348,110.451,110.102,110.174
2026-02-24T09:00:00Z,110.152,110.202,110.016,110.077,110.177,110.225,110.042,110.099
2026-02-24T10:00:00Z,110.074,110.11,109.916,109.967,110.099,110.132,109.939,109.991
2026-02-24T11:00:00Z,109.966,109.973,109.719,109.836,109.991,109.997,109.745,109.86
2026-02-24T12:00:00Z,109.835,109.901,109.667,109.767,109.857,109.927,109.693,109.792
2026-02-24T13:00:00Z,109.769,109.867,109.73,109.769,109.793,109.889,109.755,109.798
2026-02-24T14:00:00Z,109.768,109.958,109.627,109.759,109.798,109.983,109.652,109.795
2026-02-24T15:00:00Z,109.762,110.049,109.702,109.949,109.79,110.072,109.728,109.969
2026-02-24T16:00:00Z,109.951,110.076,109.902,109.985,109.972,110.1,109.926,110.009
2026-02-24T17:00:00Z,109.985,110.074,109.95,110.033,110.008,110.098,109.975,110.055
2026-02-24T18:00:00Z,110.032,110.032,109.958,109.989,110.055,110.056,109.982,110.013
2026-02-24T19:00:00Z,109.992,109.998,109.944,109.972,110.016,110.02,109.969,109.992
2026-02-24T20:00:00Z,109.973,110.055,109.945,110.039,109.992,110.077,109.966,110.065
2026-02-24T21:00:00Z,110.039,110.048,109.995,110.017,110.066,110.075,110.018,110.061
2026-02-24T22:00:00Z,110.008,110.031,109.943,109.999,110.129,110.136,110.016,110.073
2026-02-24T23:00:00Z,110.014,110.063,109.961,110.039,110.068,110.087,109.994,110.062
2026-02-25T00:00:00Z,110.037,110.418,110.018,110.154,110.062,110.441,110.041,110.174
2026-02-25T01:00:00Z,110.153,110.33,110.111,110.254,110.172,110.355,110.139,110.28
2026-02-25T02:00:00Z,110.25,110.32,110.124,110.287,110.276,110.344,110.147,110.315
2026-02-25T03:00:00Z,110.287,110.72,110.205,110.636,110.316,110.747,110.236,110.661
2026-02-25T04:00:00Z,110.636,110.83,110.631,110.667,110.662,110.855,110.657,110.69
2026-02-25T05:00:00Z,110.664,110.742,110.605,110.628,110.688,110.768,110.627,110.653
2026-02-25T06:00:00Z,110.625,110.813,110.568,110.755,110.651,110.837,110.593,110.78
2026-02-25T07:00:00Z,110.765,110.872,110.648,110.752,110.79,110.897,110.677,110.776
2026-02-25T08:00:00Z,110.752,110.91,110.75,110.91,110.779,110.936,110.776,110.936
2026-02-25T09:00:00Z,110.91,111.206,110.815,110.928,110.935,111.229,110.841,110.953
2026-02-25T10:00:00Z,110.931,111.059,110.912,111.027,110.956,111.084,110.936,111.052
2026-02-25T11:00:00Z,111.024,111.031,110.889,111.005,111.049,111.055,110.913,111.03
2026-02-25T12:00:00Z,111.001,111.129,110.969,111.111,111.025,111.153,110.993,111.134
2026-02-25T13:00:00Z,111.114,111.173,110.997,111.082,111.133,111.193,111.022,111.105
2026-02-25T14:00:00Z,111.084,111.186,110.96,111.074,111.105,111.207,110.983,111.096
2026-02-25T15:00:00Z,111.072,111.199,110.967,111.155,111.096,111.22,110.991,111.174
2026-02-25T16:00:00Z,111.157,111.291,111.145,111.196,111.174,111.312,111.166,111.219
2026-02-25T17:00:00Z,111.198,111.333,111.195,111.281,111.219,111.358,111.219,111.302
2026-02-25T18:00:00Z,111.281,111.343,111.248,111.332,111.306,111.367,111.273,111.354
2026-02-25T19:00:00Z,111.332,111.465,111.324,111.412,111.351,111.488,111.345,111.433
2026-02-25T20:00:00Z,111.411,111.418,111.315,111.377,111.433,111.438,111.341,111.4
2026-02-25T21:00:00Z,111.381,111.46,111.346,111.369,111.4,111.479,111.4,111.408
2026-02-25T22:00:00Z,111.277,111.374,111.215,111.281,111.433,111.476,111.3,111.349
2026-02-25T23:00:00Z,111.276,111.31,111.143,111.183,111.345,111.359,111.169,111.207
2026-02-26T00:00:00Z,111.182,111.235,111.131,111.187,111.207,111.258,111.157,111.206
2026-02-26T01:00:00Z,111.187,111.269,111.087,111.118,111.208,111.297,111.111,111.144
2026-02-26T02:00:00Z,111.116,111.122,110.981,111.062,111.142,111.148,111.007,111.087
2026-02-26T03:00:00Z,111.064,111.12,110.979,111.067,111.09,111.145,111.005,111.094
2026-02-26T04:00:00Z,111.064,111.203,111.047,111.087,111.09,111.228,111.073,111.106
2026-02-26T05:00:00Z,111.085,111.236,111.029,111.233,111.105,111.262,111.055,111.259
2026-02-26T06:00:00Z,111.229,111.291,111.196,111.198,111.254,111.316,111.222,111.223
2026-02-26T07:00:00Z,111.206,111.275,111.111,111.14,111.231,111.298,111.136,111.165
2026-02-26T08:00:00Z,111.136,111.148,110.907,110.945,111.162,111.17,110.929,110.973
2026-02-26T09:00:00Z,110.949,111.133,110.916,111.087,110.975,111.158,110.942,111.113
2026-02-26T10:00:00Z,111.089,111.095,110.926,110.936,111.113,111.117,110.951,110.961
2026-02-26T11:00:00Z,110.939,111.044,110.934,110.97,110.963,111.067,110.959,110.995
2026-02-26T12:00:00Z,110.973,111.147,110.953,111.11,110.998,111.171,110.978,111.132
2026-02-26T13:00:00Z,111.109,111.133,110.97,111.033,111.132,111.158,110.996,111.054
2026-02-26T14:00:00Z,111.027,111.049,110.73,110.764,111.052,111.07,110.751,110.79
2026-02-26T15:00:00Z,110.765,110.814,110.255,110.767,110.79,110.836,110.281,110.789
2026-02-26T16:00:00Z,110.764,110.91,110.66,110.705,110.788,110.936,110.687,110.728
2026-02-26T17:00:00Z,110.709,110.774,110.598,110.675,110.728,110.796,110.622,110.698
2026-02-26T18:00:00Z,110.673,110.992,110.637,110.979,110.697,111.014,110.659,111.003
2026-02-26T19:00:00Z,110.982,111.053,110.959,110.978,111.005,111.078,110.983,111.0
2026-02-26T20:00:00Z,110.977,111.023,110.943,111.023,111.001,111.044,110.968,111.043
2026-02-26T21:00:00Z,111.021,111.036,110.892,110.927,111.044,111.059,110.918,110.97
2026-02-26T22:00:00Z,110.858,110.922,110.79,110.831,110.969,111.016,110.893,110.916
2026-02-26T23:00:00Z,110.834,110.859,110.653,110.687,110.916,110.916,110.678,110.714
2026-02-27T00:00:00Z,110.687,110.803,110.5,110.648,110.712,110.828,110.523,110.674
2026-02-27T01:00:00Z,110.652,110.806,110.582,110.804,110.674,110.829,110.608,110.827
2026-02-27T02:00:00Z,110.808,110.864,110.759,110.846,110.832,110.889,110.784,110.87
2026-02-27T03:00:00Z,110.847,110.938,110.82,110.873,110.872,110.962,110.843,110.899
2026-02-27T04:00:00Z,110.871,110.931,110.786,110.843,110.896,110.955,110.812,110.869
2026-02-27T05:00:00Z,110.842,111.081,110.833,111.038,110.866,111.107,110.859,111.061
2026-02-27T06:00:00Z,111.037,111.098,110.966,111.061,111.062,111.122,110.995,111.086
2026-02-27T07:00:00Z,111.067,111.219,111.063,111.173,111.09,111.245,111.088,111.197
2026-02-27T08:00:00Z,111.176,111.21,111.038,111.057,111.2,111.234,111.063,111.083
2026-02-27T09:00:00Z,111.056,111.196,111.003,111.02,111.083,111.217,111.028,111.041
2026-02-27T10:00:00Z,111.017,111.033,110.784,110.881,111.043,111.055,110.81,110.907
2026-02-27T11:00:00Z,110.878,110.895,110.763,110.801,110.903,110.921,110.788,110.827
2026-02-27T12:00:00Z,110.803,110.872,110.723,110.744,110.829,110.894,110.748,110.769
2026-02-27T13:00:00Z,110.746,110.88,110.633,110.839,110.769,110.909,110.658,110.864
2026-02-27T14:00:00Z,110.84,111.008,110.825,110.96,110.864,111.034,110.85,110.987
2026-02-27T15:00:00Z,110.959,111.289,110.946,111.208,110.985,111.313,110.973,111.233
2026-02-27T16:00:00Z,111.206,111.251,111.072,111.113,111.23,111.274,111.097,111.132
2026-02-27T17:00:00Z,111.113,111.208,110.966,111.033,111.134,111.229,110.991,111.058
2026-02-27T18:00:00Z,111.032,111.061,110.968,111.032,111.056,111.084,110.994,111.058
2026-02-27T19:00:00Z,111.032,111.066,110.893,110.983,111.056,111.091,110.916,111.012
2026-02-27T20:00:00Z,110.983,111.16,110.976,111.143,111.011,111.183,110.997,111.165
2026-02-27T21:00:00Z,111.142,111.147,110.953,110.986,111.163,111.171,111.026,111.13
2026-03-01T22:00:00Z,109.959,110.307,109.908,110.075,110.071,110.418,110.063,110.178
2026-03-01T23:00:00Z,110.092,110.724,110.077,110.508,110.17,110.754,110.17,110.537
2026-03-02T00:00:00Z,110.51,110.81,110.438,110.786,110.54,110.836,110.462,110.812
2026-03-02T01:00:00Z,110.788,111.218,110.78,111.006,110.808,111.244,110.806,111.032
2026-03-02T02:00:00Z,111.007,111.105,110.863,111.053,111.032,111.128,110.889,111.079
2026-03-02T03:00:00Z,111.051,111.189,111.013,111.128,111.078,111.214,111.038,111.154
2026-03-02T04:00:00Z,111.124,111.19,110.949,111.038,111.15,111.216,110.971,111.065
2026-03-02T05:00:00Z,111.042,111.13,110.948,110.989,111.069,111.153,110.975,111.013
2026-03-02T06:00:00Z,110.99,111.074,110.814,110.858,111.015,111.097,110.838,110.883
2026-03-02T07:00:00Z,110.862,110.964,110.655,110.789,110.884,110.989,110.681,110.812
2026-03-02T08:00:00Z,110.793,111.004,110.708,110.926,110.815,111.028,110.734,110.951
2026-03-02T09:00:00Z,110.927,111.195,110.888,111.128,110.949,111.22,110.912,111.153
2026-03-02T10:00:00Z,111.13,111.323,111.116,111.23,111.156,111.348,111.143,111.254
2026-03-02T11:00:00Z,111.235,111.254,111.095,111.179,111.258,111.278,111.12,111.206
2026-03-02T12:00:00Z,111.181,111.25,111.023,111.083,111.206,111.272,111.05,111.107
2026-03-02T13:00:00Z,111.079,111.36,111.074,111.158,111.102,111.384,111.093,111.183
2026-03-02T14:00:00Z,111.156,111.529,111.081,111.433,111.181,111.552,111.106,111.49
2026-03-02T15:00:00Z,111.452,111.689,111.282,111.326,111.511,111.712,111.306,111.348
2026-03-02T16:00:00Z,111.325,111.431,111.097,111.271,111.346,111.454,111.117,111.296
2026-03-02T17:00:00Z,111.27,111.464,111.207,111.455,111.297,111.486,111.23,111.476
2026-03-02T18:00:00Z,111.454,111.485,111.377,111.444,111.476,111.51,111.403,111.469
2026-03-02T19:00:00Z,111.441,111.676,111.437,111.628,111.465,111.7,111.462,111.649
2026-03-02T20:00:00Z,111.628,111.628,111.362,111.496,111.652,111.652,111.388,111.522
2026-03-02T21:00:00Z,111.491,111.622,111.488,111.608,111.518,111.68,111.513,111.656
2026-03-02T22:00:00Z,111.503,111.779,111.462,111.717,111.702,111.868,111.646,111.795
2026-03-02T23:00:00Z,111.718,111.792,111.585,111.688,111.794,111.817,111.611,111.714
2026-03-03T00:00:00Z,111.693,111.85,111.578,111.809,111.72,111.873,111.604,111.834
2026-03-03T01:00:00Z,111.813,112.081,111.666,111.676,111.837,112.107,111.692,111.698
2026-03-03T02:00:00Z,111.675,111.773,111.491,111.704,111.7,111.797,111.519,111.729
2026-03-03T03:00:00Z,111.706,111.869,111.646,111.798,111.731,111.895,111.669,111.822
2026-03-03T04:00:00Z,111.801,111.882,111.747,111.803,111.823,111.906,111.772,111.83
2026-03-03T05:00:00Z,111.807,111.86,111.494,111.555,111.832,111.884,111.519,111.58
2026-03-03T06:00:00Z,111.555,111.628,111.351,111.482,111.577,111.652,111.373,111.504
2026-03-03T07:00:00Z,111.485,111.643,111.339,111.407,111.505,111.668,111.364,111.428
2026-03-03T08:00:00Z,111.409,111.505,111.078,111.089,111.43,111.53,111.102,111.115
2026-03-03T09:00:00Z,111.098,111.315,110.98,110.994,111.121,111.342,111.005,111.018
2026-03-03T10:00:00Z,110.997,111.06,110.715,110.848,111.022,111.086,110.74,110.872
2026-03-03T11:00:00Z,110.845,110.94,110.652,110.777,110.87,110.965,110.677,110.803
2026-03-03T12:00:00Z,110.779,110.988,110.705,110.83,110.803,111.012,110.731,110.852
2026-03-03T13:00:00Z,110.826,110.843,110.44,110.634,110.85,110.868,110.46,110.652
2026-03-03T14:00:00Z,110.635,110.75,109.989,110.003,110.652,110.775,110.012,110.03
2026-03-03T15:00:00Z,110.003,110.43,109.517,110.407,110.029,110.453,109.545,110.43
2026-03-03T16:00:00Z,110.407,110.819,110.39,110.769,110.429,110.846,110.414,110.794
2026-03-03T17:00:00Z,110.769,110.905,110.632,110.806,110.796,110.933,110.658,110.831
2026-03-03T18:00:00Z,110.809,111.102,110.804,111.039,110.834,111.126,110.829,111.058
2026-03-03T19:00:00Z,111.04,111.193,110.878,111.027,111.058,111.219,110.903,111.052
2026-03-03T20:00:00Z,111.028,111.097,110.906,111.038,111.052,111.122,110.93,111.064
2026-03-03T21:00:00Z,111.034,111.063,110.882,110.902,111.06,111.082,110.945,110.951
2026-03-03T22:00:00Z,110.721,110.89,110.682,110.859,110.971,110.994,110.848,110.942
2026-03-03T23:00:00Z,110.862,111.088,110.853,111.038,110.933,111.111,110.892,111.064
2026-03-04T00:00:00Z,111.039,111.065,110.344,110.455,111.064,111.09,110.371,110.483
2026-03-04T01:00:00Z,110.457,110.606,110.176,110.389,110.486,110.634,110.206,110.415
2026-03-04T02:00:00Z,110.381,110.622,110.332,110.469,110.407,110.65,110.358,110.495
2026-03-04T03:00:00Z,110.472,110.527,110.151,110.292,110.497,110.552,110.176,110.318
2026-03-04T04:00:00Z,110.287,110.346,109.913,110.044,110.312,110.37,109.936,110.068
2026-03-04T05:00:00Z,110.044,110.419,110.024,110.292,110.067,110.438,110.045,110.317
2026-03-04T06:00:00Z,110.3,110.59,110.208,110.514,110.325,110.615,110.234,110.539
2026-03-04T07:00:00Z,110.518,110.847,110.477,110.691,110.542,110.871,110.501,110.716
2026-03-04T08:00:00Z,110.689,110.766,110.443,110.489,110.715,110.787,110.468,110.515
2026-03-04T09:00:00Z,110.487,110.701,110.401,110.636,110.514,110.728,110.427,110.659
2026-03-04T10:00:00Z,110.636,111.038,110.636,110.813,110.661,111.065,110.66,110.838
2026-03-04T11:00:00Z,110.813,110.922,110.747,110.827,110.842,110.949,110.772,110.852
2026-03-04T12:00:00Z,110.825,110.95,110.644,110.781,110.853,110.974,110.668,110.802
2026-03-04T13:00:00Z,110.784,110.981,110.761,110.952,110.807,111.006,110.786,110.978
2026-03-04T14:00:00Z,110.95,111.014,110.697,110.779,110.974,111.038,110.722,110.862
2026-03-04T15:00:00Z,110.762,111.162,110.737,111.09,110.841,111.188,110.84,111.11
2026-03-04T16:00:00Z,111.09,111.133,110.881,110.959,111.109,111.158,110.907,110.982
2026-03-04T17:00:00Z,110.958,111.019,110.808,110.983,110.982,111.043,110.832,111.009
2026-03-04T18:00:00Z,110.989,111.136,110.928,111.107,111.01,111.161,110.953,111.129
2026-03-04T19:00:00Z,111.108,111.204,111.1,111.195,111.133,111.225,111.125,111.214
2026-03-04T20:00:00Z,111.192,111.209,111.11,111.178,111.214,111.234,111.134,111.2
2026-03-04T21:00:00Z,111.176,111.205,111.066,111.104,111.201,111.229,111.116,111.174
2026-03-04T22:00:00Z,111.045,111.14,111.034,111.039,111.136,111.21,111.106,111.113
2026-03-04T23:00:00Z,111.04,111.165,111.04,111.064,111.112,111.2,111.077,111.087
2026-03-05T00:00:00Z,111.063,111.1,110.869,110.907,111.089,111.126,110.895,110.932
2026-03-05T01:00:00Z,110.911,111.036,110.672,110.743,110.936,111.061,110.698,110.769
2026-03-05T02:00:00Z,110.742,110.969,110.681,110.969,110.767,110.995,110.706,110.995
2026-03-05T03:00:00Z,110.964,111.026,110.637,110.708,110.99,111.052,110.662,110.731
2026-03-05T04:00:00Z,110.703,110.847,110.678,110.808,110.728,110.872,110.703,110.834
2026-03-05T05:00:00Z,110.812,110.864,110.637,110.642,110.837,110.888,110.661,110.668
2026-03-05T06:00:00Z,110.647,110.695,110.454,110.656,110.671,110.723,110.481,110.681
2026-03-05T07:00:00Z,110.654,110.73,110.536,110.62,110.68,110.757,110.561,110.644
2026-03-05T08:00:00Z,110.624,110.64,110.1,110.563,110.648,110.664,110.117,110.588
2026-03-05T09:00:00Z,110.566,110.953,110.535,110.703,110.591,110.983,110.559,110.727
2026-03-05T10:00:00Z,110.702,110.856,110.634,110.825,110.728,110.88,110.659,110.847
2026-03-05T11:00:00Z,110.827,111.014,110.796,110.91,110.85,111.041,110.82,110.929
2026-03-05T12:00:00Z,110.912,111.048,110.836,110.995,110.932,111.07,110.861,111.019
2026-03-05T13:00:00Z,110.995,111.045,110.768,110.889,111.018,111.071,110.794,110.913
2026-03-05T14:00:00Z,110.885,110.918,110.584,110.868,110.909,110.943,110.608,110.894
2026-03-05T15:00:00Z,110.867,110.938,110.431,110.529,110.892,110.964,110.457,110.554
2026-03-05T16:00:00Z,110.526,110.543,110.164,110.354,110.55,110.567,110.189,110.379
2026-03-05T17:00:00Z,110.358,110.475,110.057,110.121,110.382,110.499,110.082,110.147
2026-03-05T18:00:00Z,110.121,110.319,110.076,110.214,110.144,110.342,110.103,110.238
2026-03-05T19:00:00Z,110.214,110.254,110.067,110.172,110.236,110.278,110.09,110.196
2026-03-05T20:00:00Z,110.173,110.49,110.124,110.454,110.196,110.515,110.148,110.479
2026-03-05T21:00:00Z,110.456,110.456,110.373,110.393,110.48,110.525,110.4,110.439
2026-03-05T22:00:00Z,110.323,110.447,110.264,110.333,110.531,110.535,110.353,110.422
2026-03-05T23:00:00Z,110.333,110.513,110.314,110.433,110.426,110.543,110.387,110.457
2026-03-06T00:00:00Z,110.434,110.586,110.331,110.545,110.459,110.611,110.355,110.57
2026-03-06T01:00:00Z,110.542,110.755,110.515,110.723,110.567,110.781,110.54,110.749
2026-03-06T02:00:00Z,110.725,110.87,110.725,110.806,110.751,110.895,110.751,110.831
2026-03-06T03:00:00Z,110.804,110.873,110.791,110.852,110.829,110.896,110.817,110.876
2026-03-06T04:00:00Z,110.849,110.893,110.804,110.813,110.874,110.915,110.83,110.839
2026-03-06T05:00:00Z,110.816,111.004,110.799,110.935,110.842,111.03,110.824,110.96
2026-03-06T06:00:00Z,110.934,111.1,110.932,111.012,110.96,111.126,110.957,111.035
2026-03-06T07:00:00Z,111.013,111.094,110.953,110.958,111.037,111.119,110.977,110.981
2026-03-06T08:00:00Z,110.959,110.98,110.788,110.958,110.981,111.002,110.813,110.982
2026-03-06T09:00:00Z,110.954,110.971,110.462,110.485,110.971,110.996,110.487,110.51
2026-03-06T10:00:00Z,110.484,110.679,110.479,110.665,110.512,110.703,110.503,110.689
2026-03-06T11:00:00Z,110.668,110.733,110.417,110.451,110.691,110.758,110.44,110.477
2026-03-06T12:00:00Z,110.455,110.644,110.386,110.602,110.481,110.671,110.41,110.625
2026-03-06T13:00:00Z,110.598,110.669,110.211,110.242,110.622,110.834,110.24,110.263
2026-03-06T14:00:00Z,110.245,110.488,110.116,110.201,110.274,110.515,110.143,110.228
2026-03-06T15:00:00Z,110.199,110.733,110.198,110.373,110.224,110.758,110.222,110.391
2026-03-06T16:00:00Z,110.369,110.724,110.356,110.684,110.39,110.75,110.38,110.709
2026-03-06T17:00:00Z,110.685,110.743,110.592,110.613,110.709,110.766,110.617,110.637
2026-03-06T18:00:00Z,110.613,110.825,110.603,110.765,110.635,110.849,110.627,110.79
2026-03-06T19:00:00Z,110.766,110.905,110.739,110.904,110.79,110.929,110.762,110.925
2026-03-06T20:00:00Z,110.907,110.963,110.77,110.876,110.928,110.986,110.792,110.9
2026-03-06T21:00:00Z,110.875,110.94,110.821,110.864,110.896,111.043,110.849,111.018
2026-03-08T21:00:00Z,110.397,110.607,110.356,110.405,110.486,110.702,110.455,110.478
2026-03-08T22:00:00Z,110.4,110.7,110.373,110.501,110.476,110.745,110.412,110.526
2026-03-08T23:00:00Z,110.502,110.556,110.226,110.376,110.528,110.584,110.252,110.403
2026-03-09T00:00:00Z,110.38,110.518,110.254,110.467,110.406,110.539,110.282,110.492
2026-03-09T01:00:00Z,110.471,110.622,110.391,110.548,110.497,110.649,110.418,110.573
2026-03-09T02:00:00Z,110.549,111.027,110.549,111.02,110.576,111.052,110.576,111.045
2026-03-09T03:00:00Z,111.016,111.078,110.906,111.053,111.042,111.104,110.933,111.079
2026-03-09T04:00:00Z,111.054,111.171,110.933,110.973,111.078,111.197,110.959,110.999
2026-03-09T05:00:00Z,110.969,111.275,110.919,111.058,110.995,111.295,110.944,111.084
2026-03-09T06:00:00Z,111.06,111.197,110.974,110.995,111.083,111.222,110.999,111.022
2026-03-09T07:00:00Z,110.998,111.098,110.929,111.065,111.024,111.123,110.954,111.089
2026-03-09T08:00:00Z,111.072,111.094,110.741,110.92,111.094,111.12,110.766,110.945
2026-03-09T09:00:00Z,110.925,111.293,110.799,111.142,110.95,111.319,110.824,111.168
2026-03-09T10:00:00Z,111.14,111.218,111.062,111.164,111.166,111.244,111.088,111.188
2026-03-09T11:00:00Z,111.167,111.262,111.117,111.141,111.192,111.285,111.141,111.162
2026-03-09T12:00:00Z,111.141,111.213,111.092,111.168,111.164,111.23,111.117,111.19
2026-03-09T13:00:00Z,111.171,111.295,111.126,111.235,111.19,111.321,111.148,111.26
2026-03-09T14:00:00Z,111.231,111.499,111.157,111.409,111.257,111.524,111.188,111.43
2026-03-09T15:00:00Z,111.41,111.459,111.31,111.353,111.436,111.486,111.334,111.373
2026-03-09T16:00:00Z,111.356,111.542,111.317,111.494,111.377,111.565,111.338,111.513
2026-03-09T17:00:00Z,111.495,111.503,111.349,111.372,111.513,111.521,111.374,111.394
2026-03-09T18:00:00Z,111.372,111.568,111.352,111.536,111.396,111.593,111.375,111.559
2026-03-09T19:00:00Z,111.537,111.75,111.479,111.583,111.559,111.775,111.505,111.609
2026-03-09T20:00:00Z,111.584,111.634,111.46,111.546,111.608,111.655,111.485,111.606
2026-03-09T21:00:00Z,111.461,111.601,111.45,111.586,111.578,111.684,111.567,111.667
2026-03-09T22:00:00Z,111.586,111.681,111.556,111.618,111.683,111.715,111.6,111.645
2026-03-09T23:00:00Z,111.622,111.697,111.545,111.575,111.645,111.726,111.573,111.601
2026-03-10T00:00:00Z,111.566,111.593,111.351,111.403,111.592,111.62,111.371,111.425
2026-03-10T01:00:00Z,111.398,111.494,111.282,111.453,111.421,111.519,111.306,111.475
2026-03-10T02:00:00Z,111.454,111.524,111.325,111.376,111.474,111.549,111.35,111.403
2026-03-10T03:00:00Z,111.377,111.489,111.355,111.446,111.402,111.514,111.381,111.469
2026-03-10T04:00:00Z,111.443,111.474,111.348,111.398,111.468,111.499,111.373,111.424
2026-03-10T05:00:00Z,111.402,111.571,111.278,111.541,111.429,111.594,111.302,111.567
2026-03-10T06:00:00Z,111.54,111.812,111.485,111.739,111.568,111.837,111.51,111.764
2026-03-10T07:00:00Z,111.744,111.971,111.72,111.884,111.769,111.995,111.745,111.907
2026-03-10T08:00:00Z,111.884,112.025,111.754,111.89,111.905,112.049,111.778,111.912
2026-03-10T09:00:00Z,111.886,112.166,111.875,112.126,111.91,112.189,111.898,112.151
2026-03-10T10:00:00Z,112.126,112.295,112.07,112.174,112.148,112.319,112.095,112.199
2026-03-10T11:00:00Z,112.17,112.389,112.139,112.345,112.195,112.413,112.167,112.369
2026-03-10T12:00:00Z,112.347,112.407,112.17,112.271,112.367,112.431,112.193,112.297
2026-03-10T13:00:00Z,112.274,112.367,112.213,112.28,112.3,112.391,112.239,112.309
2026-03-10T14:00:00Z,112.285,112.699,112.214,112.678,112.311,112.726,112.242,112.7
2026-03-10T15:00:00Z,112.673,112.742,112.608,112.664,112.697,112.765,112.635,112.688
2026-03-10T16:00:00Z,112.66,112.683,112.528,112.653,112.685,112.706,112.552,112.677
2026-03-10T17:00:00Z,112.651,112.833,112.646,112.768,112.675,112.856,112.671,112.789
2026-03-10T18:00:00Z,112.768,112.839,112.513,112.594,112.791,112.862,112.542,112.62
2026-03-10T19:00:00Z,112.595,112.631,112.477,112.504,112.62,112.656,112.502,112.528
2026-03-10T20:00:00Z,112.503,112.552,112.445,112.503,112.528,112.577,112.47,112.545
2026-03-10T21:00:00Z,112.479,112.544,112.459,112.484,112.564,112.64,112.556,112.564
2026-03-10T22:00:00Z,112.485,112.556,112.46,112.534,112.571,112.583,112.494,112.56
2026-03-10T23:00:00Z,112.536,112.569,112.493,112.548,112.56,112.595,112.522,112.577
2026-03-11T00:00:00Z,112.553,112.855,112.536,112.783,112.581,112.877,112.561,112.808
2026-03-11T01:00:00Z,112.784,113.178,112.783,113.152,112.808,113.205,112.808,113.178
2026-03-11T02:00:00Z,113.154,113.52,113.085,113.39,113.18,113.546,113.112,113.417
2026-03-11T03:00:00Z,113.388,113.5,113.322,113.478,113.415,113.526,113.347,113.505
2026-03-11T04:00:00Z,113.476,113.619,113.467,113.539,113.503,113.644,113.493,113.564
2026-03-11T05:00:00Z,113.532,113.572,113.314,113.456,113.558,113.596,113.34,113.482
2026-03-11T06:00:00Z,113.456,113.471,113.241,113.323,113.484,113.496,113.267,113.344
2026-03-11T07:00:00Z,113.32,113.433,113.215,113.336,113.341,113.46,113.239,113.36
2026-03-11T08:00:00Z,113.335,113.539,113.3,113.423,113.36,113.564,113.325,113.45
2026-03-11T09:00:00Z,113.426,113.456,113.211,113.247,113.453,113.481,113.234,113.272
2026-03-11T10:00:00Z,113.245,113.406,113.245,113.36,113.27,113.431,113.27,113.386
2026-03-11T11:00:00Z,113.36,113.583,113.339,113.448,113.382,113.608,113.363,113.47
2026-03-11T12:00:00Z,113.447,113.487,113.294,113.336,113.468,113.583,113.319,113.361
2026-03-11T13:00:00Z,113.342,113.609,113.31,113.584,113.363,113.632,113.334,113.608
2026-03-11T14:00:00Z,113.586,113.946,113.573,113.91,113.608,113.97,113.599,113.935
2026-03-11T15:00:00Z,113.91,113.949,113.544,113.546,113.934,113.976,113.566,113.57
2026-03-11T16:00:00Z,113.547,113.667,113.494,113.602,113.569,113.691,113.516,113.626
2026-03-11T17:00:00Z,113.604,113.703,113.452,113.488,113.629,113.726,113.474,113.513
2026-03-11T18:00:00Z,113.485,113.663,113.422,113.613,113.51,113.687,113.447,113.637
2026-03-11T19:00:00Z,113.615,113.744,113.548,113.737,113.64,113.768,113.572,113.759
2026-03-11T20:00:00Z,113.737,113.755,113.651,113.674,113.76,113.777,113.677,113.713
2026-03-11T21:00:00Z,113.632,113.694,113.516,113.59,113.719,113.793,113.629,113.719
2026-03-11T22:00:00Z,113.579,113.636,113.408,113.435,113.761,113.764,113.432,113.455
2026-03-11T23:00:00Z,113.434,113.502,113.346,113.402,113.455,113.529,113.373,113.427
2026-03-12T00:00:00Z,113.402,113.599,113.387,113.585,113.426,113.625,113.416,113.607
2026-03-12T01:00:00Z,113.586,113.729,113.473,113.583,113.607,113.752,113.497,113.608
2026-03-12T02:00:00Z,113.587,113.672,113.416,113.475,113.61,113.697,113.441,113.501
2026-03-12T03:00:00Z,113.472,113.495,113.345,113.483,113.497,113.513,113.371,113.507
2026-03-12T04:00:00Z,113.477,113.489,113.335,113.346,113.502,113.511,113.36,113.37
2026-03-12T05:00:00Z,113.348,113.431,113.242,113.324,113.371,113.457,113.267,113.349
2026-03-12T06:00:00Z,113.326,113.326,113.107,113.207,113.352,113.352,113.133,113.233
2026-03-12T07:00:00Z,113.212,113.325,113.17,113.286,113.236,113.35,113.195,113.311
2026-03-12T08:00:00Z,113.289,113.402,113.257,113.349,113.313,113.428,113.283,113.372
2026-03-12T09:00:00Z,113.352,113.361,113.193,113.298,113.374,113.384,113.218,113.322
2026-03-12T10:00:00Z,113.299,113.303,113.185,113.223,113.321,113.323,113.208,113.248
2026-03-12T11:00:00Z,113.221,113.348,113.183,113.246,113.246,113.374,113.206,113.269
2026-03-12T12:00:00Z,113.247,113.313,113.158,113.293,113.272,113.334,113.183,113.318
2026-03-12T13:00:00Z,113.295,113.337,112.816,112.825,113.32,113.359,112.842,112.849
2026-03-12T14:00:00Z,112.827,113.014,112.712,112.854,112.849,113.038,112.738,112.882
2026-03-12T15:00:00Z,112.849,112.921,112.612,112.848,112.877,112.95,112.638,112.869
2026-03-12T16:00:00Z,112.847,112.991,112.697,112.837,112.869,113.017,112.721,112.856
2026-03-12T17:00:00Z,112.837,112.944,112.81,112.855,112.854,112.968,112.834,112.88
2026-03-12T18:00:00Z,112.858,112.942,112.79,112.854,112.882,112.964,112.814,112.879
2026-03-12T19:00:00Z,112.852,112.898,112.769,112.785,112.876,112.922,112.793,112.811
2026-03-12T20:00:00Z,112.791,112.853,112.736,112.744,112.815,112.877,112.759,112.792
2026-03-12T21:00:00Z,112.734,112.739,112.554,112.661,112.845,112.845,112.732,112.778
2026-03-12T22:00:00Z,112.664,112.767,112.65,112.742,112.784,112.804,112.689,112.766
2026-03-12T23:00:00Z,112.744,112.777,112.63,112.673,112.766,112.802,112.654,112.694
2026-03-13T00:00:00Z,112.661,112.765,112.486,112.698,112.686,112.791,112.511,112.719
2026-03-13T01:00:00Z,112.696,112.833,112.687,112.783,112.718,112.857,112.707,112.806
2026-03-13T02:00:00Z,112.784,112.881,112.676,112.721,112.806,112.907,112.701,112.746
2026-03-13T03:00:00Z,112.718,112.781,112.541,112.668,112.743,112.804,112.567,112.693
2026-03-13T04:00:00Z,112.669,112.732,112.59,112.645,112.695,112.757,112.616,112.671
2026-03-13T05:00:00Z,112.646,112.655,112.484,112.59,112.671,112.68,112.509,112.614
2026-03-13T06:00:00Z,112.592,112.592,112.164,112.197,112.615,112.617,112.189,112.222
2026-03-13T07:00:00Z,112.195,112.21,111.938,112.015,112.219,112.235,111.964,112.041
2026-03-13T08:00:00Z,112.011,112.158,111.819,112.116,112.037,112.185,111.844,112.142
2026-03-13T09:00:00Z,112.116,112.264,112.1,112.194,112.14,112.287,112.126,112.22
2026-03-13T10:00:00Z,112.194,112.302,112.168,112.194,112.222,112.326,112.193,112.213
2026-03-13T11:00:00Z,112.191,112.308,112.077,112.28,112.21,112.332,112.102,112.298
2026-03-13T12:00:00Z,112.282,112.44,112.243,112.425,112.306,112.465,112.267,112.444
2026-03-13T13:00:00Z,112.421,112.437,112.07,112.145,112.442,112.458,112.096,112.182
2026-03-13T14:00:00Z,112.145,112.22,111.88,111.932,112.183,112.24,111.904,111.96
2026-03-13T15:00:00Z,111.933,112.02,111.701,111.704,111.96,112.046,111.727,111.729
2026-03-13T16:00:00Z,111.705,111.877,111.692,111.812,111.729,111.903,111.718,111.837
2026-03-13T17:00:00Z,111.815,111.943,111.721,111.747,111.838,111.967,111.745,111.77
2026-03-13T18:00:00Z,111.747,111.859,111.727,111.797,111.771,111.882,111.751,111.818
2026-03-13T19:00:00Z,111.793,111.795,111.61,111.616,111.817,111.818,111.634,111.64
2026-03-13T20:00:00Z,111.616,111.629,111.458,111.485,111.639,111.65,111.508,111.534
2026-03-15T21:00:00Z,111.506,111.621,111.484,111.581,111.648,111.769,111.601,111.724
2026-03-15T22:00:00Z,111.564,111.706,111.518,111.592,111.736,111.757,111.559,111.617
2026-03-15T23:00:00Z,111.594,111.783,111.577,111.761,111.62,111.808,111.601,111.783
2026-03-16T00:00:00Z,111.759,111.903,111.665,111.75,111.785,111.929,111.691,111.773
2026-03-16T01:00:00Z,111.751,111.824,111.565,111.786,111.773,111.849,111.591,111.813
2026-03-16T02:00:00Z,111.786,111.896,111.753,111.818,111.815,111.922,111.78,111.842
2026-03-16T03:00:00Z,111.821,111.875,111.748,111.809,111.844,111.902,111.773,111.833
2026-03-16T04:00:00Z,111.807,111.884,111.746,111.748,111.833,111.909,111.771,111.774
2026-03-16T05:00:00Z,111.752,111.843,111.68,111.76,111.776,111.867,111.705,111.787
2026-03-16T06:00:00Z,111.76,111.859,111.714,111.781,111.786,111.881,111.739,111.804
2026-03-16T07:00:00Z,111.78,111.8,111.619,111.699,111.805,111.824,111.64,111.722
2026-03-16T08:00:00Z,111.697,111.895,111.664,111.886,111.721,111.92,111.688,111.909
2026-03-16T09:00:00Z,111.882,111.922,111.807,111.907,111.904,111.948,111.831,111.932
2026-03-16T10:00:00Z,111.906,112.25,111.881,112.245,111.927,112.275,111.902,112.269
2026-03-16T11:00:00Z,112.244,112.3,112.133,112.18,112.267,112.323,112.15,112.203
2026-03-16T12:00:00Z,112.18,112.244,112.148,112.185,112.2,112.269,112.173,112.209
2026-03-16T13:00:00Z,112.184,112.425,112.182,112.39,112.209,112.447,112.207,112.415
2026-03-16T14:00:00Z,112.385,112.426,112.263,112.391,112.411,112.448,112.284,112.412
2026-03-16T15:00:00Z,112.393,112.432,112.277,112.371,112.412,112.454,112.301,112.392
2026-03-16T16:00:00Z,112.371,112.436,112.23,112.331,112.394,112.459,112.252,112.355
2026-03-16T17:00:00Z,112.335,112.409,112.331,112.355,112.36,112.433,112.355,112.38
2026-03-16T18:00:00Z,112.358,112.493,112.356,112.46,112.379,112.516,112.379,112.485
2026-03-16T19:00:00Z,112.463,112.574,112.449,112.565,112.487,112.597,112.473,112.586
2026-03-16T20:00:00Z,112.563,112.568,112.438,112.454,112.586,112.592,112.486,112.491
2026-03-16T21:00:00Z,112.38,112.461,112.3,112.376,112.584,112.592,112.462,112.552
2026-03-16T22:00:00Z,112.387,112.466,112.387,112.411,112.536,112.547,112.419,112.436
2026-03-16T23:00:00Z,112.411,112.493,112.404,112.449,112.435,112.519,112.43,112.479
2026-03-17T00:00:00Z,112.451,112.504,112.402,112.499,112.479,112.53,112.427,112.525
2026-03-17T01:00:00Z,112.505,112.848,112.48,112.848,112.528,112.869,112.504,112.866
2026-03-17T02:00:00Z,112.844,112.939,112.747,112.75,112.865,112.962,112.772,112.775
2026-03-17T03:00:00Z,112.754,112.999,112.275,112.591,112.778,113.041,112.307,112.614
2026-03-17T04:00:00Z,112.583,112.747,112.487,112.614,112.609,112.769,112.513,112.638
2026-03-17T05:00:00Z,112.614,112.915,112.584,112.671,112.637,112.941,112.608,112.694
2026-03-17T06:00:00Z,112.673,112.714,112.483,112.671,112.695,112.739,112.509,112.698
2026-03-17T07:00:00Z,112.667,112.688,112.463,112.524,112.693,112.714,112.487,112.542
2026-03-17T08:00:00Z,112.521,112.692,112.377,112.687,112.54,112.721,112.394,112.712
2026-03-17T09:00:00Z,112.684,112.807,112.658,112.801,112.713,112.831,112.683,112.825
2026-03-17T10:00:00Z,112.798,112.831,112.63,112.726,112.818,112.855,112.656,112.749
2026-03-17T11:00:00Z,112.727,112.75,112.62,112.625,112.749,112.773,112.644,112.647
2026-03-17T12:00:00Z,112.626,112.87,112.607,112.864,112.65,112.893,112.632,112.889
2026-03-17T13:00:00Z,112.866,113.074,112.84,112.967,112.889,113.099,112.864,112.992
2026-03-17T14:00:00Z,112.965,112.999,112.81,112.87,112.989,113.024,112.834,112.895
2026-03-17T15:00:00Z,112.868,112.901,112.706,112.897,112.894,112.923,112.731,112.919
2026-03-17T16:00:00Z,112.896,112.959,112.845,112.878,112.919,112.981,112.869,112.902
2026-03-17T17:00:00Z,112.878,113.066,112.877,113.05,112.903,113.088,112.901,113.07
2026-03-17T18:00:00Z,113.05,113.072,112.948,112.988,113.072,113.096,112.968,113.01
2026-03-17T19:00:00Z,112.988,112.99,112.918,112.982,113.009,113.011,112.943,113.005
2026-03-17T20:00:00Z,112.98,113.006,112.925,112.949,113.004,113.031,112.978,112.994
2026-03-17T21:00:00Z,112.931,112.931,112.742,112.864,113.051,113.116,112.929,113.014
2026-03-17T22:00:00Z,112.841,112.991,112.841,112.968,112.986,113.026,112.953,113.0
2026-03-17T23:00:00Z,112.967,112.99,112.914,112.943,113.001,113.049,112.946,112.975
2026-03-18T00:00:00Z,112.944,113.106,112.884,113.031,112.978,113.132,112.907,113.056
2026-03-18T01:00:00Z,113.039,113.204,113.039,113.09,113.064,113.23,113.064,113.114
2026-03-18T02:00:00Z,113.086,113.093,112.803,112.836,113.112,113.117,112.827,112.86
2026-03-18T03:00:00Z,112.836,113.025,112.82,113.013,112.861,113.047,112.846,113.037
2026-03-18T04:00:00Z,113.014,113.078,112.929,112.974,113.039,113.104,112.955,112.998
2026-03-18T05:00:00Z,112.973,112.995,112.858,112.947,112.998,113.021,112.883,112.973
2026-03-18T06:00:00Z,112.954,112.997,112.89,112.988,112.976,113.024,112.916,113.013
2026-03-18T07:00:00Z,112.992,113.003,112.887,112.905,113.015,113.026,112.912,112.926
2026-03-18T08:00:00Z,112.904,112.983,112.852,112.971,112.926,113.005,112.874,112.993
2026-03-18T09:00:00Z,112.971,113.045,112.945,113.009,112.994,113.07,112.971,113.034
2026-03-18T10:00:00Z,113.011,113.052,112.924,112.941,113.035,113.076,112.949,112.965
2026-03-18T11:00:00Z,112.945,112.967,112.804,112.855,112.969,112.989,112.828,112.88
2026-03-18T12:00:00Z,112.856,112.866,112.514,112.521,112.879,112.891,112.538,112.542
2026-03-18T13:00:00Z,112.524,112.688,112.413,112.684,112.547,112.714,112.44,112.713
2026-03-18T14:00:00Z,112.684,112.827,112.56,112.803,112.716,112.852,112.587,112.825
2026-03-18T15:00:00Z,112.81,112.96,112.8,112.844,112.833,112.985,112.823,112.868
2026-03-18T16:00:00Z,112.842,112.942,112.816,112.895,112.868,112.965,112.84,112.919
2026-03-18T17:00:00Z,112.894,112.903,112.813,112.843,112.917,112.93,112.839,112.93
2026-03-18T18:00:00Z,112.838,112.931,112.586,112.619,112.932,112.965,112.61,112.644
2026-03-18T19:00:00Z,112.618,112.664,112.381,112.434,112.644,112.692,112.41,112.462
2026-03-18T20:00:00Z,112.435,112.46,112.191,112.265,112.465,112.489,112.222,112.307
2026-03-18T21:00:00Z,112.245,112.428,112.178,112.285,112.337,112.548,112.304,112.467
2026-03-18T22:00:00Z,112.297,112.36,112.204,112.213,112.464,112.47,112.233,112.239
2026-03-18T23:00:00Z,112.217,112.338,112.178,112.327,112.24,112.365,112.21,112.354
2026-03-19T00:00:00Z,112.328,112.545,112.272,112.544,112.353,112.57,112.3,112.57
2026-03-19T01:00:00Z,112.546,112.6,112.378,112.425,112.572,112.627,112.404,112.456
2026-03-19T02:00:00Z,112.425,112.592,112.293,112.472,112.455,112.62,112.323,112.502
2026-03-19T03:00:00Z,112.472,112.598,112.439,112.466,112.504,112.629,112.465,112.491
2026-03-19T04:00:00Z,112.466,112.466,112.332,112.353,112.495,112.495,112.356,112.375
2026-03-19T05:00:00Z,112.354,112.454,112.303,112.316,112.375,112.479,112.329,112.34
2026-03-19T06:00:00Z,112.32,112.45,112.239,112.378,112.344,112.473,112.265,112.402
2026-03-19T07:00:00Z,112.374,112.392,111.839,111.874,112.399,112.417,111.86,111.896
2026-03-19T08:00:00Z,111.877,112.159,111.77,112.003,111.896,112.184,111.793,112.028
2026-03-19T09:00:00Z,112.006,112.374,112.006,112.314,112.031,112.404,112.031,112.342
2026-03-19T10:00:00Z,112.312,112.312,112.17,112.185,112.34,112.34,112.192,112.207
2026-03-19T11:00:00Z,112.186,112.23,111.872,112.011,112.209,112.254,111.897,112.036
2026-03-19T12:00:00Z,112.009,112.016,111.476,111.525,112.036,112.04,111.502,111.548
2026-03-19T13:00:00Z,111.521,111.549,111.152,111.369,111.545,111.575,111.177,111.401
2026-03-19T14:00:00Z,111.365,111.62,111.311,111.566,111.398,111.645,111.332,111.593
2026-03-19T15:00:00Z,111.568,111.738,111.257,111.282,111.595,111.761,111.284,111.307
2026-03-19T16:00:00Z,111.279,111.494,111.265,111.364,111.305,111.519,111.289,111.388
2026-03-19T17:00:00Z,111.367,111.443,111.241,111.337,111.39,111.468,111.267,111.359
2026-03-19T18:00:00Z,111.337,111.56,111.295,111.555,111.36,111.585,111.32,111.582
2026-03-19T19:00:00Z,111.553,111.981,111.553,111.677,111.579,112.004,111.579,111.703
2026-03-19T20:00:00Z,111.674,111.767,111.66,111.757,111.701,111.824,111.681,111.792
2026-03-19T21:00:00Z,111.681,111.834,111.616,111.794,111.863,111.935,111.758,111.898
2026-03-19T22:00:00Z,111.788,111.875,111.777,111.816,111.899,111.91,111.814,111.834
2026-03-19T23:00:00Z,111.811,111.936,111.79,111.806,111.834,111.964,111.816,111.832
2026-03-20T00:00:00Z,111.807,111.894,111.64,111.792,111.831,111.914,111.665,111.818
2026-03-20T01:00:00Z,111.785,112.048,111.785,111.993,111.811,112.072,111.811,112.019
2026-03-20T02:00:00Z,111.996,112.217,111.987,112.202,112.022,112.24,112.013,112.228
2026-03-20T03:00:00Z,112.205,112.223,112.069,112.166,112.229,112.245,112.094,112.191
2026-03-20T04:00:00Z,112.166,112.275,112.089,112.246,112.189,112.299,112.114,112.27
2026-03-20T05:00:00Z,112.246,112.362,112.199,112.221,112.268,112.386,112.22,112.245
2026-03-20T06:00:00Z,112.22,112.307,112.108,112.142,112.246,112.334,112.134,112.169
2026-03-20T07:00:00Z,112.145,112.379,112.088,112.234,112.169,112.401,112.112,112.259
2026-03-20T08:00:00Z,112.238,112.348,112.205,112.3,112.263,112.374,112.23,112.325
2026-03-20T09:00:00Z,112.303,112.357,112.168,112.205,112.328,112.381,112.194,112.23
2026-03-20T10:00:00Z,112.203,112.22,112.03,112.128,112.227,112.245,112.054,112.153
2026-03-20T11:00:00Z,112.132,112.293,112.104,112.26,112.156,112.316,112.126,112.281
2026-03-20T12:00:00Z,112.258,112.353,112.197,112.259,112.283,112.378,112.222,112.284
2026-03-20T13:00:00Z,112.263,112.272,111.954,111.985,112.286,112.296,111.979,112.01
2026-03-20T14:00:00Z,111.98,112.086,111.816,111.933,112.004,112.112,111.841,111.959
2026-03-20T15:00:00Z,111.934,112.124,111.904,111.983,111.958,112.15,111.93,112.007
2026-03-20T16:00:00Z,111.98,112.197,111.967,112.095,112.005,112.221,111.992,112.119
2026-03-20T17:00:00Z,112.1,112.154,111.929,111.994,112.124,112.179,111.953,112.017
2026-03-20T18:00:00Z,111.994,112.006,111.694,111.699,112.018,112.027,111.719,111.724
2026-03-20T19:00:00Z,111.702,111.811,111.604,111.773,111.725,111.833,111.628,111.797
2026-03-20T20:00:00Z,111.773,111.893,111.726,111.764,111.798,111.933,111.757,111.862
2026-03-22T21:00:00Z,111.39,111.531,111.242,111.368,111.592,111.648,111.44,111.54
2026-03-22T22:00:00Z,111.368,111.738,111.367,111.607,111.555,111.772,111.536,111.633
2026-03-22T23:00:00Z,111.612,111.627,111.505,111.554,111.635,111.653,111.531,111.579
2026-03-23T00:00:00Z,111.552,111.608,111.372,111.553,111.579,111.635,111.397,111.579
2026-03-23T01:00:00Z,111.557,111.74,111.406,111.539,111.583,111.767,111.434,111.566
2026-03-23T02:00:00Z,111.545,111.612,111.293,111.36,111.571,111.638,111.32,111.386
2026-03-23T03:00:00Z,111.363,111.457,111.189,111.31,111.386,111.484,111.215,111.336
2026-03-23T04:00:00Z,111.309,111.343,111.213,111.237,111.336,111.369,111.239,111.264
2026-03-23T05:00:00Z,111.239,111.295,111.024,111.083,111.266,111.32,111.052,111.108
2026-03-23T06:00:00Z,111.081,111.099,110.91,110.918,111.105,111.125,110.937,110.945
2026-03-23T07:00:00Z,110.918,111.092,110.818,110.959,110.943,111.116,110.843,110.985
2026-03-23T08:00:00Z,110.963,111.233,110.943,111.072,110.989,111.258,110.968,111.091
2026-03-23T09:00:00Z,111.072,111.087,110.727,110.753,111.094,111.106,110.751,110.778
2026-03-23T10:00:00Z,110.756,110.777,110.271,110.494,110.781,110.802,110.295,110.515
2026-03-23T11:00:00Z,110.494,111.53,110.494,111.006,110.518,111.571,110.516,111.039
2026-03-23T12:00:00Z,111.003,111.504,110.86,111.429,111.04,111.534,110.887,111.453
2026-03-23T13:00:00Z,111.431,111.459,111.058,111.376,111.456,111.487,111.084,111.401
2026-03-23T14:00:00Z,111.377,111.768,111.276,111.627,111.403,111.794,111.307,111.653
2026-03-23T15:00:00Z,111.629,111.759,110.955,110.971,111.651,111.786,110.983,110.994
2026-03-23T16:00:00Z,110.968,111.173,110.876,111.131,110.993,111.2,110.903,111.156
2026-03-23T17:00:00Z,111.132,111.324,111.073,111.117,111.156,111.348,111.099,111.143
2026-03-23T18:00:00Z,111.119,111.125,110.896,111.062,111.145,111.152,110.92,111.087
2026-03-23T19:00:00Z,111.062,111.104,110.973,111.059,111.085,111.13,110.997,111.081
2026-03-23T20:00:00Z,111.053,111.106,110.996,111.04,111.078,111.132,111.037,111.09
2026-03-23T21:00:00Z,111.03,111.118,110.908,110.916,111.28,111.286,111.014,111.038
2026-03-23T22:00:00Z,110.91,111.207,110.868,111.109,111.032,111.241,110.903,111.141
2026-03-23T23:00:00Z,111.11,111.11,110.996,111.062,111.141,111.141,111.017,111.083
2026-03-24T00:00:00Z,111.059,111.066,110.489,110.789,111.082,111.092,110.517,110.815
2026-03-24T01:00:00Z,110.787,110.831,110.473,110.52,110.815,110.858,110.499,110.546
2026-03-24T02:00:00Z,110.517,110.684,110.463,110.55,110.543,110.71,110.489,110.576
2026-03-24T03:00:00Z,110.552,110.644,110.481,110.593,110.575,110.669,110.507,110.617
2026-03-24T04:00:00Z,110.596,110.626,110.493,110.578,110.621,110.651,110.519,110.604
2026-03-24T05:00:00Z,110.58,110.596,110.404,110.497,110.604,110.621,110.43,110.523
2026-03-24T06:00:00Z,110.494,110.807,110.485,110.8,110.52,110.832,110.511,110.826
2026-03-24T07:00:00Z,110.806,111.114,110.713,110.766,110.83,111.141,110.74,110.792
2026-03-24T08:00:00Z,110.764,110.773,110.359,110.459,110.786,110.797,110.377,110.485
2026-03-24T09:00:00Z,110.465,110.625,110.337,110.603,110.49,110.649,110.361,110.626
2026-03-24T10:00:00Z,110.605,110.699,110.52,110.694,110.629,110.726,110.544,110.715
2026-03-24T11:00:00Z,110.693,110.74,110.456,110.641,110.715,110.764,110.481,110.662
2026-03-24T12:00:00Z,110.642,110.659,110.4,110.467,110.667,110.683,110.425,110.492
2026-03-24T13:00:00Z,110.463,110.566,110.363,110.566,110.489,110.593,110.389,110.592
2026-03-24T14:00:00Z,110.565,110.808,110.46,110.56,110.592,110.834,110.483,110.588
2026-03-24T15:00:00Z,110.557,110.706,110.466,110.652,110.585,110.731,110.492,110.677
2026-03-24T16:00:00Z,110.657,110.753,110.593,110.679,110.681,110.778,110.618,110.703
2026-03-24T17:00:00Z,110.676,110.707,110.423,110.589,110.701,110.73,110.448,110.609
2026-03-24T18:00:00Z,110.591,110.803,110.555,110.735,110.611,110.825,110.581,110.756
2026-03-24T19:00:00Z,110.733,110.877,110.733,110.78,110.756,110.901,110.756,110.802
2026-03-24T20:00:00Z,110.783,111.162,110.772,111.031,110.805,111.196,110.798,111.082
2026-03-24T21:00:00Z,110.89,110.952,110.762,110.941,111.023,111.067,110.913,111.054
2026-03-24T22:00:00Z,110.941,111.053,110.904,111.049,111.05,111.084,110.94,111.078
2026-03-24T23:00:00Z,111.044,111.087,110.95,111.0,111.077,111.113,110.98,111.026
2026-03-25T00:00:00Z,110.994,111.147,110.842,110.964,111.019,111.173,110.87,110.992
2026-03-25T01:00:00Z,110.965,111.049,110.797,110.802,110.991,111.075,110.82,110.826
2026-03-25T02:00:00Z,110.803,110.866,110.693,110.717,110.828,110.892,110.719,110.743
2026-03-25T03:00:00Z,110.723,110.795,110.676,110.793,110.748,110.819,110.702,110.817
2026-03-25T04:00:00Z,110.791,110.902,110.77,110.797,110.816,110.928,110.796,110.82
2026-03-25T05:00:00Z,110.797,110.887,110.776,110.831,110.821,110.912,110.801,110.855
2026-03-25T06:00:00Z,110.833,110.894,110.785,110.846,110.855,110.921,110.811,110.871
2026-03-25T07:00:00Z,110.846,110.906,110.76,110.861,110.869,110.928,110.784,110.887
2026-03-25T08:00:00Z,110.858,110.962,110.796,110.823,110.883,110.984,110.822,110.848
2026-03-25T09:00:00Z,110.822,110.9,110.641,110.715,110.849,110.927,110.667,110.739
2026-03-25T10:00:00Z,110.72,110.768,110.614,110.69,110.741,110.793,110.638,110.715
2026-03-25T11:00:00Z,110.693,110.752,110.589,110.652,110.717,110.777,110.61,110.677
2026-03-25T12:00:00Z,110.654,110.713,110.532,110.658,110.677,110.739,110.558,110.683
2026-03-25T13:00:00Z,110.658,110.767,110.547,110.562,110.681,110.79,110.572,110.587
2026-03-25T14:00:00Z,110.566,110.817,110.511,110.793,110.59,110.84,110.536,110.817
2026-03-25T15:00:00Z,110.797,110.864,110.586,110.816,110.82,110.888,110.61,110.838
2026-03-25T16:00:00Z,110.813,110.894,110.726,110.818,110.835,110.916,110.751,110.843
2026-03-25T17:00:00Z,110.821,110.938,110.794,110.864,110.845,110.961,110.819,110.889
2026-03-25T18:00:00Z,110.861,110.927,110.739,110.811,110.886,110.95,110.764,110.836
2026-03-25T19:00:00Z,110.807,110.834,110.748,110.798,110.833,110.858,110.772,110.821
2026-03-25T20:00:00Z,110.798,110.821,110.737,110.763,110.82,110.846,110.761,110.804
2026-03-25T21:00:00Z,110.786,110.789,110.679,110.701,110.903,110.903,110.802,110.818
2026-03-25T22:00:00Z,110.69,110.813,110.633,110.727,110.807,110.842,110.663,110.751
2026-03-25T23:00:00Z,110.727,110.736,110.589,110.651,110.75,110.758,110.615,110.676
2026-03-26T00:00:00Z,110.651,110.738,110.59,110.633,110.675,110.766,110.614,110.655
2026-03-26T01:00:00Z,110.635,110.73,110.618,110.714,110.656,110.756,110.644,110.737
2026-03-26T02:00:00Z,110.714,110.73,110.56,110.638,110.738,110.756,110.586,110.662
2026-03-26T03:00:00Z,110.64,110.848,110.64,110.82,110.665,110.873,110.665,110.843
2026-03-26T04:00:00Z,110.82,110.909,110.774,110.861,110.842,110.936,110.8,110.884
2026-03-26T05:00:00Z,110.861,110.89,110.767,110.792,110.883,110.915,110.792,110.818
2026-03-26T06:00:00Z,110.793,110.828,110.711,110.749,110.817,110.855,110.736,110.771
2026-03-26T07:00:00Z,110.748,110.753,110.61,110.666,110.772,110.778,110.631,110.692
2026-03-26T08:00:00Z,110.67,110.712,110.549,110.702,110.694,110.736,110.572,110.726
2026-03-26T09:00:00Z,110.702,110.718,110.503,110.622,110.727,110.743,110.528,110.647
2026-03-26T10:00:00Z,110.624,110.695,110.549,110.571,110.648,110.721,110.574,110.596
2026-03-26T11:00:00Z,110.576,110.608,110.3,110.315,110.598,110.633,110.325,110.338
2026-03-26T12:00:00Z,110.315,110.447,110.188,110.205,110.34,110.472,110.212,110.23
2026-03-26T13:00:00Z,110.208,110.507,110.205,110.45,110.233,110.529,110.227,110.475
2026-03-26T14:00:00Z,110.453,110.52,110.212,110.332,110.477,110.544,110.237,110.356
2026-03-26T15:00:00Z,110.33,110.425,110.242,110.329,110.357,110.451,110.267,110.351
2026-03-26T16:00:00Z,110.332,110.357,110.121,110.142,110.355,110.38,110.145,110.167
2026-03-26T17:00:00Z,110.142,110.185,109.986,109.99,110.164,110.208,110.007,110.01
2026-03-26T18:00:00Z,109.989,110.146,109.989,110.127,110.011,110.163,110.01,110.146
2026-03-26T19:00:00Z,110.128,110.128,109.894,109.904,110.146,110.149,109.919,109.927
2026-03-26T20:00:00Z,109.902,110.308,109.884,110.009,109.927,110.34,109.909,110.068
2026-03-26T21:00:00Z,109.965,110.114,109.842,109.949,110.145,110.243,110.012,110.161
2026-03-26T22:00:00Z,109.941,110.06,109.941,110.041,110.109,110.11,109.986,110.073
2026-03-26T23:00:00Z,110.039,110.08,109.964,109.983,110.072,110.107,109.99,110.006
2026-03-27T00:00:00Z,109.971,110.025,109.616,109.688,109.995,110.049,109.641,109.712
2026-03-27T01:00:00Z,109.687,109.884,109.618,109.846,109.712,109.905,109.644,109.871
2026-03-27T02:00:00Z,109.851,109.992,109.85,109.952,109.875,110.016,109.875,109.974
2026-03-27T03:00:00Z,109.951,110.218,109.925,110.209,109.974,110.236,109.95,110.227
2026-03-27T04:00:00Z,110.208,110.315,110.155,110.293,110.227,110.339,110.181,110.318
2026-03-27T05:00:00Z,110.297,110.312,110.076,110.1,110.322,110.336,110.102,110.126
2026-03-27T06:00:00Z,110.099,110.237,110.045,110.212,110.124,110.26,110.068,110.238
2026-03-27T07:00:00Z,110.214,110.236,110.092,110.186,110.238,110.259,110.116,110.211
2026-03-27T08:00:00Z,110.188,110.267,110.056,110.217,110.21,110.291,110.081,110.242
2026-03-27T09:00:00Z,110.211,110.274,110.12,110.198,110.236,110.298,110.144,110.223
2026-03-27T10:00:00Z,110.197,110.269,110.15,110.227,110.221,110.294,110.175,110.252
2026-03-27T11:00:00Z,110.229,110.241,110.098,110.101,110.252,110.266,110.121,110.124
2026-03-27T12:00:00Z,110.101,110.117,109.988,110.092,110.125,110.14,110.01,110.117
2026-03-27T13:00:00Z,110.098,110.239,109.973,110.089,110.122,110.263,109.996,110.119
2026-03-27T14:00:00Z,110.084,110.218,110.068,110.15,110.117,110.242,110.093,110.173
2026-03-27T15:00:00Z,110.149,110.324,110.084,110.319,110.173,110.348,110.108,110.341
2026-03-27T16:00:00Z,110.316,110.398,110.157,110.23,110.34,110.421,110.18,110.255
2026-03-27T17:00:00Z,110.23,110.354,110.054,110.119,110.256,110.379,110.079,110.145
2026-03-27T18:00:00Z,110.116,110.209,110.1,110.117,110.142,110.234,110.126,110.143
2026-03-27T19:00:00Z,110.117,110.14,110.041,110.072,110.142,110.164,110.063,110.089
2026-03-27T20:00:00Z,110.07,110.246,110.016,110.09,110.089,110.295,110.04,110.283
2026-03-29T21:00:00Z,109.921,110.055,109.698,109.892,110.062,110.195,109.889,110.142
2026-03-29T22:00:00Z,109.903,110.072,109.821,109.868,110.153,110.202,109.847,109.894
2026-03-29T23:00:00Z,109.864,109.942,109.738,109.764,109.89,109.964,109.761,109.786
2026-03-30T00:00:00Z,109.764,109.775,109.488,109.554,109.784,109.796,109.515,109.581
2026-03-30T01:00:00Z,109.553,109.741,109.533,109.58,109.579,109.766,109.558,109.606
2026-03-30T02:00:00Z,109.583,109.664,109.511,109.594,109.608,109.686,109.537,109.621
2026-03-30T03:00:00Z,109.596,109.784,109.567,109.756,109.623,109.81,109.594,109.78
2026-03-30T04:00:00Z,109.749,109.754,109.675,109.716,109.774,109.78,109.7,109.739
2026-03-30T05:00:00Z,109.716,109.748,109.651,109.706,109.741,109.775,109.674,109.731
2026-03-30T06:00:00Z,109.705,109.806,109.643,109.652,109.727,109.831,109.667,109.67
2026-03-30T07:00:00Z,109.652,109.659,109.336,109.455,109.671,109.678,109.358,109.478
2026-03-30T08:00:00Z,109.451,109.522,109.396,109.436,109.475,109.547,109.416,109.459
2026-03-30T09:00:00Z,109.437,109.464,109.328,109.428,109.462,109.487,109.351,109.453
2026-03-30T10:00:00Z,109.427,109.478,109.39,109.426,109.451,109.501,109.415,109.447
2026-03-30T11:00:00Z,109.428,109.494,109.343,109.41,109.449,109.52,109.368,109.433
2026-03-30T12:00:00Z,109.412,109.473,109.341,109.353,109.436,109.494,109.365,109.378
2026-03-30T13:00:00Z,109.353,109.388,109.128,109.154,109.376,109.412,109.153,109.178
2026-03-30T14:00:00Z,109.152,109.352,109.037,109.351,109.177,109.376,109.062,109.373
2026-03-30T15:00:00Z,109.358,109.407,109.233,109.346,109.38,109.428,109.255,109.368
2026-03-30T16:00:00Z,109.348,109.356,109.239,109.307,109.372,109.379,109.264,109.329
2026-03-30T17:00:00Z,109.31,109.409,109.288,109.366,109.33,109.434,109.312,109.388
2026-03-30T18:00:00Z,109.362,109.393,109.304,109.368,109.386,109.414,109.326,109.39
2026-03-30T19:00:00Z,109.366,109.384,109.235,109.375,109.387,109.407,109.259,109.399
2026-03-30T20:00:00Z,109.375,109.455,109.332,109.445,109.4,109.499,109.356,109.493
2026-03-30T21:00:00Z,109.33,109.448,109.285,109.415,109.451,109.538,109.403,109.532
2026-03-30T22:00:00Z,109.41,109.532,109.403,109.509,109.53,109.555,109.463,109.53
2026-03-30T23:00:00Z,109.506,109.506,109.362,109.41,109.529,109.529,109.388,109.433
2026-03-31T00:00:00Z,109.413,109.654,109.256,109.617,109.435,109.68,109.282,109.642
2026-03-31T01:00:00Z,109.618,109.794,109.575,109.691,109.641,109.819,109.6,109.712
2026-03-31T02:00:00Z,109.687,109.691,109.445,109.445,109.713,109.713,109.47,109.471
2026-03-31T03:00:00Z,109.446,109.489,109.321,109.383,109.469,109.513,109.348,109.409
2026-03-31T04:00:00Z,109.387,109.44,109.234,109.239,109.411,109.465,109.258,109.259
2026-03-31T05:00:00Z,109.237,109.392,109.065,109.334,109.258,109.418,109.089,109.358
2026-03-31T06:00:00Z,109.335,109.47,109.254,109.459,109.357,109.495,109.28,109.484
2026-03-31T07:00:00Z,109.461,109.629,109.277,109.608,109.486,109.652,109.302,109.632
2026-03-31T08:00:00Z,109.604,109.656,109.416,109.479,109.629,109.68,109.441,109.504
2026-03-31T09:00:00Z,109.481,109.525,109.412,109.435,109.505,109.55,109.436,109.459
2026-03-31T10:00:00Z,109.44,109.494,109.41,109.426,109.464,109.517,109.432,109.45
2026-03-31T11:00:00Z,109.429,109.758,109.405,109.718,109.453,109.783,109.43,109.74
2026-03-31T12:00:00Z,109.715,109.863,109.568,109.573,109.74,109.887,109.593,109.601
2026-03-31T13:00:00Z,109.576,109.593,109.378,109.486,109.602,109.617,109.401,109.54
2026-03-31T14:00:00Z,109.483,109.552,108.769,108.958,109.542,109.579,108.796,108.981
2026-03-31T15:00:00Z,108.96,109.144,108.931,109.018,108.98,109.168,108.957,109.043
2026-03-31T16:00:00Z,109.019,109.566,109.007,109.431,109.043,109.593,109.032,109.46
2026-03-31T17:00:00Z,109.432,109.553,109.375,109.405,109.46,109.576,109.401,109.427
2026-03-31T18:00:00Z,109.402,109.531,109.395,109.458,109.427,109.555,109.42,109.483
2026-03-31T19:00:00Z,109.465,109.569,109.443,109.49,109.489,109.593,109.467,109.515
2026-03-31T20:00:00Z,109.494,109.58,109.44,109.502,109.517,109.604,109.463,109.554
2026-03-31T21:00:00Z,109.379,109.57,109.379,109.506,109.586,109.75,109.493,109.587
2026-03-31T22:00:00Z,109.52,109.563,109.452,109.527,109.593,109.599,109.483,109.551
2026-03-31T23:00:00Z,109.527,109.709,109.479,109.699,109.55,109.733,109.504,109.724
2026-04-01T00:00:00Z,109.699,109.975,109.632,109.951,109.721,109.999,109.655,109.975
2026-04-01T01:00:00Z,109.955,109.986,109.691,109.724,109.98,110.009,109.717,109.75
2026-04-01T02:00:00Z,109.725,109.785,109.648,109.654,109.752,109.811,109.674,109.68
2026-04-01T03:00:00Z,109.651,109.664,109.481,109.634,109.677,109.687,109.507,109.66
2026-04-01T04:00:00Z,109.638,109.674,109.553,109.556,109.663,109.701,109.577,109.58
2026-04-01T05:00:00Z,109.557,109.777,109.504,109.524,109.58,109.803,109.53,109.55
2026-04-01T06:00:00Z,109.53,109.915,109.482,109.902,109.551,109.941,109.506,109.927
2026-04-01T07:00:00Z,109.907,109.996,109.721,109.961,109.933,110.018,109.746,109.987
2026-04-01T08:00:00Z,109.956,110.182,109.92,110.031,109.982,110.208,109.946,110.054
2026-04-01T09:00:00Z,110.033,110.179,109.959,110.129,110.053,110.204,109.985,110.155
2026-04-01T10:00:00Z,110.133,110.183,110.023,110.037,110.158,110.207,110.049,110.062
2026-04-01T11:00:00Z,110.035,110.206,110.015,110.075,110.061,110.23,110.038,110.1
2026-04-01T12:00:00Z,110.072,110.207,109.933,109.985,110.096,110.231,109.959,110.011
2026-04-01T13:00:00Z,109.982,110.184,109.92,110.089,110.008,110.205,109.947,110.156
2026-04-01T14:00:00Z,110.096,110.146,109.962,109.996,110.19,110.254,109.987,110.017
2026-04-01T15:00:00Z,110.0,110.127,109.929,110.099,110.022,110.153,109.955,110.124
2026-04-01T16:00:00Z,110.096,110.126,110.017,110.09,110.121,110.151,110.043,110.114
2026-04-01T17:00:00Z,110.092,110.116,109.963,109.964,110.117,110.138,109.987,109.989
2026-04-01T18:00:00Z,109.963,109.971,109.731,109.818,109.989,109.995,109.757,109.845
2026-04-01T19:00:00Z,109.819,110.031,109.809,109.955,109.845,110.056,109.833,109.98
2026-04-01T20:00:00Z,109.955,109.996,109.931,109.965,109.979,110.025,109.959,110.008
2026-04-01T21:00:00Z,109.837,109.986,109.735,109.911,110.061,110.092,109.858,110.028
2026-04-01T22:00:00Z,109.916,109.941,109.767,109.804,110.007,110.032,109.793,109.833
2026-04-01T23:00:00Z,109.81,109.884,109.78,109.85,109.839,109.909,109.808,109.876
2026-04-02T00:00:00Z,109.852,109.986,109.794,109.941,109.879,110.012,109.814,109.967
2026-04-02T01:00:00Z,109.939,110.075,109.508,109.634,109.965,110.105,109.534,109.662
2026-04-02T02:00:00Z,109.636,109.811,109.604,109.773,109.662,109.831,109.63,109.796
2026-04-02T03:00:00Z,109.776,109.789,109.654,109.667,109.796,109.81,109.68,109.693
2026-04-02T04:00:00Z,109.67,109.679,109.533,109.579,109.696,109.701,109.557,109.604
2026-04-02T05:00:00Z,109.581,109.658,109.444,109.458,109.605,109.679,109.471,109.48
2026-04-02T06:00:00Z,109.459,109.578,109.393,109.548,109.483,109.603,109.418,109.573
2026-04-02T07:00:00Z,109.548,109.842,109.545,109.833,109.574,109.864,109.57,109.855
2026-04-02T08:00:00Z,109.834,109.849,109.695,109.75,109.858,109.872,109.719,109.771
2026-04-02T09:00:00Z,109.751,109.761,109.649,109.697,109.771,109.783,109.672,109.718
2026-04-02T10:00:00Z,109.698,109.703,109.548,109.569,109.716,109.723,109.567,109.59
2026-04-02T11:00:00Z,109.569,109.642,109.547,109.623,109.589,109.667,109.57,109.647
2026-04-02T12:00:00Z,109.626,109.888,109.61,109.819,109.65,109.912,109.627,109.844
2026-04-02T13:00:00Z,109.824,109.969,109.746,109.924,109.848,109.995,109.768,109.949
2026-04-02T14:00:00Z,109.929,110.17,109.824,110.123,109.953,110.2,109.851,110.14
2026-04-02T15:00:00Z,110.124,110.15,110.001,110.075,110.143,110.176,110.029,110.099
2026-04-02T16:00:00Z,110.075,110.223,110.031,110.179,110.097,110.248,110.056,110.203
2026-04-02T17:00:00Z,110.179,110.284,110.161,110.187,110.201,110.308,110.187,110.21
2026-04-02T18:00:00Z,110.189,110.263,110.178,110.209,110.213,110.286,110.202,110.233
2026-04-02T19:00:00Z,110.208,110.272,110.16,110.246,110.231,110.293,110.183,110.267
2026-04-02T20:00:00Z,110.248,110.28,110.212,110.239,110.271,110.324,110.232,110.324
2026-04-02T21:00:00Z,109.993,110.212,109.993,110.085,110.243,110.372,110.243,110.311
2026-04-02T22:00:00Z,110.113,110.261,110.113,110.229,110.334,110.336,110.235,110.262
2026-04-02T23:00:00Z,110.23,110.249,110.2,110.202,110.261,110.274,110.225,110.231
2026-04-03T00:00:00Z,110.203,110.313,110.189,110.306,110.233,110.341,110.22,110.331
2026-04-03T01:00:00Z,110.307,110.328,110.259,110.279,110.33,110.352,110.284,110.304
2026-04-03T02:00:00Z,110.279,110.301,110.234,110.279,110.302,110.327,110.26,110.305
2026-04-03T03:00:00Z,110.282,110.303,110.194,110.198,110.305,110.329,110.219,110.223
2026-04-03T04:00:00Z,110.198,110.235,110.145,110.223,110.225,110.262,110.169,110.244
2026-04-03T05:00:00Z,110.223,110.274,110.175,110.271,110.245,110.299,110.201,110.296
2026-04-03T06:00:00Z,110.272,110.3,110.215,110.288,110.296,110.324,110.239,110.308
2026-04-03T07:00:00Z,110.288,110.327,110.223,110.233,110.312,110.349,110.249,110.259
2026-04-03T08:00:00Z,110.237,110.256,110.183,110.254,110.263,110.283,110.209,110.277
2026-04-03T09:00:00Z,110.252,110.26,110.18,110.2,110.277,110.284,110.208,110.228
2026-04-03T10:00:00Z,110.199,110.228,110.162,110.202,110.224,110.253,110.189,110.228
2026-04-03T11:00:00Z,110.202,110.232,110.166,110.2,110.226,110.258,110.192,110.223
2026-04-03T12:00:00Z,110.199,110.279,109.998,110.111,110.22,110.4,110.097,110.14
2026-04-03T13:00:00Z,110.111,110.18,110.05,110.097,110.141,110.209,110.079,110.129
2026-04-03T14:00:00Z,110.094,110.102,109.964,109.992,110.129,110.132,109.995,110.02
2026-04-03T15:00:00Z,109.993,110.032,109.947,110.01,110.019,110.067,109.984,110.052
2026-04-03T16:00:00Z,110.01,110.055,109.969,109.986,110.051,110.093,109.999,110.017
2026-04-03T17:00:00Z,109.982,110.031,109.942,110.011,110.019,110.064,109.974,110.037
2026-04-03T18:00:00Z,110.006,110.01,109.945,109.961,110.039,110.044,109.975,110.005
2026-04-03T19:00:00Z,109.962,109.992,109.882,109.893,110.001,110.033,109.933,109.95
2026-04-03T20:00:00Z,109.892,110.049,109.766,109.946,109.947,110.299,109.94,110.196
2026-04-05T21:00:00Z,109.834,109.956,109.713,109.816,110.084,110.132,109.903,110.066
2026-04-05T22:00:00Z,109.811,110.025,109.733,109.985,110.061,110.099,109.885,110.01
2026-04-05T23:00:00Z,109.987,110.038,109.945,109.999,110.013,110.065,109.967,110.022
2026-04-06T00:00:00Z,110.0,110.153,109.997,110.142,110.022,110.18,110.017,110.164
2026-04-06T01:00:00Z,110.137,110.155,110.023,110.093,110.162,110.176,110.048,110.112
2026-04-06T02:00:00Z,110.093,110.331,110.09,110.156,110.116,110.354,110.113,110.178
2026-04-06T03:00:00Z,110.156,110.195,110.1,110.179,110.181,110.222,110.126,110.205
2026-04-06T04:00:00Z,110.182,110.246,110.161,110.243,110.208,110.274,110.187,110.269
2026-04-06T05:00:00Z,110.242,110.289,110.211,110.214,110.267,110.313,110.235,110.239
2026-04-06T06:00:00Z,110.217,110.386,110.187,110.333,110.24,110.411,110.21,110.353
2026-04-06T07:00:00Z,110.333,110.514,110.292,110.426,110.351,110.539,110.311,110.451
2026-04-06T08:00:00Z,110.431,110.496,110.38,110.455,110.456,110.52,110.404,110.48
2026-04-06T09:00:00Z,110.458,110.537,110.398,110.408,110.483,110.562,110.423,110.426
2026-04-06T10:00:00Z,110.408,110.509,110.38,110.457,110.428,110.534,110.407,110.479
2026-04-06T11:00:00Z,110.459,110.577,110.432,110.542,110.482,110.602,110.457,110.565
2026-04-06T12:00:00Z,110.539,110.543,110.416,110.429,110.563,110.568,110.444,110.454
2026-04-06T13:00:00Z,110.428,110.539,110.405,110.524,110.454,110.566,110.428,110.565
2026-04-06T14:00:00Z,110.506,110.584,110.338,110.538,110.546,110.609,110.364,110.56
2026-04-06T15:00:00Z,110.536,110.548,110.39,110.474,110.561,110.574,110.416,110.503
2026-04-06T16:00:00Z,110.477,110.494,110.387,110.42,110.505,110.523,110.414,110.446
2026-04-06T17:00:00Z,110.42,110.497,110.338,110.461,110.445,110.523,110.365,110.487
2026-04-06T18:00:00Z,110.462,110.518,110.429,110.487,110.487,110.544,110.455,110.509
2026-04-06T19:00:00Z,110.489,110.517,110.462,110.486,110.511,110.543,110.487,110.508
2026-04-06T20:00:00Z,110.485,110.502,110.445,110.453,110.512,110.528,110.491,110.5
2026-04-06T21:00:00Z,110.396,110.459,110.38,110.412,110.505,110.557,110.482,110.529
2026-04-06T22:00:00Z,110.416,110.485,110.388,110.405,110.525,110.526,110.413,110.436
2026-04-06T23:00:00Z,110.409,110.455,110.395,110.44,110.438,110.48,110.42,110.466
2026-04-07T00:00:00Z,110.44,110.582,110.413,110.452,110.467,110.604,110.438,110.474
2026-04-07T01:00:00Z,110.454,110.553,110.309,110.347,110.476,110.58,110.335,110.374
2026-04-07T02:00:00Z,110.348,110.446,110.298,110.427,110.373,110.47,110.322,110.453
2026-04-07T03:00:00Z,110.428,110.506,110.413,110.456,110.452,110.53,110.438,110.48
2026-04-07T04:00:00Z,110.461,110.538,110.407,110.485,110.484,110.563,110.433,110.51
2026-04-07T05:00:00Z,110.487,110.502,110.401,110.485,110.513,110.525,110.428,110.51
2026-04-07T06:00:00Z,110.486,110.586,110.481,110.545,110.508,110.609,110.504,110.569
2026-04-07T07:00:00Z,110.546,110.556,110.447,110.545,110.568,110.578,110.471,110.57
2026-04-07T08:00:00Z,110.546,110.809,110.502,110.772,110.57,110.832,110.528,110.793
2026-04-07T09:00:00Z,110.763,110.818,110.73,110.786,110.788,110.84,110.755,110.809
2026-04-07T10:00:00Z,110.785,110.822,110.603,110.707,110.809,110.846,110.631,110.733
2026-04-07T11:00:00Z,110.709,110.857,110.658,110.854,110.733,110.88,110.686,110.878
2026-04-07T12:00:00Z,110.854,110.941,110.775,110.84,110.877,110.965,110.8,110.865
