time,bid_o,bid_h,bid_l,bid_c,ask_o,ask_h,ask_l,ask_c
2024-04-07T21:00:00Z,91.052,91.098,90.94,91.077,91.252,91.257,91.125,91.145
2024-04-07T22:00:00Z,91.064,91.133,91.027,91.106,91.128,91.186,91.07,91.133
2024-04-07T23:00:00Z,91.105,91.151,91.042,91.058,91.131,91.177,91.069,91.082
2024-04-08T00:00:00Z,91.056,91.14,90.999,91.096,91.081,91.165,91.023,91.121
2024-04-08T01:00:00Z,91.094,91.213,91.087,91.207,91.12,91.239,91.111,91.232
2024-04-08T02:00:00Z,91.21,91.303,91.178,91.296,91.236,91.327,91.202,91.322
2024-04-08T03:00:00Z,91.295,91.31,91.105,91.171,91.32,91.337,91.131,91.195
2024-04-08T04:00:00Z,91.172,91.262,91.151,91.262,91.197,91.286,91.178,91.286
2024-04-08T05:00:00Z,91.262,91.321,91.249,91.275,91.291,91.347,91.275,91.295
2024-04-08T06:00:00Z,91.268,91.314,91.232,91.28,91.295,91.34,91.257,91.306
2024-04-08T07:00:00Z,91.282,91.349,91.243,91.324,91.306,91.374,91.265,91.349
2024-04-08T08:00:00Z,91.324,91.342,91.244,91.318,91.347,91.369,91.27,91.342
2024-04-08T09:00:00Z,91.319,91.421,91.297,91.413,91.342,91.44,91.322,91.437
2024-04-08T10:00:00Z,91.412,91.526,91.396,91.511,91.434,91.549,91.421,91.534
2024-04-08T11:00:00Z,91.514,91.528,91.429,91.435,91.536,91.552,91.454,91.459
2024-04-08T12:00:00Z,91.436,91.467,91.371,91.458,91.459,91.494,91.394,91.483
2024-04-08T13:00:00Z,91.46,91.632,91.46,91.588,91.486,91.654,91.485,91.606
2024-04-08T14:00:00Z,91.586,91.586,91.469,91.553,91.606,91.61,91.493,91.578
2024-04-08T15:00:00Z,91.553,91.578,91.502,91.507,91.577,91.604,91.524,91.531
2024-04-08T16:00:00Z,91.506,91.537,91.486,91.533,91.532,91.561,91.509,91.556
2024-04-08T17:00:00Z,91.533,91.589,91.507,91.555,91.557,91.614,91.529,91.579
2024-04-08T18:00:00Z,91.559,91.568,91.532,91.546,91.582,91.592,91.554,91.572
2024-04-08T19:00:00Z,91.546,91.587,91.53,91.571,91.572,91.61,91.553,91.592
2024-04-08T20:00:00Z,91.571,91.617,91.556,91.564,91.593,91.642,91.582,91.597
2024-04-08T21:00:00Z,91.514,91.588,91.511,91.546,91.649,91.67,91.591,91.601
2024-04-08T22:00:00Z,91.541,91.6,91.46,91.566,91.599,91.633,91.573,91.59
2024-04-08T23:00:00Z,91.566,91.652,91.566,91.613,91.589,91.674,91.589,91.637
2024-04-09T00:00:00Z,91.611,91.766,91.601,91.753,91.637,91.785,91.624,91.775
2024-04-09T01:00:00Z,91.753,91.846,91.728,91.816,91.777,91.87,91.751,91.839
2024-04-09T02:00:00Z,91.816,91.826,91.714,91.744,91.843,91.849,91.736,91.768
2024-04-09T03:00:00Z,91.744,91.75,91.631,91.661,91.767,91.774,91.655,91.684
2024-04-09T04:00:00Z,91.662,91.793,91.662,91.765,91.686,91.819,91.686,91.788
2024-04-09T05:00:00Z,91.761,91.786,91.725,91.749,91.785,91.81,91.748,91.775
2024-04-09T06:00:00Z,91.747,91.763,91.651,91.67,91.775,91.785,91.675,91.696
2024-04-09T07:00:00Z,91.67,91.708,91.644,91.698,91.695,91.73,91.667,91.72
2024-04-09T08:00:00Z,91.7,91.772,91.657,91.771,91.72,91.794,91.681,91.793
2024-04-09T09:00:00Z,91.77,91.881,91.754,91.881,91.793,91.905,91.78,91.905
2024-04-09T10:00:00Z,91.881,91.944,91.865,91.897,91.903,91.97,91.888,91.922
2024-04-09T11:00:00Z,91.899,91.923,91.879,91.913,91.922,91.947,91.903,91.935
2024-04-09T12:00:00Z,91.913,92.078,91.888,92.048,91.937,92.101,91.911,92.071
2024-04-09T13:00:00Z,92.046,92.158,92.016,92.135,92.067,92.182,92.039,92.161
2024-04-09T14:00:00Z,92.135,92.177,91.768,91.83,92.16,92.203,91.794,91.855
2024-04-09T15:00:00Z,91.831,91.899,91.799,91.851,91.855,91.925,91.823,91.878
2024-04-09T16:00:00Z,91.853,91.886,91.793,91.798,91.878,91.911,91.818,91.821
2024-04-09T17:00:00Z,91.796,91.824,91.759,91.777,91.821,91.849,91.781,91.804
2024-04-09T18:00:00Z,91.777,91.839,91.766,91.836,91.803,91.864,91.789,91.861
2024-04-09T19:00:00Z,91.836,91.961,91.793,91.928,91.861,91.985,91.816,91.953
2024-04-09T20:00:00Z,91.927,91.97,91.927,91.946,91.951,91.992,91.95,91.973
2024-04-09T21:00:00Z,91.857,91.931,91.799,91.927,92.047,92.071,91.931,91.98
2024-04-09T22:00:00Z,91.927,92.001,91.911,91.993,91.97,92.028,91.939,92.02
2024-04-09T23:00:00Z,91.995,92.062,91.987,92.045,92.02,92.088,92.01,92.068
2024-04-10T00:00:00Z,92.047,92.079,91.943,91.959,92.071,92.102,91.967,91.984
2024-04-10T01:00:00Z,91.957,92.008,91.886,91.89,91.984,92.033,91.908,91.935
2024-04-10T02:00:00Z,91.861,92.199,91.761,92.121,91.918,92.222,91.842,92.145
2024-04-10T03:00:00Z,92.126,92.194,92.122,92.166,92.149,92.218,92.146,92.189
2024-04-10T04:00:00Z,92.164,92.215,92.146,92.173,92.188,92.239,92.167,92.2
2024-04-10T05:00:00Z,92.172,92.24,92.107,92.124,92.198,92.265,92.131,92.148
2024-04-10T06:00:00Z,92.126,92.164,92.083,92.156,92.15,92.19,92.109,92.181
2024-04-10T07:00:00Z,92.155,92.18,92.061,92.178,92.181,92.205,92.086,92.202
2024-04-10T08:00:00Z,92.179,92.231,92.131,92.223,92.202,92.258,92.154,92.246
2024-04-10T09:00:00Z,92.224,92.261,92.198,92.232,92.246,92.283,92.221,92.254
2024-04-10T10:00:00Z,92.226,92.269,92.211,92.26,92.25,92.295,92.233,92.284
2024-04-10T11:00:00Z,92.259,92.303,92.236,92.287,92.282,92.326,92.259,92.307
2024-04-10T12:00:00Z,92.287,92.37,91.363,91.661,92.31,92.422,91.4,91.686
2024-04-10T13:00:00Z,91.664,91.675,91.408,91.505,91.688,91.704,91.436,91.534
2024-04-10T14:00:00Z,91.505,91.591,91.439,91.493,91.533,91.616,91.465,91.516
2024-04-10T15:00:00Z,91.494,91.513,91.381,91.388,91.516,91.536,91.403,91.411
2024-04-10T16:00:00Z,91.391,91.399,91.242,91.36,91.415,91.421,91.266,91.385
2024-04-10T17:00:00Z,91.36,91.454,91.273,91.339,91.387,91.478,91.3,91.416
2024-04-10T18:00:00Z,91.365,91.402,91.274,91.285,91.416,91.43,91.298,91.312
2024-04-10T19:00:00Z,91.285,91.379,91.231,91.368,91.312,91.404,91.258,91.39
2024-04-10T20:00:00Z,91.368,91.487,91.33,91.445,91.392,91.513,91.353,91.486
2024-04-10T21:00:00Z,91.446,91.495,91.339,91.412,91.646,91.646,91.422,91.495
2024-04-10T22:00:00Z,91.417,91.468,91.33,91.411,91.506,91.506,91.359,91.439
2024-04-10T23:00:00Z,91.411,91.432,91.336,91.375,91.436,91.459,91.359,91.4
2024-04-11T00:00:00Z,91.372,91.39,91.269,91.305,91.398,91.415,91.293,91.335
2024-04-11T01:00:00Z,91.305,91.442,91.301,91.386,91.336,91.468,91.327,91.412
2024-04-11T02:00:00Z,91.387,91.447,91.369,91.405,91.412,91.47,91.392,91.429
2024-04-11T03:00:00Z,91.405,91.486,91.394,91.486,91.427,91.509,91.419,91.509
2024-04-11T04:00:00Z,91.487,91.512,91.448,91.509,91.511,91.537,91.471,91.533
2024-04-11T05:00:00Z,91.51,91.596,91.51,91.569,91.533,91.622,91.533,91.592
2024-04-11T06:00:00Z,91.566,91.677,91.496,91.669,91.59,91.699,91.521,91.693
2024-04-11T07:00:00Z,91.665,91.715,91.587,91.705,91.687,91.739,91.613,91.728
2024-04-11T08:00:00Z,91.706,91.763,91.69,91.735,91.731,91.786,91.714,91.76
2024-04-11T09:00:00Z,91.734,91.768,91.687,91.727,91.76,91.793,91.714,91.748
2024-04-11T10:00:00Z,91.726,91.729,91.654,91.687,91.749,91.752,91.678,91.71
2024-04-11T11:00:00Z,91.687,91.721,91.602,91.631,91.708,91.744,91.628,91.657
2024-04-11T12:00:00Z,91.629,91.814,91.475,91.802,91.653,91.842,91.553,91.83
2024-04-11T13:00:00Z,91.802,91.956,91.76,91.785,91.831,91.983,91.787,91.81
2024-04-11T14:00:00Z,91.785,91.794,91.513,91.552,91.811,91.82,91.533,91.578
2024-04-11T15:00:00Z,91.553,91.638,91.504,91.633,91.576,91.662,91.529,91.656
2024-04-11T16:00:00Z,91.632,91.723,91.596,91.705,91.658,91.748,91.621,91.729
2024-04-11T17:00:00Z,91.704,91.848,91.668,91.823,91.729,91.873,91.695,91.85
2024-04-11T18:00:00Z,91.823,91.918,91.815,91.868,91.851,91.944,91.843,91.894
2024-04-11T19:00:00Z,91.868,91.906,91.839,91.897,91.894,91.931,91.865,91.919
2024-04-11T20:00:00Z,91.893,91.919,91.857,91.886,91.917,91.939,91.877,91.916
2024-04-11T21:00:00Z,91.899,91.912,91.843,91.878,91.996,91.997,91.904,91.917
2024-04-11T22:00:00Z,91.878,92.004,91.868,91.962,91.916,92.031,91.908,91.988
2024-04-11T23:00:00Z,91.962,91.977,91.901,91.926,91.989,92.001,91.925,91.952
2024-04-12T00:00:00Z,91.928,91.951,91.824,91.836,91.955,91.975,91.846,91.861
2024-04-12T01:00:00Z,91.841,91.992,91.84,91.983,91.866,92.015,91.865,92.007
2024-04-12T02:00:00Z,91.98,92.002,91.935,91.99,92.004,92.022,91.96,92.014
2024-04-12T03:00:00Z,91.987,91.989,91.856,91.871,92.01,92.013,91.882,91.896
2024-04-12T04:00:00Z,91.87,91.899,91.836,91.846,91.893,91.923,91.862,91.868
2024-04-12T05:00:00Z,91.846,91.865,91.767,91.776,91.87,91.889,91.792,91.803
2024-04-12T06:00:00Z,91.778,91.808,91.559,91.604,91.805,91.831,91.581,91.629
2024-04-12T07:00:00Z,91.605,91.669,91.522,91.664,91.634,91.692,91.546,91.686
2024-04-12T08:00:00Z,91.661,91.674,91.572,91.585,91.685,91.697,91.594,91.607
2024-04-12T09:00:00Z,91.585,91.61,91.455,91.528,91.609,91.635,91.478,91.551
2024-04-12T10:00:00Z,91.524,91.524,91.302,91.306,91.548,91.548,91.326,91.328
2024-04-12T11:00:00Z,91.306,91.402,91.296,91.307,91.331,91.43,91.32,91.33
2024-04-12T12:00:00Z,91.309,91.333,90.945,90.976,91.333,91.358,90.969,91.001
2024-04-12T13:00:00Z,90.976,91.055,90.748,90.907,90.999,91.08,90.775,90.956
2024-04-12T14:00:00Z,90.91,90.91,90.695,90.88,90.955,90.955,90.719,90.905
2024-04-12T15:00:00Z,90.878,91.122,90.878,91.071,90.902,91.147,90.901,91.095
2024-04-12T16:00:00Z,91.071,91.071,90.866,90.918,91.094,91.094,90.891,90.94
2024-04-12T17:00:00Z,90.918,90.99,90.853,90.96,90.939,91.014,90.878,90.984
2024-04-12T18:00:00Z,90.956,90.996,90.896,90.928,90.981,91.019,90.921,90.952
2024-04-12T19:00:00Z,90.928,90.952,90.902,90.945,90.952,90.975,90.928,90.964
2024-04-12T20:00:00Z,90.942,91.005,90.922,90.96,90.964,91.089,90.946,91.032
2024-04-14T21:00:00Z,90.952,90.952,90.769,90.858,91.032,91.07,90.857,91.041
2024-04-14T22:00:00Z,90.89,91.128,90.886,91.102,91.09,91.163,90.947,91.126
2024-04-14T23:00:00Z,91.1,91.168,91.017,91.119,91.124,91.194,91.041,91.139
2024-04-15T00:00:00Z,91.116,91.165,90.997,91.066,91.137,91.188,91.024,91.09
2024-04-15T01:00:00Z,91.07,91.22,91.044,91.203,91.092,91.245,91.07,91.228
2024-04-15T02:00:00Z,91.203,91.381,91.198,91.349,91.229,91.408,91.223,91.369
2024-04-15T03:00:00Z,91.348,91.482,91.315,91.45,91.37,91.509,91.341,91.473
2024-04-15T04:00:00Z,91.451,91.483,91.392,91.453,91.475,91.507,91.418,91.478
2024-04-15T05:00:00Z,91.451,91.538,91.436,91.518,91.475,91.563,91.46,91.543
2024-04-15T06:00:00Z,91.518,91.544,91.42,91.433,91.542,91.565,91.445,91.459
2024-04-15T07:00:00Z,91.433,91.435,91.292,91.388,91.457,91.46,91.314,91.413
2024-04-15T08:00:00Z,91.389,91.424,91.332,91.393,91.415,91.449,91.354,91.422
2024-04-15T09:00:00Z,91.393,91.468,91.383,91.45,91.42,91.494,91.409,91.476
2024-04-15T10:00:00Z,91.45,91.468,91.407,91.453,91.475,91.495,91.434,91.478
2024-04-15T11:00:00Z,91.452,91.494,91.393,91.432,91.475,91.517,91.417,91.456
2024-04-15T12:00:00Z,91.431,91.548,91.296,91.504,91.456,91.574,91.352,91.531
2024-04-15T13:00:00Z,91.504,91.596,91.415,91.421,91.529,91.619,91.438,91.445
2024-04-15T14:00:00Z,91.419,91.436,91.124,91.322,91.444,91.459,91.152,91.347
2024-04-15T15:00:00Z,91.324,91.465,91.272,91.397,91.347,91.484,91.293,91.42
2024-04-15T16:00:00Z,91.394,91.432,91.268,91.321,91.42,91.458,91.293,91.343
2024-04-15T17:00:00Z,91.318,91.318,91.076,91.109,91.341,91.341,91.1,91.135
2024-04-15T18:00:00Z,91.11,91.15,91.047,91.079,91.135,91.175,91.069,91.103
2024-04-15T19:00:00Z,91.079,91.079,90.991,91.02,91.103,91.103,91.013,91.044
2024-04-15T20:00:00Z,91.021,91.054,90.962,91.048,91.044,91.092,90.987,91.071
2024-04-15T21:00:00Z,91.032,91.067,90.976,91.032,91.107,91.121,91.072,91.081
2024-04-15T22:00:00Z,91.031,91.066,90.982,91.011,91.082,91.1,91.006,91.037
2024-04-15T23:00:00Z,91.009,91.066,90.99,91.01,91.038,91.089,91.014,91.039
2024-04-16T00:00:00Z,91.013,91.059,90.893,90.895,91.042,91.085,90.918,90.92
2024-04-16T01:00:00Z,90.891,90.935,90.774,90.851,90.917,90.964,90.799,90.874
2024-04-16T02:00:00Z,90.851,90.883,90.635,90.695,90.872,90.91,90.658,90.721
2024-04-16T03:00:00Z,90.692,90.754,90.656,90.754,90.719,90.777,90.681,90.777
2024-04-16T04:00:00Z,90.75,90.797,90.701,90.793,90.774,90.825,90.726,90.819
2024-04-16T05:00:00Z,90.792,90.954,90.783,90.926,90.819,90.98,90.811,90.952
2024-04-16T06:00:00Z,90.925,90.986,90.831,90.966,90.948,91.009,90.856,90.992
2024-04-16T07:00:00Z,90.967,90.997,90.882,90.894,90.991,91.02,90.904,90.916
2024-04-16T08:00:00Z,90.894,91.037,90.877,90.962,90.917,91.061,90.9,90.986
2024-04-16T09:00:00Z,90.966,91.07,90.913,90.978,90.988,91.093,90.94,91.004
2024-04-16T10:00:00Z,90.985,90.985,90.858,90.948,91.008,91.011,90.883,90.971
2024-04-16T11:00:00Z,90.946,91.154,90.938,91.124,90.972,91.178,90.963,91.146
2024-04-16T12:00:00Z,91.125,91.125,90.947,91.009,91.146,91.148,90.975,91.034
2024-04-16T13:00:00Z,91.012,91.021,90.493,90.794,91.038,91.048,90.54,90.819
2024-04-16T14:00:00Z,90.793,91.034,90.764,90.902,90.82,91.06,90.788,90.929
2024-04-16T15:00:00Z,90.905,91.024,90.892,90.961,90.932,91.048,90.918,90.985
2024-04-16T16:00:00Z,90.959,91.01,90.917,90.987,90.985,91.032,90.939,91.011
2024-04-16T17:00:00Z,90.985,91.042,90.818,91.023,91.012,91.069,90.844,91.049
2024-04-16T18:00:00Z,91.024,91.134,90.937,91.078,91.048,91.161,90.961,91.1
2024-04-16T19:00:00Z,91.078,91.078,90.942,90.964,91.1,91.1,90.965,90.987
2024-04-16T20:00:00Z,90.966,90.982,90.917,90.964,90.987,91.006,90.942,90.985
2024-04-16T21:00:00Z,90.905,90.963,90.873,90.928,91.078,91.08,90.952,90.98
2024-04-16T22:00:00Z,90.93,91.26,90.64,91.135,90.981,91.287,90.686,91.162
2024-04-16T23:00:00Z,91.14,91.199,91.102,91.131,91.169,91.228,91.127,91.154
2024-04-17T00:00:00Z,91.129,91.285,91.128,91.247,91.153,91.309,91.151,91.27
2024-04-17T01:00:00Z,91.243,91.335,91.16,91.312,91.266,91.361,91.184,91.335
2024-04-17T02:00:00Z,91.313,91.356,91.268,91.335,91.335,91.38,91.292,91.36
2024-04-17T03:00:00Z,91.335,91.358,91.286,91.316,91.361,91.387,91.307,91.341
2024-04-17T04:00:00Z,91.318,91.343,91.228,91.265,91.341,91.369,91.254,91.291
2024-04-17T05:00:00Z,91.264,91.264,91.1,91.164,91.291,91.291,91.124,91.19
2024-04-17T06:00:00Z,91.164,91.402,91.108,91.389,91.188,91.426,91.134,91.416
2024-04-17T07:00:00Z,91.39,91.413,91.264,91.268,91.416,91.436,91.289,91.289
2024-04-17T08:00:00Z,91.269,91.37,91.256,91.314,91.292,91.395,91.285,91.34
2024-04-17T09:00:00Z,91.311,91.328,91.227,91.327,91.339,91.352,91.253,91.351
2024-04-17T10:00:00Z,91.33,91.399,91.311,91.351,91.353,91.429,91.333,91.376
2024-04-17T11:00:00Z,91.35,91.42,91.329,91.35,91.374,91.443,91.352,91.373
2024-04-17T12:00:00Z,91.35,91.382,91.272,91.292,91.372,91.402,91.293,91.315
2024-04-17T13:00:00Z,91.289,91.431,91.285,91.395,91.313,91.456,91.306,91.42
2024-04-17T14:00:00Z,91.394,91.397,91.23,91.237,91.422,91.422,91.255,91.262
2024-04-17T15:00:00Z,91.238,91.339,91.208,91.229,91.262,91.362,91.231,91.25
2024-04-17T16:00:00Z,91.229,91.23,91.009,91.01,91.252,91.255,91.034,91.035
2024-04-17T17:00:00Z,91.011,91.277,91.002,91.276,91.037,91.304,91.028,91.304
2024-04-17T18:00:00Z,91.28,91.427,91.262,91.312,91.304,91.453,91.287,91.339
2024-04-17T19:00:00Z,91.312,91.312,91.2,91.254,91.339,91.339,91.224,91.283
2024-04-17T20:00:00Z,91.254,91.335,91.243,91.293,91.282,91.36,91.268,91.344
2024-04-17T21:00:00Z,91.291,91.306,91.159,91.248,91.348,91.43,91.334,91.356
2024-04-17T22:00:00Z,91.248,91.33,91.248,91.286,91.348,91.37,91.285,91.31
2024-04-17T23:00:00Z,91.284,91.324,91.208,91.254,91.307,91.348,91.231,91.278
2024-04-18T00:00:00Z,91.251,91.26,91.174,91.227,91.275,91.284,91.199,91.252
2024-04-18T01:00:00Z,91.233,91.304,91.166,91.247,91.256,91.329,91.203,91.27
2024-04-18T02:00:00Z,91.247,91.332,91.184,91.315,91.268,91.355,91.212,91.344
2024-04-18T03:00:00Z,91.316,91.396,91.302,91.389,91.344,91.421,91.33,91.413
2024-04-18T04:00:00Z,91.396,91.396,91.33,91.339,91.42,91.42,91.356,91.365
2024-04-18T05:00:00Z,91.341,91.395,91.282,91.379,91.364,91.419,91.31,91.399
2024-04-18T06:00:00Z,91.375,91.499,91.341,91.473,91.399,91.525,91.366,91.497
2024-04-18T07:00:00Z,91.473,91.493,91.351,91.474,91.498,91.516,91.377,91.498
2024-04-18T08:00:00Z,91.474,91.547,91.439,91.526,91.497,91.572,91.462,91.55
2024-04-18T09:00:00Z,91.528,91.55,91.472,91.51,91.551,91.575,91.497,91.534
2024-04-18T10:00:00Z,91.509,91.55,91.478,91.535,91.534,91.573,91.502,91.559
2024-04-18T11:00:00Z,91.535,91.601,91.471,91.514,91.56,91.627,91.497,91.54
2024-04-18T12:00:00Z,91.511,91.526,91.395,91.438,91.536,91.571,91.42,91.457
2024-04-18T13:00:00Z,91.438,91.534,91.326,91.372,91.459,91.557,91.352,91.408
2024-04-18T14:00:00Z,91.372,91.513,91.328,91.428,91.407,91.537,91.351,91.451
2024-04-18T15:00:00Z,91.43,91.546,91.409,91.471,91.452,91.569,91.432,91.494
2024-04-18T16:00:00Z,91.474,91.5,91.337,91.361,91.498,91.524,91.36,91.383
2024-04-18T17:00:00Z,91.361,91.364,91.208,91.258,91.381,91.385,91.226,91.282
2024-04-18T18:00:00Z,91.258,91.296,91.215,91.263,91.28,91.32,91.239,91.283
2024-04-18T19:00:00Z,91.263,91.299,91.237,91.239,91.283,91.323,91.258,91.263
2024-04-18T20:00:00Z,91.238,91.255,91.21,91.251,91.261,91.3,91.237,91.294
2024-04-18T21:00:00Z,91.223,91.282,91.217,91.239,91.335,91.359,91.281,91.301
2024-04-18T22:00:00Z,91.251,91.272,91.212,91.243,91.3,91.304,91.255,91.266
2024-04-18T23:00:00Z,91.242,91.254,91.198,91.24,91.267,91.28,91.223,91.265
2024-04-19T00:00:00Z,91.239,91.251,91.124,91.144,91.263,91.276,91.148,91.168
2024-04-19T01:00:00Z,91.14,91.156,90.229,90.458,91.164,91.182,90.255,90.487
2024-04-19T02:00:00Z,90.46,90.462,89.947,90.208,90.489,90.49,89.972,90.231
2024-04-19T03:00:00Z,90.206,90.767,90.204,90.696,90.231,90.793,90.228,90.724
2024-04-19T04:00:00Z,90.694,90.891,90.692,90.782,90.721,90.916,90.719,90.806
2024-04-19T05:00:00Z,90.784,90.809,90.69,90.722,90.807,90.834,90.718,90.746
2024-04-19T06:00:00Z,90.72,90.947,90.628,90.933,90.743,90.97,90.656,90.96
2024-04-19T07:00:00Z,90.931,91.086,90.931,91.062,90.961,91.114,90.96,91.088
2024-04-19T08:00:00Z,91.062,91.062,90.899,90.947,91.09,91.09,90.923,90.973
2024-04-19T09:00:00Z,90.95,91.1,90.94,91.041,90.973,91.127,90.968,91.067
2024-04-19T10:00:00Z,91.039,91.039,90.905,90.941,91.067,91.067,90.934,90.972
2024-04-19T11:00:00Z,90.938,90.981,90.911,90.975,90.969,91.005,90.938,90.999
2024-04-19T12:00:00Z,90.977,91.171,90.936,91.079,91.0,91.197,90.96,91.103
2024-04-19T13:00:00Z,91.08,91.198,91.061,91.11,91.103,91.222,91.084,91.135
2024-04-19T14:00:00Z,91.109,91.233,91.081,91.155,91.135,91.257,91.106,91.179
2024-04-19T15:00:00Z,91.151,91.199,91.053,91.074,91.175,91.223,91.076,91.097
2024-04-19T16:00:00Z,91.073,91.117,90.929,91.065,91.097,91.142,90.954,91.09
2024-04-19T17:00:00Z,91.062,91.122,91.026,91.086,91.087,91.147,91.05,91.111
2024-04-19T18:00:00Z,91.084,91.084,90.957,90.968,91.111,91.111,90.981,90.992
2024-04-19T19:00:00Z,90.968,91.008,90.955,90.992,90.992,91.034,90.977,91.016
2024-04-19T20:00:00Z,90.991,91.055,90.986,91.035,91.017,91.096,91.014,91.076
2024-04-21T21:00:00Z,91.03,91.03,90.85,90.924,91.07,91.226,91.009,91.098
2024-04-21T22:00:00Z,90.931,91.14,90.931,91.11,91.107,91.197,91.029,91.146
2024-04-21T23:00:00Z,91.108,91.234,91.082,91.216,91.148,91.257,91.11,91.241
2024-04-22T00:00:00Z,91.218,91.408,91.193,91.339,91.242,91.433,91.216,91.362
2024-04-22T01:00:00Z,91.34,91.603,91.339,91.603,91.364,91.627,91.362,91.627
2024-04-22T02:00:00Z,91.605,91.679,91.512,91.547,91.628,91.703,91.541,91.571
2024-04-22T03:00:00Z,91.547,91.585,91.407,91.463,91.572,91.609,91.428,91.486
2024-04-22T04:00:00Z,91.461,91.504,91.446,91.448,91.484,91.528,91.473,91.474
2024-04-22T05:00:00Z,91.452,91.461,91.376,91.413,91.477,91.486,91.402,91.441
2024-04-22T06:00:00Z,91.413,91.487,91.358,91.373,91.44,91.512,91.382,91.396
2024-04-22T07:00:00Z,91.372,91.407,91.251,91.349,91.396,91.43,91.278,91.373
2024-04-22T08:00:00Z,91.349,91.403,91.308,91.378,91.372,91.426,91.334,91.404
2024-04-22T09:00:00Z,91.377,91.44,91.368,91.401,91.401,91.465,91.395,91.426
2024-04-22T10:00:00Z,91.402,91.465,91.395,91.44,91.426,91.489,91.42,91.465
2024-04-22T11:00:00Z,91.437,91.448,91.347,91.411,91.463,91.47,91.376,91.435
2024-04-22T12:00:00Z,91.408,91.46,91.372,91.404,91.434,91.486,91.398,91.429
2024-04-22T13:00:00Z,91.404,91.405,91.202,91.282,91.43,91.431,91.23,91.309
2024-04-22T14:00:00Z,91.282,91.418,91.272,91.371,91.307,91.442,91.297,91.397
2024-04-22T15:00:00Z,91.373,91.455,91.341,91.441,91.398,91.479,91.365,91.464
2024-04-22T16:00:00Z,91.442,91.535,91.428,91.505,91.466,91.559,91.452,91.532
2024-04-22T17:00:00Z,91.503,91.615,91.495,91.606,91.528,91.64,91.519,91.632
2024-04-22T18:00:00Z,91.603,91.674,91.59,91.646,91.631,91.7,91.615,91.673
2024-04-22T19:00:00Z,91.646,91.646,91.55,91.601,91.673,91.673,91.576,91.625
2024-04-22T20:00:00Z,91.604,91.642,91.561,91.615,91.625,91.668,91.588,91.668
2024-04-22T21:00:00Z,91.583,91.609,91.518,91.598,91.728,91.739,91.633,91.651
2024-04-22T22:00:00Z,91.597,91.641,91.577,91.625,91.634,91.679,91.618,91.658
2024-04-22T23:00:00Z,91.625,91.656,91.57,91.645,91.657,91.683,91.595,91.671
2024-04-23T00:00:00Z,91.646,91.698,91.545,91.698,91.671,91.722,91.571,91.721
2024-04-23T01:00:00Z,91.696,91.728,91.518,91.551,91.722,91.751,91.541,91.575
2024-04-23T02:00:00Z,91.553,91.672,91.543,91.634,91.576,91.696,91.567,91.66
2024-04-23T03:00:00Z,91.631,91.636,91.521,91.55,91.656,91.661,91.547,91.575
2024-04-23T04:00:00Z,91.548,91.604,91.517,91.543,91.572,91.623,91.541,91.564
2024-04-23T05:00:00Z,91.542,91.542,91.477,91.499,91.564,91.564,91.501,91.525
2024-04-23T06:00:00Z,91.499,91.528,91.451,91.471,91.524,91.554,91.476,91.496
2024-04-23T07:00:00Z,91.47,91.635,91.375,91.459,91.496,91.658,91.396,91.482
2024-04-23T08:00:00Z,91.456,91.549,91.415,91.444,91.479,91.573,91.439,91.471
2024-04-23T09:00:00Z,91.443,91.443,91.365,91.415,91.469,91.469,91.388,91.438
2024-04-23T10:00:00Z,91.413,91.463,91.409,91.445,91.436,91.49,91.433,91.47
2024-04-23T11:00:00Z,91.448,91.546,91.421,91.518,91.473,91.573,91.446,91.541
2024-04-23T12:00:00Z,91.518,91.56,91.491,91.555,91.543,91.586,91.515,91.579
2024-04-23T13:00:00Z,91.553,91.832,91.508,91.817,91.579,91.859,91.533,91.851
2024-04-23T14:00:00Z,91.817,91.993,91.793,91.819,91.85,92.019,91.818,91.846
2024-04-23T15:00:00Z,91.819,91.887,91.759,91.833,91.845,91.914,91.784,91.854
2024-04-23T16:00:00Z,91.831,91.948,91.814,91.923,91.854,91.974,91.838,91.947
2024-04-23T17:00:00Z,91.922,91.934,91.822,91.907,91.947,91.961,91.85,91.936
2024-04-23T18:00:00Z,91.907,91.939,91.848,91.859,91.935,91.967,91.875,91.882
2024-04-23T19:00:00Z,91.859,91.859,91.737,91.743,91.882,91.882,91.762,91.771
2024-04-23T20:00:00Z,91.743,91.779,91.739,91.77,91.77,91.834,91.764,91.798
2024-04-23T21:00:00Z,91.766,91.815,91.696,91.754,91.801,91.993,91.793,91.825
2024-04-23T22:00:00Z,91.755,91.808,91.739,91.791,91.824,91.865,91.792,91.821
2024-04-23T23:00:00Z,91.795,91.82,91.739,91.78,91.826,91.845,91.763,91.807
2024-04-24T00:00:00Z,91.78,91.937,91.779,91.922,91.806,91.961,91.806,91.949
2024-04-24T01:00:00Z,91.923,92.049,91.853,91.913,91.949,92.093,91.879,91.94
2024-04-24T02:00:00Z,91.913,92.07,91.896,91.985,91.939,92.093,91.92,92.009
2024-04-24T03:00:00Z,91.985,91.987,91.921,91.942,92.008,92.012,91.943,91.969
2024-04-24T04:00:00Z,91.941,92.004,91.918,91.994,91.966,92.028,91.944,92.019
2024-04-24T05:00:00Z,91.997,92.031,91.961,92.007,92.02,92.055,91.99,92.034
2024-04-24T06:00:00Z,92.009,92.054,91.895,91.92,92.034,92.076,91.92,91.943
2024-04-24T07:00:00Z,91.917,91.946,91.787,91.893,91.94,91.968,91.812,91.92
2024-04-24T08:00:00Z,91.895,91.925,91.867,91.905,91.923,91.95,91.892,91.929
2024-04-24T09:00:00Z,91.905,91.973,91.865,91.873,91.928,92.0,91.891,91.902
2024-04-24T10:00:00Z,91.873,91.933,91.831,91.852,91.901,91.959,91.859,91.88
2024-04-24T11:00:00Z,91.847,91.874,91.807,91.87,91.876,91.9,91.832,91.895
2024-04-24T12:00:00Z,91.87,91.93,91.742,91.787,91.896,91.957,91.771,91.811
2024-04-24T13:00:00Z,91.787,91.952,91.728,91.884,91.81,91.979,91.756,91.911
2024-04-24T14:00:00Z,91.886,91.921,91.781,91.809,91.911,91.948,91.806,91.835
2024-04-24T15:00:00Z,91.809,91.838,91.76,91.791,91.837,91.864,91.784,91.818
2024-04-24T16:00:00Z,91.791,91.892,91.786,91.884,91.817,91.92,91.812,91.911
2024-04-24T17:00:00Z,91.887,92.115,91.881,92.089,91.914,92.142,91.908,92.115
2024-04-24T18:00:00Z,92.09,92.09,91.984,92.007,92.114,92.116,92.009,92.035
2024-04-24T19:00:00Z,92.007,92.163,91.996,92.144,92.035,92.193,92.028,92.173
2024-04-24T20:00:00Z,92.141,92.152,92.082,92.144,92.171,92.183,92.111,92.174
2024-04-24T21:00:00Z,92.062,92.124,92.024,92.119,92.149,92.255,92.138,92.176
2024-04-24T22:00:00Z,92.11,92.12,92.05,92.104,92.205,92.228,92.103,92.135
2024-04-24T23:00:00Z,92.105,92.159,92.097,92.157,92.138,92.184,92.124,92.184
2024-04-25T00:00:00Z,92.16,92.29,92.158,92.266,92.184,92.316,92.184,92.291
2024-04-25T01:00:00Z,92.265,92.338,92.177,92.303,92.291,92.364,92.206,92.331
2024-04-25T02:00:00Z,92.303,92.394,92.288,92.366,92.328,92.418,92.314,92.391
2024-04-25T03:00:00Z,92.365,92.384,92.251,92.32,92.393,92.409,92.277,92.346
2024-04-25T04:00:00Z,92.317,92.467,92.307,92.445,92.343,92.496,92.333,92.473
2024-04-25T05:00:00Z,92.449,92.537,92.439,92.5,92.477,92.565,92.465,92.527
2024-04-25T06:00:00Z,92.505,92.665,92.448,92.656,92.53,92.689,92.472,92.681
2024-04-25T07:00:00Z,92.656,92.73,92.559,92.712,92.682,92.755,92.586,92.736
2024-04-25T08:00:00Z,92.714,92.828,92.71,92.815,92.74,92.854,92.734,92.842
2024-04-25T09:00:00Z,92.814,92.814,92.698,92.715,92.842,92.842,92.725,92.741
2024-04-25T10:00:00Z,92.716,92.73,92.641,92.667,92.738,92.757,92.67,92.692
2024-04-25T11:00:00Z,92.667,92.742,92.627,92.7,92.693,92.769,92.654,92.726
2024-04-25T12:00:00Z,92.7,92.732,92.216,92.294,92.725,92.796,92.233,92.322
2024-04-25T13:00:00Z,92.296,92.342,91.979,92.231,92.325,92.368,92.011,92.261
2024-04-25T14:00:00Z,92.228,92.419,92.182,92.325,92.258,92.444,92.207,92.353
2024-04-25T15:00:00Z,92.328,92.41,92.291,92.371,92.355,92.438,92.318,92.393
2024-04-25T16:00:00Z,92.371,92.464,92.312,92.44,92.395,92.491,92.338,92.463
2024-04-25T17:00:00Z,92.44,92.568,92.416,92.538,92.466,92.596,92.442,92.565
2024-04-25T18:00:00Z,92.539,92.541,92.426,92.484,92.565,92.568,92.449,92.509
2024-04-25T19:00:00Z,92.484,92.578,92.484,92.537,92.509,92.606,92.509,92.564
2024-04-25T20:00:00Z,92.539,92.605,92.524,92.557,92.566,92.635,92.553,92.585
2024-04-25T21:00:00Z,92.53,92.587,92.41,92.52,92.62,92.705,92.574,92.607
2024-04-25T22:00:00Z,92.506,92.629,92.458,92.615,92.608,92.657,92.567,92.646
2024-04-25T23:00:00Z,92.615,92.758,92.606,92.693,92.645,92.786,92.634,92.718
2024-04-26T00:00:00Z,92.695,92.806,92.682,92.798,92.719,92.833,92.705,92.823
2024-04-26T01:00:00Z,92.799,92.841,92.763,92.82,92.823,92.865,92.787,92.843
2024-04-26T02:00:00Z,92.828,92.848,92.678,92.724,92.852,92.874,92.704,92.754
2024-04-26T03:00:00Z,92.722,93.009,92.623,92.874,92.754,93.041,92.662,92.9
2024-04-26T04:00:00Z,92.877,93.041,92.872,93.024,92.903,93.067,92.899,93.049
2024-04-26T05:00:00Z,93.017,93.134,93.002,93.081,93.042,93.162,93.026,93.105
2024-04-26T06:00:00Z,93.08,93.318,92.958,93.248,93.105,93.346,92.985,93.273
2024-04-26T07:00:00Z,93.248,93.446,93.245,93.376,93.275,93.472,93.272,93.4
2024-04-26T08:00:00Z,93.377,93.453,92.462,93.318,93.402,93.48,92.492,93.344
2024-04-26T09:00:00Z,93.32,93.341,93.16,93.312,93.344,93.365,93.187,93.337
2024-04-26T10:00:00Z,93.313,93.344,93.225,93.276,93.34,93.369,93.253,93.301
2024-04-26T11:00:00Z,93.272,93.324,93.004,93.286,93.299,93.349,93.035,93.312
2024-04-26T12:00:00Z,93.285,93.476,93.229,93.367,93.312,93.54,93.293,93.395
2024-04-26T13:00:00Z,93.371,93.47,93.305,93.447,93.399,93.506,93.332,93.506
2024-04-26T14:00:00Z,93.457,93.529,93.357,93.37,93.508,93.551,93.385,93.396
2024-04-26T15:00:00Z,93.37,93.599,93.295,93.57,93.395,93.625,93.32,93.597
2024-04-26T16:00:00Z,93.572,93.69,93.555,93.649,93.599,93.714,93.582,93.673
2024-04-26T17:00:00Z,93.648,93.749,93.618,93.698,93.673,93.777,93.642,93.726
2024-04-26T18:00:00Z,93.698,93.815,93.695,93.806,93.725,93.841,93.722,93.831
2024-04-26T19:00:00Z,93.792,93.816,93.738,93.81,93.818,93.844,93.767,93.837
2024-04-26T20:00:00Z,93.807,94.08,93.779,94.026,93.833,94.116,93.807,94.084
2024-04-28T21:00:00Z,93.876,93.89,93.772,93.793,94.076,94.076,93.917,93.98
2024-04-28T22:00:00Z,93.804,94.193,93.804,94.025,93.997,94.222,93.952,94.062
2024-04-28T23:00:00Z,94.025,94.111,94.025,94.082,94.063,94.144,94.063,94.107
2024-04-29T00:00:00Z,94.084,94.152,93.922,94.106,94.108,94.176,93.948,94.132
2024-04-29T01:00:00Z,94.108,95.388,94.104,94.861,94.134,95.444,94.129,94.894
2024-04-29T02:00:00Z,94.861,95.101,94.8,95.026,94.892,95.132,94.829,95.059
2024-04-29T03:00:00Z,95.028,95.071,94.934,95.028,95.059,95.097,94.962,95.052
2024-04-29T04:00:00Z,95.029,95.139,92.805,93.366,95.051,95.167,92.838,93.396
2024-04-29T05:00:00Z,93.366,93.718,92.651,93.638,93.395,93.748,92.682,93.666
2024-04-29T06:00:00Z,93.646,93.849,93.55,93.585,93.676,93.88,93.586,93.614
2024-04-29T07:00:00Z,93.58,93.653,92.173,92.79,93.609,93.683,92.206,92.817
2024-04-29T08:00:00Z,92.787,93.059,92.544,92.944,92.816,93.087,92.604,92.992
2024-04-29T09:00:00Z,92.944,93.106,92.689,93.039,92.994,93.133,92.726,93.069
2024-04-29T10:00:00Z,93.039,93.139,92.847,93.111,93.071,93.175,92.888,93.14
2024-04-29T11:00:00Z,93.108,93.449,93.082,93.325,93.138,93.477,93.109,93.353
2024-04-29T12:00:00Z,93.323,93.491,93.279,93.301,93.35,93.52,93.306,93.327
2024-04-29T13:00:00Z,93.304,93.446,93.217,93.432,93.332,93.473,93.253,93.459
2024-04-29T14:00:00Z,93.43,93.557,93.377,93.518,93.457,93.584,93.407,93.542
2024-04-29T15:00:00Z,93.518,93.59,93.497,93.579,93.544,93.614,93.524,93.605
2024-04-29T16:00:00Z,93.578,93.617,92.768,93.172,93.603,93.643,92.796,93.191
2024-04-29T17:00:00Z,93.16,93.395,93.124,93.339,93.186,93.425,93.149,93.365
2024-04-29T18:00:00Z,93.338,93.339,93.04,93.239,93.365,93.366,93.08,93.272
2024-04-29T19:00:00Z,93.239,93.299,93.101,93.282,93.272,93.326,93.131,93.31
2024-04-29T20:00:00Z,93.279,93.468,93.277,93.431,93.309,93.498,93.305,93.484
2024-04-29T21:00:00Z,93.428,93.428,93.274,93.365,93.481,93.583,93.424,93.466
2024-04-29T22:00:00Z,93.365,93.424,93.282,93.399,93.456,93.482,93.309,93.425
2024-04-29T23:00:00Z,93.404,93.408,93.31,93.32,93.431,93.433,93.335,93.345
2024-04-30T00:00:00Z,93.313,93.594,93.21,93.581,93.338,93.624,93.235,93.611
2024-04-30T01:00:00Z,93.581,93.64,93.418,93.487,93.609,93.67,93.453,93.515
2024-04-30T02:00:00Z,93.483,93.502,93.319,93.361,93.512,93.532,93.345,93.39
2024-04-30T03:00:00Z,93.361,93.379,93.205,93.241,93.388,93.404,93.235,93.268
2024-04-30T04:00:00Z,93.239,93.303,93.22,93.243,93.268,93.33,93.246,93.269
2024-04-30T05:00:00Z,93.243,93.272,92.975,93.071,93.267,93.305,93.001,93.1
2024-04-30T06:00:00Z,93.073,93.141,92.945,93.128,93.104,93.168,92.974,93.158
2024-04-30T07:00:00Z,93.13,93.203,92.919,93.153,93.158,93.232,92.947,93.177
2024-04-30T08:00:00Z,93.151,93.282,93.052,93.256,93.18,93.305,93.078,93.284
2024-04-30T09:00:00Z,93.257,93.373,93.233,93.353,93.284,93.401,93.259,93.377
2024-04-30T10:00:00Z,93.354,93.398,93.279,93.328,93.377,93.42,93.303,93.356
2024-04-30T11:00:00Z,93.324,93.339,93.27,93.312,93.353,93.364,93.294,93.336
2024-04-30T12:00:00Z,93.315,93.388,93.096,93.151,93.34,93.471,93.122,93.183
2024-04-30T13:00:00Z,93.153,93.283,92.976,93.024,93.186,93.315,93.004,93.051
2024-04-30T14:00:00Z,93.023,93.151,92.971,93.071,93.057,93.177,92.996,93.094
2024-04-30T15:00:00Z,93.074,93.144,93.041,93.096,93.097,93.166,93.065,93.121
2024-04-30T16:00:00Z,93.099,93.125,92.96,92.97,93.121,93.151,92.987,92.996
2024-04-30T17:00:00Z,92.97,93.046,92.958,93.005,92.997,93.072,92.984,93.03
2024-04-30T18:00:00Z,93.006,93.041,92.958,92.969,93.03,93.065,92.983,92.995
2024-04-30T19:00:00Z,92.969,92.969,92.828,92.853,92.995,92.995,92.857,92.877
2024-04-30T20:00:00Z,92.85,92.886,92.81,92.822,92.876,92.914,92.842,92.861
2024-04-30T21:00:00Z,92.811,92.878,92.758,92.878,92.902,93.044,92.902,92.967
2024-04-30T22:00:00Z,92.875,92.881,92.627,92.67,92.963,92.963,92.658,92.705
2024-04-30T23:00:00Z,92.669,92.794,92.635,92.701,92.706,92.823,92.666,92.727
2024-05-01T00:00:00Z,92.703,92.84,92.681,92.807,92.729,92.866,92.707,92.834
2024-05-01T01:00:00Z,92.809,92.927,92.798,92.925,92.833,92.955,92.824,92.955
2024-05-01T02:00:00Z,92.926,92.944,92.875,92.934,92.955,92.968,92.9,92.959
2024-05-01T03:00:00Z,92.937,92.957,92.899,92.926,92.962,92.983,92.921,92.952
2024-05-01T04:00:00Z,92.926,92.956,92.889,92.909,92.953,92.98,92.917,92.935
2024-05-01T05:00:00Z,92.907,93.004,92.862,92.986,92.932,93.033,92.889,93.013
2024-05-01T06:00:00Z,92.984,92.988,92.887,92.941,93.012,93.014,92.913,92.965
2024-05-01T07:00:00Z,92.939,92.992,92.883,92.925,92.964,93.016,92.911,92.951
2024-05-01T08:00:00Z,92.927,93.028,92.926,93.025,92.952,93.052,92.952,93.051
2024-05-01T09:00:00Z,93.025,93.055,92.967,93.01,93.052,93.081,92.991,93.038
2024-05-01T10:00:00Z,93.008,93.021,92.948,92.976,93.035,93.046,92.975,93.001
2024-05-01T11:00:00Z,92.975,93.077,92.937,93.047,93.001,93.107,92.962,93.074
2024-05-01T12:00:00Z,93.048,93.119,93.013,93.046,93.074,93.152,93.041,93.073
2024-05-01T13:00:00Z,93.044,93.08,92.89,92.939,93.072,93.106,92.931,93.015
2024-05-01T14:00:00Z,92.943,93.042,92.866,93.035,93.051,93.148,92.891,93.059
2024-05-01T15:00:00Z,93.038,93.071,93.0,93.018,93.06,93.098,93.029,93.044
2024-05-01T16:00:00Z,93.019,93.019,92.936,92.937,93.044,93.044,92.965,92.966
2024-05-01T17:00:00Z,92.937,92.991,92.885,92.942,92.967,93.094,92.912,93.06
2024-05-01T18:00:00Z,92.958,93.3,92.879,93.257,93.067,93.333,92.906,93.28
2024-05-01T19:00:00Z,93.193,93.249,92.979,93.015,93.224,93.281,93.008,93.04
2024-05-01T20:00:00Z,93.02,93.102,90.783,91.546,93.045,93.132,90.82,91.622
2024-05-01T21:00:00Z,91.575,92.021,91.362,91.362,91.64,92.174,91.497,91.557
2024-05-01T22:00:00Z,91.37,92.146,91.36,92.133,91.57,92.186,91.492,92.169
2024-05-01T23:00:00Z,92.131,92.365,91.998,92.312,92.168,92.391,92.047,92.343
2024-05-02T00:00:00Z,92.313,92.454,92.243,92.363,92.343,92.484,92.279,92.392
2024-05-02T01:00:00Z,92.363,92.501,92.305,92.459,92.393,92.532,92.335,92.486
2024-05-02T02:00:00Z,92.462,92.555,92.315,92.378,92.488,92.584,92.349,92.409
2024-05-02T03:00:00Z,92.377,92.463,92.339,92.393,92.407,92.496,92.368,92.423
2024-05-02T04:00:00Z,92.395,92.483,92.295,92.35,92.423,92.513,92.324,92.38
2024-05-02T05:00:00Z,92.347,92.391,92.231,92.356,92.376,92.422,92.265,92.387
2024-05-02T06:00:00Z,92.356,92.357,92.068,92.244,92.385,92.388,92.096,92.272
2024-05-02T07:00:00Z,92.246,92.377,92.148,92.337,92.272,92.405,92.179,92.367
2024-05-02T08:00:00Z,92.339,92.395,92.027,92.049,92.366,92.424,92.058,92.082
2024-05-02T09:00:00Z,92.048,92.177,92.003,92.064,92.079,92.209,92.03,92.094
2024-05-02T10:00:00Z,92.062,92.067,91.85,91.858,92.093,92.096,91.88,91.886
2024-05-02T11:00:00Z,91.857,91.947,91.649,91.745,91.886,91.974,91.679,91.772
2024-05-02T12:00:00Z,91.744,91.853,91.586,91.601,91.772,91.888,91.616,91.633
2024-05-02T13:00:00Z,91.595,91.769,91.426,91.429,91.625,91.8,91.457,91.476
2024-05-02T14:00:00Z,91.43,91.567,91.301,91.323,91.476,91.596,91.33,91.352
2024-05-02T15:00:00Z,91.324,91.392,91.165,91.355,91.352,91.42,91.192,91.383
2024-05-02T16:00:00Z,91.353,91.52,91.241,91.473,91.378,91.552,91.272,91.503
2024-05-02T17:00:00Z,91.478,91.507,91.243,91.318,91.504,91.537,91.276,91.348
2024-05-02T18:00:00Z,91.318,91.399,91.252,91.365,91.349,91.43,91.284,91.395
2024-05-02T19:00:00Z,91.365,91.429,91.244,91.307,91.395,91.459,91.274,91.336
2024-05-02T20:00:00Z,91.305,91.671,91.305,91.595,91.332,91.715,91.332,91.694
2024-05-02T21:00:00Z,91.559,91.622,91.446,91.616,91.694,91.783,91.645,91.694
2024-05-02T22:00:00Z,91.581,91.604,91.379,91.391,91.695,91.75,91.411,91.424
2024-05-02T23:00:00Z,91.386,91.409,91.184,91.316,91.42,91.439,91.212,91.343
2024-05-03T00:00:00Z,91.315,91.501,91.18,91.41,91.343,91.527,91.204,91.437
2024-05-03T01:00:00Z,91.412,91.451,91.256,91.311,91.439,91.477,91.282,91.338
2024-05-03T02:00:00Z,91.308,91.343,91.208,91.29,91.336,91.369,91.235,91.317
2024-05-03T03:00:00Z,91.288,91.344,91.249,91.324,91.314,91.373,91.278,91.353
2024-05-03T04:00:00Z,91.325,91.357,91.193,91.252,91.352,91.381,91.219,91.278
2024-05-03T05:00:00Z,91.255,91.428,91.254,91.399,91.28,91.456,91.28,91.428
2024-05-03T06:00:00Z,91.389,91.433,91.286,91.422,91.42,91.458,91.311,91.445
2024-05-03T07:00:00Z,91.422,91.572,91.363,91.545,91.446,91.596,91.388,91.569
2024-05-03T08:00:00Z,91.542,91.635,91.521,91.607,91.566,91.659,91.546,91.634
2024-05-03T09:00:00Z,91.61,91.61,91.45,91.5,91.637,91.637,91.475,91.528
2024-05-03T10:00:00Z,91.501,91.573,91.492,91.569,91.528,91.6,91.52,91.595
2024-05-03T11:00:00Z,91.569,91.694,91.569,91.674,91.594,91.721,91.594,91.7
2024-05-03T12:00:00Z,91.674,91.942,91.541,91.884,91.699,92.004,91.685,91.91
2024-05-03T13:00:00Z,91.882,92.0,91.846,91.861,91.907,92.028,91.873,91.974
2024-05-03T14:00:00Z,91.88,92.068,91.734,91.934,92.0,92.128,91.77,91.962
2024-05-03T15:00:00Z,91.933,92.056,91.901,91.988,91.963,92.082,91.931,92.016
2024-05-03T16:00:00Z,91.987,92.005,91.843,91.893,92.016,92.033,91.871,91.92
2024-05-03T17:00:00Z,91.893,91.94,91.879,91.933,91.922,91.968,91.907,91.96
2024-05-03T18:00:00Z,91.933,92.003,91.929,91.994,91.962,92.028,91.957,92.021
2024-05-03T19:00:00Z,91.994,92.038,91.924,91.924,92.021,92.064,91.95,91.954
2024-05-03T20:00:00Z,91.924,91.932,91.856,91.929,91.956,91.984,91.895,91.964
2024-05-05T21:00:00Z,91.932,91.932,91.751,91.8,92.008,92.069,91.881,91.881
2024-05-05T22:00:00Z,91.797,92.12,91.795,92.099,91.887,92.148,91.872,92.128
2024-05-05T23:00:00Z,92.1,92.318,92.038,92.292,92.13,92.343,92.066,92.318
2024-05-06T00:00:00Z,92.295,92.334,92.088,92.112,92.321,92.361,92.115,92.146
2024-05-06T01:00:00Z,92.112,92.274,92.099,92.258,92.144,92.299,92.132,92.285
2024-05-06T02:00:00Z,92.262,92.373,92.244,92.339,92.288,92.398,92.268,92.363
2024-05-06T03:00:00Z,92.338,92.399,92.261,92.351,92.363,92.424,92.29,92.379
2024-05-06T04:00:00Z,92.352,92.372,92.268,92.342,92.379,92.397,92.294,92.367
2024-05-06T05:00:00Z,92.344,92.393,92.303,92.384,92.37,92.417,92.329,92.41
2024-05-06T06:00:00Z,92.383,92.446,92.324,92.37,92.406,92.469,92.35,92.393
2024-05-06T07:00:00Z,92.37,92.507,92.368,92.485,92.394,92.534,92.392,92.508
2024-05-06T08:00:00Z,92.484,92.564,92.44,92.517,92.508,92.59,92.464,92.542
2024-05-06T09:00:00Z,92.514,92.57,92.502,92.555,92.54,92.597,92.527,92.578
2024-05-06T10:00:00Z,92.554,92.602,92.494,92.566,92.579,92.628,92.521,92.591
2024-05-06T11:00:00Z,92.568,92.591,92.542,92.575,92.589,92.616,92.57,92.6
2024-05-06T12:00:00Z,92.573,92.621,92.496,92.52,92.598,92.645,92.52,92.543
2024-05-06T13:00:00Z,92.521,92.605,92.505,92.559,92.546,92.631,92.529,92.585
2024-05-06T14:00:00Z,92.56,92.581,92.499,92.52,92.584,92.606,92.522,92.544
2024-05-06T15:00:00Z,92.52,92.549,92.466,92.498,92.545,92.573,92.492,92.522
2024-05-06T16:00:00Z,92.496,92.546,92.457,92.513,92.52,92.57,92.479,92.533
2024-05-06T17:00:00Z,92.513,92.561,92.49,92.553,92.534,92.585,92.513,92.576
2024-05-06T18:00:00Z,92.551,92.574,92.54,92.549,92.576,92.6,92.566,92.58
2024-05-06T19:00:00Z,92.549,92.549,92.454,92.475,92.58,92.58,92.481,92.501
2024-05-06T20:00:00Z,92.473,92.5,92.464,92.471,92.501,92.527,92.488,92.502
2024-05-06T21:00:00Z,92.413,92.476,92.413,92.446,92.566,92.567,92.491,92.523
2024-05-06T22:00:00Z,92.435,92.494,92.433,92.466,92.523,92.527,92.474,92.493
2024-05-06T23:00:00Z,92.468,92.697,92.468,92.67,92.494,92.721,92.494,92.695
2024-05-07T00:00:00Z,92.674,92.761,92.626,92.695,92.7,92.787,92.65,92.721
2024-05-07T01:00:00Z,92.697,92.85,92.674,92.792,92.723,92.875,92.699,92.818
2024-05-07T02:00:00Z,92.792,92.853,92.749,92.834,92.819,92.878,92.773,92.859
2024-05-07T03:00:00Z,92.835,92.954,92.808,92.946,92.858,92.976,92.832,92.969
2024-05-07T04:00:00Z,92.947,92.959,92.768,92.826,92.969,92.983,92.795,92.851
2024-05-07T05:00:00Z,92.83,92.91,92.778,92.872,92.854,92.933,92.804,92.896
2024-05-07T06:00:00Z,92.871,92.884,92.638,92.679,92.896,92.91,92.663,92.704
2024-05-07T07:00:00Z,92.684,92.777,92.536,92.578,92.708,92.801,92.561,92.602
2024-05-07T08:00:00Z,92.577,92.798,92.455,92.777,92.602,92.822,92.48,92.804
2024-05-07T09:00:00Z,92.776,92.866,92.742,92.773,92.801,92.891,92.768,92.796
2024-05-07T10:00:00Z,92.774,92.874,92.774,92.793,92.799,92.897,92.799,92.818
2024-05-07T11:00:00Z,92.796,92.858,92.764,92.835,92.82,92.884,92.789,92.861
2024-05-07T12:00:00Z,92.836,92.948,92.834,92.873,92.861,92.973,92.861,92.898
2024-05-07T13:00:00Z,92.874,92.915,92.775,92.838,92.901,92.94,92.801,92.864
2024-05-07T14:00:00Z,92.839,92.941,92.814,92.924,92.867,92.963,92.838,92.951
2024-05-07T15:00:00Z,92.922,92.937,92.874,92.901,92.948,92.961,92.898,92.925
2024-05-07T16:00:00Z,92.898,92.915,92.792,92.81,92.921,92.94,92.816,92.834
2024-05-07T17:00:00Z,92.809,92.847,92.759,92.792,92.832,92.87,92.783,92.815
2024-05-07T18:00:00Z,92.787,92.799,92.741,92.795,92.809,92.822,92.767,92.821
2024-05-07T19:00:00Z,92.792,92.819,92.748,92.799,92.819,92.848,92.776,92.825
2024-05-07T20:00:00Z,92.798,92.83,92.798,92.82,92.825,92.863,92.825,92.854
2024-05-07T21:00:00Z,92.763,92.839,92.709,92.777,92.908,92.964,92.834,92.836
2024-05-07T22:00:00Z,92.79,92.835,92.765,92.827,92.828,92.864,92.803,92.853
2024-05-07T23:00:00Z,92.83,92.871,92.778,92.799,92.854,92.896,92.802,92.824
2024-05-08T00:00:00Z,92.798,92.897,92.725,92.824,92.824,92.921,92.752,92.85
2024-05-08T01:00:00Z,92.823,92.89,92.738,92.853,92.85,92.916,92.767,92.878
2024-05-08T02:00:00Z,92.855,92.935,92.833,92.908,92.881,92.962,92.856,92.933
2024-05-08T03:00:00Z,92.908,92.946,92.862,92.929,92.932,92.972,92.884,92.955
2024-05-08T04:00:00Z,92.932,93.001,92.875,92.974,92.957,93.023,92.9,92.999
2024-05-08T05:00:00Z,92.973,93.028,92.918,92.926,92.999,93.053,92.943,92.95
2024-05-08T06:00:00Z,92.925,93.083,92.897,93.009,92.947,93.107,92.923,93.031
2024-05-08T07:00:00Z,93.007,93.084,92.971,93.011,93.031,93.107,92.996,93.035
2024-05-08T08:00:00Z,93.008,93.064,92.935,92.976,93.031,93.085,92.961,93.001
2024-05-08T09:00:00Z,92.979,93.06,92.956,93.042,93.003,93.079,92.979,93.066
2024-05-08T10:00:00Z,93.043,93.083,93.018,93.054,93.066,93.109,93.044,93.08
2024-05-08T11:00:00Z,93.054,93.122,93.038,93.076,93.078,93.146,93.064,93.102
2024-05-08T12:00:00Z,93.077,93.176,93.066,93.158,93.102,93.203,93.094,93.184
2024-05-08T13:00:00Z,93.154,93.272,93.141,93.253,93.181,93.299,93.167,93.279
2024-05-08T14:00:00Z,93.255,93.33,93.234,93.295,93.279,93.353,93.258,93.32
2024-05-08T15:00:00Z,93.292,93.323,93.206,93.284,93.316,93.348,93.236,93.309
2024-05-08T16:00:00Z,93.284,93.324,93.267,93.31,93.311,93.349,93.295,93.333
2024-05-08T17:00:00Z,93.31,93.375,93.284,93.334,93.334,93.397,93.307,93.358
2024-05-08T18:00:00Z,93.333,93.39,93.319,93.329,93.358,93.411,93.344,93.358
2024-05-08T19:00:00Z,93.329,93.341,93.282,93.328,93.358,93.368,93.308,93.356
2024-05-08T20:00:00Z,93.326,93.38,93.297,93.32,93.355,93.406,93.323,93.393
2024-05-08T21:00:00Z,93.283,93.377,93.235,93.373,93.424,93.46,93.347,93.443
2024-05-08T22:00:00Z,93.372,93.453,93.35,93.445,93.443,93.479,93.385,93.474
2024-05-08T23:00:00Z,93.447,93.447,93.262,93.272,93.475,93.475,93.287,93.298
2024-05-09T00:00:00Z,93.272,93.295,93.131,93.272,93.297,93.325,93.16,93.298
2024-05-09T01:00:00Z,93.275,93.434,93.247,93.425,93.301,93.458,93.272,93.451
2024-05-09T02:00:00Z,93.426,93.426,93.358,93.397,93.453,93.453,93.382,93.424
2024-05-09T03:00:00Z,93.4,93.444,93.363,93.418,93.425,93.467,93.39,93.442
2024-05-09T04:00:00Z,93.419,93.477,93.365,93.378,93.444,93.501,93.387,93.403
2024-05-09T05:00:00Z,93.375,93.428,93.364,93.411,93.4,93.454,93.389,93.437
2024-05-09T06:00:00Z,93.409,93.451,93.342,93.359,93.434,93.475,93.36,93.385
2024-05-09T07:00:00Z,93.358,93.468,93.329,93.468,93.387,93.492,93.355,93.491
2024-05-09T08:00:00Z,93.468,93.501,93.384,93.432,93.492,93.525,93.41,93.456
2024-05-09T09:00:00Z,93.434,93.543,93.432,93.513,93.457,93.567,93.456,93.534
2024-05-09T10:00:00Z,93.511,93.602,93.499,93.535,93.534,93.627,93.523,93.556
2024-05-09T11:00:00Z,93.535,93.558,93.446,93.535,93.557,93.584,93.47,93.559
2024-05-09T12:00:00Z,93.532,93.68,93.395,93.65,93.556,93.705,93.536,93.677
2024-05-09T13:00:00Z,93.652,93.668,93.539,93.592,93.678,93.693,93.565,93.616
2024-05-09T14:00:00Z,93.587,93.694,93.578,93.641,93.611,93.715,93.603,93.665
2024-05-09T15:00:00Z,93.639,93.716,93.631,93.673,93.663,93.739,93.655,93.696
2024-05-09T16:00:00Z,93.674,93.733,93.651,93.712,93.696,93.757,93.674,93.736
2024-05-09T17:00:00Z,93.715,93.745,93.685,93.716,93.739,93.77,93.71,93.74
2024-05-09T18:00:00Z,93.714,93.798,93.69,93.772,93.737,93.822,93.715,93.799
2024-05-09T19:00:00Z,93.772,93.786,93.723,93.754,93.799,93.812,93.753,93.78
2024-05-09T20:00:00Z,93.753,93.811,93.737,93.792,93.78,93.838,93.764,93.834
2024-05-09T21:00:00Z,93.764,93.791,93.717,93.767,93.84,93.953,93.828,93.85
2024-05-09T22:00:00Z,93.764,93.828,93.746,93.806,93.857,93.864,93.784,93.829
2024-05-09T23:00:00Z,93.805,93.822,93.716,93.772,93.827,93.847,93.74,93.796
2024-05-10T00:00:00Z,93.775,93.87,93.757,93.76,93.8,93.894,93.782,93.784
2024-05-10T01:00:00Z,93.76,93.813,93.751,93.799,93.786,93.84,93.777,93.824
2024-05-10T02:00:00Z,93.795,93.796,93.642,93.71,93.821,93.824,93.667,93.735
2024-05-10T03:00:00Z,93.705,93.764,93.657,93.759,93.73,93.791,93.681,93.781
2024-05-10T04:00:00Z,93.758,93.787,93.742,93.747,93.781,93.812,93.768,93.773
2024-05-10T05:00:00Z,93.746,93.779,93.705,93.753,93.77,93.804,93.731,93.778
2024-05-10T06:00:00Z,93.752,93.812,93.704,93.78,93.775,93.838,93.729,93.806
2024-05-10T07:00:00Z,93.773,93.816,93.65,93.706,93.798,93.843,93.676,93.732
2024-05-10T08:00:00Z,93.706,93.733,93.639,93.673,93.733,93.758,93.664,93.697
2024-05-10T09:00:00Z,93.673,93.739,93.645,93.724,93.699,93.766,93.671,93.75
2024-05-10T10:00:00Z,93.72,93.732,93.645,93.695,93.746,93.756,93.674,93.72
2024-05-10T11:00:00Z,93.698,93.722,93.637,93.646,93.724,93.748,93.662,93.669
2024-05-10T12:00:00Z,93.644,93.777,93.637,93.743,93.668,93.803,93.662,93.768
2024-05-10T13:00:00Z,93.744,93.895,93.727,93.87,93.768,93.924,93.752,93.918
2024-05-10T14:00:00Z,93.864,93.899,93.621,93.722,93.916,93.956,93.645,93.746
2024-05-10T15:00:00Z,93.723,93.793,93.651,93.785,93.746,93.82,93.677,93.809
2024-05-10T16:00:00Z,93.785,93.797,93.728,93.793,93.81,93.823,93.754,93.818
2024-05-10T17:00:00Z,93.791,93.807,93.74,93.8,93.818,93.828,93.764,93.826
2024-05-10T18:00:00Z,93.804,93.814,93.762,93.793,93.826,93.84,93.788,93.819
2024-05-10T19:00:00Z,93.793,93.821,93.772,93.789,93.819,93.847,93.798,93.815
2024-05-10T20:00:00Z,93.789,93.796,93.733,93.736,93.814,93.825,93.765,93.806
2024-05-12T21:00:00Z,93.579,93.671,93.556,93.573,93.779,93.836,93.721,93.757
2024-05-12T22:00:00Z,93.552,93.78,93.54,93.742,93.752,93.811,93.666,93.767
2024-05-12T23:00:00Z,93.745,93.815,93.739,93.755,93.77,93.841,93.766,93.781
2024-05-13T00:00:00Z,93.753,93.875,93.753,93.782,93.779,93.899,93.779,93.807
2024-05-13T01:00:00Z,93.78,93.79,93.561,93.64,93.803,93.817,93.596,93.665
2024-05-13T02:00:00Z,93.643,93.705,93.625,93.68,93.668,93.73,93.649,93.706
2024-05-13T03:00:00Z,93.68,93.681,93.471,93.597,93.708,93.708,93.496,93.622
2024-05-13T04:00:00Z,93.599,93.611,93.54,93.575,93.623,93.634,93.565,93.598
2024-05-13T05:00:00Z,93.575,93.646,93.572,93.611,93.597,93.67,93.594,93.635
2024-05-13T06:00:00Z,93.608,93.66,93.568,93.616,93.632,93.68,93.591,93.636
2024-05-13T07:00:00Z,93.616,93.674,93.591,93.651,93.637,93.697,93.612,93.674
2024-05-13T08:00:00Z,93.651,93.725,93.609,93.699,93.673,93.746,93.633,93.723
2024-05-13T09:00:00Z,93.699,93.741,93.657,93.692,93.722,93.762,93.678,93.715
2024-05-13T10:00:00Z,93.692,93.692,93.653,93.685,93.714,93.714,93.676,93.706
2024-05-13T11:00:00Z,93.684,93.849,93.676,93.833,93.708,93.873,93.699,93.855
2024-05-13T12:00:00Z,93.832,93.882,93.805,93.847,93.855,93.903,93.828,93.869
2024-05-13T13:00:00Z,93.847,93.924,93.828,93.879,93.874,93.947,93.85,93.901
2024-05-13T14:00:00Z,93.882,93.94,93.804,93.926,93.902,93.962,93.823,93.948
2024-05-13T15:00:00Z,93.928,94.003,93.835,93.969,93.951,94.025,93.865,93.989
2024-05-13T16:00:00Z,93.968,94.009,93.953,93.982,93.99,94.03,93.978,94.005
2024-05-13T17:00:00Z,93.981,94.012,93.907,94.01,94.005,94.035,93.931,94.03
2024-05-13T18:00:00Z,94.009,94.009,93.96,93.985,94.03,94.032,93.983,94.008
2024-05-13T19:00:00Z,93.985,93.985,93.938,93.965,94.008,94.008,93.961,93.99
2024-05-13T20:00:00Z,93.963,94.015,93.942,93.969,93.99,94.041,93.966,94.004
2024-05-13T21:00:00Z,93.889,93.973,93.888,93.941,94.086,94.09,93.985,94.005
2024-05-13T22:00:00Z,93.938,94.032,93.931,94.032,94.004,94.059,93.986,94.055
2024-05-13T23:00:00Z,94.034,94.124,94.025,94.087,94.058,94.146,94.049,94.111
2024-05-14T00:00:00Z,94.087,94.119,94.011,94.02,94.11,94.141,94.033,94.042
2024-05-14T01:00:00Z,94.021,94.092,94.011,94.073,94.042,94.117,94.036,94.097
2024-05-14T02:00:00Z,94.072,94.095,94.015,94.094,94.095,94.119,94.04,94.117
2024-05-14T03:00:00Z,94.095,94.117,94.061,94.091,94.117,94.139,94.086,94.113
2024-05-14T04:00:00Z,94.094,94.108,94.038,94.064,94.116,94.13,94.062,94.088
2024-05-14T05:00:00Z,94.07,94.127,94.038,94.116,94.094,94.15,94.061,94.14
2024-05-14T06:00:00Z,94.116,94.203,94.082,94.18,94.139,94.223,94.104,94.2
2024-05-14T07:00:00Z,94.179,94.301,94.173,94.283,94.201,94.323,94.194,94.303
2024-05-14T08:00:00Z,94.284,94.286,94.149,94.24,94.305,94.308,94.17,94.263
2024-05-14T09:00:00Z,94.241,94.279,94.161,94.18,94.263,94.302,94.184,94.201
2024-05-14T10:00:00Z,94.182,94.201,94.121,94.171,94.204,94.222,94.143,94.193
2024-05-14T11:00:00Z,94.172,94.221,94.148,94.165,94.192,94.245,94.169,94.185
2024-05-14T12:00:00Z,94.163,94.337,93.919,94.291,94.184,94.361,93.968,94.314
2024-05-14T13:00:00Z,94.291,94.381,94.216,94.37,94.315,94.402,94.241,94.395
2024-05-14T14:00:00Z,94.372,94.418,94.287,94.4,94.395,94.44,94.31,94.421
2024-05-14T15:00:00Z,94.402,94.466,94.348,94.417,94.422,94.488,94.371,94.441
2024-05-14T16:00:00Z,94.417,94.43,94.384,94.417,94.439,94.454,94.406,94.442
2024-05-14T17:00:00Z,94.413,94.427,94.386,94.426,94.439,94.451,94.409,94.449
2024-05-14T18:00:00Z,94.426,94.467,94.419,94.454,94.448,94.491,94.442,94.476
2024-05-14T19:00:00Z,94.454,94.51,94.454,94.482,94.476,94.534,94.476,94.505
2024-05-14T20:00:00Z,94.481,94.491,94.442,94.481,94.505,94.519,94.468,94.515
2024-05-14T21:00:00Z,94.364,94.473,94.337,94.431,94.555,94.555,94.487,94.514
2024-05-14T22:00:00Z,94.427,94.496,94.412,94.492,94.514,94.521,94.47,94.516
2024-05-14T23:00:00Z,94.493,94.573,94.469,94.562,94.519,94.598,94.493,94.588
2024-05-15T00:00:00Z,94.559,94.691,94.501,94.504,94.584,94.714,94.526,94.529
2024-05-15T01:00:00Z,94.509,94.563,94.457,94.542,94.533,94.587,94.481,94.568
2024-05-15T02:00:00Z,94.544,94.716,94.544,94.69,94.568,94.739,94.568,94.714
2024-05-15T03:00:00Z,94.69,94.797,94.666,94.719,94.713,94.822,94.69,94.743
2024-05-15T04:00:00Z,94.716,94.724,94.675,94.691,94.742,94.747,94.699,94.716
2024-05-15T05:00:00Z,94.693,94.757,94.649,94.694,94.718,94.781,94.673,94.716
2024-05-15T06:00:00Z,94.693,94.745,94.682,94.703,94.716,94.768,94.702,94.726
2024-05-15T07:00:00Z,94.702,94.748,94.511,94.567,94.726,94.771,94.533,94.588
2024-05-15T08:00:00Z,94.567,94.598,94.318,94.364,94.592,94.62,94.339,94.388
2024-05-15T09:00:00Z,94.363,94.494,94.324,94.489,94.388,94.516,94.348,94.513
2024-05-15T10:00:00Z,94.486,94.515,94.33,94.356,94.51,94.538,94.354,94.38
2024-05-15T11:00:00Z,94.357,94.405,94.297,94.37,94.379,94.428,94.32,94.389
2024-05-15T12:00:00Z,94.369,94.544,94.171,94.362,94.39,94.696,94.252,94.383
2024-05-15T13:00:00Z,94.358,94.507,94.314,94.394,94.383,94.531,94.339,94.42
2024-05-15T14:00:00Z,94.397,94.616,94.35,94.553,94.418,94.639,94.373,94.576
2024-05-15T15:00:00Z,94.555,94.594,94.46,94.578,94.576,94.617,94.482,94.602
2024-05-15T16:00:00Z,94.581,94.776,94.465,94.765,94.605,94.8,94.488,94.787
2024-05-15T17:00:00Z,94.765,94.804,94.659,94.758,94.789,94.829,94.681,94.781
2024-05-15T18:00:00Z,94.755,94.811,94.739,94.804,94.778,94.834,94.761,94.826
2024-05-15T19:00:00Z,94.804,94.834,94.754,94.83,94.826,94.857,94.779,94.853
2024-05-15T20:00:00Z,94.83,94.838,94.732,94.777,94.855,94.863,94.756,94.807
2024-05-15T21:00:00Z,94.765,94.765,94.599,94.686,94.824,94.85,94.729,94.797
2024-05-15T22:00:00Z,94.684,94.76,94.621,94.642,94.808,94.808,94.649,94.671
2024-05-15T23:00:00Z,94.639,94.703,94.499,94.558,94.665,94.727,94.528,94.584
2024-05-16T00:00:00Z,94.554,94.65,94.285,94.315,94.58,94.675,94.309,94.341
2024-05-16T01:00:00Z,94.314,94.356,94.144,94.352,94.341,94.382,94.17,94.378
2024-05-16T02:00:00Z,94.352,94.419,94.23,94.341,94.377,94.446,94.256,94.365
2024-05-16T03:00:00Z,94.342,94.401,94.282,94.337,94.367,94.426,94.307,94.361
2024-05-16T04:00:00Z,94.334,94.337,94.182,94.25,94.359,94.363,94.206,94.279
2024-05-16T05:00:00Z,94.252,94.351,94.196,94.329,94.279,94.373,94.22,94.35
2024-05-16T06:00:00Z,94.326,94.373,94.188,94.347,94.347,94.396,94.21,94.368
2024-05-16T07:00:00Z,94.345,94.4,94.286,94.386,94.367,94.421,94.309,94.407
2024-05-16T08:00:00Z,94.385,94.578,94.379,94.561,94.408,94.603,94.401,94.582
2024-05-16T09:00:00Z,94.56,94.584,94.461,94.515,94.582,94.606,94.486,94.537
2024-05-16T10:00:00Z,94.514,94.542,94.464,94.482,94.537,94.565,94.487,94.507
2024-05-16T11:00:00Z,94.483,94.595,94.482,94.527,94.506,94.62,94.505,94.552
2024-05-16T12:00:00Z,94.527,94.789,94.484,94.789,94.554,94.813,94.528,94.812
2024-05-16T13:00:00Z,94.789,94.869,94.749,94.847,94.813,94.893,94.774,94.87
2024-05-16T14:00:00Z,94.848,94.993,94.77,94.967,94.873,95.013,94.794,94.988
2024-05-16T15:00:00Z,94.968,95.041,94.921,95.03,94.991,95.065,94.945,95.052
2024-05-16T16:00:00Z,95.027,95.052,94.95,95.005,95.05,95.075,94.975,95.027
2024-05-16T17:00:00Z,95.004,95.018,94.936,95.005,95.025,95.04,94.961,95.027
2024-05-16T18:00:00Z,95.008,95.076,94.977,95.074,95.029,95.099,95.002,95.096
2024-05-16T19:00:00Z,95.074,95.098,95.053,95.079,95.096,95.121,95.076,95.099
2024-05-16T20:00:00Z,95.079,95.115,95.051,95.097,95.097,95.153,95.073,95.137
2024-05-16T21:00:00Z,95.033,95.101,94.981,95.063,95.163,95.191,95.105,95.131
2024-05-16T22:00:00Z,95.062,95.149,95.051,95.132,95.132,95.173,95.101,95.156
2024-05-16T23:00:00Z,95.135,95.203,95.128,95.153,95.158,95.228,95.152,95.18
2024-05-17T00:00:00Z,95.155,95.226,95.07,95.078,95.183,95.25,95.096,95.103
2024-05-17T01:00:00Z,95.077,95.278,95.071,95.224,95.103,95.304,95.094,95.251
2024-05-17T02:00:00Z,95.231,95.258,95.152,95.23,95.258,95.282,95.176,95.254
2024-05-17T03:00:00Z,95.233,95.269,95.193,95.203,95.257,95.291,95.217,95.225
2024-05-17T04:00:00Z,95.203,95.231,95.138,95.212,95.227,95.256,95.165,95.235
2024-05-17T05:00:00Z,95.207,95.336,95.201,95.334,95.232,95.36,95.224,95.356
2024-05-17T06:00:00Z,95.332,95.347,95.193,95.228,95.355,95.37,95.214,95.25
2024-05-17T07:00:00Z,95.232,95.344,95.223,95.254,95.254,95.367,95.245,95.278
2024-05-17T08:00:00Z,95.256,95.284,95.156,95.171,95.279,95.306,95.179,95.195
2024-05-17T09:00:00Z,95.172,95.203,95.139,95.167,95.194,95.224,95.163,95.189
2024-05-17T10:00:00Z,95.165,95.19,95.117,95.131,95.188,95.212,95.14,95.154
2024-05-17T11:00:00Z,95.13,95.181,95.106,95.174,95.154,95.205,95.13,95.195
2024-05-17T12:00:00Z,95.169,95.218,95.14,95.209,95.19,95.239,95.161,95.232
2024-05-17T13:00:00Z,95.212,95.301,95.178,95.287,95.234,95.326,95.199,95.313
2024-05-17T14:00:00Z,95.294,95.377,95.254,95.291,95.321,95.4,95.275,95.313
2024-05-17T15:00:00Z,95.291,95.351,95.218,95.351,95.312,95.374,95.24,95.372
2024-05-17T16:00:00Z,95.349,95.436,95.301,95.431,95.37,95.461,95.324,95.453
2024-05-17T17:00:00Z,95.429,95.507,95.419,95.475,95.453,95.532,95.443,95.5
2024-05-17T18:00:00Z,95.475,95.553,95.439,95.548,95.501,95.576,95.461,95.567
2024-05-17T19:00:00Z,95.548,95.551,95.486,95.508,95.567,95.575,95.505,95.532
2024-05-17T20:00:00Z,95.508,95.54,95.436,95.444,95.533,95.568,95.498,95.52
2024-05-19T21:00:00Z,95.289,95.46,95.273,95.431,95.489,95.578,95.457,95.54
2024-05-19T22:00:00Z,95.391,95.517,95.377,95.469,95.531,95.563,95.469,95.495
2024-05-19T23:00:00Z,95.47,95.604,95.464,95.552,95.493,95.629,95.488,95.575
2024-05-20T00:00:00Z,95.551,95.593,95.498,95.515,95.575,95.616,95.522,95.541
2024-05-20T01:00:00Z,95.514,95.599,95.475,95.545,95.542,95.624,95.5,95.571
2024-05-20T02:00:00Z,95.546,95.572,95.388,95.424,95.571,95.595,95.412,95.45
2024-05-20T03:00:00Z,95.425,95.444,95.339,95.419,95.452,95.466,95.364,95.442
2024-05-20T04:00:00Z,95.42,95.486,95.415,95.479,95.442,95.512,95.439,95.504
2024-05-20T05:00:00Z,95.479,95.531,95.428,95.494,95.503,95.558,95.451,95.517
2024-05-20T06:00:00Z,95.492,95.507,95.37,95.386,95.513,95.529,95.393,95.409
2024-05-20T07:00:00Z,95.386,95.427,95.175,95.325,95.408,95.45,95.196,95.347
2024-05-20T08:00:00Z,95.324,95.325,95.225,95.253,95.347,95.351,95.249,95.278
2024-05-20T09:00:00Z,95.252,95.319,95.214,95.315,95.278,95.342,95.238,95.338
2024-05-20T10:00:00Z,95.319,95.34,95.235,95.245,95.342,95.364,95.257,95.269
2024-05-20T11:00:00Z,95.244,95.292,95.195,95.201,95.267,95.314,95.217,95.225
2024-05-20T12:00:00Z,95.201,95.288,95.054,95.266,95.226,95.314,95.078,95.29
2024-05-20T13:00:00Z,95.265,95.427,95.262,95.413,95.288,95.449,95.284,95.435
2024-05-20T14:00:00Z,95.416,95.505,95.379,95.411,95.438,95.526,95.402,95.433
2024-05-20T15:00:00Z,95.41,95.461,95.347,95.388,95.431,95.483,95.368,95.41
2024-05-20T16:00:00Z,95.387,95.43,95.36,95.412,95.41,95.451,95.382,95.434
2024-05-20T17:00:00Z,95.411,95.447,95.352,95.444,95.434,95.471,95.374,95.466
2024-05-20T18:00:00Z,95.442,95.458,95.354,95.45,95.465,95.48,95.375,95.472
2024-05-20T19:00:00Z,95.45,95.45,95.395,95.427,95.472,95.472,95.416,95.45
2024-05-20T20:00:00Z,95.425,95.429,95.386,95.386,95.449,95.456,95.416,95.423
2024-05-20T21:00:00Z,95.312,95.377,95.259,95.362,95.512,95.541,95.388,95.44
2024-05-20T22:00:00Z,95.357,95.43,95.355,95.422,95.428,95.456,95.408,95.448
2024-05-20T23:00:00Z,95.423,95.518,95.418,95.5,95.45,95.541,95.445,95.524
2024-05-21T00:00:00Z,95.5,95.575,95.481,95.53,95.525,95.601,95.505,95.554
2024-05-21T01:00:00Z,95.533,95.574,95.416,95.424,95.556,95.597,95.438,95.448
2024-05-21T02:00:00Z,95.426,95.427,95.264,95.337,95.448,95.45,95.286,95.363
2024-05-21T03:00:00Z,95.335,95.447,95.329,95.392,95.36,95.471,95.353,95.416
2024-05-21T04:00:00Z,95.392,95.442,95.375,95.435,95.414,95.466,95.399,95.456
2024-05-21T05:00:00Z,95.433,95.439,95.335,95.374,95.456,95.464,95.36,95.395
2024-05-21T06:00:00Z,95.375,95.415,95.213,95.263,95.397,95.438,95.237,95.285
2024-05-21T07:00:00Z,95.266,95.326,95.239,95.29,95.289,95.351,95.264,95.311
2024-05-21T08:00:00Z,95.287,95.372,95.228,95.355,95.308,95.395,95.252,95.379
2024-05-21T09:00:00Z,95.357,95.363,95.251,95.258,95.38,95.388,95.274,95.281
2024-05-21T10:00:00Z,95.26,95.339,95.243,95.309,95.283,95.362,95.267,95.332
2024-05-21T11:00:00Z,95.309,95.396,95.289,95.361,95.333,95.42,95.309,95.38
2024-05-21T12:00:00Z,95.362,95.415,95.264,95.295,95.382,95.438,95.285,95.319
2024-05-21T13:00:00Z,95.297,95.364,95.17,95.188,95.319,95.386,95.194,95.213
2024-05-21T14:00:00Z,95.187,95.274,95.07,95.141,95.213,95.298,95.094,95.16
2024-05-21T15:00:00Z,95.14,95.2,95.113,95.114,95.16,95.224,95.134,95.135
2024-05-21T16:00:00Z,95.112,95.181,95.094,95.129,95.133,95.203,95.116,95.151
2024-05-21T17:00:00Z,95.127,95.215,95.124,95.211,95.148,95.236,95.146,95.234
2024-05-21T18:00:00Z,95.209,95.233,95.15,95.16,95.231,95.256,95.172,95.182
2024-05-21T19:00:00Z,95.16,95.197,95.147,95.191,95.182,95.219,95.169,95.214
2024-05-21T20:00:00Z,95.194,95.196,95.11,95.111,95.216,95.221,95.148,95.153
2024-05-21T21:00:00Z,95.044,95.177,95.044,95.142,95.228,95.244,95.161,95.231
2024-05-21T22:00:00Z,95.142,95.174,95.128,95.166,95.225,95.304,95.163,95.193
2024-05-21T23:00:00Z,95.17,95.247,95.166,95.199,95.196,95.269,95.192,95.222
2024-05-22T00:00:00Z,95.199,95.309,95.187,95.306,95.223,95.333,95.212,95.329
2024-05-22T01:00:00Z,95.307,95.412,95.258,95.344,95.329,95.436,95.284,95.392
2024-05-22T02:00:00Z,95.345,96.1,95.341,95.916,95.391,96.127,95.387,95.941
2024-05-22T03:00:00Z,95.915,95.948,95.65,95.729,95.938,95.974,95.673,95.754
2024-05-22T04:00:00Z,95.729,95.736,95.578,95.641,95.752,95.763,95.6,95.665
2024-05-22T05:00:00Z,95.636,95.781,95.624,95.779,95.66,95.805,95.648,95.803
2024-05-22T06:00:00Z,95.781,95.823,95.633,95.665,95.804,95.847,95.655,95.683
2024-05-22T07:00:00Z,95.666,95.683,95.576,95.666,95.685,95.707,95.602,95.688
2024-05-22T08:00:00Z,95.665,95.707,95.582,95.667,95.686,95.73,95.608,95.688
2024-05-22T09:00:00Z,95.668,95.735,95.57,95.727,95.691,95.758,95.596,95.749
2024-05-22T10:00:00Z,95.728,95.799,95.726,95.736,95.751,95.822,95.748,95.759
2024-05-22T11:00:00Z,95.736,95.754,95.592,95.635,95.757,95.778,95.618,95.659
2024-05-22T12:00:00Z,95.639,95.724,95.609,95.685,95.661,95.747,95.633,95.708
2024-05-22T13:00:00Z,95.682,95.759,95.657,95.705,95.705,95.781,95.678,95.741
2024-05-22T14:00:00Z,95.709,95.709,95.573,95.593,95.742,95.742,95.593,95.616
2024-05-22T15:00:00Z,95.598,95.676,95.502,95.529,95.616,95.697,95.525,95.55
2024-05-22T16:00:00Z,95.526,95.629,95.505,95.581,95.548,95.652,95.529,95.604
2024-05-22T17:00:00Z,95.578,95.589,95.424,95.432,95.601,95.611,95.449,95.502
2024-05-22T18:00:00Z,95.431,95.461,95.246,95.321,95.52,95.52,95.267,95.344
2024-05-22T19:00:00Z,95.321,95.404,95.244,95.396,95.344,95.425,95.268,95.418
2024-05-22T20:00:00Z,95.395,95.55,95.392,95.54,95.418,95.6,95.416,95.592
2024-05-22T21:00:00Z,95.479,95.509,95.439,95.439,95.619,95.619,95.555,95.594
2024-05-22T22:00:00Z,95.451,95.689,95.422,95.683,95.567,95.72,95.538,95.707
2024-05-22T23:00:00Z,95.677,95.688,95.562,95.589,95.703,95.712,95.584,95.613
2024-05-23T00:00:00Z,95.588,95.773,95.575,95.702,95.613,95.797,95.598,95.727
2024-05-23T01:00:00Z,95.703,95.815,95.678,95.763,95.727,95.842,95.704,95.784
2024-05-23T02:00:00Z,95.762,95.772,95.665,95.756,95.784,95.794,95.689,95.782
2024-05-23T03:00:00Z,95.761,95.928,95.741,95.923,95.785,95.951,95.767,95.948
2024-05-23T04:00:00Z,95.924,95.966,95.877,95.891,95.948,95.991,95.901,95.915
2024-05-23T05:00:00Z,95.893,95.914,95.806,95.822,95.915,95.94,95.829,95.844
2024-05-23T06:00:00Z,95.826,95.856,95.713,95.736,95.847,95.878,95.737,95.758
2024-05-23T07:00:00Z,95.739,95.765,95.605,95.747,95.759,95.79,95.638,95.774
2024-05-23T08:00:00Z,95.746,95.87,95.729,95.848,95.774,95.892,95.752,95.87
2024-05-23T09:00:00Z,95.85,96.022,95.804,96.01,95.873,96.046,95.828,96.033
2024-05-23T10:00:00Z,96.009,96.029,95.966,96.011,96.033,96.054,95.991,96.034
2024-05-23T11:00:00Z,96.011,96.044,95.94,95.964,96.033,96.064,95.963,95.983
2024-05-23T12:00:00Z,95.963,96.045,95.925,96.043,95.983,96.064,95.95,96.063
2024-05-23T13:00:00Z,96.047,96.118,95.832,95.953,96.064,96.138,95.876,95.989
2024-05-23T14:00:00Z,95.953,96.092,95.792,95.967,95.988,96.115,95.829,95.989
2024-05-23T15:00:00Z,95.969,96.082,95.936,96.006,95.998,96.103,95.958,96.029
2024-05-23T16:00:00Z,96.007,96.032,95.892,95.902,96.029,96.052,95.915,95.923
2024-05-23T17:00:00Z,95.904,95.905,95.676,95.704,95.925,95.929,95.699,95.726
2024-05-23T18:00:00Z,95.704,95.712,95.563,95.597,95.727,95.733,95.584,95.621
2024-05-23T19:00:00Z,95.597,95.694,95.597,95.656,95.621,95.719,95.621,95.681
2024-05-23T20:00:00Z,95.657,95.745,95.639,95.709,95.683,95.775,95.66,95.747
2024-05-23T21:00:00Z,95.635,95.726,95.635,95.715,95.766,95.844,95.725,95.803
2024-05-23T22:00:00Z,95.722,95.756,95.703,95.745,95.806,95.806,95.738,95.77
2024-05-23T23:00:00Z,95.744,95.744,95.688,95.689,95.77,95.771,95.713,95.713
2024-05-24T00:00:00Z,95.688,95.75,95.63,95.684,95.71,95.776,95.653,95.707
2024-05-24T01:00:00Z,95.687,95.785,95.603,95.738,95.71,95.813,95.627,95.761
2024-05-24T02:00:00Z,95.736,95.746,95.627,95.681,95.76,95.767,95.651,95.705
2024-05-24T03:00:00Z,95.682,95.734,95.667,95.707,95.705,95.757,95.689,95.73
2024-05-24T04:00:00Z,95.708,95.79,95.681,95.774,95.73,95.813,95.705,95.798
2024-05-24T05:00:00Z,95.77,95.791,95.669,95.753,95.795,95.814,95.693,95.775
2024-05-24T06:00:00Z,95.758,95.783,95.652,95.665,95.778,95.804,95.672,95.685
2024-05-24T07:00:00Z,95.666,95.858,95.666,95.831,95.688,95.88,95.688,95.855
2024-05-24T08:00:00Z,95.83,95.882,95.785,95.861,95.855,95.905,95.807,95.885
2024-05-24T09:00:00Z,95.858,95.895,95.809,95.859,95.882,95.915,95.832,95.883
2024-05-24T10:00:00Z,95.86,95.946,95.853,95.916,95.883,95.964,95.877,95.938
2024-05-24T11:00:00Z,95.914,95.949,95.888,95.93,95.938,95.966,95.912,95.952
2024-05-24T12:00:00Z,95.93,96.007,95.892,95.971,95.953,96.032,95.929,95.994
2024-05-24T13:00:00Z,95.974,96.015,95.909,95.924,95.994,96.037,95.942,95.995
2024-05-24T14:00:00Z,95.925,96.054,95.924,96.031,95.987,96.075,95.946,96.051
2024-05-24T15:00:00Z,96.027,96.092,95.935,95.995,96.047,96.114,95.957,96.018
2024-05-24T16:00:00Z,95.995,96.081,95.973,96.0,96.017,96.101,95.994,96.02
2024-05-24T17:00:00Z,96.001,96.145,95.98,96.139,96.022,96.164,96.001,96.161
2024-05-24T18:00:00Z,96.139,96.139,96.047,96.086,96.16,96.16,96.069,96.107
2024-05-24T19:00:00Z,96.086,96.09,96.049,96.084,96.107,96.114,96.076,96.105
2024-05-24T20:00:00Z,96.085,96.113,96.05,96.068,96.109,96.139,96.085,96.118
2024-05-26T21:00:00Z,96.068,96.068,95.919,96.006,96.118,96.183,96.033,96.12
2024-05-26T22:00:00Z,96.009,96.143,95.984,96.07,96.173,96.215,96.036,96.098
2024-05-26T23:00:00Z,96.069,96.081,95.988,96.0,96.093,96.107,96.012,96.025
2024-05-27T00:00:00Z,96.002,96.051,95.962,96.011,96.028,96.076,95.985,96.036
2024-05-27T01:00:00Z,96.012,96.112,95.972,96.084,96.036,96.137,95.995,96.108
2024-05-27T02:00:00Z,96.083,96.102,96.021,96.052,96.105,96.126,96.046,96.075
2024-05-27T03:00:00Z,96.048,96.096,96.004,96.04,96.072,96.116,96.026,96.063
2024-05-27T04:00:00Z,96.042,96.104,96.009,96.09,96.066,96.128,96.031,96.116
2024-05-27T05:00:00Z,96.092,96.105,96.026,96.079,96.116,96.128,96.05,96.1
2024-05-27T06:00:00Z,96.081,96.139,96.041,96.116,96.103,96.162,96.062,96.14
2024-05-27T07:00:00Z,96.115,96.237,96.101,96.176,96.137,96.257,96.125,96.201
2024-05-27T08:00:00Z,96.177,96.289,96.133,96.279,96.201,96.312,96.157,96.303
2024-05-27T09:00:00Z,96.28,96.333,96.262,96.333,96.303,96.356,96.286,96.356
2024-05-27T10:00:00Z,96.333,96.381,96.307,96.377,96.357,96.405,96.331,96.401
2024-05-27T11:00:00Z,96.378,96.39,96.309,96.346,96.403,96.412,96.333,96.371
2024-05-27T12:00:00Z,96.349,96.396,96.251,96.384,96.376,96.419,96.276,96.408
2024-05-27T13:00:00Z,96.384,96.447,96.368,96.401,96.407,96.469,96.392,96.425
2024-05-27T14:00:00Z,96.398,96.445,96.356,96.38,96.428,96.468,96.379,96.402
2024-05-27T15:00:00Z,96.38,96.509,96.366,96.505,96.403,96.535,96.387,96.529
2024-05-27T16:00:00Z,96.501,96.531,96.447,96.457,96.527,96.553,96.474,96.49
2024-05-27T17:00:00Z,96.457,96.483,96.436,96.469,96.491,96.513,96.47,96.491
2024-05-27T18:00:00Z,96.469,96.479,96.446,96.454,96.492,96.501,96.469,96.478
2024-05-27T19:00:00Z,96.454,96.514,96.42,96.503,96.478,96.541,96.448,96.535
2024-05-27T20:00:00Z,96.506,96.507,96.42,96.42,96.537,96.539,96.474,96.517
2024-05-27T21:00:00Z,96.397,96.473,96.397,96.46,96.522,96.563,96.483,96.554
2024-05-27T22:00:00Z,96.457,96.526,96.457,96.512,96.557,96.562,96.49,96.536
2024-05-27T23:00:00Z,96.515,96.552,96.464,96.467,96.539,96.575,96.487,96.492
2024-05-28T00:00:00Z,96.469,96.589,96.463,96.582,96.493,96.615,96.487,96.604
2024-05-28T01:00:00Z,96.576,96.646,96.552,96.588,96.598,96.67,96.577,96.609
2024-05-28T02:00:00Z,96.593,96.61,96.538,96.589,96.617,96.633,96.562,96.615
2024-05-28T03:00:00Z,96.588,96.606,96.494,96.521,96.612,96.627,96.518,96.545
2024-05-28T04:00:00Z,96.522,96.551,96.486,96.496,96.545,96.577,96.51,96.52
2024-05-28T05:00:00Z,96.493,96.588,96.473,96.566,96.518,96.612,96.494,96.589
2024-05-28T06:00:00Z,96.57,96.622,96.565,96.593,96.593,96.644,96.588,96.615
2024-05-28T07:00:00Z,96.592,96.731,96.586,96.709,96.615,96.755,96.607,96.729
2024-05-28T08:00:00Z,96.707,96.708,96.583,96.629,96.728,96.729,96.607,96.653
2024-05-28T09:00:00Z,96.631,96.721,96.616,96.67,96.654,96.743,96.64,96.692
2024-05-28T10:00:00Z,96.67,96.682,96.553,96.611,96.69,96.705,96.576,96.632
2024-05-28T11:00:00Z,96.611,96.686,96.601,96.628,96.631,96.709,96.621,96.649
2024-05-28T12:00:00Z,96.627,96.632,96.552,96.619,96.649,96.655,96.574,96.643
2024-05-28T13:00:00Z,96.614,96.64,96.486,96.491,96.64,96.662,96.508,96.544
2024-05-28T14:00:00Z,96.493,96.604,96.46,96.552,96.548,96.626,96.485,96.572
2024-05-28T15:00:00Z,96.555,96.575,96.459,96.566,96.576,96.598,96.481,96.589
2024-05-28T16:00:00Z,96.563,96.58,96.505,96.539,96.586,96.602,96.527,96.563
2024-05-28T17:00:00Z,96.537,96.579,96.456,96.486,96.56,96.601,96.478,96.509
2024-05-28T18:00:00Z,96.482,96.531,96.428,96.494,96.507,96.552,96.451,96.515
2024-05-28T19:00:00Z,96.494,96.52,96.462,96.52,96.515,96.543,96.483,96.541
2024-05-28T20:00:00Z,96.52,96.538,96.484,96.501,96.543,96.563,96.515,96.534
2024-05-28T21:00:00Z,96.484,96.541,96.424,96.49,96.546,96.681,96.539,96.552
2024-05-28T22:00:00Z,96.489,96.601,96.475,96.564,96.556,96.621,96.501,96.593
2024-05-28T23:00:00Z,96.569,96.596,96.526,96.556,96.593,96.62,96.551,96.579
2024-05-29T00:00:00Z,96.552,96.603,96.498,96.53,96.579,96.628,96.521,96.555
2024-05-29T01:00:00Z,96.53,96.694,96.484,96.552,96.554,96.729,96.507,96.573
2024-05-29T02:00:00Z,96.551,96.601,96.407,96.409,96.573,96.626,96.431,96.433
2024-05-29T03:00:00Z,96.408,96.51,96.391,96.497,96.433,96.533,96.416,96.521
2024-05-29T04:00:00Z,96.497,96.506,96.371,96.395,96.522,96.53,96.393,96.419
2024-05-29T05:00:00Z,96.389,96.423,96.301,96.346,96.413,96.442,96.324,96.371
2024-05-29T06:00:00Z,96.353,96.426,96.212,96.386,96.373,96.449,96.242,96.408
2024-05-29T07:00:00Z,96.385,96.516,96.384,96.467,96.409,96.539,96.407,96.49
2024-05-29T08:00:00Z,96.467,96.475,96.372,96.413,96.487,96.497,96.394,96.436
2024-05-29T09:00:00Z,96.417,96.486,96.4,96.453,96.439,96.509,96.422,96.477
2024-05-29T10:00:00Z,96.452,96.458,96.35,96.414,96.477,96.481,96.372,96.439
2024-05-29T11:00:00Z,96.41,96.414,96.277,96.359,96.434,96.437,96.3,96.38
2024-05-29T12:00:00Z,96.359,96.437,96.335,96.358,96.381,96.462,96.358,96.379
2024-05-29T13:00:00Z,96.357,96.421,96.29,96.355,96.38,96.443,96.312,96.386
2024-05-29T14:00:00Z,96.356,96.418,96.237,96.402,96.385,96.439,96.259,96.424
2024-05-29T15:00:00Z,96.398,96.451,96.339,96.398,96.422,96.473,96.361,96.417
2024-05-29T16:00:00Z,96.399,96.472,96.351,96.457,96.417,96.493,96.374,96.481
2024-05-29T17:00:00Z,96.457,96.471,96.359,96.443,96.479,96.494,96.381,96.467
2024-05-29T18:00:00Z,96.443,96.49,96.398,96.407,96.468,96.512,96.42,96.429
2024-05-29T19:00:00Z,96.362,96.428,96.351,96.396,96.384,96.451,96.371,96.422
2024-05-29T20:00:00Z,96.397,96.403,96.335,96.342,96.422,96.426,96.359,96.392
2024-05-29T21:00:00Z,96.302,96.362,96.292,96.361,96.451,96.489,96.352,96.44
2024-05-29T22:00:00Z,96.365,96.385,96.325,96.349,96.44,96.44,96.353,96.375
2024-05-29T23:00:00Z,96.349,96.361,96.288,96.332,96.373,96.386,96.311,96.358
2024-05-30T00:00:00Z,96.329,96.329,96.043,96.073,96.355,96.355,96.067,96.094
2024-05-30T01:00:00Z,96.075,96.231,96.06,96.119,96.095,96.255,96.081,96.141
2024-05-30T02:00:00Z,96.119,96.17,96.027,96.073,96.144,96.194,96.05,96.097
2024-05-30T03:00:00Z,96.072,96.08,95.992,96.039,96.095,96.102,96.018,96.062
2024-05-30T04:00:00Z,96.04,96.099,95.859,95.925,96.062,96.119,95.887,95.948
2024-05-30T05:00:00Z,95.927,95.936,95.604,95.631,95.948,95.959,95.629,95.654
2024-05-30T06:00:00Z,95.633,95.66,95.42,95.534,95.654,95.683,95.441,95.56
2024-05-30T07:00:00Z,95.533,95.785,95.451,95.75,95.56,95.81,95.472,95.774
2024-05-30T08:00:00Z,95.75,95.859,95.708,95.837,95.776,95.884,95.733,95.866
2024-05-30T09:00:00Z,95.837,95.877,95.656,95.73,95.864,95.902,95.68,95.753
2024-05-30T10:00:00Z,95.732,95.875,95.732,95.792,95.756,95.899,95.756,95.815
2024-05-30T11:00:00Z,95.798,95.851,95.716,95.76,95.821,95.873,95.737,95.782
2024-05-30T12:00:00Z,95.759,95.899,95.686,95.804,95.783,95.92,95.709,95.827
2024-05-30T13:00:00Z,95.807,95.947,95.713,95.916,95.828,95.969,95.734,95.942
2024-05-30T14:00:00Z,95.916,96.031,95.839,95.882,95.933,96.054,95.86,95.902
2024-05-30T15:00:00Z,95.881,96.048,95.857,95.938,95.902,96.069,95.88,95.958
2024-05-30T16:00:00Z,95.936,96.007,95.935,96.003,95.958,96.028,95.958,96.025
2024-05-30T17:00:00Z,96.001,96.034,95.949,95.983,96.022,96.06,95.973,96.003
2024-05-30T18:00:00Z,95.983,96.001,95.955,95.98,96.004,96.025,95.98,96.004
2024-05-30T19:00:00Z,95.98,95.98,95.814,95.88,96.004,96.004,95.838,95.903
2024-05-30T20:00:00Z,95.878,95.88,95.83,95.842,95.905,95.905,95.853,95.875
2024-05-30T21:00:00Z,95.821,95.876,95.741,95.82,95.885,95.976,95.866,95.89
2024-05-30T22:00:00Z,95.812,95.938,95.812,95.891,95.887,95.964,95.859,95.915
2024-05-30T23:00:00Z,95.893,95.988,95.853,95.982,95.918,96.011,95.877,96.007
2024-05-31T00:00:00Z,95.982,96.052,95.835,95.974,96.006,96.077,95.86,95.996
2024-05-31T01:00:00Z,95.974,96.111,95.83,95.882,95.997,96.14,95.854,95.907
2024-05-31T02:00:00Z,95.879,96.005,95.845,95.998,95.903,96.027,95.87,96.021
2024-05-31T03:00:00Z,95.999,96.081,95.95,96.044,96.023,96.105,95.975,96.066
2024-05-31T04:00:00Z,96.041,96.053,95.93,95.943,96.066,96.075,95.953,95.966
2024-05-31T05:00:00Z,95.94,96.087,95.934,96.068,95.963,96.111,95.957,96.087
2024-05-31T06:00:00Z,96.071,96.196,96.071,96.137,96.094,96.218,96.094,96.16
2024-05-31T07:00:00Z,96.134,96.155,96.054,96.128,96.157,96.177,96.077,96.15
2024-05-31T08:00:00Z,96.128,96.366,96.123,96.341,96.148,96.385,96.147,96.368
2024-05-31T09:00:00Z,96.343,96.43,96.268,96.428,96.367,96.452,96.291,96.451
2024-05-31T10:00:00Z,96.431,96.465,96.357,96.463,96.453,96.487,96.378,96.485
2024-05-31T11:00:00Z,96.462,96.473,96.341,96.369,96.486,96.497,96.363,96.389
2024-05-31T12:00:00Z,96.371,96.534,96.258,96.53,96.391,96.556,96.314,96.552
2024-05-31T13:00:00Z,96.532,96.589,96.426,96.47,96.554,96.61,96.447,96.49
2024-05-31T14:00:00Z,96.468,96.538,96.324,96.529,96.487,96.561,96.346,96.552
2024-05-31T15:00:00Z,96.531,96.547,96.4,96.411,96.553,96.569,96.423,96.433
2024-05-31T16:00:00Z,96.412,96.455,96.357,96.414,96.433,96.477,96.379,96.436
2024-05-31T17:00:00Z,96.414,96.51,96.407,96.476,96.435,96.531,96.429,96.501
2024-05-31T18:00:00Z,96.476,96.517,96.439,96.51,96.5,96.541,96.464,96.534
2024-05-31T19:00:00Z,96.51,96.659,96.51,96.649,96.534,96.685,96.534,96.675
2024-05-31T20:00:00Z,96.647,96.682,96.564,96.593,96.674,96.706,96.615,96.648
2024-06-02T21:00:00Z,96.603,96.603,96.434,96.476,96.658,96.683,96.594,96.646
2024-06-02T22:00:00Z,96.476,96.693,96.456,96.666,96.652,96.712,96.564,96.698
2024-06-02T23:00:00Z,96.665,96.685,96.581,96.625,96.696,96.709,96.609,96.649
2024-06-03T00:00:00Z,96.625,96.73,96.602,96.662,96.65,96.757,96.626,96.69
2024-06-03T01:00:00Z,96.659,96.733,96.592,96.688,96.691,96.76,96.619,96.712
2024-06-03T02:00:00Z,96.691,96.736,96.638,96.721,96.712,96.761,96.662,96.746
2024-06-03T03:00:00Z,96.72,96.754,96.626,96.71,96.747,96.779,96.653,96.735
2024-06-03T04:00:00Z,96.707,96.774,96.696,96.755,96.732,96.799,96.72,96.779
2024-06-03T05:00:00Z,96.757,96.796,96.662,96.68,96.781,96.822,96.685,96.704
2024-06-03T06:00:00Z,96.689,96.695,96.485,96.527,96.706,96.718,96.51,96.553
2024-06-03T07:00:00Z,96.527,96.566,96.38,96.394,96.551,96.59,96.405,96.419
2024-06-03T08:00:00Z,96.395,96.566,96.361,96.445,96.417,96.592,96.384,96.47
2024-06-03T09:00:00Z,96.447,96.45,96.322,96.389,96.469,96.472,96.348,96.412
2024-06-03T10:00:00Z,96.391,96.419,96.272,96.335,96.414,96.444,96.297,96.36
2024-06-03T11:00:00Z,96.333,96.597,96.331,96.567,96.357,96.619,96.357,96.593
2024-06-03T12:00:00Z,96.566,96.647,96.514,96.576,96.591,96.669,96.541,96.6
2024-06-03T13:00:00Z,96.577,96.632,96.475,96.493,96.602,96.654,96.498,96.55
2024-06-03T14:00:00Z,96.524,96.701,96.449,96.471,96.556,96.727,96.474,96.496
2024-06-03T15:00:00Z,96.474,96.54,96.401,96.461,96.497,96.564,96.425,96.485
2024-06-03T16:00:00Z,96.464,96.507,96.372,96.375,96.489,96.53,96.398,96.4
2024-06-03T17:00:00Z,96.376,96.419,96.279,96.419,96.4,96.444,96.303,96.444
2024-06-03T18:00:00Z,96.419,96.527,96.407,96.5,96.442,96.552,96.431,96.526
2024-06-03T19:00:00Z,96.5,96.578,96.497,96.564,96.526,96.602,96.521,96.591
2024-06-03T20:00:00Z,96.565,96.687,96.565,96.625,96.593,96.712,96.591,96.665
2024-06-03T21:00:00Z,96.606,96.627,96.579,96.619,96.697,96.708,96.642,96.691
2024-06-03T22:00:00Z,96.629,96.698,96.616,96.652,96.692,96.722,96.643,96.676
2024-06-03T23:00:00Z,96.658,96.726,96.603,96.646,96.682,96.749,96.629,96.67
2024-06-04T00:00:00Z,96.643,96.849,96.595,96.79,96.669,96.874,96.621,96.814
2024-06-04T01:00:00Z,96.792,96.807,96.678,96.696,96.814,96.831,96.702,96.721
2024-06-04T02:00:00Z,96.695,96.748,96.626,96.734,96.719,96.77,96.65,96.758
2024-06-04T03:00:00Z,96.734,96.778,96.684,96.767,96.759,96.8,96.708,96.789
2024-06-04T04:00:00Z,96.765,96.834,96.732,96.756,96.789,96.857,96.757,96.778
2024-06-04T05:00:00Z,96.755,96.766,96.555,96.581,96.779,96.789,96.578,96.605
2024-06-04T06:00:00Z,96.586,96.589,96.308,96.404,96.605,96.612,96.329,96.428
2024-06-04T07:00:00Z,96.404,96.411,96.014,96.043,96.43,96.437,96.035,96.067
2024-06-04T08:00:00Z,96.042,96.042,95.759,95.821,96.067,96.067,95.783,95.846
2024-06-04T09:00:00Z,95.82,95.853,95.537,95.607,95.846,95.878,95.566,95.63
2024-06-04T10:00:00Z,95.608,95.617,95.258,95.444,95.63,95.643,95.281,95.473
2024-06-04T11:00:00Z,95.447,95.707,95.439,95.457,95.474,95.734,95.463,95.48
2024-06-04T12:00:00Z,95.457,95.74,95.424,95.731,95.479,95.766,95.448,95.756
2024-06-04T13:00:00Z,95.728,95.751,95.508,95.515,95.754,95.776,95.533,95.584
2024-06-04T14:00:00Z,95.473,95.754,95.381,95.65,95.592,95.781,95.489,95.675
2024-06-04T15:00:00Z,95.654,95.717,95.529,95.581,95.677,95.743,95.553,95.604
2024-06-04T16:00:00Z,95.584,95.616,95.514,95.537,95.607,95.642,95.539,95.562
2024-06-04T17:00:00Z,95.539,95.579,95.478,95.505,95.564,95.605,95.501,95.529
2024-06-04T18:00:00Z,95.503,95.633,95.485,95.607,95.526,95.658,95.509,95.633
2024-06-04T19:00:00Z,95.607,95.627,95.526,95.6,95.633,95.65,95.55,95.626
2024-06-04T20:00:00Z,95.603,95.663,95.598,95.645,95.629,95.698,95.625,95.683
2024-06-04T21:00:00Z,95.565,95.648,95.535,95.601,95.724,95.747,95.644,95.702
2024-06-04T22:00:00Z,95.595,95.651,95.575,95.651,95.697,95.717,95.612,95.68
2024-06-04T23:00:00Z,95.644,95.783,95.607,95.767,95.678,95.808,95.633,95.793
2024-06-05T00:00:00Z,95.767,96.005,95.75,95.938,95.792,96.029,95.771,95.964
2024-06-05T01:00:00Z,95.938,96.138,95.874,96.13,95.965,96.164,95.905,96.156
2024-06-05T02:00:00Z,96.13,96.239,96.117,96.206,96.152,96.261,96.143,96.228
2024-06-05T03:00:00Z,96.204,96.245,96.079,96.167,96.228,96.27,96.103,96.191
2024-06-05T04:00:00Z,96.165,96.275,96.153,96.257,96.189,96.3,96.176,96.281
2024-06-05T05:00:00Z,96.255,96.289,96.102,96.199,96.278,96.313,96.127,96.224
2024-06-05T06:00:00Z,96.204,96.444,96.188,96.423,96.225,96.468,96.212,96.445
2024-06-05T07:00:00Z,96.423,96.651,96.405,96.63,96.446,96.674,96.429,96.654
2024-06-05T08:00:00Z,96.631,96.739,96.615,96.636,96.654,96.763,96.64,96.66
2024-06-05T09:00:00Z,96.636,96.655,96.465,96.47,96.661,96.677,96.488,96.495
2024-06-05T10:00:00Z,96.471,96.495,96.407,96.459,96.495,96.52,96.431,96.482
2024-06-05T11:00:00Z,96.453,96.551,96.402,96.547,96.477,96.576,96.424,96.57
2024-06-05T12:00:00Z,96.549,96.613,96.452,96.587,96.571,96.635,96.504,96.61
2024-06-05T13:00:00Z,96.585,96.619,96.406,96.423,96.607,96.643,96.436,96.504
2024-06-05T14:00:00Z,96.423,96.669,96.34,96.512,96.5,96.694,96.4,96.535
2024-06-05T15:00:00Z,96.514,96.601,96.459,96.584,96.535,96.627,96.482,96.608
2024-06-05T16:00:00Z,96.582,96.588,96.494,96.536,96.606,96.609,96.517,96.561
2024-06-05T17:00:00Z,96.538,96.611,96.509,96.605,96.56,96.635,96.534,96.629
2024-06-05T18:00:00Z,96.604,96.678,96.579,96.652,96.629,96.704,96.604,96.679
2024-06-05T19:00:00Z,96.652,96.656,96.603,96.631,96.679,96.68,96.627,96.656
2024-06-05T20:00:00Z,96.632,96.641,96.595,96.606,96.656,96.682,96.634,96.657
2024-06-05T21:00:00Z,96.577,96.62,96.534,96.608,96.709,96.729,96.646,96.693
2024-06-05T22:00:00Z,96.604,96.671,96.551,96.565,96.659,96.717,96.582,96.589
2024-06-05T23:00:00Z,96.564,96.637,96.511,96.597,96.589,96.663,96.535,96.621
2024-06-06T00:00:00Z,96.599,96.615,96.496,96.582,96.623,96.639,96.522,96.608
2024-06-06T01:00:00Z,96.584,96.679,96.515,96.638,96.609,96.705,96.54,96.664
2024-06-06T02:00:00Z,96.643,96.647,96.463,96.553,96.669,96.671,96.489,96.576
2024-06-06T03:00:00Z,96.553,96.578,96.424,96.451,96.577,96.602,96.449,96.475
2024-06-06T04:00:00Z,96.456,96.597,96.442,96.475,96.479,96.621,96.468,96.499
2024-06-06T05:00:00Z,96.472,96.567,96.449,96.513,96.497,96.589,96.477,96.541
2024-06-06T06:00:00Z,96.516,96.693,96.474,96.683,96.544,96.718,96.498,96.707
2024-06-06T07:00:00Z,96.683,96.731,96.653,96.699,96.708,96.754,96.676,96.723
2024-06-06T08:00:00Z,96.7,96.708,96.516,96.594,96.723,96.732,96.54,96.618
2024-06-06T09:00:00Z,96.595,96.618,96.407,96.488,96.618,96.642,96.434,96.509
2024-06-06T10:00:00Z,96.488,96.528,96.453,96.503,96.512,96.551,96.477,96.526
2024-06-06T11:00:00Z,96.503,96.564,96.501,96.506,96.527,96.588,96.526,96.53
2024-06-06T12:00:00Z,96.51,96.595,96.441,96.57,96.533,96.633,96.499,96.595
2024-06-06T13:00:00Z,96.57,96.669,96.457,96.622,96.593,96.693,96.48,96.646
2024-06-06T14:00:00Z,96.618,96.688,96.48,96.5,96.643,96.712,96.502,96.524
2024-06-06T15:00:00Z,96.497,96.689,96.497,96.614,96.52,96.714,96.52,96.636
2024-06-06T16:00:00Z,96.617,96.637,96.503,96.523,96.641,96.662,96.525,96.548
2024-06-06T17:00:00Z,96.523,96.629,96.511,96.614,96.55,96.655,96.536,96.636
2024-06-06T18:00:00Z,96.614,96.617,96.508,96.566,96.638,96.641,96.532,96.593
2024-06-06T19:00:00Z,96.566,96.606,96.39,96.47,96.593,96.629,96.417,96.495
2024-06-06T20:00:00Z,96.473,96.504,96.443,96.455,96.498,96.528,96.474,96.492
2024-06-06T21:00:00Z,96.354,96.469,96.313,96.429,96.511,96.588,96.475,96.493
2024-06-06T22:00:00Z,96.428,96.484,96.42,96.468,96.493,96.523,96.446,96.494
2024-06-06T23:00:00Z,96.466,96.479,96.419,96.454,96.494,96.504,96.445,96.478
2024-06-07T00:00:00Z,96.45,96.514,96.396,96.496,96.475,96.538,96.425,96.52
2024-06-07T01:00:00Z,96.496,96.538,96.37,96.394,96.518,96.562,96.396,96.418
2024-06-07T02:00:00Z,96.396,96.543,96.366,96.518,96.419,96.569,96.39,96.545
2024-06-07T03:00:00Z,96.515,96.593,96.465,96.516,96.542,96.618,96.489,96.54
2024-06-07T04:00:00Z,96.521,96.543,96.417,96.425,96.545,96.567,96.445,96.45
2024-06-07T05:00:00Z,96.424,96.459,96.282,96.34,96.447,96.483,96.307,96.363
2024-06-07T06:00:00Z,96.344,96.349,96.123,96.261,96.369,96.373,96.147,96.287
2024-06-07T07:00:00Z,96.262,96.293,96.135,96.248,96.286,96.314,96.158,96.272
2024-06-07T08:00:00Z,96.248,96.279,96.132,96.195,96.271,96.304,96.156,96.22
2024-06-07T09:00:00Z,96.197,96.241,96.162,96.228,96.221,96.263,96.187,96.252
2024-06-07T10:00:00Z,96.224,96.267,96.195,96.233,96.248,96.291,96.219,96.257
2024-06-07T11:00:00Z,96.229,96.395,96.191,96.359,96.253,96.418,96.215,96.381
2024-06-07T12:00:00Z,96.357,96.44,96.089,96.233,96.381,96.572,96.152,96.258
2024-06-07T13:00:00Z,96.233,96.265,96.03,96.1,96.256,96.295,96.051,96.128
2024-06-07T14:00:00Z,96.099,96.118,95.902,95.977,96.125,96.143,95.925,95.999
2024-06-07T15:00:00Z,95.976,95.977,95.535,95.681,95.999,96.0,95.557,95.709
2024-06-07T16:00:00Z,95.68,95.745,95.637,95.745,95.707,95.773,95.662,95.773
2024-06-07T17:00:00Z,95.743,95.745,95.655,95.709,95.772,95.772,95.681,95.736
2024-06-07T18:00:00Z,95.709,95.746,95.632,95.727,95.735,95.771,95.66,95.754
2024-06-07T19:00:00Z,95.702,95.703,95.637,95.677,95.731,95.732,95.666,95.705
2024-06-07T20:00:00Z,95.679,95.695,95.63,95.658,95.705,95.733,95.653,95.699
2024-06-09T21:00:00Z,95.752,95.752,95.568,95.639,95.952,95.952,95.733,95.772
2024-06-09T22:00:00Z,95.647,95.802,95.585,95.764,95.784,95.827,95.629,95.789
2024-06-09T23:00:00Z,95.766,95.81,95.717,95.737,95.795,95.833,95.741,95.761
2024-06-10T00:00:00Z,95.735,95.762,95.676,95.693,95.76,95.789,95.704,95.717
2024-06-10T01:00:00Z,95.694,95.792,95.669,95.791,95.717,95.817,95.693,95.814
2024-06-10T02:00:00Z,95.786,95.855,95.766,95.853,95.81,95.883,95.79,95.877
2024-06-10T03:00:00Z,95.854,95.959,95.844,95.899,95.876,95.985,95.869,95.923
2024-06-10T04:00:00Z,95.902,95.969,95.876,95.959,95.925,95.994,95.9,95.985
2024-06-10T05:00:00Z,95.956,95.957,95.85,95.928,95.982,95.982,95.874,95.954
2024-06-10T06:00:00Z,95.929,95.977,95.869,95.941,95.954,96.001,95.89,95.967
2024-06-10T07:00:00Z,95.943,95.951,95.868,95.931,95.967,95.976,95.892,95.955
2024-06-10T08:00:00Z,95.935,95.965,95.817,95.84,95.958,95.989,95.841,95.863
2024-06-10T09:00:00Z,95.841,95.857,95.747,95.803,95.862,95.883,95.771,95.825
2024-06-10T10:00:00Z,95.802,95.817,95.708,95.733,95.826,95.84,95.732,95.757
2024-06-10T11:00:00Z,95.735,95.861,95.723,95.848,95.76,95.885,95.747,95.871
2024-06-10T12:00:00Z,95.848,95.957,95.819,95.855,95.873,95.981,95.846,95.879
2024-06-10T13:00:00Z,95.857,95.862,95.742,95.84,95.879,95.884,95.766,95.865
2024-06-10T14:00:00Z,95.84,95.94,95.807,95.899,95.866,95.964,95.829,95.922
2024-06-10T15:00:00Z,95.899,96.1,95.889,96.097,95.923,96.123,95.912,96.121
2024-06-10T16:00:00Z,96.099,96.119,96.044,96.08,96.121,96.146,96.067,96.103
2024-06-10T17:00:00Z,96.08,96.13,96.033,96.125,96.101,96.156,96.059,96.149
2024-06-10T18:00:00Z,96.128,96.191,96.063,96.18,96.151,96.215,96.09,96.208
2024-06-10T19:00:00Z,96.18,96.204,96.145,96.152,96.208,96.23,96.17,96.178
2024-06-10T20:00:00Z,96.15,96.214,96.131,96.208,96.177,96.252,96.157,96.241
2024-06-10T21:00:00Z,96.175,96.202,96.129,96.188,96.27,96.295,96.242,96.247
2024-06-10T22:00:00Z,96.19,96.291,96.19,96.288,96.252,96.322,96.246,96.312
2024-06-10T23:00:00Z,96.284,96.291,96.187,96.235,96.308,96.314,96.21,96.259
2024-06-11T00:00:00Z,96.231,96.35,96.227,96.338,96.255,96.373,96.25,96.361
2024-06-11T01:00:00Z,96.338,96.345,96.171,96.227,96.36,96.371,96.199,96.253
2024-06-11T02:00:00Z,96.23,96.258,96.194,96.258,96.255,96.282,96.219,96.28
2024-06-11T03:00:00Z,96.258,96.281,96.192,96.213,96.281,96.305,96.216,96.238
2024-06-11T04:00:00Z,96.213,96.281,96.189,96.244,96.239,96.306,96.214,96.271
2024-06-11T05:00:00Z,96.244,96.314,96.232,96.298,96.27,96.337,96.26,96.325
2024-06-11T06:00:00Z,96.304,96.395,96.272,96.393,96.328,96.419,96.296,96.419
2024-06-11T07:00:00Z,96.393,96.398,96.275,96.374,96.417,96.421,96.298,96.399
2024-06-11T08:00:00Z,96.375,96.397,96.286,96.292,96.399,96.423,96.31,96.316
2024-06-11T09:00:00Z,96.297,96.346,96.242,96.317,96.323,96.37,96.266,96.343
2024-06-11T10:00:00Z,96.317,96.346,96.233,96.266,96.342,96.37,96.257,96.289
2024-06-11T11:00:00Z,96.264,96.269,96.128,96.185,96.289,96.294,96.152,96.212
2024-06-11T12:00:00Z,96.184,96.244,96.118,96.163,96.209,96.27,96.141,96.188
2024-06-11T13:00:00Z,96.166,96.262,96.09,96.194,96.191,96.286,96.113,96.216
2024-06-11T14:00:00Z,96.195,96.389,96.152,96.366,96.218,96.413,96.174,96.39
2024-06-11T15:00:00Z,96.366,96.478,96.341,96.446,96.389,96.503,96.363,96.472
2024-06-11T16:00:00Z,96.448,96.571,96.443,96.551,96.472,96.595,96.467,96.574
2024-06-11T17:00:00Z,96.553,96.555,96.438,96.471,96.574,96.576,96.465,96.498
2024-06-11T18:00:00Z,96.473,96.512,96.435,96.492,96.498,96.537,96.459,96.519
2024-06-11T19:00:00Z,96.513,96.52,96.449,96.511,96.537,96.546,96.476,96.537
2024-06-11T20:00:00Z,96.511,96.551,96.496,96.518,96.539,96.574,96.526,96.554
2024-06-11T21:00:00Z,96.421,96.5,96.421,96.476,96.591,96.591,96.533,96.549
2024-06-11T22:00:00Z,96.478,96.536,96.471,96.531,96.539,96.572,96.514,96.555
2024-06-11T23:00:00Z,96.526,96.602,96.506,96.541,96.551,96.626,96.53,96.567
2024-06-12T00:00:00Z,96.539,96.574,96.398,96.459,96.563,96.599,96.42,96.483
2024-06-12T01:00:00Z,96.462,96.543,96.432,96.54,96.485,96.569,96.459,96.565
2024-06-12T02:00:00Z,96.543,96.613,96.508,96.606,96.568,96.64,96.532,96.63
2024-06-12T03:00:00Z,96.605,96.634,96.566,96.571,96.631,96.659,96.589,96.596
2024-06-12T04:00:00Z,96.572,96.613,96.539,96.576,96.596,96.632,96.563,96.6
2024-06-12T05:00:00Z,96.572,96.685,96.559,96.675,96.597,96.709,96.582,96.697
2024-06-12T06:00:00Z,96.683,96.685,96.543,96.551,96.701,96.709,96.567,96.575
2024-06-12T07:00:00Z,96.548,96.672,96.529,96.637,96.572,96.696,96.553,96.662
2024-06-12T08:00:00Z,96.642,96.683,96.586,96.619,96.668,96.706,96.612,96.643
2024-06-12T09:00:00Z,96.615,96.683,96.606,96.66,96.638,96.706,96.63,96.681
2024-06-12T10:00:00Z,96.66,96.7,96.642,96.669,96.683,96.724,96.667,96.691
2024-06-12T11:00:00Z,96.669,96.717,96.621,96.646,96.693,96.74,96.645,96.669
2024-06-12T12:00:00Z,96.648,97.078,96.524,96.958,96.671,97.112,96.603,96.985
2024-06-12T13:00:00Z,96.959,96.97,96.781,96.788,96.988,96.996,96.803,96.813
2024-06-12T14:00:00Z,96.792,96.944,96.746,96.822,96.815,96.97,96.77,96.847
2024-06-12T15:00:00Z,96.821,96.916,96.811,96.901,96.844,96.941,96.835,96.924
2024-06-12T16:00:00Z,96.898,96.926,96.798,96.832,96.922,96.951,96.823,96.857
2024-06-12T17:00:00Z,96.835,96.881,96.762,96.825,96.858,96.937,96.787,96.926
2024-06-12T18:00:00Z,96.748,97.013,96.652,96.991,96.924,97.037,96.738,97.025
2024-06-12T19:00:00Z,96.991,96.991,96.768,96.878,97.025,97.025,96.795,96.905
2024-06-12T20:00:00Z,96.878,96.968,96.844,96.886,96.906,96.994,96.872,96.919
2024-06-12T21:00:00Z,96.87,96.887,96.776,96.844,96.965,96.992,96.881,96.924
2024-06-12T22:00:00Z,96.84,96.94,96.84,96.937,96.909,96.967,96.876,96.961
2024-06-12T23:00:00Z,96.937,97.007,96.932,96.991,96.96,97.032,96.957,97.015
2024-06-13T00:00:00Z,96.987,97.005,96.878,96.91,97.012,97.03,96.902,96.936
2024-06-13T01:00:00Z,96.907,96.94,96.759,96.794,96.933,96.966,96.785,96.82
2024-06-13T02:00:00Z,96.798,96.904,96.789,96.899,96.822,96.929,96.812,96.923
2024-06-13T03:00:00Z,96.896,96.965,96.896,96.955,96.92,96.988,96.92,96.981
2024-06-13T04:00:00Z,96.955,96.995,96.846,96.861,96.982,97.018,96.87,96.886
2024-06-13T05:00:00Z,96.861,96.953,96.854,96.861,96.884,96.979,96.876,96.885
2024-06-13T06:00:00Z,96.86,97.009,96.853,96.896,96.88,97.033,96.877,96.92
2024-06-13T07:00:00Z,96.899,97.171,96.879,97.095,96.922,97.194,96.903,97.119
2024-06-13T08:00:00Z,97.099,97.167,97.075,97.16,97.123,97.195,97.099,97.186
2024-06-13T09:00:00Z,97.163,97.212,97.07,97.097,97.189,97.235,97.094,97.12
2024-06-13T10:00:00Z,97.096,97.1,97.023,97.026,97.121,97.125,97.045,97.05
2024-06-13T11:00:00Z,97.03,97.075,96.966,96.968,97.052,97.099,96.99,96.993
2024-06-13T12:00:00Z,96.969,97.144,96.858,97.038,96.991,97.224,96.968,97.061
2024-06-13T13:00:00Z,97.041,97.169,96.999,97.014,97.063,97.194,97.024,97.038
2024-06-13T14:00:00Z,97.014,97.022,96.772,96.82,97.039,97.046,96.797,96.844
2024-06-13T15:00:00Z,96.818,96.859,96.734,96.742,96.843,96.883,96.759,96.767
2024-06-13T16:00:00Z,96.744,96.748,96.55,96.657,96.767,96.771,96.575,96.683
2024-06-13T17:00:00Z,96.655,96.808,96.639,96.799,96.68,96.833,96.665,96.825
2024-06-13T18:00:00Z,96.798,96.873,96.79,96.805,96.825,96.9,96.814,96.833
2024-06-13T19:00:00Z,96.805,96.906,96.805,96.88,96.833,96.932,96.833,96.908
2024-06-13T20:00:00Z,96.88,96.908,96.776,96.816,96.91,96.932,96.844,96.848
2024-06-13T21:00:00Z,96.813,96.827,96.789,96.809,96.947,96.947,96.873,96.908
2024-06-13T22:00:00Z,96.809,96.826,96.76,96.783,96.901,96.921,96.788,96.812
2024-06-13T23:00:00Z,96.784,96.839,96.758,96.758,96.812,96.864,96.784,96.784
2024-06-14T00:00:00Z,96.761,96.783,96.614,96.64,96.788,96.809,96.638,96.67
2024-06-14T01:00:00Z,96.641,96.834,96.637,96.805,96.673,96.859,96.663,96.83
2024-06-14T02:00:00Z,96.809,96.882,96.706,96.861,96.834,96.909,96.731,96.898
2024-06-14T03:00:00Z,96.86,97.173,96.545,97.083,96.898,97.199,96.629,97.106
2024-06-14T04:00:00Z,97.082,97.158,97.077,97.138,97.106,97.184,97.1,97.163
2024-06-14T05:00:00Z,97.141,97.243,97.068,97.207,97.165,97.265,97.102,97.23
2024-06-14T06:00:00Z,97.203,97.229,96.812,96.956,97.229,97.254,96.845,96.979
2024-06-14T07:00:00Z,96.954,97.084,96.8,96.824,96.98,97.113,96.826,96.851
2024-06-14T08:00:00Z,96.827,96.895,96.585,96.597,96.85,96.924,96.613,96.625
2024-06-14T09:00:00Z,96.599,96.617,96.129,96.298,96.627,96.644,96.158,96.323
2024-06-14T10:00:00Z,96.295,96.337,96.087,96.264,96.321,96.362,96.114,96.291
2024-06-14T11:00:00Z,96.264,96.547,96.256,96.356,96.289,96.574,96.281,96.381
2024-06-14T12:00:00Z,96.357,96.438,96.27,96.381,96.381,96.462,96.293,96.407
2024-06-14T13:00:00Z,96.378,96.469,96.115,96.224,96.405,96.494,96.142,96.325
2024-06-14T14:00:00Z,96.216,96.534,96.167,96.488,96.316,96.561,96.193,96.518
2024-06-14T15:00:00Z,96.489,96.614,96.452,96.565,96.517,96.641,96.478,96.589
2024-06-14T16:00:00Z,96.561,96.629,96.51,96.604,96.586,96.655,96.536,96.627
2024-06-14T17:00:00Z,96.604,96.631,96.511,96.547,96.63,96.658,96.538,96.576
2024-06-14T18:00:00Z,96.548,96.554,96.452,96.532,96.578,96.582,96.479,96.558
2024-06-14T19:00:00Z,96.532,96.597,96.525,96.597,96.558,96.624,96.552,96.624
2024-06-14T20:00:00Z,96.594,96.676,96.566,96.624,96.621,96.724,96.596,96.701
2024-06-16T21:00:00Z,96.624,96.624,96.466,96.493,96.701,96.721,96.666,96.685
2024-06-16T22:00:00Z,96.454,96.722,96.454,96.699,96.654,96.752,96.636,96.734
2024-06-16T23:00:00Z,96.698,96.73,96.638,96.667,96.736,96.764,96.672,96.698
2024-06-17T00:00:00Z,96.669,96.673,96.481,96.523,96.698,96.705,96.512,96.553
2024-06-17T01:00:00Z,96.523,96.543,96.392,96.517,96.555,96.568,96.418,96.545
2024-06-17T02:00:00Z,96.514,96.554,96.459,96.472,96.542,96.581,96.484,96.496
2024-06-17T03:00:00Z,96.475,96.513,96.4,96.415,96.499,96.537,96.423,96.439
2024-06-17T04:00:00Z,96.418,96.439,96.369,96.389,96.442,96.464,96.393,96.411
2024-06-17T05:00:00Z,96.39,96.455,96.327,96.354,96.414,96.479,96.353,96.384
2024-06-17T06:00:00Z,96.358,96.358,96.082,96.173,96.383,96.383,96.106,96.198
2024-06-17T07:00:00Z,96.173,96.425,96.171,96.351,96.199,96.451,96.196,96.376
2024-06-17T08:00:00Z,96.352,96.493,96.339,96.491,96.375,96.517,96.362,96.515
2024-06-17T09:00:00Z,96.492,96.551,96.467,96.52,96.515,96.576,96.491,96.546
2024-06-17T10:00:00Z,96.522,96.547,96.388,96.517,96.546,96.572,96.413,96.543
2024-06-17T11:00:00Z,96.515,96.543,96.437,96.452,96.541,96.568,96.463,96.475
2024-06-17T12:00:00Z,96.452,96.493,96.394,96.458,96.476,96.516,96.417,96.482
2024-06-17T13:00:00Z,96.461,96.572,96.439,96.549,96.484,96.596,96.463,96.573
2024-06-17T14:00:00Z,96.552,96.564,96.429,96.496,96.576,96.586,96.453,96.521
2024-06-17T15:00:00Z,96.493,96.596,96.466,96.505,96.519,96.62,96.492,96.532
2024-06-17T16:00:00Z,96.505,96.61,96.481,96.588,96.53,96.637,96.506,96.614
2024-06-17T17:00:00Z,96.584,96.68,96.584,96.676,96.613,96.705,96.612,96.703
2024-06-17T18:00:00Z,96.677,96.735,96.673,96.704,96.701,96.761,96.698,96.732
2024-06-17T19:00:00Z,96.704,96.704,96.646,96.691,96.732,96.732,96.673,96.718
2024-06-17T20:00:00Z,96.693,96.711,96.661,96.684,96.719,96.735,96.688,96.724
2024-06-17T21:00:00Z,96.697,96.697,96.492,96.636,96.746,96.746,96.662,96.716
2024-06-17T22:00:00Z,96.627,96.747,96.615,96.736,96.715,96.775,96.675,96.762
2024-06-17T23:00:00Z,96.737,96.755,96.68,96.729,96.761,96.778,96.704,96.754
2024-06-18T00:00:00Z,96.731,96.78,96.643,96.74,96.754,96.804,96.669,96.764
2024-06-18T01:00:00Z,96.741,96.754,96.5,96.523,96.766,96.779,96.527,96.553
2024-06-18T02:00:00Z,96.524,96.586,96.5,96.548,96.553,96.611,96.521,96.574
2024-06-18T03:00:00Z,96.548,96.555,96.436,96.45,96.575,96.579,96.462,96.475
2024-06-18T04:00:00Z,96.453,96.48,96.347,96.455,96.475,96.507,96.378,96.48
2024-06-18T05:00:00Z,96.455,96.601,96.399,96.591,96.479,96.626,96.423,96.617
2024-06-18T06:00:00Z,96.601,96.721,96.533,96.694,96.622,96.743,96.556,96.714
2024-06-18T07:00:00Z,96.691,96.733,96.45,96.465,96.713,96.756,96.475,96.488
2024-06-18T08:00:00Z,96.463,96.57,96.415,96.547,96.487,96.597,96.437,96.572
2024-06-18T09:00:00Z,96.544,96.561,96.469,96.51,96.572,96.586,96.493,96.534
2024-06-18T10:00:00Z,96.51,96.557,96.469,96.5,96.533,96.582,96.493,96.526
2024-06-18T11:00:00Z,96.501,96.513,96.378,96.418,96.526,96.537,96.401,96.441
2024-06-18T12:00:00Z,96.417,96.515,96.278,96.495,96.442,96.545,96.372,96.519
2024-06-18T13:00:00Z,96.495,96.706,96.471,96.706,96.521,96.732,96.496,96.732
2024-06-18T14:00:00Z,96.701,96.925,96.674,96.801,96.728,96.949,96.699,96.825
2024-06-18T15:00:00Z,96.803,96.861,96.746,96.842,96.825,96.885,96.772,96.866
2024-06-18T16:00:00Z,96.841,96.961,96.838,96.89,96.866,96.986,96.862,96.915
2024-06-18T17:00:00Z,96.889,96.974,96.877,96.928,96.915,96.998,96.903,96.955
2024-06-18T18:00:00Z,96.928,96.959,96.888,96.931,96.956,96.983,96.914,96.958
2024-06-18T19:00:00Z,96.931,96.994,96.904,96.994,96.958,97.022,96.929,97.022
2024-06-18T20:00:00Z,96.992,97.015,96.958,96.958,97.019,97.04,96.991,96.994
2024-06-18T21:00:00Z,96.92,96.966,96.901,96.926,97.066,97.066,96.986,97.011
2024-06-18T22:00:00Z,96.926,97.002,96.916,96.979,97.012,97.028,96.973,97.003
2024-06-18T23:00:00Z,96.974,96.988,96.902,96.918,96.999,97.014,96.927,96.945
2024-06-19T00:00:00Z,96.923,96.957,96.896,96.912,96.949,96.986,96.92,96.935
2024-06-19T01:00:00Z,96.91,96.913,96.818,96.861,96.935,96.938,96.84,96.886
2024-06-19T02:00:00Z,96.864,96.869,96.807,96.834,96.889,96.893,96.833,96.859
2024-06-19T03:00:00Z,96.835,96.859,96.799,96.812,96.861,96.885,96.825,96.838
2024-06-19T04:00:00Z,96.809,96.814,96.764,96.781,96.836,96.839,96.791,96.805
2024-06-19T05:00:00Z,96.778,96.832,96.736,96.799,96.802,96.86,96.759,96.823
2024-06-19T06:00:00Z,96.801,96.864,96.654,96.67,96.826,96.888,96.678,96.694
2024-06-19T07:00:00Z,96.675,96.825,96.663,96.807,96.697,96.85,96.689,96.83
2024-06-19T08:00:00Z,96.81,96.87,96.783,96.853,96.832,96.895,96.806,96.875
2024-06-19T09:00:00Z,96.85,96.924,96.824,96.848,96.873,96.949,96.85,96.873
2024-06-19T10:00:00Z,96.848,96.895,96.831,96.853,96.871,96.918,96.856,96.876
2024-06-19T11:00:00Z,96.855,96.881,96.827,96.863,96.879,96.904,96.85,96.885
2024-06-19T12:00:00Z,96.862,96.883,96.804,96.843,96.885,96.908,96.827,96.868
2024-06-19T13:00:00Z,96.844,96.867,96.798,96.823,96.87,96.891,96.825,96.85
2024-06-19T14:00:00Z,96.824,96.89,96.819,96.876,96.85,96.913,96.842,96.899
2024-06-19T15:00:00Z,96.876,96.906,96.822,96.866,96.898,96.931,96.845,96.888
2024-06-19T16:00:00Z,96.865,96.872,96.803,96.818,96.888,96.896,96.828,96.843
2024-06-19T17:00:00Z,96.817,96.817,96.793,96.806,96.841,96.841,96.819,96.831
2024-06-19T18:00:00Z,96.803,96.843,96.779,96.833,96.829,96.873,96.803,96.864
2024-06-19T19:00:00Z,96.833,96.833,96.792,96.813,96.864,96.864,96.82,96.839
2024-06-19T20:00:00Z,96.811,96.889,96.787,96.866,96.839,96.944,96.818,96.924
2024-06-19T21:00:00Z,96.871,96.877,96.822,96.86,96.944,97.042,96.925,96.939
2024-06-19T22:00:00Z,96.86,97.139,96.824,97.048,96.928,97.164,96.862,97.079
2024-06-19T23:00:00Z,97.043,97.066,96.928,96.939,97.073,97.094,96.953,96.967
2024-06-20T00:00:00Z,96.938,96.967,96.869,96.886,96.965,96.99,96.896,96.912
2024-06-20T01:00:00Z,96.888,96.999,96.853,96.955,96.912,97.028,96.877,96.98
2024-06-20T02:00:00Z,96.958,96.963,96.805,96.887,96.983,96.988,96.831,96.913
2024-06-20T03:00:00Z,96.893,96.983,96.884,96.957,96.917,97.007,96.908,96.984
2024-06-20T04:00:00Z,96.957,97.014,96.956,96.985,96.986,97.038,96.982,97.009
2024-06-20T05:00:00Z,96.989,97.004,96.907,96.929,97.013,97.031,96.933,96.957
2024-06-20T06:00:00Z,96.94,97.013,96.916,96.96,96.965,97.036,96.943,96.982
2024-06-20T07:00:00Z,96.959,97.071,96.956,97.018,96.985,97.093,96.983,97.045
2024-06-20T08:00:00Z,97.015,97.089,96.985,97.057,97.041,97.111,97.014,97.082
2024-06-20T09:00:00Z,97.056,97.126,97.005,97.087,97.079,97.152,97.028,97.111
2024-06-20T10:00:00Z,97.089,97.132,97.051,97.054,97.112,97.158,97.073,97.079
2024-06-20T11:00:00Z,97.054,97.119,97.014,97.022,97.081,97.145,97.038,97.047
2024-06-20T12:00:00Z,97.02,97.156,97.013,97.104,97.044,97.18,97.037,97.129
2024-06-20T13:00:00Z,97.103,97.222,97.07,97.208,97.125,97.244,97.095,97.229
2024-06-20T14:00:00Z,97.208,97.298,97.154,97.246,97.231,97.322,97.177,97.269
2024-06-20T15:00:00Z,97.244,97.268,97.098,97.154,97.269,97.289,97.121,97.175
2024-06-20T16:00:00Z,97.152,97.186,97.055,97.155,97.176,97.211,97.078,97.179
2024-06-20T17:00:00Z,97.155,97.217,97.121,97.206,97.177,97.241,97.144,97.231
2024-06-20T18:00:00Z,97.209,97.292,97.207,97.276,97.231,97.319,97.231,97.304
2024-06-20T19:00:00Z,97.276,97.292,97.198,97.287,97.304,97.316,97.225,97.312
2024-06-20T20:00:00Z,97.282,97.291,97.209,97.23,97.308,97.316,97.236,97.271
2024-06-20T21:00:00Z,97.173,97.232,97.127,97.229,97.356,97.356,97.271,97.315
2024-06-20T22:00:00Z,97.218,97.245,97.205,97.205,97.343,97.356,97.236,97.239
2024-06-20T23:00:00Z,97.206,97.325,97.198,97.288,97.238,97.35,97.224,97.317
2024-06-21T00:00:00Z,97.29,97.341,97.235,97.3,97.318,97.365,97.256,97.326
2024-06-21T01:00:00Z,97.301,97.363,97.257,97.311,97.326,97.39,97.28,97.334
2024-06-21T02:00:00Z,97.313,97.336,97.261,97.321,97.337,97.363,97.289,97.343
2024-06-21T03:00:00Z,97.318,97.336,97.277,97.306,97.339,97.36,97.3,97.331
2024-06-21T04:00:00Z,97.306,97.325,97.287,97.322,97.33,97.35,97.31,97.348
2024-06-21T05:00:00Z,97.32,97.353,97.28,97.341,97.345,97.38,97.303,97.366
2024-06-21T06:00:00Z,97.341,97.386,97.322,97.378,97.365,97.41,97.346,97.403
2024-06-21T07:00:00Z,97.378,97.389,97.071,97.169,97.402,97.414,97.098,97.198
2024-06-21T08:00:00Z,97.168,97.337,97.139,97.317,97.196,97.362,97.166,97.34
2024-06-21T09:00:00Z,97.315,97.347,97.237,97.326,97.336,97.37,97.262,97.35
2024-06-21T10:00:00Z,97.323,97.382,97.291,97.377,97.347,97.406,97.316,97.402
2024-06-21T11:00:00Z,97.379,97.452,97.364,97.421,97.404,97.477,97.389,97.443
2024-06-21T12:00:00Z,97.421,97.467,97.374,97.409,97.445,97.49,97.398,97.434
2024-06-21T13:00:00Z,97.407,97.445,97.22,97.359,97.431,97.47,97.291,97.39
2024-06-21T14:00:00Z,97.36,97.577,97.338,97.564,97.39,97.603,97.362,97.589
2024-06-21T15:00:00Z,97.566,97.588,97.413,97.532,97.589,97.611,97.438,97.557
2024-06-21T16:00:00Z,97.534,97.588,97.482,97.569,97.557,97.612,97.506,97.594
2024-06-21T17:00:00Z,97.566,97.642,97.552,97.629,97.591,97.668,97.575,97.653
2024-06-21T18:00:00Z,97.629,97.711,97.582,97.687,97.652,97.736,97.607,97.715
2024-06-21T19:00:00Z,97.687,97.687,97.624,97.675,97.715,97.715,97.654,97.701
2024-06-21T20:00:00Z,97.672,97.779,97.644,97.743,97.699,97.84,97.671,97.823
2024-06-23T21:00:00Z,97.743,97.743,97.549,97.591,97.823,97.827,97.673,97.749
2024-06-23T22:00:00Z,97.565,97.694,97.508,97.693,97.746,97.75,97.651,97.72
2024-06-23T23:00:00Z,97.693,97.74,97.661,97.7,97.721,97.765,97.688,97.724
2024-06-24T00:00:00Z,97.701,97.748,97.627,97.657,97.726,97.774,97.652,97.686
2024-06-24T01:00:00Z,97.659,97.66,97.478,97.552,97.686,97.686,97.503,97.577
2024-06-24T02:00:00Z,97.547,97.614,97.521,97.563,97.572,97.638,97.545,97.588
2024-06-24T03:00:00Z,97.563,97.621,97.54,97.576,97.59,97.647,97.567,97.604
2024-06-24T04:00:00Z,97.576,97.643,97.568,97.634,97.602,97.668,97.592,97.658
2024-06-24T05:00:00Z,97.635,97.708,97.635,97.648,97.658,97.733,97.658,97.676
2024-06-24T06:00:00Z,97.649,97.689,97.613,97.641,97.675,97.713,97.638,97.665
2024-06-24T07:00:00Z,97.643,97.754,97.612,97.751,97.666,97.781,97.634,97.778
2024-06-24T08:00:00Z,97.752,97.914,97.74,97.905,97.777,97.939,97.764,97.93
2024-06-24T09:00:00Z,97.908,97.921,97.766,97.79,97.932,97.948,97.788,97.816
2024-06-24T10:00:00Z,97.786,97.789,97.256,97.673,97.812,97.816,97.305,97.698
2024-06-24T11:00:00Z,97.675,97.696,97.517,97.588,97.7,97.722,97.539,97.611
2024-06-24T12:00:00Z,97.586,97.603,97.487,97.565,97.611,97.63,97.512,97.585
2024-06-24T13:00:00Z,97.563,97.817,97.56,97.801,97.585,97.839,97.585,97.826
2024-06-24T14:00:00Z,97.802,97.911,97.787,97.884,97.825,97.936,97.812,97.907
2024-06-24T15:00:00Z,97.884,97.891,97.798,97.802,97.908,97.914,97.823,97.827
2024-06-24T16:00:00Z,97.8,97.82,97.762,97.807,97.824,97.842,97.788,97.83
2024-06-24T17:00:00Z,97.802,97.81,97.706,97.756,97.827,97.834,97.732,97.783
2024-06-24T18:00:00Z,97.759,97.833,97.745,97.832,97.785,97.861,97.772,97.86
2024-06-24T19:00:00Z,97.832,97.84,97.755,97.768,97.86,97.867,97.779,97.793
2024-06-24T20:00:00Z,97.765,97.788,97.703,97.735,97.789,97.814,97.734,97.774
2024-06-24T21:00:00Z,97.712,97.75,97.64,97.68,97.812,97.92,97.756,97.782
2024-06-24T22:00:00Z,97.629,97.748,97.629,97.677,97.828,97.828,97.689,97.701
2024-06-24T23:00:00Z,97.679,97.716,97.653,97.714,97.703,97.74,97.678,97.737
2024-06-25T00:00:00Z,97.716,97.751,97.508,97.548,97.74,97.776,97.535,97.572
2024-06-25T01:00:00Z,97.547,97.651,97.446,97.569,97.572,97.677,97.475,97.594
2024-06-25T02:00:00Z,97.567,97.62,97.504,97.515,97.592,97.644,97.528,97.539
2024-06-25T03:00:00Z,97.518,97.642,97.518,97.634,97.541,97.67,97.541,97.661
2024-06-25T04:00:00Z,97.635,97.644,97.567,97.604,97.66,97.667,97.592,97.629
2024-06-25T05:00:00Z,97.602,97.646,97.533,97.628,97.63,97.67,97.561,97.652
2024-06-25T06:00:00Z,97.635,97.724,97.588,97.724,97.655,97.749,97.61,97.749
2024-06-25T07:00:00Z,97.724,97.743,97.602,97.691,97.747,97.767,97.627,97.716
2024-06-25T08:00:00Z,97.686,97.748,97.656,97.706,97.711,97.773,97.681,97.727
2024-06-25T09:00:00Z,97.705,97.724,97.609,97.618,97.727,97.749,97.634,97.643
2024-06-25T10:00:00Z,97.616,97.692,97.562,97.688,97.639,97.716,97.585,97.712
2024-06-25T11:00:00Z,97.686,97.686,97.52,97.586,97.709,97.709,97.544,97.613
2024-06-25T12:00:00Z,97.585,97.703,97.579,97.672,97.606,97.727,97.602,97.701
2024-06-25T13:00:00Z,97.673,97.722,97.509,97.577,97.701,97.743,97.535,97.638
2024-06-25T14:00:00Z,97.578,97.631,97.535,97.562,97.642,97.656,97.567,97.587
2024-06-25T15:00:00Z,97.563,97.638,97.559,97.607,97.587,97.663,97.581,97.63
2024-06-25T16:00:00Z,97.606,97.617,97.549,97.593,97.63,97.642,97.574,97.618
2024-06-25T17:00:00Z,97.594,97.688,97.546,97.683,97.616,97.712,97.573,97.707
2024-06-25T18:00:00Z,97.68,97.72,97.66,97.703,97.705,97.744,97.684,97.731
2024-06-25T19:00:00Z,97.703,97.703,97.605,97.624,97.731,97.731,97.639,97.652
2024-06-25T20:00:00Z,97.621,97.661,97.606,97.649,97.648,97.716,97.634,97.712
2024-06-25T21:00:00Z,97.645,97.694,97.566,97.629,97.716,97.789,97.683,97.695
2024-06-25T22:00:00Z,97.605,97.664,97.595,97.637,97.698,97.712,97.64,97.66
2024-06-25T23:00:00Z,97.636,97.653,97.604,97.637,97.66,97.677,97.632,97.663
2024-06-26T00:00:00Z,97.633,97.675,97.566,97.647,97.66,97.701,97.591,97.67
2024-06-26T01:00:00Z,97.646,97.881,97.609,97.674,97.67,97.909,97.633,97.699
2024-06-26T02:00:00Z,97.674,97.774,97.571,97.628,97.703,97.801,97.595,97.655
2024-06-26T03:00:00Z,97.63,97.709,97.621,97.66,97.658,97.738,97.643,97.684
2024-06-26T04:00:00Z,97.656,97.726,97.586,97.59,97.68,97.75,97.613,97.617
2024-06-26T05:00:00Z,97.589,97.74,97.587,97.724,97.615,97.764,97.614,97.75
2024-06-26T06:00:00Z,97.73,97.756,97.632,97.64,97.749,97.779,97.657,97.661
2024-06-26T07:00:00Z,97.637,97.689,97.622,97.685,97.66,97.712,97.646,97.708
2024-06-26T08:00:00Z,97.686,97.7,97.574,97.583,97.712,97.723,97.594,97.607
2024-06-26T09:00:00Z,97.583,97.689,97.58,97.603,97.606,97.714,97.604,97.627
2024-06-26T10:00:00Z,97.603,97.707,97.486,97.632,97.631,97.732,97.511,97.656
2024-06-26T11:00:00Z,97.634,97.667,97.553,97.651,97.657,97.691,97.578,97.676
2024-06-26T12:00:00Z,97.652,97.73,97.528,97.566,97.676,97.756,97.553,97.59
2024-06-26T13:00:00Z,97.563,97.624,97.425,97.55,97.59,97.65,97.454,97.594
2024-06-26T14:00:00Z,97.548,97.756,97.534,97.691,97.589,97.781,97.557,97.715
2024-06-26T15:00:00Z,97.687,97.699,97.585,97.593,97.716,97.727,97.61,97.62
2024-06-26T16:00:00Z,97.593,97.66,97.57,97.6,97.618,97.686,97.596,97.625
2024-06-26T17:00:00Z,97.598,97.699,97.577,97.68,97.622,97.722,97.602,97.704
2024-06-26T18:00:00Z,97.678,97.685,97.6,97.603,97.704,97.709,97.626,97.636
2024-06-26T19:00:00Z,97.603,97.764,97.569,97.755,97.636,97.789,97.594,97.776
2024-06-26T20:00:00Z,97.753,97.775,97.716,97.729,97.776,97.812,97.744,97.792
2024-06-26T21:00:00Z,97.726,97.778,97.601,97.776,97.8,97.897,97.788,97.897
2024-06-26T22:00:00Z,97.774,97.8,97.714,97.722,97.913,97.913,97.747,97.752
2024-06-26T23:00:00Z,97.724,97.728,97.606,97.636,97.754,97.756,97.633,97.662
2024-06-27T00:00:00Z,97.639,97.646,97.461,97.517,97.663,97.671,97.487,97.548
2024-06-27T01:00:00Z,97.518,97.585,97.448,97.53,97.548,97.608,97.472,97.554
2024-06-27T02:00:00Z,97.541,97.56,97.463,97.524,97.565,97.586,97.487,97.548
2024-06-27T03:00:00Z,97.524,97.611,97.52,97.591,97.549,97.637,97.544,97.615
2024-06-27T04:00:00Z,97.594,97.598,97.527,97.576,97.618,97.622,97.553,97.6
2024-06-27T05:00:00Z,97.573,97.671,97.551,97.645,97.597,97.697,97.574,97.67
2024-06-27T06:00:00Z,97.647,97.759,97.633,97.744,97.67,97.783,97.657,97.769
2024-06-27T07:00:00Z,97.746,97.813,97.717,97.784,97.77,97.837,97.741,97.808
2024-06-27T08:00:00Z,97.781,97.853,97.726,97.848,97.806,97.879,97.752,97.871
2024-06-27T09:00:00Z,97.849,97.935,97.828,97.913,97.873,97.96,97.852,97.938
2024-06-27T10:00:00Z,97.915,97.923,97.828,97.88,97.938,97.948,97.853,97.903
2024-06-27T11:00:00Z,97.88,97.882,97.787,97.819,97.906,97.909,97.812,97.848
2024-06-27T12:00:00Z,97.818,97.929,97.765,97.921,97.848,97.953,97.799,97.946
2024-06-27T13:00:00Z,97.918,97.94,97.836,97.909,97.942,97.962,97.86,97.94
2024-06-27T14:00:00Z,97.907,97.961,97.817,97.836,97.94,97.985,97.841,97.864
2024-06-27T15:00:00Z,97.836,97.861,97.756,97.803,97.863,97.885,97.779,97.829
2024-06-27T16:00:00Z,97.804,97.849,97.796,97.833,97.829,97.875,97.823,97.859
2024-06-27T17:00:00Z,97.831,97.837,97.801,97.812,97.857,97.861,97.825,97.837
2024-06-27T18:00:00Z,97.811,97.816,97.761,97.8,97.838,97.841,97.785,97.834
2024-06-27T19:00:00Z,97.8,97.823,97.789,97.808,97.834,97.851,97.814,97.83
2024-06-27T20:00:00Z,97.806,97.821,97.75,97.756,97.83,97.848,97.785,97.806
2024-06-27T21:00:00Z,97.74,97.771,97.71,97.735,97.802,97.959,97.802,97.836
2024-06-27T22:00:00Z,97.735,97.783,97.701,97.712,97.85,97.903,97.729,97.738
2024-06-27T23:00:00Z,97.712,97.768,97.703,97.76,97.737,97.793,97.729,97.784
2024-06-28T00:00:00Z,97.757,97.859,97.701,97.847,97.782,97.885,97.725,97.872
2024-06-28T01:00:00Z,97.849,97.849,97.579,97.645,97.873,97.873,97.607,97.672
2024-06-28T02:00:00Z,97.642,97.748,97.588,97.695,97.669,97.773,97.619,97.72
2024-06-28T03:00:00Z,97.695,97.699,97.592,97.639,97.721,97.725,97.618,97.663
2024-06-28T04:00:00Z,97.635,97.642,97.562,97.572,97.659,97.666,97.586,97.595
2024-06-28T05:00:00Z,97.57,97.588,97.505,97.546,97.594,97.613,97.529,97.568
2024-06-28T06:00:00Z,97.547,97.641,97.546,97.605,97.572,97.666,97.57,97.629
2024-06-28T07:00:00Z,97.607,97.665,97.524,97.638,97.63,97.687,97.548,97.661
2024-06-28T08:00:00Z,97.64,97.7,97.611,97.669,97.661,97.725,97.638,97.694
2024-06-28T09:00:00Z,97.669,97.704,97.572,97.689,97.692,97.729,97.595,97.714
2024-06-28T10:00:00Z,97.692,97.715,97.608,97.615,97.717,97.739,97.633,97.64
2024-06-28T11:00:00Z,97.615,97.669,97.59,97.641,97.638,97.693,97.614,97.667
2024-06-28T12:00:00Z,97.638,97.81,97.567,97.773,97.663,97.888,97.646,97.797
2024-06-28T13:00:00Z,97.773,97.839,97.656,97.736,97.798,97.867,97.681,97.783
2024-06-28T14:00:00Z,97.731,98.028,97.696,98.007,97.786,98.053,97.724,98.031
2024-06-28T15:00:00Z,98.008,98.08,97.948,98.016,98.03,98.104,97.971,98.04
2024-06-28T16:00:00Z,98.016,98.04,97.955,98.034,98.038,98.064,97.98,98.058
2024-06-28T17:00:00Z,98.032,98.138,98.023,98.03,98.056,98.16,98.047,98.054
2024-06-28T18:00:00Z,98.026,98.068,97.926,97.979,98.051,98.091,97.95,98.002
2024-06-28T19:00:00Z,97.979,97.982,97.894,97.975,98.002,98.006,97.92,98.0
2024-06-28T20:00:00Z,97.975,98.014,97.956,97.96,97.999,98.048,97.987,98.042
2024-06-30T21:00:00Z,97.96,97.988,97.874,97.889,98.042,98.179,98.039,98.059
2024-06-30T22:00:00Z,97.879,98.101,97.873,98.083,98.068,98.131,98.027,98.123
2024-06-30T23:00:00Z,98.08,98.184,98.073,98.129,98.117,98.208,98.1,98.155
2024-07-01T00:00:00Z,98.131,98.288,98.063,98.167,98.158,98.316,98.088,98.199
2024-07-01T01:00:00Z,98.167,98.205,98.09,98.162,98.198,98.233,98.116,98.186
2024-07-01T02:00:00Z,98.167,98.168,98.09,98.148,98.189,98.193,98.118,98.174
2024-07-01T03:00:00Z,98.152,98.235,98.14,98.22,98.176,98.259,98.165,98.245
2024-07-01T04:00:00Z,98.219,98.223,98.176,98.205,98.245,98.248,98.202,98.226
2024-07-01T05:00:00Z,98.204,98.252,98.157,98.185,98.226,98.276,98.181,98.209
2024-07-01T06:00:00Z,98.182,98.276,98.161,98.176,98.206,98.301,98.186,98.2
2024-07-01T07:00:00Z,98.175,98.278,98.163,98.196,98.198,98.301,98.186,98.219
2024-07-01T08:00:00Z,98.198,98.31,98.198,98.275,98.222,98.334,98.222,98.299
2024-07-01T09:00:00Z,98.275,98.275,98.173,98.218,98.297,98.299,98.197,98.244
2024-07-01T10:00:00Z,98.217,98.227,98.158,98.199,98.24,98.251,98.181,98.222
2024-07-01T11:00:00Z,98.197,98.234,98.15,98.197,98.221,98.26,98.174,98.221
2024-07-01T12:00:00Z,98.194,98.209,98.101,98.195,98.217,98.232,98.126,98.219
2024-07-01T13:00:00Z,98.198,98.342,98.166,98.275,98.223,98.378,98.187,98.378
2024-07-01T14:00:00Z,98.275,98.385,98.104,98.116,98.306,98.428,98.127,98.139
2024-07-01T15:00:00Z,98.115,98.142,98.015,98.054,98.136,98.166,98.038,98.077
2024-07-01T16:00:00Z,98.055,98.117,98.024,98.071,98.077,98.142,98.048,98.093
2024-07-01T17:00:00Z,98.07,98.083,98.023,98.065,98.093,98.106,98.049,98.088
2024-07-01T18:00:00Z,98.064,98.066,97.984,98.0,98.088,98.088,98.008,98.028
2024-07-01T19:00:00Z,98.0,98.07,98.0,98.053,98.028,98.093,98.024,98.078
2024-07-01T20:00:00Z,98.056,98.095,98.042,98.044,98.082,98.124,98.067,98.117
2024-07-01T21:00:00Z,98.04,98.112,98.04,98.082,98.112,98.308,98.112,98.205
2024-07-01T22:00:00Z,98.056,98.086,97.923,97.942,98.219,98.25,97.952,97.966
2024-07-01T23:00:00Z,97.94,97.949,97.895,97.932,97.965,97.974,97.919,97.958
2024-07-02T00:00:00Z,97.933,98.016,97.808,97.811,97.958,98.04,97.832,97.836
2024-07-02T01:00:00Z,97.811,97.95,97.735,97.919,97.835,97.974,97.76,97.946
2024-07-02T02:00:00Z,97.919,97.923,97.763,97.787,97.945,97.948,97.791,97.811
2024-07-02T03:00:00Z,97.787,97.874,97.749,97.859,97.809,97.9,97.773,97.885
2024-07-02T04:00:00Z,97.86,97.897,97.84,97.872,97.885,97.924,97.862,97.899
2024-07-02T05:00:00Z,97.873,97.92,97.825,97.894,97.899,97.944,97.85,97.921
2024-07-02T06:00:00Z,97.894,97.908,97.799,97.837,97.92,97.931,97.823,97.863
2024-07-02T07:00:00Z,97.835,97.858,97.752,97.827,97.862,97.881,97.776,97.853
2024-07-02T08:00:00Z,97.827,97.881,97.797,97.866,97.849,97.905,97.821,97.89
2024-07-02T09:00:00Z,97.865,97.884,97.803,97.861,97.89,97.907,97.827,97.884
2024-07-02T10:00:00Z,97.861,97.896,97.838,97.839,97.885,97.919,97.862,97.864
2024-07-02T11:00:00Z,97.84,97.917,97.814,97.912,97.864,97.943,97.836,97.937
2024-07-02T12:00:00Z,97.91,97.984,97.91,97.929,97.932,98.007,97.932,97.955
2024-07-02T13:00:00Z,97.926,98.074,97.92,98.029,97.951,98.103,97.943,98.08
2024-07-02T14:00:00Z,98.024,98.098,97.93,97.997,98.08,98.138,97.975,98.017
2024-07-02T15:00:00Z,97.996,98.048,97.96,98.046,98.017,98.074,97.982,98.069
2024-07-02T16:00:00Z,98.046,98.099,98.032,98.078,98.071,98.123,98.054,98.099
2024-07-02T17:00:00Z,98.077,98.132,98.068,98.11,98.1,98.158,98.088,98.137
2024-07-02T18:00:00Z,98.113,98.159,98.085,98.157,98.139,98.184,98.11,98.184
2024-07-02T19:00:00Z,98.157,98.198,98.145,98.189,98.184,98.223,98.17,98.212
2024-07-02T20:00:00Z,98.186,98.189,98.103,98.123,98.211,98.215,98.139,98.164
2024-07-02T21:00:00Z,98.061,98.11,98.041,98.068,98.157,98.212,98.124,98.167
2024-07-02T22:00:00Z,98.063,98.198,98.063,98.187,98.171,98.224,98.159,98.219
2024-07-02T23:00:00Z,98.185,98.244,98.184,98.201,98.217,98.269,98.213,98.225
2024-07-03T00:00:00Z,98.203,98.277,98.179,98.251,98.227,98.3,98.204,98.273
2024-07-03T01:00:00Z,98.251,98.273,98.176,98.265,98.275,98.3,98.202,98.292
2024-07-03T02:00:00Z,98.265,98.309,98.181,98.221,98.291,98.335,98.206,98.246
2024-07-03T03:00:00Z,98.216,98.303,98.214,98.274,98.241,98.327,98.238,98.299
2024-07-03T04:00:00Z,98.274,98.312,98.262,98.266,98.298,98.335,98.286,98.29
2024-07-03T05:00:00Z,98.265,98.327,98.238,98.298,98.29,98.35,98.264,98.322
2024-07-03T06:00:00Z,98.296,98.369,98.224,98.362,98.318,98.396,98.253,98.388
2024-07-03T07:00:00Z,98.364,98.46,98.345,98.367,98.391,98.485,98.37,98.391
2024-07-03T08:00:00Z,98.365,98.407,98.317,98.337,98.392,98.43,98.345,98.361
2024-07-03T09:00:00Z,98.334,98.349,98.261,98.276,98.361,98.374,98.287,98.301
2024-07-03T10:00:00Z,98.274,98.369,98.249,98.306,98.298,98.397,98.273,98.333
2024-07-03T11:00:00Z,98.305,98.327,98.273,98.307,98.334,98.352,98.299,98.332
2024-07-03T12:00:00Z,98.307,98.418,98.257,98.378,98.333,98.445,98.291,98.401
2024-07-03T13:00:00Z,98.377,98.574,98.362,98.506,98.401,98.6,98.387,98.571
2024-07-03T14:00:00Z,98.482,98.707,98.303,98.66,98.498,98.735,98.463,98.683
2024-07-03T15:00:00Z,98.659,98.704,98.603,98.685,98.684,98.729,98.629,98.706
2024-07-03T16:00:00Z,98.685,98.731,98.653,98.717,98.705,98.756,98.678,98.74
2024-07-03T17:00:00Z,98.721,98.721,98.541,98.55,98.741,98.744,98.581,98.604
2024-07-03T18:00:00Z,98.519,98.625,98.498,98.618,98.604,98.652,98.577,98.651
2024-07-03T19:00:00Z,98.583,98.646,98.565,98.608,98.609,98.671,98.597,98.634
2024-07-03T20:00:00Z,98.607,98.646,98.6,98.629,98.634,98.696,98.627,98.688
2024-07-03T21:00:00Z,98.578,98.634,98.515,98.519,98.689,98.756,98.634,98.678
2024-07-03T22:00:00Z,98.519,98.656,98.513,98.654,98.696,98.698,98.63,98.68
2024-07-03T23:00:00Z,98.649,98.713,98.622,98.677,98.676,98.738,98.65,98.703
2024-07-04T00:00:00Z,98.674,98.721,98.614,98.696,98.7,98.746,98.642,98.722
2024-07-04T01:00:00Z,98.699,98.703,98.566,98.642,98.725,98.728,98.594,98.672
2024-07-04T02:00:00Z,98.643,98.646,98.578,98.615,98.672,98.672,98.603,98.641
2024-07-04T03:00:00Z,98.612,98.672,98.579,98.665,98.639,98.699,98.606,98.69
2024-07-04T04:00:00Z,98.666,98.674,98.628,98.639,98.692,98.702,98.656,98.667
2024-07-04T05:00:00Z,98.638,98.706,98.628,98.697,98.665,98.732,98.657,98.725
2024-07-04T06:00:00Z,98.695,98.695,98.603,98.667,98.722,98.722,98.629,98.694
2024-07-04T07:00:00Z,98.668,98.705,98.567,98.589,98.694,98.729,98.593,98.613
2024-07-04T08:00:00Z,98.589,98.632,98.573,98.621,98.615,98.659,98.598,98.646
2024-07-04T09:00:00Z,98.625,98.652,98.588,98.614,98.649,98.68,98.613,98.638
2024-07-04T10:00:00Z,98.611,98.638,98.536,98.558,98.637,98.663,98.562,98.586
2024-07-04T11:00:00Z,98.558,98.577,98.508,98.514,98.585,98.602,98.531,98.541
2024-07-04T12:00:00Z,98.515,98.579,98.503,98.572,98.541,98.604,98.529,98.598
2024-07-04T13:00:00Z,98.572,98.596,98.548,98.594,98.596,98.622,98.574,98.621
2024-07-04T14:00:00Z,98.593,98.632,98.485,98.496,98.619,98.658,98.508,98.52
2024-07-04T15:00:00Z,98.493,98.604,98.481,98.575,98.519,98.631,98.507,98.601
2024-07-04T16:00:00Z,98.573,98.608,98.551,98.595,98.598,98.634,98.576,98.621
2024-07-04T17:00:00Z,98.599,98.601,98.561,98.575,98.626,98.627,98.588,98.603
2024-07-04T18:00:00Z,98.578,98.638,98.577,98.633,98.605,98.663,98.605,98.658
2024-07-04T19:00:00Z,98.633,98.633,98.568,98.59,98.658,98.658,98.597,98.623
2024-07-04T20:00:00Z,98.589,98.631,98.584,98.592,98.623,98.68,98.622,98.655
2024-07-04T21:00:00Z,98.582,98.636,98.565,98.599,98.759,98.779,98.657,98.686
2024-07-04T22:00:00Z,98.578,98.626,98.528,98.622,98.689,98.72,98.59,98.652
2024-07-04T23:00:00Z,98.617,98.657,98.605,98.624,98.646,98.683,98.632,98.649
2024-07-05T00:00:00Z,98.629,98.668,98.41,98.523,98.655,98.696,98.44,98.55
2024-07-05T01:00:00Z,98.52,98.565,98.449,98.558,98.546,98.59,98.474,98.583
2024-07-05T02:00:00Z,98.564,98.565,98.468,98.486,98.589,98.591,98.493,98.512
2024-07-05T03:00:00Z,98.484,98.491,98.238,98.332,98.509,98.516,98.266,98.358
2024-07-05T04:00:00Z,98.332,98.339,98.276,98.295,98.356,98.364,98.302,98.32
2024-07-05T05:00:00Z,98.297,98.359,98.285,98.327,98.32,98.384,98.309,98.353
2024-07-05T06:00:00Z,98.32,98.346,98.255,98.302,98.345,98.373,98.282,98.326
2024-07-05T07:00:00Z,98.301,98.393,98.262,98.354,98.326,98.419,98.294,98.376
2024-07-05T08:00:00Z,98.35,98.387,98.32,98.369,98.371,98.414,98.344,98.393
2024-07-05T09:00:00Z,98.372,98.398,98.3,98.393,98.397,98.424,98.326,98.418
2024-07-05T10:00:00Z,98.39,98.48,98.355,98.471,98.417,98.503,98.382,98.497
2024-07-05T11:00:00Z,98.471,98.483,98.419,98.439,98.498,98.508,98.444,98.464
2024-07-05T12:00:00Z,98.435,98.712,98.192,98.632,98.458,98.749,98.352,98.656
2024-07-05T13:00:00Z,98.63,98.773,98.576,98.719,98.657,98.801,98.604,98.746
2024-07-05T14:00:00Z,98.72,98.73,98.588,98.689,98.746,98.755,98.615,98.715
2024-07-05T15:00:00Z,98.687,98.703,98.601,98.64,98.715,98.729,98.626,98.664
2024-07-05T16:00:00Z,98.641,98.717,98.625,98.686,98.664,98.742,98.65,98.714
2024-07-05T17:00:00Z,98.686,98.745,98.674,98.735,98.713,98.771,98.699,98.763
2024-07-05T18:00:00Z,98.738,98.776,98.727,98.755,98.766,98.799,98.752,98.779
2024-07-05T19:00:00Z,98.755,98.833,98.753,98.832,98.779,98.861,98.779,98.859
2024-07-05T20:00:00Z,98.835,98.853,98.773,98.78,98.863,98.887,98.821,98.86
2024-07-07T21:00:00Z,98.576,98.676,98.563,98.604,98.74,98.854,98.74,98.804
2024-07-07T22:00:00Z,98.597,98.786,98.582,98.706,98.787,98.828,98.725,98.741
2024-07-07T23:00:00Z,98.711,98.738,98.618,98.632,98.739,98.771,98.647,98.658
2024-07-08T00:00:00Z,98.628,98.656,98.543,98.544,98.655,98.678,98.569,98.571
2024-07-08T01:00:00Z,98.546,98.646,98.532,98.566,98.572,98.671,98.558,98.591
2024-07-08T02:00:00Z,98.568,98.593,98.46,98.527,98.593,98.617,98.487,98.553
2024-07-08T03:00:00Z,98.529,98.753,98.514,98.687,98.553,98.784,98.543,98.713
2024-07-08T04:00:00Z,98.688,98.725,98.632,98.68,98.713,98.751,98.657,98.703
2024-07-08T05:00:00Z,98.677,98.686,98.612,98.682,98.7,98.715,98.639,98.708
2024-07-08T06:00:00Z,98.681,98.753,98.595,98.71,98.703,98.779,98.62,98.731
2024-07-08T07:00:00Z,98.71,98.829,98.71,98.796,98.734,98.852,98.733,98.822
2024-07-08T08:00:00Z,98.799,98.832,98.746,98.805,98.825,98.858,98.772,98.83
2024-07-08T09:00:00Z,98.801,98.832,98.752,98.805,98.827,98.857,98.778,98.828
2024-07-08T10:00:00Z,98.803,98.804,98.666,98.669,98.828,98.828,98.69,98.693
2024-07-08T11:00:00Z,98.669,98.794,98.66,98.776,98.694,98.819,98.685,98.802
2024-07-08T12:00:00Z,98.778,98.794,98.649,98.663,98.803,98.819,98.672,98.691
2024-07-08T13:00:00Z,98.668,98.718,98.6,98.63,98.694,98.743,98.623,98.652
2024-07-08T14:00:00Z,98.627,98.635,98.524,98.568,98.649,98.66,98.548,98.597
2024-07-08T15:00:00Z,98.568,98.62,98.538,98.588,98.595,98.642,98.562,98.613
2024-07-08T16:00:00Z,98.585,98.606,98.544,98.568,98.613,98.63,98.566,98.591
2024-07-08T17:00:00Z,98.569,98.577,98.531,98.56,98.593,98.605,98.553,98.586
2024-07-08T18:00:00Z,98.56,98.562,98.467,98.498,98.585,98.586,98.496,98.526
2024-07-08T19:00:00Z,98.498,98.498,98.426,98.476,98.526,98.526,98.451,98.503
2024-07-08T20:00:00Z,98.476,98.511,98.464,98.487,98.504,98.535,98.495,98.522
2024-07-08T21:00:00Z,98.403,98.517,98.396,98.487,98.603,98.608,98.56,98.565
2024-07-08T22:00:00Z,98.487,98.526,98.451,98.514,98.551,98.57,98.506,98.539
2024-07-08T23:00:00Z,98.513,98.624,98.496,98.6,98.54,98.65,98.523,98.629
2024-07-09T00:00:00Z,98.602,98.618,98.507,98.516,98.63,98.644,98.532,98.542
2024-07-09T01:00:00Z,98.516,98.624,98.516,98.554,98.54,98.649,98.539,98.579
2024-07-09T02:00:00Z,98.552,98.57,98.472,98.48,98.576,98.596,98.493,98.505
2024-07-09T03:00:00Z,98.48,98.593,98.463,98.558,98.506,98.619,98.487,98.58
2024-07-09T04:00:00Z,98.557,98.601,98.544,98.589,98.581,98.626,98.57,98.614
2024-07-09T05:00:00Z,98.588,98.611,98.526,98.539,98.614,98.636,98.553,98.566
2024-07-09T06:00:00Z,98.539,98.552,98.441,98.478,98.563,98.578,98.465,98.499
2024-07-09T07:00:00Z,98.479,98.507,98.444,98.476,98.501,98.533,98.469,98.503
2024-07-09T08:00:00Z,98.476,98.528,98.457,98.48,98.501,98.555,98.481,98.506
2024-07-09T09:00:00Z,98.481,98.492,98.44,98.492,98.505,98.517,98.464,98.517
2024-07-09T10:00:00Z,98.488,98.525,98.447,98.525,98.513,98.552,98.473,98.552
2024-07-09T11:00:00Z,98.525,98.575,98.503,98.525,98.551,98.598,98.527,98.549
2024-07-09T12:00:00Z,98.526,98.59,98.463,98.586,98.551,98.615,98.487,98.612
2024-07-09T13:00:00Z,98.583,98.668,98.56,98.668,98.61,98.693,98.585,98.693
2024-07-09T14:00:00Z,98.67,98.794,98.639,98.786,98.695,98.818,98.662,98.811
2024-07-09T15:00:00Z,98.785,98.805,98.682,98.774,98.809,98.831,98.709,98.798
2024-07-09T16:00:00Z,98.775,98.781,98.714,98.742,98.797,98.807,98.739,98.767
2024-07-09T17:00:00Z,98.74,98.786,98.721,98.768,98.765,98.812,98.746,98.795
2024-07-09T18:00:00Z,98.766,98.795,98.732,98.783,98.791,98.821,98.757,98.813
2024-07-09T19:00:00Z,98.783,98.791,98.741,98.786,98.813,98.816,98.767,98.811
2024-07-09T20:00:00Z,98.783,98.799,98.755,98.763,98.808,98.828,98.787,98.824
2024-07-09T21:00:00Z,98.767,98.78,98.727,98.767,98.83,98.98,98.803,98.833
2024-07-09T22:00:00Z,98.795,98.837,98.748,98.826,98.848,98.869,98.806,98.852
2024-07-09T23:00:00Z,98.827,98.874,98.824,98.834,98.855,98.902,98.849,98.86
2024-07-10T00:00:00Z,98.833,98.945,98.823,98.891,98.857,98.973,98.849,98.917
2024-07-10T01:00:00Z,98.892,99.009,98.892,98.951,98.919,99.037,98.916,99.031
2024-07-10T02:00:00Z,98.958,98.993,98.118,98.182,99.033,99.058,98.147,98.208
2024-07-10T03:00:00Z,98.181,98.371,98.142,98.363,98.208,98.4,98.169,98.39
2024-07-10T04:00:00Z,98.365,98.419,98.298,98.335,98.39,98.445,98.323,98.36
2024-07-10T05:00:00Z,98.335,98.449,98.329,98.329,98.361,98.475,98.353,98.354
2024-07-10T06:00:00Z,98.326,98.333,98.228,98.286,98.353,98.36,98.253,98.31
2024-07-10T07:00:00Z,98.285,98.337,98.04,98.084,98.31,98.363,98.067,98.111
2024-07-10T08:00:00Z,98.084,98.084,97.959,98.034,98.109,98.111,97.984,98.059
2024-07-10T09:00:00Z,98.039,98.104,98.035,98.083,98.064,98.131,98.062,98.109
2024-07-10T10:00:00Z,98.086,98.1,98.023,98.074,98.111,98.129,98.048,98.095
2024-07-10T11:00:00Z,98.073,98.141,98.01,98.132,98.095,98.168,98.038,98.158
2024-07-10T12:00:00Z,98.128,98.196,98.112,98.137,98.155,98.222,98.135,98.161
2024-07-10T13:00:00Z,98.136,98.301,98.136,98.297,98.161,98.326,98.161,98.322
2024-07-10T14:00:00Z,98.296,98.381,98.276,98.287,98.323,98.406,98.303,98.312
2024-07-10T15:00:00Z,98.284,98.395,98.27,98.348,98.308,98.419,98.294,98.369
2024-07-10T16:00:00Z,98.347,98.365,98.319,98.339,98.369,98.39,98.341,98.365
2024-07-10T17:00:00Z,98.34,98.363,98.287,98.315,98.367,98.39,98.311,98.339
2024-07-10T18:00:00Z,98.317,98.325,98.276,98.295,98.342,98.349,98.3,98.323
2024-07-10T19:00:00Z,98.295,98.315,98.244,98.297,98.323,98.343,98.27,98.323
2024-07-10T20:00:00Z,98.296,98.298,98.249,98.257,98.321,98.336,98.276,98.324
2024-07-10T21:00:00Z,98.242,98.281,98.197,98.215,98.378,98.397,98.299,98.299
2024-07-10T22:00:00Z,98.227,98.321,98.196,98.286,98.305,98.352,98.248,98.315
2024-07-10T23:00:00Z,98.286,98.396,98.285,98.355,98.314,98.426,98.314,98.381
2024-07-11T00:00:00Z,98.357,98.393,98.321,98.365,98.381,98.419,98.347,98.398
2024-07-11T01:00:00Z,98.364,98.431,98.288,98.417,98.396,98.458,98.316,98.445
2024-07-11T02:00:00Z,98.415,98.518,98.398,98.501,98.442,98.544,98.424,98.529
2024-07-11T03:00:00Z,98.5,98.584,98.478,98.553,98.529,98.61,98.504,98.58
2024-07-11T04:00:00Z,98.554,98.561,98.538,98.549,98.58,98.588,98.565,98.576
2024-07-11T05:00:00Z,98.553,98.581,98.525,98.532,98.577,98.606,98.552,98.563
2024-07-11T06:00:00Z,98.531,98.58,98.489,98.513,98.561,98.608,98.512,98.539
2024-07-11T07:00:00Z,98.516,98.532,98.383,98.451,98.541,98.554,98.405,98.476
2024-07-11T08:00:00Z,98.449,98.468,98.362,98.397,98.476,98.493,98.386,98.423
2024-07-11T09:00:00Z,98.397,98.404,98.31,98.392,98.422,98.43,98.335,98.418
2024-07-11T10:00:00Z,98.392,98.392,98.282,98.297,98.415,98.417,98.307,98.322
2024-07-11T11:00:00Z,98.298,98.325,98.258,98.317,98.322,98.351,98.282,98.341
2024-07-11T12:00:00Z,98.317,98.522,97.047,97.15,98.342,98.551,97.09,97.192
2024-07-11T13:00:00Z,97.151,97.163,96.494,97.073,97.189,97.196,96.531,97.099
2024-07-11T14:00:00Z,97.073,97.094,96.78,96.979,97.107,97.122,96.81,97.003
2024-07-11T15:00:00Z,96.978,97.026,96.803,96.901,97.003,97.053,96.832,96.93
2024-07-11T16:00:00Z,96.903,96.924,96.739,96.769,96.931,96.949,96.769,96.797
2024-07-11T17:00:00Z,96.773,96.825,96.691,96.767,96.802,96.852,96.714,96.795
2024-07-11T18:00:00Z,96.762,96.853,96.734,96.811,96.79,96.881,96.759,96.838
2024-07-11T19:00:00Z,96.811,96.811,96.735,96.767,96.838,96.838,96.761,96.796
2024-07-11T20:00:00Z,96.763,96.834,96.749,96.818,96.796,96.876,96.779,96.867
2024-07-11T21:00:00Z,96.785,96.86,96.758,96.86,96.832,97.038,96.832,96.926
2024-07-11T22:00:00Z,96.882,97.015,96.809,96.924,96.927,97.044,96.86,96.956
2024-07-11T23:00:00Z,96.924,97.04,96.078,96.458,96.955,97.07,96.11,96.501
2024-07-12T00:00:00Z,96.451,96.822,96.266,96.729,96.497,96.855,96.312,96.76
2024-07-12T01:00:00Z,96.729,96.994,96.703,96.984,96.759,97.024,96.732,97.014
2024-07-12T02:00:00Z,96.981,97.125,96.651,97.073,97.011,97.152,96.689,97.1
2024-07-12T03:00:00Z,97.07,97.115,97.004,97.099,97.097,97.144,97.032,97.126
2024-07-12T04:00:00Z,97.097,97.117,97.034,97.062,97.125,97.143,97.061,97.093
2024-07-12T05:00:00Z,97.063,97.09,96.962,97.023,97.093,97.114,96.99,97.049
2024-07-12T06:00:00Z,97.017,97.074,96.945,96.986,97.039,97.103,96.973,97.013
2024-07-12T07:00:00Z,96.984,97.187,96.972,97.158,97.013,97.215,97.001,97.186
2024-07-12T08:00:00Z,97.16,97.219,97.121,97.197,97.186,97.248,97.15,97.22
2024-07-12T09:00:00Z,97.2,97.225,97.163,97.213,97.224,97.252,97.192,97.244
2024-07-12T10:00:00Z,97.214,97.246,97.172,97.201,97.244,97.271,97.202,97.225
2024-07-12T11:00:00Z,97.201,97.23,97.091,97.108,97.227,97.254,97.112,97.134
2024-07-12T12:00:00Z,97.106,97.123,96.725,97.048,97.133,97.151,96.884,97.078
2024-07-12T13:00:00Z,97.05,97.085,96.348,96.813,97.076,97.111,96.381,96.904
2024-07-12T14:00:00Z,96.833,96.857,96.359,96.536,96.918,96.918,96.39,96.563
2024-07-12T15:00:00Z,96.537,96.792,96.458,96.649,96.563,96.82,96.492,96.679
2024-07-12T16:00:00Z,96.647,96.719,96.588,96.589,96.673,96.747,96.615,96.615
2024-07-12T17:00:00Z,96.589,96.698,96.575,96.677,96.616,96.729,96.601,96.705
2024-07-12T18:00:00Z,96.677,96.684,96.612,96.64,96.706,96.711,96.64,96.669
2024-07-12T19:00:00Z,96.64,96.644,96.517,96.541,96.669,96.692,96.547,96.57
2024-07-12T20:00:00Z,96.545,96.625,96.517,96.561,96.579,96.668,96.551,96.652
2024-07-14T21:00:00Z,96.524,96.617,96.462,96.581,96.685,96.757,96.608,96.724
2024-07-14T22:00:00Z,96.587,96.627,96.385,96.503,96.724,96.761,96.414,96.536
2024-07-14T23:00:00Z,96.502,96.538,96.428,96.474,96.536,96.569,96.461,96.5
2024-07-15T00:00:00Z,96.472,96.52,96.329,96.395,96.497,96.547,96.356,96.423
2024-07-15T01:00:00Z,96.392,96.436,96.312,96.316,96.421,96.462,96.343,96.346
2024-07-15T02:00:00Z,96.317,96.392,96.248,96.292,96.348,96.417,96.278,96.317
2024-07-15T03:00:00Z,96.289,96.36,96.249,96.327,96.314,96.389,96.277,96.351
2024-07-15T04:00:00Z,96.328,96.379,96.313,96.356,96.354,96.41,96.341,96.381
2024-07-15T05:00:00Z,96.352,96.362,96.3,96.332,96.378,96.388,96.325,96.356
2024-07-15T06:00:00Z,96.328,96.351,96.225,96.315,96.353,96.373,96.253,96.341
2024-07-15T07:00:00Z,96.316,96.329,96.128,96.211,96.341,96.355,96.154,96.237
2024-07-15T08:00:00Z,96.208,96.264,96.186,96.251,96.235,96.29,96.211,96.28
2024-07-15T09:00:00Z,96.251,96.284,96.204,96.249,96.278,96.309,96.23,96.276
2024-07-15T10:00:00Z,96.251,96.328,96.225,96.24,96.278,96.355,96.25,96.264
2024-07-15T11:00:00Z,96.238,96.334,96.236,96.278,96.263,96.357,96.261,96.304
2024-07-15T12:00:00Z,96.281,96.287,96.107,96.148,96.306,96.312,96.132,96.177
2024-07-15T13:00:00Z,96.15,96.313,96.15,96.274,96.178,96.336,96.178,96.301
2024-07-15T14:00:00Z,96.276,96.281,96.116,96.174,96.3,96.306,96.143,96.2
2024-07-15T15:00:00Z,96.175,96.23,96.147,96.179,96.202,96.256,96.175,96.205
2024-07-15T16:00:00Z,96.18,96.183,95.813,96.033,96.204,96.208,95.854,96.064
2024-07-15T17:00:00Z,96.034,96.097,95.907,95.936,96.066,96.125,95.934,95.963
2024-07-15T18:00:00Z,95.936,95.991,95.889,95.956,95.964,96.017,95.916,95.989
2024-07-15T19:00:00Z,95.956,95.986,95.888,95.964,95.989,96.015,95.916,95.99
2024-07-15T20:00:00Z,95.964,96.084,95.936,95.992,95.991,96.116,95.961,96.08
2024-07-15T21:00:00Z,95.928,96.028,95.909,96.013,96.128,96.142,96.058,96.086
2024-07-15T22:00:00Z,96.021,96.038,95.975,96.024,96.086,96.086,96.001,96.054
2024-07-15T23:00:00Z,96.024,96.132,95.993,96.081,96.051,96.158,96.018,96.107
2024-07-16T00:00:00Z,96.08,96.099,96.008,96.027,96.107,96.125,96.035,96.056
2024-07-16T01:00:00Z,96.025,96.189,96.025,96.099,96.053,96.216,96.053,96.126
2024-07-16T02:00:00Z,96.099,96.125,95.988,96.101,96.128,96.15,96.014,96.128
2024-07-16T03:00:00Z,96.101,96.142,96.067,96.098,96.127,96.169,96.094,96.123
2024-07-16T04:00:00Z,96.095,96.127,96.021,96.028,96.121,96.153,96.046,96.052
2024-07-16T05:00:00Z,96.027,96.07,96.002,96.037,96.052,96.097,96.028,96.063
2024-07-16T06:00:00Z,96.029,96.048,95.939,96.038,96.056,96.074,95.967,96.062
2024-07-16T07:00:00Z,96.04,96.044,95.931,96.034,96.065,96.07,95.957,96.061
2024-07-16T08:00:00Z,96.037,96.102,95.978,95.997,96.063,96.128,96.002,96.021
2024-07-16T09:00:00Z,95.994,96.121,95.962,96.097,96.018,96.148,95.993,96.125
2024-07-16T10:00:00Z,96.097,96.147,96.072,96.095,96.123,96.174,96.098,96.118
2024-07-16T11:00:00Z,96.094,96.155,96.064,96.081,96.119,96.18,96.089,96.107
2024-07-16T12:00:00Z,96.085,96.139,95.826,96.011,96.108,96.166,95.962,96.038
2024-07-16T13:00:00Z,96.01,96.028,95.837,95.915,96.034,96.052,95.866,95.941
2024-07-16T14:00:00Z,95.912,95.95,95.782,95.808,95.939,95.978,95.804,95.831
2024-07-16T15:00:00Z,95.807,95.858,95.781,95.816,95.833,95.884,95.806,95.84
2024-07-16T16:00:00Z,95.814,95.827,95.71,95.747,95.84,95.851,95.737,95.773
2024-07-16T17:00:00Z,95.745,95.793,95.738,95.787,95.772,95.817,95.762,95.814
2024-07-16T18:00:00Z,95.788,95.795,95.751,95.772,95.813,95.823,95.777,95.799
2024-07-16T19:00:00Z,95.772,95.838,95.747,95.833,95.799,95.864,95.774,95.858
2024-07-16T20:00:00Z,95.831,95.832,95.784,95.8,95.858,95.863,95.815,95.844
2024-07-16T21:00:00Z,95.639,95.784,95.639,95.763,95.839,95.873,95.79,95.842
2024-07-16T22:00:00Z,95.758,96.092,95.524,96.046,95.845,96.132,95.587,96.078
2024-07-16T23:00:00Z,96.047,96.127,95.873,96.122,96.077,96.156,95.899,96.151
2024-07-17T00:00:00Z,96.119,96.335,96.103,96.283,96.149,96.359,96.137,96.303
2024-07-17T01:00:00Z,96.282,96.392,96.273,96.336,96.303,96.419,96.298,96.364
2024-07-17T02:00:00Z,96.34,96.35,96.243,96.247,96.365,96.377,96.264,96.274
2024-07-17T03:00:00Z,96.248,96.261,96.059,96.084,96.274,96.283,96.086,96.109
2024-07-17T04:00:00Z,96.084,96.157,95.979,95.979,96.11,96.181,96.003,96.003
2024-07-17T05:00:00Z,95.979,96.001,95.753,95.769,96.002,96.028,95.782,95.795
2024-07-17T06:00:00Z,95.766,95.934,95.7,95.819,95.79,95.96,95.723,95.846
2024-07-17T07:00:00Z,95.822,95.827,95.418,95.436,95.849,95.854,95.445,95.461
2024-07-17T08:00:00Z,95.435,95.437,94.972,95.156,95.461,95.461,94.999,95.184
2024-07-17T09:00:00Z,95.156,95.359,95.098,95.333,95.179,95.384,95.127,95.36
2024-07-17T10:00:00Z,95.333,95.446,95.238,95.436,95.358,95.472,95.266,95.462
2024-07-17T11:00:00Z,95.434,95.459,95.242,95.259,95.462,95.483,95.267,95.281
2024-07-17T12:00:00Z,95.256,95.285,95.166,95.264,95.28,95.313,95.189,95.292
2024-07-17T13:00:00Z,95.261,95.29,95.046,95.107,95.289,95.319,95.068,95.13
2024-07-17T14:00:00Z,95.106,95.129,94.978,95.039,95.132,95.156,95.002,95.065
2024-07-17T15:00:00Z,95.039,95.095,95.004,95.034,95.064,95.122,95.028,95.06
2024-07-17T16:00:00Z,95.036,95.061,94.823,94.893,95.06,95.087,94.848,94.92
2024-07-17T17:00:00Z,94.89,95.005,94.82,95.002,94.917,95.033,94.846,95.027
2024-07-17T18:00:00Z,94.999,95.018,94.813,94.829,95.025,95.044,94.843,94.855
2024-07-17T19:00:00Z,94.829,94.901,94.77,94.875,94.855,94.925,94.794,94.901
2024-07-17T20:00:00Z,94.873,95.031,94.86,94.94,94.9,95.057,94.885,95.016
2024-07-17T21:00:00Z,94.94,94.983,94.81,94.927,94.996,95.087,94.976,95.007
2024-07-17T22:00:00Z,94.928,95.01,94.856,94.931,95.0,95.042,94.887,94.96
2024-07-17T23:00:00Z,94.929,94.977,94.421,94.634,94.959,95.004,94.455,94.662
2024-07-18T00:00:00Z,94.63,94.664,94.451,94.569,94.657,94.693,94.484,94.597
2024-07-18T01:00:00Z,94.572,94.882,94.546,94.858,94.598,94.91,94.572,94.885
2024-07-18T02:00:00Z,94.871,95.052,94.834,95.043,94.899,95.078,94.862,95.068
2024-07-18T03:00:00Z,95.043,95.083,94.961,94.961,95.065,95.109,94.985,94.986
2024-07-18T04:00:00Z,94.964,95.008,94.826,94.906,94.989,95.033,94.856,94.933
2024-07-18T05:00:00Z,94.903,94.973,94.68,94.77,94.931,95.0,94.727,94.795
2024-07-18T06:00:00Z,94.77,94.941,94.734,94.779,94.792,94.967,94.76,94.805
2024-07-18T07:00:00Z,94.782,94.877,94.702,94.873,94.808,94.904,94.729,94.899
2024-07-18T08:00:00Z,94.873,95.074,94.853,94.972,94.898,95.101,94.881,95.001
2024-07-18T09:00:00Z,94.972,94.978,94.858,94.968,95.0,95.006,94.889,94.996
2024-07-18T10:00:00Z,94.964,95.005,94.917,94.984,94.993,95.033,94.942,95.011
2024-07-18T11:00:00Z,94.988,95.0,94.946,94.959,95.012,95.029,94.973,94.988
2024-07-18T12:00:00Z,94.959,95.03,94.846,94.993,94.985,95.059,94.887,95.021
2024-07-18T13:00:00Z,94.996,95.086,94.945,95.049,95.022,95.126,94.974,95.089
2024-07-18T14:00:00Z,95.049,95.179,94.997,95.165,95.091,95.205,95.022,95.191
2024-07-18T15:00:00Z,95.164,95.216,95.038,95.172,95.189,95.238,95.062,95.198
2024-07-18T16:00:00Z,95.17,95.28,95.102,95.273,95.197,95.307,95.131,95.302
2024-07-18T17:00:00Z,95.275,95.283,95.193,95.21,95.304,95.308,95.222,95.237
2024-07-18T18:00:00Z,95.211,95.212,95.079,95.108,95.236,95.242,95.106,95.135
2024-07-18T19:00:00Z,95.108,95.202,95.081,95.116,95.135,95.225,95.107,95.15
2024-07-18T20:00:00Z,95.117,95.157,95.08,95.092,95.15,95.182,95.131,95.137
2024-07-18T21:00:00Z,95.079,95.148,95.073,95.098,95.279,95.307,95.16,95.192
2024-07-18T22:00:00Z,95.078,95.145,95.029,95.044,95.208,95.208,95.058,95.071
2024-07-18T23:00:00Z,95.043,95.049,94.942,94.963,95.069,95.075,94.967,94.989
2024-07-19T00:00:00Z,94.96,95.058,94.825,94.853,94.986,95.087,94.852,94.88
2024-07-19T01:00:00Z,94.853,94.924,94.782,94.89,94.883,94.955,94.809,94.922
2024-07-19T02:00:00Z,94.894,95.006,94.837,94.978,94.925,95.032,94.863,95.006
2024-07-19T03:00:00Z,94.98,94.984,94.828,94.858,95.009,95.013,94.855,94.884
2024-07-19T04:00:00Z,94.856,94.898,94.806,94.833,94.883,94.925,94.829,94.86
2024-07-19T05:00:00Z,94.83,95.171,94.829,95.145,94.858,95.199,94.856,95.168
2024-07-19T06:00:00Z,95.142,95.174,94.867,94.906,95.168,95.198,94.897,94.935
2024-07-19T07:00:00Z,94.904,94.942,94.764,94.857,94.932,94.967,94.79,94.882
2024-07-19T08:00:00Z,94.856,94.902,94.695,94.757,94.882,94.926,94.722,94.782
2024-07-19T09:00:00Z,94.759,94.795,94.699,94.751,94.782,94.821,94.727,94.772
2024-07-19T10:00:00Z,94.745,94.879,94.728,94.837,94.773,94.906,94.754,94.862
2024-07-19T11:00:00Z,94.836,94.902,94.794,94.867,94.862,94.929,94.818,94.893
2024-07-19T12:00:00Z,94.869,94.926,94.831,94.899,94.895,94.954,94.856,94.924
2024-07-19T13:00:00Z,94.9,94.9,94.76,94.827,94.924,94.924,94.787,94.856
2024-07-19T14:00:00Z,94.825,94.833,94.652,94.676,94.856,94.86,94.671,94.699
2024-07-19T15:00:00Z,94.676,94.727,94.61,94.698,94.702,94.752,94.64,94.723
2024-07-19T16:00:00Z,94.695,94.712,94.619,94.63,94.721,94.736,94.647,94.658
2024-07-19T17:00:00Z,94.631,94.654,94.58,94.654,94.658,94.68,94.603,94.679
2024-07-19T18:00:00Z,94.653,94.675,94.574,94.638,94.677,94.696,94.6,94.665
2024-07-19T19:00:00Z,94.638,94.661,94.578,94.61,94.665,94.691,94.604,94.638
2024-07-19T20:00:00Z,94.611,94.63,94.56,94.588,94.637,94.688,94.588,94.668
2024-07-21T21:00:00Z,94.563,94.636,94.496,94.559,94.688,94.826,94.688,94.734
2024-07-21T22:00:00Z,94.56,94.786,94.553,94.752,94.74,94.825,94.683,94.777
2024-07-21T23:00:00Z,94.749,94.824,94.688,94.814,94.776,94.848,94.715,94.841
2024-07-22T00:00:00Z,94.813,94.813,94.647,94.672,94.839,94.839,94.676,94.696
2024-07-22T01:00:00Z,94.672,94.744,94.6,94.611,94.695,94.77,94.629,94.64
2024-07-22T02:00:00Z,94.611,94.633,94.512,94.578,94.639,94.659,94.534,94.604
2024-07-22T03:00:00Z,94.576,94.581,94.447,94.464,94.603,94.604,94.472,94.487
2024-07-22T04:00:00Z,94.464,94.464,94.337,94.35,94.488,94.488,94.364,94.374
2024-07-22T05:00:00Z,94.346,94.349,94.096,94.111,94.37,94.37,94.121,94.135
2024-07-22T06:00:00Z,94.103,94.111,93.773,93.84,94.127,94.134,93.799,93.865
2024-07-22T07:00:00Z,93.838,94.067,93.774,94.039,93.864,94.088,93.803,94.064
2024-07-22T08:00:00Z,94.045,94.17,93.973,94.074,94.07,94.195,93.999,94.098
2024-07-22T09:00:00Z,94.074,94.093,93.944,94.047,94.1,94.121,93.971,94.072
2024-07-22T10:00:00Z,94.048,94.174,93.903,94.081,94.072,94.203,93.929,94.108
2024-07-22T11:00:00Z,94.075,94.11,93.96,94.013,94.103,94.135,93.985,94.039
2024-07-22T12:00:00Z,94.013,94.064,93.837,93.844,94.038,94.091,93.865,93.871
2024-07-22T13:00:00Z,93.842,93.871,93.75,93.774,93.871,93.9,93.774,93.801
2024-07-22T14:00:00Z,93.773,93.808,93.646,93.775,93.801,93.832,93.669,93.799
2024-07-22T15:00:00Z,93.778,93.889,93.771,93.856,93.8,93.914,93.795,93.88
2024-07-22T16:00:00Z,93.854,93.876,93.807,93.827,93.879,93.902,93.831,93.851
2024-07-22T17:00:00Z,93.826,93.962,93.826,93.939,93.851,93.985,93.85,93.964
2024-07-22T18:00:00Z,93.943,93.954,93.874,93.877,93.967,93.975,93.902,93.905
2024-07-22T19:00:00Z,93.877,93.909,93.849,93.896,93.905,93.936,93.873,93.921
2024-07-22T20:00:00Z,93.896,93.9,93.859,93.866,93.92,93.932,93.891,93.915
2024-07-22T21:00:00Z,93.784,93.854,93.735,93.831,93.962,93.973,93.87,93.898
2024-07-22T22:00:00Z,93.847,93.907,93.807,93.881,93.898,93.932,93.856,93.906
2024-07-22T23:00:00Z,93.878,93.911,93.763,93.763,93.903,93.934,93.79,93.79
2024-07-23T00:00:00Z,93.762,93.781,93.472,93.478,93.787,93.804,93.494,93.506
2024-07-23T01:00:00Z,93.479,93.698,93.465,93.553,93.506,93.724,93.491,93.579
2024-07-23T02:00:00Z,93.553,93.564,93.407,93.489,93.577,93.587,93.433,93.513
2024-07-23T03:00:00Z,93.492,93.511,93.217,93.271,93.516,93.535,93.245,93.3
2024-07-23T04:00:00Z,93.272,93.328,93.205,93.239,93.302,93.356,93.228,93.264
2024-07-23T05:00:00Z,93.239,93.34,93.21,93.291,93.262,93.364,93.237,93.317
2024-07-23T06:00:00Z,93.29,93.435,93.216,93.378,93.312,93.458,93.236,93.402
2024-07-23T07:00:00Z,93.381,93.423,93.002,93.045,93.403,93.447,93.034,93.07
2024-07-23T08:00:00Z,93.042,93.068,92.926,93.029,93.067,93.093,92.953,93.055
2024-07-23T09:00:00Z,93.03,93.062,92.918,93.002,93.055,93.089,92.943,93.028
2024-07-23T10:00:00Z,93.004,93.093,92.988,93.072,93.028,93.117,93.012,93.097
2024-07-23T11:00:00Z,93.071,93.162,93.032,93.096,93.097,93.187,93.054,93.12
2024-07-23T12:00:00Z,93.098,93.186,92.929,92.994,93.12,93.209,92.952,93.022
2024-07-23T13:00:00Z,92.995,93.051,92.931,92.956,93.021,93.075,92.956,92.991
2024-07-23T14:00:00Z,92.955,93.021,92.829,92.839,92.988,93.046,92.854,92.863
2024-07-23T15:00:00Z,92.841,92.96,92.841,92.955,92.868,92.983,92.868,92.979
2024-07-23T16:00:00Z,92.955,92.966,92.709,92.73,92.978,92.989,92.74,92.754
2024-07-23T17:00:00Z,92.729,92.779,92.606,92.671,92.752,92.803,92.633,92.695
2024-07-23T18:00:00Z,92.67,92.707,92.627,92.65,92.695,92.73,92.65,92.673
2024-07-23T19:00:00Z,92.65,92.653,92.604,92.634,92.673,92.677,92.627,92.657
2024-07-23T20:00:00Z,92.632,92.673,92.603,92.636,92.656,92.712,92.629,92.696
2024-07-23T21:00:00Z,92.619,92.661,92.572,92.65,92.676,92.807,92.668,92.735
2024-07-23T22:00:00Z,92.648,92.679,92.602,92.669,92.741,92.744,92.642,92.701
2024-07-23T23:00:00Z,92.67,92.782,92.665,92.699,92.701,92.805,92.689,92.725
2024-07-24T00:00:00Z,92.705,92.78,92.597,92.627,92.73,92.808,92.625,92.649
2024-07-24T01:00:00Z,92.626,92.65,92.126,92.15,92.65,92.674,92.153,92.18
2024-07-24T02:00:00Z,92.15,92.257,92.115,92.121,92.179,92.283,92.139,92.144
2024-07-24T03:00:00Z,92.117,92.139,91.883,91.93,92.141,92.164,91.913,91.955
2024-07-24T04:00:00Z,91.93,91.93,91.46,91.488,91.954,91.955,91.486,91.514
2024-07-24T05:00:00Z,91.489,91.715,91.392,91.646,91.513,91.742,91.428,91.669
2024-07-24T06:00:00Z,91.646,91.689,91.506,91.619,91.662,91.715,91.529,91.644
2024-07-24T07:00:00Z,91.618,91.906,91.564,91.664,91.642,91.93,91.59,91.685
2024-07-24T08:00:00Z,91.664,91.823,91.618,91.761,91.688,91.849,91.645,91.786
2024-07-24T09:00:00Z,91.763,91.822,91.486,91.81,91.786,91.846,91.522,91.838
2024-07-24T10:00:00Z,91.813,91.863,91.632,91.681,91.84,91.893,91.658,91.707
2024-07-24T11:00:00Z,91.682,91.694,91.485,91.584,91.707,91.719,91.512,91.607
2024-07-24T12:00:00Z,91.584,91.592,91.354,91.46,91.609,91.617,91.378,91.485
2024-07-24T13:00:00Z,91.465,91.535,91.071,91.091,91.487,91.561,91.101,91.138
2024-07-24T14:00:00Z,91.104,91.301,90.984,91.131,91.146,91.323,91.011,91.157
2024-07-24T15:00:00Z,91.133,91.281,91.131,91.179,91.16,91.305,91.156,91.203
2024-07-24T16:00:00Z,91.181,91.251,91.129,91.205,91.203,91.274,91.154,91.23
2024-07-24T17:00:00Z,91.207,91.371,91.204,91.315,91.231,91.396,91.229,91.34
2024-07-24T18:00:00Z,91.317,91.329,91.252,91.261,91.341,91.353,91.277,91.289
2024-07-24T19:00:00Z,91.261,91.266,91.19,91.22,91.289,91.29,91.213,91.244
2024-07-24T20:00:00Z,91.218,91.238,91.187,91.209,91.245,91.272,91.215,91.252
2024-07-24T21:00:00Z,91.185,91.23,90.945,91.088,91.244,91.427,91.098,91.288
2024-07-24T22:00:00Z,91.114,91.195,91.031,91.039,91.294,91.294,91.056,91.061
2024-07-24T23:00:00Z,91.036,91.215,91.029,91.194,91.059,91.242,91.056,91.22
2024-07-25T00:00:00Z,91.186,91.215,90.401,90.693,91.213,91.241,90.446,90.719
2024-07-25T01:00:00Z,90.694,90.755,90.37,90.516,90.719,90.781,90.397,90.542
2024-07-25T02:00:00Z,90.515,90.549,90.28,90.38,90.543,90.575,90.305,90.407
2024-07-25T03:00:00Z,90.38,90.381,90.089,90.133,90.408,90.408,90.115,90.16
2024-07-25T04:00:00Z,90.134,90.259,90.115,90.24,90.16,90.283,90.143,90.265
2024-07-25T05:00:00Z,90.24,90.462,90.225,90.345,90.264,90.488,90.25,90.373
2024-07-25T06:00:00Z,90.345,90.42,90.224,90.386,90.367,90.446,90.252,90.413
2024-07-25T07:00:00Z,90.39,90.438,89.888,90.028,90.417,90.466,89.913,90.052
2024-07-25T08:00:00Z,90.03,90.296,89.915,90.268,90.053,90.327,89.942,90.298
2024-07-25T09:00:00Z,90.272,90.292,89.932,89.968,90.301,90.321,89.963,89.995
2024-07-25T10:00:00Z,89.969,89.971,89.787,89.842,89.997,89.997,89.814,89.869
2024-07-25T11:00:00Z,89.844,90.059,89.828,90.021,89.872,90.087,89.854,90.05
2024-07-25T12:00:00Z,90.019,90.57,89.923,90.46,90.047,90.597,89.947,90.486
2024-07-25T13:00:00Z,90.457,90.953,90.403,90.709,90.486,90.985,90.427,90.736
2024-07-25T14:00:00Z,90.712,90.759,90.392,90.695,90.738,90.786,90.418,90.722
2024-07-25T15:00:00Z,90.692,90.934,90.685,90.847,90.72,90.962,90.712,90.872
2024-07-25T16:00:00Z,90.847,91.081,90.837,90.943,90.874,91.106,90.862,90.966
2024-07-25T17:00:00Z,90.943,90.947,90.667,90.795,90.968,90.976,90.696,90.825
2024-07-25T18:00:00Z,90.795,90.806,90.58,90.635,90.823,90.839,90.609,90.66
2024-07-25T19:00:00Z,90.635,90.708,90.552,90.622,90.66,90.738,90.578,90.647
2024-07-25T20:00:00Z,90.622,90.666,90.501,90.556,90.646,90.699,90.528,90.636
2024-07-25T21:00:00Z,90.58,90.613,90.54,90.585,90.746,90.797,90.649,90.651
2024-07-25T22:00:00Z,90.585,90.636,90.561,90.565,90.645,90.671,90.593,90.595
2024-07-25T23:00:00Z,90.567,90.57,90.305,90.504,90.598,90.599,90.334,90.531
2024-07-26T00:00:00Z,90.502,90.751,90.316,90.606,90.53,90.778,90.369,90.631
2024-07-26T01:00:00Z,90.606,90.746,90.397,90.487,90.632,90.776,90.425,90.513
2024-07-26T02:00:00Z,90.484,90.638,90.469,90.603,90.51,90.662,90.494,90.627
2024-07-26T03:00:00Z,90.596,90.596,90.474,90.488,90.62,90.621,90.501,90.513
2024-07-26T04:00:00Z,90.483,90.583,90.464,90.489,90.509,90.61,90.492,90.516
2024-07-26T05:00:00Z,90.494,90.577,90.395,90.497,90.521,90.603,90.419,90.523
2024-07-26T06:00:00Z,90.497,90.569,90.44,90.541,90.521,90.596,90.464,90.565
2024-07-26T07:00:00Z,90.535,90.903,90.503,90.798,90.559,90.926,90.527,90.824
2024-07-26T08:00:00Z,90.802,91.108,90.742,91.069,90.828,91.136,90.767,91.094
2024-07-26T09:00:00Z,91.066,91.087,90.884,90.923,91.093,91.113,90.908,90.946
2024-07-26T10:00:00Z,90.923,91.158,90.889,91.127,90.947,91.183,90.913,91.152
2024-07-26T11:00:00Z,91.124,91.178,91.054,91.134,91.148,91.203,91.078,91.155
2024-07-26T12:00:00Z,91.132,91.137,90.824,90.897,91.155,91.161,90.853,90.924
2024-07-26T13:00:00Z,90.897,90.914,90.622,90.705,90.923,90.938,90.648,90.802
2024-07-26T14:00:00Z,90.698,90.871,90.252,90.407,90.802,90.901,90.292,90.433
2024-07-26T15:00:00Z,90.409,90.696,90.403,90.689,90.434,90.723,90.425,90.718
2024-07-26T16:00:00Z,90.689,90.714,90.618,90.698,90.717,90.74,90.644,90.727
2024-07-26T17:00:00Z,90.696,90.709,90.539,90.583,90.727,90.731,90.564,90.608
2024-07-26T18:00:00Z,90.581,90.637,90.524,90.527,90.605,90.661,90.553,90.554
2024-07-26T19:00:00Z,90.527,90.589,90.503,90.53,90.554,90.619,90.532,90.556
2024-07-26T20:00:00Z,90.526,90.567,90.488,90.496,90.551,90.598,90.55,90.572
2024-07-28T21:00:00Z,90.513,90.602,90.47,90.493,90.713,90.791,90.596,90.693
2024-07-28T22:00:00Z,90.505,90.698,90.488,90.669,90.701,90.722,90.612,90.695
2024-07-28T23:00:00Z,90.668,90.884,90.657,90.757,90.696,90.909,90.683,90.781
2024-07-29T00:00:00Z,90.76,90.926,90.562,90.61,90.784,90.953,90.59,90.636
2024-07-29T01:00:00Z,90.609,90.714,90.343,90.492,90.637,90.743,90.368,90.519
2024-07-29T02:00:00Z,90.495,90.553,90.252,90.449,90.523,90.582,90.279,90.475
2024-07-29T03:00:00Z,90.449,90.617,90.385,90.529,90.476,90.64,90.41,90.557
2024-07-29T04:00:00Z,90.533,90.577,90.236,90.285,90.561,90.6,90.26,90.309
2024-07-29T05:00:00Z,90.289,90.462,90.24,90.257,90.313,90.487,90.265,90.281
2024-07-29T06:00:00Z,90.255,90.391,90.205,90.33,90.277,90.415,90.227,90.35
2024-07-29T07:00:00Z,90.328,90.399,90.191,90.341,90.349,90.422,90.215,90.366
2024-07-29T08:00:00Z,90.339,90.461,90.272,90.337,90.363,90.486,90.294,90.361
2024-07-29T09:00:00Z,90.335,90.424,90.292,90.407,90.36,90.449,90.315,90.43
2024-07-29T10:00:00Z,90.405,90.55,90.368,90.394,90.43,90.574,90.393,90.417
2024-07-29T11:00:00Z,90.391,90.4,90.271,90.332,90.415,90.424,90.292,90.355
2024-07-29T12:00:00Z,90.334,90.463,90.286,90.293,90.356,90.484,90.311,90.316
2024-07-29T13:00:00Z,90.292,90.465,90.182,90.449,90.316,90.49,90.208,90.473
2024-07-29T14:00:00Z,90.448,90.472,90.231,90.357,90.473,90.498,90.255,90.377
2024-07-29T15:00:00Z,90.357,90.389,90.287,90.364,90.379,90.415,90.31,90.389
2024-07-29T16:00:00Z,90.365,90.489,90.349,90.423,90.391,90.516,90.372,90.445
2024-07-29T17:00:00Z,90.425,90.488,90.39,90.479,90.447,90.513,90.413,90.503
2024-07-29T18:00:00Z,90.478,90.487,90.427,90.484,90.503,90.514,90.448,90.509
2024-07-29T19:00:00Z,90.484,90.515,90.457,90.472,90.509,90.54,90.481,90.495
2024-07-29T20:00:00Z,90.468,90.503,90.456,90.468,90.493,90.528,90.48,90.518
2024-07-29T21:00:00Z,90.47,90.512,90.371,90.499,90.52,90.594,90.503,90.568
2024-07-29T22:00:00Z,90.497,90.596,90.491,90.582,90.571,90.632,90.551,90.609
2024-07-29T23:00:00Z,90.582,90.582,90.38,90.394,90.61,90.61,90.409,90.419
2024-07-30T00:00:00Z,90.392,90.537,90.237,90.475,90.416,90.565,90.263,90.502
2024-07-30T01:00:00Z,90.473,90.629,90.303,90.373,90.501,90.656,90.33,90.398
2024-07-30T02:00:00Z,90.37,90.609,90.363,90.563,90.394,90.633,90.386,90.588
2024-07-30T03:00:00Z,90.56,90.693,90.546,90.688,90.585,90.716,90.57,90.714
2024-07-30T04:00:00Z,90.691,91.0,90.683,90.97,90.716,91.028,90.708,90.995
2024-07-30T05:00:00Z,90.975,91.148,90.97,91.092,90.998,91.177,90.996,91.117
2024-07-30T06:00:00Z,91.092,91.514,91.04,91.454,91.114,91.53,91.064,91.477
2024-07-30T07:00:00Z,91.454,91.515,91.233,91.262,91.479,91.54,91.258,91.287
2024-07-30T08:00:00Z,91.259,91.372,91.131,91.171,91.285,91.396,91.156,91.196
2024-07-30T09:00:00Z,91.175,91.308,91.163,91.253,91.198,91.333,91.188,91.279
2024-07-30T10:00:00Z,91.255,91.295,91.144,91.16,91.281,91.318,91.169,91.185
2024-07-30T11:00:00Z,91.161,91.213,91.133,91.187,91.184,91.238,91.155,91.207
2024-07-30T12:00:00Z,91.183,91.246,91.125,91.201,91.208,91.27,91.149,91.227
2024-07-30T13:00:00Z,91.201,91.204,90.892,90.944,91.231,91.231,90.919,91.055
2024-07-30T14:00:00Z,90.934,91.217,90.914,91.164,91.05,91.241,90.99,91.188
2024-07-30T15:00:00Z,91.163,91.168,90.598,90.639,91.188,91.189,90.622,90.663
2024-07-30T16:00:00Z,90.639,90.725,90.38,90.403,90.664,90.753,90.406,90.429
2024-07-30T17:00:00Z,90.405,90.461,90.291,90.387,90.429,90.487,90.32,90.413
2024-07-30T18:00:00Z,90.388,90.523,90.341,90.401,90.412,90.548,90.364,90.429
2024-07-30T19:00:00Z,90.401,90.471,90.341,90.434,90.429,90.496,90.368,90.459
2024-07-30T20:00:00Z,90.437,90.441,90.07,90.148,90.462,90.466,90.117,90.19
2024-07-30T21:00:00Z,90.063,90.159,90.003,90.06,90.263,90.282,90.16,90.246
2024-07-30T22:00:00Z,90.098,90.409,89.977,90.264,90.253,90.437,90.004,90.289
2024-07-30T23:00:00Z,90.26,90.318,90.004,90.103,90.286,90.343,90.03,90.128
2024-07-31T00:00:00Z,90.092,90.141,89.836,89.956,90.118,90.168,89.864,89.986
2024-07-31T01:00:00Z,89.955,90.195,89.619,90.039,89.984,90.223,89.65,90.064
2024-07-31T02:00:00Z,90.029,90.581,90.022,90.289,90.056,90.651,90.048,90.322
2024-07-31T03:00:00Z,90.29,90.815,89.525,90.646,90.325,90.939,89.588,90.704
2024-07-31T04:00:00Z,90.635,90.839,89.999,90.102,90.691,90.892,90.028,90.129
2024-07-31T05:00:00Z,90.101,90.361,90.053,90.277,90.125,90.386,90.081,90.305
2024-07-31T06:00:00Z,90.278,90.452,90.189,90.197,90.298,90.478,90.217,90.228
2024-07-31T07:00:00Z,90.196,90.221,89.256,89.393,90.228,90.251,89.29,89.425
2024-07-31T08:00:00Z,89.394,89.417,88.681,89.263,89.425,89.451,88.711,89.297
2024-07-31T09:00:00Z,89.265,89.273,88.951,88.985,89.297,89.301,88.975,89.015
2024-07-31T10:00:00Z,88.984,89.086,88.779,89.067,89.015,89.11,88.807,89.095
2024-07-31T11:00:00Z,89.065,89.112,88.853,88.895,89.095,89.14,88.879,88.923
2024-07-31T12:00:00Z,88.898,89.223,88.779,89.18,88.925,89.251,88.833,89.212
2024-07-31T13:00:00Z,89.179,89.23,89.048,89.092,89.21,89.256,89.074,89.124
2024-07-31T14:00:00Z,89.095,89.464,88.948,89.344,89.127,89.493,88.978,89.367
2024-07-31T15:00:00Z,89.344,89.444,89.21,89.415,89.369,89.471,89.239,89.441
2024-07-31T16:00:00Z,89.414,89.546,89.381,89.483,89.442,89.573,89.412,89.506
2024-07-31T17:00:00Z,89.482,89.771,89.464,89.654,89.506,89.8,89.49,89.79
2024-07-31T18:00:00Z,89.654,89.765,89.516,89.593,89.787,89.812,89.556,89.622
2024-07-31T19:00:00Z,89.589,89.595,89.045,89.104,89.619,89.627,89.075,89.131
2024-07-31T20:00:00Z,89.105,89.403,89.057,89.184,89.131,89.439,89.087,89.254
2024-07-31T21:00:00Z,89.194,89.215,89.056,89.17,89.244,89.351,89.21,89.248
2024-07-31T22:00:00Z,89.168,89.394,89.073,89.388,89.234,89.421,89.195,89.421
2024-07-31T23:00:00Z,89.385,89.472,89.071,89.135,89.421,89.503,89.099,89.16
2024-08-01T00:00:00Z,89.142,89.242,88.976,89.026,89.167,89.27,89.004,89.056
2024-08-01T01:00:00Z,89.024,89.044,88.532,88.803,89.053,89.073,88.559,88.823
2024-08-01T02:00:00Z,88.797,89.207,88.663,89.188,88.825,89.237,88.695,89.218
2024-08-01T03:00:00Z,89.188,89.205,88.914,88.995,89.216,89.236,88.943,89.026
2024-08-01T04:00:00Z,88.992,89.124,88.902,89.098,89.021,89.157,88.935,89.131
2024-08-01T05:00:00Z,89.102,89.255,89.024,89.165,89.132,89.283,89.057,89.197
2024-08-01T06:00:00Z,89.166,89.366,89.026,89.232,89.199,89.396,89.056,89.262
2024-08-01T07:00:00Z,89.231,89.349,89.107,89.123,89.263,89.379,89.135,89.153
2024-08-01T08:00:00Z,89.122,89.147,88.774,88.892,89.151,89.175,88.804,88.923
2024-08-01T09:00:00Z,88.896,89.103,88.849,89.086,88.923,89.13,88.877,89.116
2024-08-01T10:00:00Z,89.087,89.26,89.072,89.136,89.116,89.289,89.1,89.164
2024-08-01T11:00:00Z,89.133,89.552,89.099,89.47,89.161,89.579,89.125,89.498
2024-08-01T12:00:00Z,89.472,89.859,89.423,89.859,89.498,89.887,89.488,89.887
2024-08-01T13:00:00Z,89.861,89.941,89.607,89.92,89.887,90.016,89.636,90.016
2024-08-01T14:00:00Z,89.92,89.92,89.372,89.441,90.022,90.022,89.398,89.466
2024-08-01T15:00:00Z,89.439,89.49,89.301,89.427,89.465,89.518,89.331,89.453
2024-08-01T16:00:00Z,89.432,89.512,89.223,89.27,89.453,89.538,89.248,89.296
2024-08-01T17:00:00Z,89.268,89.294,89.04,89.139,89.296,89.322,89.066,89.166
2024-08-01T18:00:00Z,89.137,89.157,88.896,88.934,89.165,89.183,88.922,88.962
2024-08-01T19:00:00Z,88.934,89.109,88.8,89.085,88.962,89.14,88.828,89.108
2024-08-01T20:00:00Z,89.085,89.09,88.75,88.812,89.107,89.114,88.801,88.875
2024-08-01T21:00:00Z,88.723,88.806,88.7,88.726,88.923,88.935,88.827,88.878
2024-08-01T22:00:00Z,88.724,88.808,88.568,88.698,88.878,88.894,88.604,88.723
2024-08-01T23:00:00Z,88.692,88.701,88.465,88.555,88.716,88.729,88.493,88.582
2024-08-02T00:00:00Z,88.55,88.69,88.346,88.677,88.577,88.719,88.375,88.708
2024-08-02T01:00:00Z,88.68,89.061,88.68,88.849,88.709,89.09,88.709,88.882
2024-08-02T02:00:00Z,88.851,89.012,88.608,88.971,88.883,89.04,88.637,88.996
2024-08-02T03:00:00Z,88.974,89.006,88.827,88.877,89.001,89.034,88.855,88.903
2024-08-02T04:00:00Z,88.873,89.028,88.82,88.825,88.898,89.054,88.846,88.853
2024-08-02T05:00:00Z,88.823,88.883,88.642,88.688,88.851,88.911,88.666,88.714
2024-08-02T06:00:00Z,88.686,88.894,88.605,88.662,88.702,88.919,88.631,88.687
2024-08-02T07:00:00Z,88.658,88.808,88.434,88.747,88.684,88.838,88.46,88.776
2024-08-02T08:00:00Z,88.747,88.805,88.431,88.616,88.777,88.837,88.463,88.643
2024-08-02T09:00:00Z,88.615,88.629,88.485,88.584,88.64,88.655,88.513,88.609
2024-08-02T10:00:00Z,88.583,88.623,88.444,88.554,88.609,88.654,88.472,88.577
2024-08-02T11:00:00Z,88.552,88.797,88.552,88.682,88.577,88.825,88.577,88.71
2024-08-02T12:00:00Z,88.687,88.81,87.432,88.007,88.714,88.924,87.47,88.037
2024-08-02T13:00:00Z,88.0,88.551,87.888,87.938,88.035,88.583,87.917,87.988
2024-08-02T14:00:00Z,87.942,88.14,87.484,87.563,87.989,88.176,87.509,87.588
2024-08-02T15:00:00Z,87.563,87.825,87.337,87.752,87.585,87.853,87.366,87.778
2024-08-02T16:00:00Z,87.75,87.958,87.472,87.553,87.778,87.987,87.501,87.584
2024-08-02T17:00:00Z,87.555,87.639,87.427,87.469,87.586,87.668,87.454,87.498
2024-08-02T18:00:00Z,87.467,87.569,87.282,87.304,87.495,87.599,87.312,87.336
2024-08-02T19:00:00Z,87.304,87.462,87.28,87.429,87.336,87.492,87.305,87.457
2024-08-02T20:00:00Z,87.429,87.451,87.258,87.265,87.455,87.481,87.302,87.32
2024-08-04T21:00:00Z,87.248,87.258,87.085,87.214,87.328,87.452,87.283,87.358
2024-08-04T22:00:00Z,87.205,87.236,86.768,87.061,87.358,87.358,86.817,87.1
2024-08-04T23:00:00Z,87.058,87.069,86.338,86.563,87.097,87.107,86.368,86.595
2024-08-05T00:00:00Z,86.553,86.77,86.226,86.586,86.588,86.799,86.262,86.621
2024-08-05T01:00:00Z,86.583,86.612,86.063,86.319,86.618,86.65,86.092,86.35
2024-08-05T02:00:00Z,86.316,86.681,86.271,86.399,86.348,86.711,86.303,86.429
2024-08-05T03:00:00Z,86.399,86.436,85.776,85.91,86.428,86.469,85.819,85.941
2024-08-05T04:00:00Z,85.902,85.948,84.36,85.068,85.933,85.976,84.396,85.102
2024-08-05T05:00:00Z,85.061,85.258,84.101,84.198,85.099,85.299,84.138,84.231
2024-08-05T06:00:00Z,84.194,84.534,83.039,84.116,84.226,84.581,83.075,84.176
2024-08-05T07:00:00Z,84.112,85.311,84.11,85.011,84.172,85.355,84.158,85.052
2024-08-05T08:00:00Z,85.011,85.048,84.261,84.353,85.054,85.085,84.294,84.391
2024-08-05T09:00:00Z,84.352,84.476,84.026,84.402,84.396,84.522,84.056,84.433
2024-08-05T10:00:00Z,84.399,84.557,84.091,84.543,84.432,84.596,84.134,84.58
2024-08-05T11:00:00Z,84.545,84.801,84.392,84.489,84.584,84.834,84.427,84.518
2024-08-05T12:00:00Z,84.484,84.62,84.206,84.382,84.505,84.66,84.236,84.416
2024-08-05T13:00:00Z,84.381,85.329,84.369,84.958,84.418,85.375,84.409,85.06
2024-08-05T14:00:00Z,85.044,85.735,84.519,84.598,85.06,85.786,84.55,84.626
2024-08-05T15:00:00Z,84.602,85.393,84.385,85.345,84.629,85.423,84.422,85.375
2024-08-05T16:00:00Z,85.343,86.001,85.268,85.429,85.375,86.033,85.305,85.462
2024-08-05T17:00:00Z,85.427,85.751,85.301,85.383,85.46,85.795,85.345,85.414
2024-08-05T18:00:00Z,85.382,85.504,85.113,85.155,85.412,85.544,85.149,85.194
2024-08-05T19:00:00Z,85.155,85.307,85.03,85.28,85.194,85.352,85.073,85.317
2024-08-05T20:00:00Z,85.282,85.626,85.262,85.603,85.313,85.708,85.3,85.66
2024-08-05T21:00:00Z,85.542,85.56,85.422,85.484,85.7,85.707,85.593,85.646
2024-08-05T22:00:00Z,85.481,86.113,85.35,86.042,85.625,86.144,85.389,86.072
2024-08-05T23:00:00Z,86.042,86.781,86.042,86.735,86.071,86.823,86.071,86.769
2024-08-06T00:00:00Z,86.742,87.213,86.53,86.639,86.773,87.256,86.564,86.672
2024-08-06T01:00:00Z,86.645,86.896,85.899,86.199,86.676,86.931,85.935,86.232
2024-08-06T02:00:00Z,86.205,86.516,85.839,86.464,86.233,86.547,85.874,86.495
2024-08-06T03:00:00Z,86.465,86.833,86.385,86.404,86.498,86.873,86.418,86.439
2024-08-06T04:00:00Z,86.403,86.528,86.042,86.271,86.436,86.562,86.075,86.3
2024-08-06T05:00:00Z,86.277,86.673,86.011,86.457,86.31,86.708,86.044,86.487
2024-08-06T06:00:00Z,86.453,86.653,86.128,86.329,86.469,86.692,86.168,86.357
2024-08-06T07:00:00Z,86.331,86.549,85.901,85.968,86.359,86.581,85.927,85.995
2024-08-06T08:00:00Z,85.97,86.117,85.557,85.93,85.996,86.145,85.582,85.96
2024-08-06T09:00:00Z,85.925,85.925,85.538,85.695,85.955,85.955,85.569,85.724
2024-08-06T10:00:00Z,85.696,85.92,85.47,85.767,85.724,85.945,85.501,85.792
2024-08-06T11:00:00Z,85.779,86.13,85.728,85.89,85.8,86.156,85.754,85.916
2024-08-06T12:00:00Z,85.884,85.987,85.482,85.499,85.911,86.014,85.508,85.522
2024-08-06T13:00:00Z,85.489,85.802,85.341,85.719,85.517,85.827,85.368,85.746
2024-08-06T14:00:00Z,85.718,86.275,85.596,85.839,85.744,86.302,85.622,85.867
2024-08-06T15:00:00Z,85.843,86.409,85.841,86.329,85.868,86.436,85.868,86.356
2024-08-06T16:00:00Z,86.333,86.642,86.249,86.604,86.356,86.67,86.276,86.63
2024-08-06T17:00:00Z,86.606,86.623,86.35,86.554,86.632,86.65,86.377,86.58
2024-08-06T18:00:00Z,86.556,86.579,86.423,86.439,86.583,86.606,86.449,86.466
2024-08-06T19:00:00Z,86.439,86.439,86.157,86.157,86.466,86.466,86.183,86.183
2024-08-06T20:00:00Z,86.154,86.211,85.792,85.889,86.18,86.237,85.872,85.942
2024-08-06T21:00:00Z,85.869,86.035,85.75,85.973,85.948,86.188,85.941,86.134
2024-08-06T22:00:00Z,85.99,86.542,85.917,86.507,86.139,86.584,85.948,86.552
2024-08-06T23:00:00Z,86.514,86.572,86.202,86.448,86.557,86.603,86.228,86.475
2024-08-07T00:00:00Z,86.453,87.054,86.394,86.787,86.482,87.083,86.423,86.815
2024-08-07T01:00:00Z,86.787,88.617,86.679,87.964,86.816,88.656,86.709,88.0
2024-08-07T02:00:00Z,87.962,88.217,87.708,88.114,88.0,88.261,87.749,88.151
2024-08-07T03:00:00Z,88.114,88.549,87.978,88.438,88.149,88.587,88.016,88.471
2024-08-07T04:00:00Z,88.44,88.969,88.429,88.677,88.479,89.019,88.461,88.709
2024-08-07T05:00:00Z,88.677,88.919,88.288,88.384,88.715,88.954,88.328,88.417
2024-08-07T06:00:00Z,88.384,88.484,87.884,88.059,88.415,88.518,87.929,88.094
2024-08-07T07:00:00Z,88.062,88.267,87.709,88.147,88.098,88.299,87.74,88.174
2024-08-07T08:00:00Z,88.148,88.568,88.086,88.536,88.178,88.598,88.116,88.567
2024-08-07T09:00:00Z,88.534,88.839,88.427,88.801,88.566,88.867,88.454,88.832
2024-08-07T10:00:00Z,88.802,88.828,88.489,88.637,88.832,88.857,88.52,88.666
2024-08-07T11:00:00Z,88.636,88.806,88.426,88.572,88.663,88.832,88.456,88.603
2024-08-07T12:00:00Z,88.572,88.639,88.395,88.477,88.606,88.664,88.425,88.505
2024-08-07T13:00:00Z,88.477,88.544,88.363,88.496,88.502,88.573,88.39,88.524
2024-08-07T14:00:00Z,88.495,88.678,88.099,88.597,88.522,88.707,88.118,88.625
2024-08-07T15:00:00Z,88.594,88.877,88.514,88.615,88.623,88.906,88.543,88.642
2024-08-07T16:00:00Z,88.619,88.676,88.326,88.436,88.644,88.705,88.355,88.461
2024-08-07T17:00:00Z,88.434,88.512,88.16,88.204,88.46,88.545,88.188,88.234
2024-08-07T18:00:00Z,88.2,88.2,87.957,88.012,88.231,88.231,87.987,88.048
2024-08-07T19:00:00Z,88.012,88.226,87.922,87.984,88.048,88.257,87.951,88.016
2024-08-07T20:00:00Z,87.987,88.022,87.871,87.879,88.02,88.052,87.904,87.932
2024-08-07T21:00:00Z,87.82,87.927,87.793,87.906,88.02,88.022,87.891,88.002
2024-08-07T22:00:00Z,87.906,87.931,87.653,87.784,88.029,88.029,87.692,87.813
2024-08-07T23:00:00Z,87.78,87.805,87.089,87.606,87.81,87.833,87.123,87.629
2024-08-08T00:00:00Z,87.614,87.773,87.116,87.514,87.639,87.804,87.145,87.545
2024-08-08T01:00:00Z,87.518,87.951,87.482,87.784,87.548,87.995,87.511,87.814
2024-08-08T02:00:00Z,87.779,88.169,87.772,87.992,87.811,88.2,87.804,88.028
2024-08-08T03:00:00Z,87.995,88.096,87.663,87.886,88.029,88.126,87.693,87.917
2024-08-08T04:00:00Z,87.89,87.928,87.584,87.686,87.92,87.958,87.614,87.717
2024-08-08T05:00:00Z,87.69,87.848,87.542,87.56,87.719,87.878,87.574,87.59
2024-08-08T06:00:00Z,87.566,87.871,87.501,87.766,87.596,87.9,87.531,87.796
2024-08-08T07:00:00Z,87.77,87.789,87.236,87.417,87.796,87.821,87.265,87.446
2024-08-08T08:00:00Z,87.42,87.709,87.375,87.674,87.449,87.737,87.404,87.699
2024-08-08T09:00:00Z,87.67,87.777,87.433,87.547,87.695,87.804,87.458,87.572
2024-08-08T10:00:00Z,87.545,87.665,87.459,87.549,87.569,87.694,87.483,87.576
2024-08-08T11:00:00Z,87.542,87.65,87.453,87.578,87.569,87.681,87.484,87.611
2024-08-08T12:00:00Z,87.583,88.132,87.484,87.948,87.613,88.165,87.516,87.978
2024-08-08T13:00:00Z,87.946,88.257,87.889,88.037,87.978,88.286,87.924,88.065
2024-08-08T14:00:00Z,88.037,88.532,87.961,88.337,88.066,88.564,87.993,88.365
2024-08-08T15:00:00Z,88.34,88.35,88.157,88.26,88.368,88.375,88.189,88.287
2024-08-08T16:00:00Z,88.26,88.39,88.219,88.295,88.29,88.419,88.248,88.325
2024-08-08T17:00:00Z,88.295,88.517,88.226,88.436,88.324,88.55,88.255,88.463
2024-08-08T18:00:00Z,88.435,88.513,88.401,88.46,88.463,88.543,88.429,88.496
2024-08-08T19:00:00Z,88.46,88.46,88.31,88.361,88.496,88.496,88.341,88.391
2024-08-08T20:00:00Z,88.362,88.552,88.354,88.538,88.393,88.593,88.385,88.579
2024-08-08T21:00:00Z,88.52,88.522,88.425,88.486,88.576,88.65,88.555,88.6
2024-08-08T22:00:00Z,88.486,88.588,88.421,88.471,88.586,88.637,88.459,88.507
2024-08-08T23:00:00Z,88.474,88.832,88.446,88.685,88.509,88.864,88.481,88.718
2024-08-09T00:00:00Z,88.685,88.7,88.371,88.565,88.717,88.732,88.402,88.6
2024-08-09T01:00:00Z,88.567,88.685,88.489,88.542,88.6,88.721,88.522,88.582
2024-08-09T02:00:00Z,88.543,88.941,88.458,88.928,88.58,88.973,88.495,88.963
2024-08-09T03:00:00Z,88.927,88.951,88.689,88.803,88.96,88.986,88.724,88.839
2024-08-09T04:00:00Z,88.803,88.823,88.449,88.491,88.838,88.858,88.483,88.526
2024-08-09T05:00:00Z,88.489,88.736,88.301,88.575,88.525,88.769,88.335,88.605
2024-08-09T06:00:00Z,88.576,88.744,88.483,88.725,88.608,88.775,88.513,88.751
2024-08-09T07:00:00Z,88.728,88.729,88.491,88.624,88.752,88.756,88.52,88.651
2024-08-09T08:00:00Z,88.622,88.716,88.456,88.69,88.653,88.749,88.487,88.719
2024-08-09T09:00:00Z,88.69,88.723,88.544,88.642,88.723,88.755,88.574,88.674
2024-08-09T10:00:00Z,88.642,88.659,88.419,88.471,88.672,88.691,88.445,88.5
2024-08-09T11:00:00Z,88.469,88.501,88.283,88.432,88.5,88.53,88.312,88.457
2024-08-09T12:00:00Z,88.436,88.443,87.988,88.193,88.46,88.469,88.021,88.221
2024-08-09T13:00:00Z,88.194,88.226,88.073,88.092,88.22,88.253,88.1,88.118
2024-08-09T14:00:00Z,88.091,88.241,87.971,88.206,88.118,88.268,87.999,88.23
2024-08-09T15:00:00Z,88.206,88.301,88.001,88.056,88.228,88.332,88.028,88.085
2024-08-09T16:00:00Z,88.054,88.084,87.992,88.057,88.084,88.113,88.019,88.087
2024-08-09T17:00:00Z,88.056,88.124,88.003,88.038,88.087,88.152,88.032,88.067
2024-08-09T18:00:00Z,88.04,88.049,87.907,87.934,88.07,88.079,87.937,87.964
2024-08-09T19:00:00Z,87.934,88.007,87.926,87.994,87.964,88.039,87.956,88.022
2024-08-09T20:00:00Z,87.994,88.009,87.912,87.934,88.025,88.041,87.954,87.991
2024-08-11T21:00:00Z,87.784,88.067,87.784,87.932,87.918,88.235,87.918,88.119
2024-08-11T22:00:00Z,87.928,88.15,87.928,88.105,88.128,88.186,88.02,88.135
2024-08-11T23:00:00Z,88.102,88.213,87.992,88.126,88.13,88.242,88.018,88.153
2024-08-12T00:00:00Z,88.128,88.326,88.052,88.215,88.155,88.354,88.081,88.244
2024-08-12T01:00:00Z,88.221,88.352,88.144,88.323,88.248,88.378,88.173,88.349
2024-08-12T02:00:00Z,88.317,88.333,88.222,88.274,88.344,88.359,88.249,88.301
2024-08-12T03:00:00Z,88.275,88.475,88.274,88.47,88.301,88.504,88.3,88.498
2024-08-12T04:00:00Z,88.47,88.486,88.364,88.455,88.497,88.513,88.391,88.48
2024-08-12T05:00:00Z,88.454,88.507,88.432,88.48,88.48,88.534,88.46,88.508
2024-08-12T06:00:00Z,88.485,88.621,88.465,88.528,88.51,88.649,88.487,88.555
2024-08-12T07:00:00Z,88.527,88.732,88.398,88.708,88.555,88.759,88.425,88.736
2024-08-12T08:00:00Z,88.706,88.861,88.694,88.817,88.734,88.888,88.722,88.844
2024-08-12T09:00:00Z,88.816,88.841,88.699,88.833,88.841,88.868,88.725,88.859
2024-08-12T10:00:00Z,88.834,88.879,88.801,88.849,88.861,88.906,88.827,88.876
2024-08-12T11:00:00Z,88.848,89.015,88.832,88.97,88.874,89.04,88.859,88.993
2024-08-12T12:00:00Z,88.972,89.025,88.873,88.944,88.996,89.052,88.899,88.968
2024-08-12T13:00:00Z,88.943,89.361,88.922,88.986,88.968,89.385,88.946,89.011
2024-08-12T14:00:00Z,88.991,89.135,88.905,89.107,89.015,89.159,88.93,89.131
2024-08-12T15:00:00Z,89.107,89.11,88.639,88.815,89.132,89.134,88.664,88.839
2024-08-12T16:00:00Z,88.818,88.825,88.6,88.61,88.843,88.849,88.624,88.636
2024-08-12T17:00:00Z,88.606,88.689,88.503,88.593,88.631,88.719,88.531,88.617
2024-08-12T18:00:00Z,88.592,88.693,88.535,88.677,88.617,88.718,88.559,88.711
2024-08-12T19:00:00Z,88.677,88.677,88.473,88.558,88.711,88.711,88.503,88.584
2024-08-12T20:00:00Z,88.552,88.59,88.523,88.546,88.58,88.615,88.549,88.596
2024-08-12T21:00:00Z,88.505,88.571,88.467,88.538,88.676,88.725,88.603,88.65
2024-08-12T22:00:00Z,88.555,88.676,88.535,88.618,88.654,88.705,88.581,88.645
2024-08-12T23:00:00Z,88.617,88.691,88.455,88.537,88.643,88.716,88.481,88.566
2024-08-13T00:00:00Z,88.54,88.72,88.465,88.695,88.569,88.746,88.492,88.72
2024-08-13T01:00:00Z,88.701,88.867,88.667,88.783,88.724,88.895,88.692,88.808
2024-08-13T02:00:00Z,88.782,88.842,88.725,88.827,88.806,88.87,88.752,88.851
2024-08-13T03:00:00Z,88.827,88.943,88.795,88.906,88.85,88.969,88.821,88.932
2024-08-13T04:00:00Z,88.906,89.2,88.905,89.133,88.933,89.226,88.929,89.159
2024-08-13T05:00:00Z,89.129,89.192,89.025,89.09,89.155,89.216,89.053,89.118
2024-08-13T06:00:00Z,89.097,89.321,89.01,89.254,89.119,89.346,89.035,89.278
2024-08-13T07:00:00Z,89.252,89.381,89.204,89.337,89.278,89.404,89.229,89.361
2024-08-13T08:00:00Z,89.334,89.383,89.19,89.265,89.358,89.407,89.216,89.292
2024-08-13T09:00:00Z,89.265,89.352,89.121,89.335,89.293,89.374,89.145,89.358
2024-08-13T10:00:00Z,89.336,89.367,89.026,89.044,89.358,89.393,89.05,89.067
2024-08-13T11:00:00Z,89.041,89.181,88.98,89.009,89.064,89.205,89.008,89.039
2024-08-13T12:00:00Z,89.009,89.233,88.862,89.211,89.038,89.259,88.928,89.236
2024-08-13T13:00:00Z,89.218,89.258,88.781,89.119,89.244,89.286,88.809,89.147
2024-08-13T14:00:00Z,89.118,89.168,88.931,89.024,89.147,89.197,88.957,89.049
2024-08-13T15:00:00Z,89.024,89.08,88.985,89.028,89.048,89.106,89.01,89.055
2024-08-13T16:00:00Z,89.026,89.129,88.951,89.046,89.053,89.159,88.979,89.072
2024-08-13T17:00:00Z,89.043,89.163,89.033,89.153,89.068,89.189,89.058,89.176
2024-08-13T18:00:00Z,89.154,89.181,89.097,89.144,89.178,89.207,89.121,89.175
2024-08-13T19:00:00Z,89.144,89.239,89.102,89.225,89.175,89.263,89.127,89.25
2024-08-13T20:00:00Z,89.221,89.249,89.154,89.216,89.246,89.278,89.185,89.26
2024-08-13T21:00:00Z,89.208,89.214,89.059,89.161,89.249,89.33,89.226,89.242
2024-08-13T22:00:00Z,89.156,89.212,89.104,89.198,89.242,89.271,89.144,89.225
2024-08-13T23:00:00Z,89.196,89.343,89.189,89.311,89.222,89.367,89.213,89.336
2024-08-14T00:00:00Z,89.311,89.492,89.305,89.422,89.335,89.516,89.33,89.45
2024-08-14T01:00:00Z,89.417,89.441,89.076,89.193,89.445,89.465,89.102,89.268
2024-08-14T02:00:00Z,89.175,89.177,88.112,88.359,89.263,89.263,88.137,88.386
2024-08-14T03:00:00Z,88.361,88.394,87.988,88.248,88.388,88.424,88.018,88.283
2024-08-14T04:00:00Z,88.243,88.383,88.194,88.211,88.274,88.417,88.225,88.237
2024-08-14T05:00:00Z,88.214,88.513,88.117,88.501,88.24,88.542,88.143,88.527
2024-08-14T06:00:00Z,88.505,88.608,88.348,88.539,88.527,88.636,88.374,88.565
2024-08-14T07:00:00Z,88.542,88.691,88.432,88.628,88.567,88.715,88.457,88.651
2024-08-14T08:00:00Z,88.628,88.685,88.373,88.431,88.652,88.71,88.398,88.455
2024-08-14T09:00:00Z,88.433,88.506,88.401,88.505,88.458,88.531,88.425,88.529
2024-08-14T10:00:00Z,88.506,88.521,88.331,88.447,88.529,88.546,88.358,88.472
2024-08-14T11:00:00Z,88.449,88.495,88.358,88.385,88.474,88.522,88.382,88.411
2024-08-14T12:00:00Z,88.382,88.671,88.196,88.53,88.408,88.716,88.313,88.55
2024-08-14T13:00:00Z,88.525,88.7,88.327,88.413,88.55,88.726,88.354,88.436
2024-08-14T14:00:00Z,88.415,88.491,88.233,88.452,88.436,88.516,88.259,88.478
2024-08-14T15:00:00Z,88.452,88.474,88.222,88.403,88.475,88.501,88.247,88.427
2024-08-14T16:00:00Z,88.4,88.412,88.231,88.332,88.424,88.437,88.254,88.355
2024-08-14T17:00:00Z,88.332,88.408,88.307,88.338,88.357,88.433,88.333,88.363
2024-08-14T18:00:00Z,88.338,88.378,88.231,88.34,88.364,88.403,88.256,88.367
2024-08-14T19:00:00Z,88.34,88.353,88.236,88.325,88.367,88.378,88.26,88.352
2024-08-14T20:00:00Z,88.328,88.388,88.28,88.29,88.355,88.414,88.311,88.33
2024-08-14T21:00:00Z,88.321,88.353,88.273,88.33,88.393,88.427,88.347,88.402
2024-08-14T22:00:00Z,88.331,88.395,88.288,88.349,88.402,88.423,88.317,88.374
2024-08-14T23:00:00Z,88.347,88.393,88.275,88.327,88.372,88.418,88.3,88.354
2024-08-15T00:00:00Z,88.332,88.391,88.223,88.257,88.358,88.418,88.252,88.29
2024-08-15T01:00:00Z,88.263,88.431,88.16,88.396,88.295,88.457,88.187,88.422
2024-08-15T02:00:00Z,88.391,88.536,88.307,88.444,88.417,88.563,88.331,88.469
2024-08-15T03:00:00Z,88.444,88.527,88.399,88.483,88.47,88.552,88.426,88.507
2024-08-15T04:00:00Z,88.485,88.515,88.381,88.417,88.508,88.539,88.408,88.443
2024-08-15T05:00:00Z,88.42,88.445,88.33,88.352,88.445,88.472,88.354,88.375
2024-08-15T06:00:00Z,88.356,88.509,88.331,88.382,88.377,88.536,88.356,88.409
2024-08-15T07:00:00Z,88.381,88.449,88.293,88.421,88.409,88.474,88.319,88.445
2024-08-15T08:00:00Z,88.423,88.454,88.35,88.378,88.451,88.478,88.374,88.402
2024-08-15T09:00:00Z,88.379,88.575,88.362,88.538,88.402,88.6,88.383,88.562
2024-08-15T10:00:00Z,88.54,88.576,88.42,88.438,88.563,88.601,88.445,88.462
2024-08-15T11:00:00Z,88.433,88.575,88.42,88.515,88.459,88.598,88.447,88.54
2024-08-15T12:00:00Z,88.519,89.259,88.459,89.165,88.543,89.282,88.491,89.186
2024-08-15T13:00:00Z,89.166,89.419,89.079,89.393,89.188,89.444,89.104,89.417
2024-08-15T14:00:00Z,89.393,89.562,89.172,89.554,89.415,89.585,89.201,89.575
2024-08-15T15:00:00Z,89.554,89.554,89.401,89.414,89.574,89.575,89.428,89.44
2024-08-15T16:00:00Z,89.411,89.504,89.376,89.421,89.438,89.528,89.4,89.446
2024-08-15T17:00:00Z,89.424,89.424,89.252,89.252,89.449,89.449,89.275,89.276
2024-08-15T18:00:00Z,89.254,89.278,89.208,89.272,89.276,89.308,89.234,89.305
2024-08-15T19:00:00Z,89.272,89.282,89.196,89.23,89.305,89.307,89.223,89.257
2024-08-15T20:00:00Z,89.227,89.39,89.201,89.305,89.256,89.436,89.228,89.351
2024-08-15T21:00:00Z,89.32,89.376,89.306,89.351,89.444,89.491,89.378,89.455
2024-08-15T22:00:00Z,89.373,89.373,89.178,89.31,89.462,89.492,89.21,89.336
2024-08-15T23:00:00Z,89.311,89.324,89.201,89.23,89.336,89.352,89.227,89.258
2024-08-16T00:00:00Z,89.233,89.317,89.082,89.312,89.261,89.343,89.108,89.338
2024-08-16T01:00:00Z,89.317,89.371,89.224,89.368,89.339,89.396,89.25,89.392
2024-08-16T02:00:00Z,89.371,89.44,89.256,89.355,89.395,89.464,89.286,89.381
2024-08-16T03:00:00Z,89.354,89.512,89.294,89.476,89.375,89.537,89.321,89.501
2024-08-16T04:00:00Z,89.479,89.545,89.462,89.524,89.504,89.57,89.487,89.549
2024-08-16T05:00:00Z,89.522,89.761,89.509,89.635,89.545,89.781,89.533,89.66
2024-08-16T06:00:00Z,89.641,89.701,89.574,89.676,89.664,89.725,89.598,89.701
2024-08-16T07:00:00Z,89.672,89.677,89.54,89.634,89.698,89.7,89.564,89.657
2024-08-16T08:00:00Z,89.633,89.658,89.44,89.496,89.657,89.682,89.463,89.519
2024-08-16T09:00:00Z,89.501,89.608,89.482,89.554,89.525,89.632,89.505,89.578
2024-08-16T10:00:00Z,89.554,89.554,89.352,89.365,89.577,89.578,89.378,89.387
2024-08-16T11:00:00Z,89.366,89.37,89.108,89.235,89.39,89.396,89.13,89.259
2024-08-16T12:00:00Z,89.235,89.236,88.941,88.947,89.257,89.259,88.966,88.972
2024-08-16T13:00:00Z,88.951,89.226,88.932,89.07,88.977,89.25,88.955,89.125
2024-08-16T14:00:00Z,89.066,89.261,89.06,89.116,89.124,89.286,89.088,89.14
2024-08-16T15:00:00Z,89.114,89.43,89.106,89.376,89.137,89.452,89.13,89.398
2024-08-16T16:00:00Z,89.374,89.434,89.331,89.398,89.398,89.459,89.358,89.421
2024-08-16T17:00:00Z,89.397,89.404,89.299,89.338,89.423,89.43,89.32,89.362
2024-08-16T18:00:00Z,89.342,89.415,89.312,89.403,89.366,89.438,89.336,89.426
2024-08-16T19:00:00Z,89.403,89.404,89.347,89.385,89.426,89.431,89.372,89.41
2024-08-16T20:00:00Z,89.385,89.401,89.309,89.324,89.408,89.427,89.341,89.392
2024-08-18T21:00:00Z,89.234,89.302,89.174,89.242,89.433,89.478,89.366,89.393
2024-08-18T22:00:00Z,89.242,89.58,89.209,89.507,89.394,89.606,89.394,89.533
2024-08-18T23:00:00Z,89.508,89.659,89.488,89.609,89.535,89.685,89.515,89.633
2024-08-19T00:00:00Z,89.61,89.666,89.441,89.51,89.635,89.692,89.466,89.536
2024-08-19T01:00:00Z,89.513,89.628,89.391,89.458,89.539,89.654,89.419,89.485
2024-08-19T02:00:00Z,89.459,89.553,89.406,89.443,89.485,89.583,89.429,89.468
2024-08-19T03:00:00Z,89.439,89.461,88.935,89.018,89.464,89.487,88.96,89.043
2024-08-19T04:00:00Z,89.015,89.181,88.705,88.88,89.04,89.209,88.734,88.908
2024-08-19T05:00:00Z,88.887,88.98,88.385,88.412,88.915,89.008,88.416,88.438
2024-08-19T06:00:00Z,88.411,88.601,88.226,88.6,88.435,88.626,88.254,88.624
2024-08-19T07:00:00Z,88.596,88.816,88.512,88.707,88.62,88.841,88.537,88.732
2024-08-19T08:00:00Z,88.704,88.774,88.555,88.681,88.73,88.798,88.58,88.706
2024-08-19T09:00:00Z,88.686,88.757,88.58,88.753,88.71,88.782,88.606,88.779
2024-08-19T10:00:00Z,88.747,88.938,88.746,88.812,88.773,88.962,88.771,88.837
2024-08-19T11:00:00Z,88.817,88.867,88.703,88.738,88.839,88.89,88.728,88.761
2024-08-19T12:00:00Z,88.739,88.796,88.686,88.794,88.761,88.823,88.713,88.821
2024-08-19T13:00:00Z,88.796,89.032,88.796,88.994,88.822,89.059,88.822,89.019
2024-08-19T14:00:00Z,88.997,89.253,88.894,89.163,89.022,89.279,88.919,89.186
2024-08-19T15:00:00Z,89.163,89.368,89.149,89.205,89.184,89.393,89.175,89.229
2024-08-19T16:00:00Z,89.204,89.307,89.177,89.265,89.229,89.333,89.202,89.29
2024-08-19T17:00:00Z,89.265,89.48,89.248,89.469,89.289,89.504,89.272,89.493
2024-08-19T18:00:00Z,89.471,89.587,89.436,89.575,89.495,89.618,89.461,89.608
2024-08-19T19:00:00Z,89.575,89.586,89.48,89.573,89.608,89.611,89.505,89.596
2024-08-19T20:00:00Z,89.574,89.672,89.545,89.589,89.596,89.708,89.573,89.653
2024-08-19T21:00:00Z,89.516,89.592,89.485,89.52,89.685,89.697,89.619,89.657
2024-08-19T22:00:00Z,89.52,89.668,89.512,89.663,89.662,89.692,89.608,89.688
2024-08-19T23:00:00Z,89.664,89.803,89.648,89.736,89.688,89.827,89.673,89.761
2024-08-20T00:00:00Z,89.741,89.745,89.411,89.533,89.766,89.77,89.436,89.559
2024-08-20T01:00:00Z,89.541,89.612,89.297,89.582,89.568,89.64,89.325,89.608
2024-08-20T02:00:00Z,89.58,89.925,89.553,89.871,89.606,89.951,89.58,89.899
2024-08-20T03:00:00Z,89.87,89.973,89.733,89.914,89.897,89.999,89.76,89.94
2024-08-20T04:00:00Z,89.911,89.96,89.801,89.893,89.937,89.984,89.826,89.921
2024-08-20T05:00:00Z,89.892,90.163,89.889,90.121,89.921,90.193,89.914,90.152
2024-08-20T06:00:00Z,90.121,90.211,90.044,90.098,90.15,90.24,90.073,90.123
2024-08-20T07:00:00Z,90.099,90.144,89.734,89.848,90.123,90.169,89.762,89.878
2024-08-20T08:00:00Z,89.849,89.909,89.716,89.893,89.878,89.936,89.739,89.925
2024-08-20T09:00:00Z,89.893,89.934,89.754,89.847,89.923,89.966,89.784,89.878
2024-08-20T10:00:00Z,89.848,89.943,89.802,89.922,89.881,89.971,89.83,89.948
2024-08-20T11:00:00Z,89.923,89.977,89.864,89.893,89.948,90.008,89.892,89.919
2024-08-20T12:00:00Z,89.89,89.908,89.767,89.799,89.915,89.935,89.794,89.825
2024-08-20T13:00:00Z,89.803,89.823,89.678,89.749,89.829,89.85,89.707,89.78
2024-08-20T14:00:00Z,89.748,89.815,89.492,89.526,89.778,89.844,89.522,89.555
2024-08-20T15:00:00Z,89.526,89.569,89.419,89.494,89.557,89.595,89.448,89.524
2024-08-20T16:00:00Z,89.495,89.51,89.33,89.333,89.524,89.538,89.357,89.361
2024-08-20T17:00:00Z,89.334,89.416,89.273,89.414,89.361,89.443,89.3,89.442
2024-08-20T18:00:00Z,89.412,89.537,89.411,89.469,89.441,89.564,89.439,89.496
2024-08-20T19:00:00Z,89.469,89.484,89.4,89.409,89.496,89.515,89.43,89.438
2024-08-20T20:00:00Z,89.414,89.443,89.321,89.367,89.443,89.467,89.353,89.403
2024-08-20T21:00:00Z,89.326,89.359,89.156,89.245,89.442,89.445,89.299,89.351
2024-08-20T22:00:00Z,89.188,89.364,89.166,89.333,89.354,89.391,89.279,89.363
2024-08-20T23:00:00Z,89.328,89.478,89.238,89.45,89.359,89.507,89.267,89.478
2024-08-21T00:00:00Z,89.447,89.684,89.311,89.627,89.473,89.715,89.343,89.654
2024-08-21T01:00:00Z,89.625,89.657,89.4,89.437,89.653,89.683,89.428,89.464
2024-08-21T02:00:00Z,89.436,89.495,89.315,89.379,89.466,89.52,89.342,89.407
2024-08-21T03:00:00Z,89.384,89.512,89.381,89.427,89.409,89.545,89.409,89.458
2024-08-21T04:00:00Z,89.427,89.513,89.31,89.469,89.455,89.538,89.34,89.495
2024-08-21T05:00:00Z,89.467,89.597,89.414,89.5,89.493,89.623,89.438,89.523
2024-08-21T06:00:00Z,89.499,89.658,89.443,89.653,89.524,89.681,89.468,89.681
2024-08-21T07:00:00Z,89.659,89.716,89.524,89.669,89.683,89.741,89.547,89.694
2024-08-21T08:00:00Z,89.671,89.703,89.554,89.626,89.695,89.725,89.578,89.652
2024-08-21T09:00:00Z,89.623,89.743,89.606,89.697,89.649,89.77,89.631,89.722
2024-08-21T10:00:00Z,89.696,89.804,89.643,89.774,89.719,89.829,89.664,89.799
2024-08-21T11:00:00Z,89.775,89.775,89.609,89.679,89.799,89.801,89.634,89.705
2024-08-21T12:00:00Z,89.68,89.681,89.571,89.58,89.705,89.706,89.597,89.607
2024-08-21T13:00:00Z,89.581,89.596,89.418,89.557,89.607,89.622,89.446,89.596
2024-08-21T14:00:00Z,89.555,90.108,89.393,89.525,89.596,90.189,89.424,89.55
2024-08-21T15:00:00Z,89.526,89.564,89.386,89.439,89.552,89.595,89.413,89.466
2024-08-21T16:00:00Z,89.436,89.44,89.313,89.366,89.464,89.469,89.337,89.393
2024-08-21T17:00:00Z,89.366,89.412,89.319,89.404,89.394,89.448,89.347,89.448
2024-08-21T18:00:00Z,89.396,89.408,89.19,89.282,89.438,89.455,89.21,89.312
2024-08-21T19:00:00Z,89.282,89.292,89.169,89.262,89.312,89.316,89.198,89.29
2024-08-21T20:00:00Z,89.266,89.403,89.264,89.398,89.293,89.444,89.293,89.439
2024-08-21T21:00:00Z,89.376,89.379,89.231,89.317,89.456,89.528,89.388,89.413
2024-08-21T22:00:00Z,89.32,89.399,89.268,89.272,89.408,89.432,89.303,89.303
2024-08-21T23:00:00Z,89.277,89.42,89.26,89.415,89.307,89.446,89.286,89.44
2024-08-22T00:00:00Z,89.413,89.561,89.339,89.433,89.437,89.589,89.363,89.46
2024-08-22T01:00:00Z,89.432,89.557,89.374,89.536,89.46,89.587,89.402,89.565
2024-08-22T02:00:00Z,89.539,89.55,89.326,89.414,89.568,89.579,89.353,89.439
2024-08-22T03:00:00Z,89.415,89.439,89.261,89.326,89.443,89.463,89.291,89.353
2024-08-22T04:00:00Z,89.325,89.393,89.178,89.263,89.354,89.422,89.207,89.293
2024-08-22T05:00:00Z,89.268,89.404,89.19,89.378,89.297,89.43,89.218,89.407
2024-08-22T06:00:00Z,89.375,89.536,89.363,89.518,89.405,89.559,89.391,89.545
2024-08-22T07:00:00Z,89.522,89.645,89.347,89.539,89.548,89.671,89.373,89.563
2024-08-22T08:00:00Z,89.546,89.796,89.543,89.713,89.565,89.82,89.565,89.738
2024-08-22T09:00:00Z,89.71,89.722,89.638,89.679,89.735,89.748,89.661,89.704
2024-08-22T10:00:00Z,89.68,89.816,89.639,89.716,89.704,89.841,89.663,89.741
2024-08-22T11:00:00Z,89.717,89.862,89.688,89.794,89.741,89.886,89.713,89.818
2024-08-22T12:00:00Z,89.79,89.955,89.7,89.927,89.813,89.982,89.755,89.951
2024-08-22T13:00:00Z,89.927,89.927,89.716,89.836,89.953,89.953,89.739,89.873
2024-08-22T14:00:00Z,89.836,89.905,89.726,89.833,89.872,89.93,89.752,89.861
2024-08-22T15:00:00Z,89.833,89.845,89.494,89.609,89.86,89.872,89.523,89.636
2024-08-22T16:00:00Z,89.608,89.874,89.598,89.807,89.634,89.899,89.624,89.831
2024-08-22T17:00:00Z,89.805,89.92,89.719,89.722,89.831,89.946,89.745,89.749
2024-08-22T18:00:00Z,89.724,89.837,89.692,89.791,89.749,89.865,89.72,89.823
2024-08-22T19:00:00Z,89.791,89.808,89.701,89.746,89.823,89.837,89.73,89.774
2024-08-22T20:00:00Z,89.75,89.832,89.747,89.811,89.778,89.865,89.776,89.848
2024-08-22T21:00:00Z,89.695,89.788,89.689,89.731,89.893,89.893,89.822,89.827
2024-08-22T22:00:00Z,89.728,89.789,89.693,89.759,89.827,89.885,89.743,89.785
2024-08-22T23:00:00Z,89.754,89.816,89.696,89.784,89.78,89.842,89.723,89.811
2024-08-23T00:00:00Z,89.786,89.882,89.673,89.761,89.812,89.908,89.704,89.788
2024-08-23T01:00:00Z,89.761,89.807,89.505,89.516,89.786,89.834,89.529,89.543
2024-08-23T02:00:00Z,89.514,89.578,89.399,89.532,89.541,89.605,89.426,89.557
2024-08-23T03:00:00Z,89.544,89.635,89.496,89.577,89.569,89.664,89.522,89.601
2024-08-23T04:00:00Z,89.573,89.768,89.533,89.688,89.598,89.795,89.56,89.715
2024-08-23T05:00:00Z,89.69,89.693,89.547,89.632,89.715,89.719,89.573,89.658
2024-08-23T06:00:00Z,89.635,89.699,89.482,89.53,89.659,89.723,89.507,89.556
2024-08-23T07:00:00Z,89.527,89.748,89.495,89.701,89.553,89.773,89.522,89.726
2024-08-23T08:00:00Z,89.704,89.825,89.631,89.788,89.728,89.85,89.657,89.816
2024-08-23T09:00:00Z,89.788,89.959,89.785,89.949,89.814,89.982,89.813,89.974
2024-08-23T10:00:00Z,89.949,89.957,89.869,89.888,89.973,89.983,89.894,89.914
2024-08-23T11:00:00Z,89.891,89.954,89.854,89.917,89.917,89.978,89.88,89.94
2024-08-23T12:00:00Z,89.917,89.967,89.859,89.915,89.942,89.993,89.885,89.94
2024-08-23T13:00:00Z,89.911,90.134,89.885,90.087,89.936,90.18,89.911,90.174
2024-08-23T14:00:00Z,90.087,90.263,89.953,90.082,90.173,90.293,89.979,90.108
2024-08-23T15:00:00Z,90.084,90.153,89.941,89.972,90.107,90.178,89.968,89.997
2024-08-23T16:00:00Z,89.967,90.044,89.903,90.007,89.993,90.069,89.925,90.032
2024-08-23T17:00:00Z,90.004,90.068,89.883,89.914,90.029,90.093,89.909,89.94
2024-08-23T18:00:00Z,89.914,89.965,89.812,89.862,89.939,89.991,89.836,89.884
2024-08-23T19:00:00Z,89.862,89.917,89.741,89.889,89.884,89.943,89.768,89.915
2024-08-23T20:00:00Z,89.891,90.015,89.885,89.972,89.916,90.059,89.913,90.045
2024-08-25T21:00:00Z,89.708,89.757,89.63,89.659,89.887,89.941,89.742,89.771
2024-08-25T22:00:00Z,89.654,89.9,89.496,89.564,89.763,89.964,89.523,89.588
2024-08-25T23:00:00Z,89.559,89.618,89.332,89.564,89.584,89.644,89.359,89.589
2024-08-26T00:00:00Z,89.567,89.644,89.362,89.491,89.593,89.671,89.389,89.516
2024-08-26T01:00:00Z,89.496,89.545,89.341,89.452,89.52,89.57,89.371,89.478
2024-08-26T02:00:00Z,89.446,89.584,89.398,89.544,89.472,89.609,89.423,89.571
2024-08-26T03:00:00Z,89.546,89.564,89.426,89.477,89.572,89.591,89.453,89.504
2024-08-26T04:00:00Z,89.481,89.513,89.331,89.508,89.509,89.538,89.357,89.534
2024-08-26T05:00:00Z,89.509,89.584,89.445,89.506,89.534,89.609,89.47,89.53
2024-08-26T06:00:00Z,89.506,89.511,89.217,89.269,89.529,89.535,89.245,89.295
2024-08-26T07:00:00Z,89.267,89.329,89.117,89.322,89.294,89.354,89.144,89.346
2024-08-26T08:00:00Z,89.323,89.385,89.261,89.29,89.348,89.41,89.287,89.313
2024-08-26T09:00:00Z,89.288,89.37,89.245,89.328,89.311,89.394,89.271,89.352
2024-08-26T10:00:00Z,89.331,89.435,89.306,89.405,89.354,89.459,89.335,89.429
2024-08-26T11:00:00Z,89.408,89.424,89.334,89.361,89.431,89.449,89.358,89.385
2024-08-26T12:00:00Z,89.363,89.489,89.3,89.312,89.388,89.519,89.326,89.338
2024-08-26T13:00:00Z,89.309,89.615,89.266,89.606,89.334,89.639,89.291,89.631
2024-08-26T14:00:00Z,89.61,89.653,89.513,89.547,89.634,89.677,89.536,89.572
2024-08-26T15:00:00Z,89.549,89.726,89.54,89.638,89.572,89.752,89.564,89.662
2024-08-26T16:00:00Z,89.641,89.807,89.627,89.75,89.664,89.832,89.651,89.775
2024-08-26T17:00:00Z,89.749,89.783,89.693,89.751,89.776,89.807,89.716,89.776
2024-08-26T18:00:00Z,89.748,89.8,89.694,89.725,89.774,89.825,89.717,89.751
2024-08-26T19:00:00Z,89.725,89.763,89.701,89.733,89.751,89.788,89.724,89.756
2024-08-26T20:00:00Z,89.734,89.734,89.602,89.641,89.758,89.758,89.63,89.68
2024-08-26T21:00:00Z,89.634,89.654,89.559,89.618,89.688,89.831,89.668,89.712
2024-08-26T22:00:00Z,89.642,89.646,89.557,89.584,89.71,89.728,89.585,89.609
2024-08-26T23:00:00Z,89.579,89.674,89.526,89.655,89.603,89.701,89.551,89.679
2024-08-27T00:00:00Z,89.658,89.825,89.625,89.748,89.683,89.851,89.651,89.772
2024-08-27T01:00:00Z,89.749,89.927,89.736,89.897,89.774,89.952,89.761,89.924
2024-08-27T02:00:00Z,89.895,90.007,89.839,89.981,89.921,90.031,89.864,90.006
2024-08-27T03:00:00Z,89.977,90.083,89.938,90.019,90.002,90.109,89.963,90.044
2024-08-27T04:00:00Z,90.013,90.017,89.928,89.94,90.037,90.043,89.957,89.97
2024-08-27T05:00:00Z,89.941,90.15,89.933,90.091,89.97,90.176,89.963,90.116
2024-08-27T06:00:00Z,90.09,90.175,89.984,90.026,90.114,90.2,90.009,90.053
2024-08-27T07:00:00Z,90.028,90.19,90.026,90.097,90.054,90.216,90.051,90.122
2024-08-27T08:00:00Z,90.094,90.298,90.09,90.195,90.119,90.323,90.116,90.22
2024-08-27T09:00:00Z,90.188,90.199,90.073,90.117,90.214,90.223,90.1,90.142
2024-08-27T10:00:00Z,90.116,90.152,90.046,90.119,90.142,90.176,90.071,90.143
2024-08-27T11:00:00Z,90.116,90.2,90.03,90.036,90.14,90.224,90.055,90.061
2024-08-27T12:00:00Z,90.034,90.034,89.854,89.875,90.056,90.057,89.88,89.906
2024-08-27T13:00:00Z,89.872,89.931,89.753,89.856,89.906,89.957,89.778,89.898
2024-08-27T14:00:00Z,89.856,90.023,89.802,89.901,89.901,90.049,89.827,89.924
2024-08-27T15:00:00Z,89.899,90.001,89.837,89.936,89.925,90.027,89.863,89.962
2024-08-27T16:00:00Z,89.937,89.957,89.861,89.866,89.961,89.983,89.887,89.892
2024-08-27T17:00:00Z,89.865,90.042,89.848,90.038,89.892,90.067,89.875,90.065
2024-08-27T18:00:00Z,90.036,90.066,89.951,90.006,90.062,90.095,89.978,90.038
2024-08-27T19:00:00Z,90.006,90.007,89.939,89.979,90.038,90.038,89.967,90.006
2024-08-27T20:00:00Z,89.981,90.006,89.966,89.982,90.009,90.037,89.999,90.028
2024-08-27T21:00:00Z,89.949,89.992,89.909,89.959,90.043,90.096,90.011,90.032
2024-08-27T22:00:00Z,89.955,89.99,89.799,89.862,90.044,90.063,89.827,89.891
2024-08-27T23:00:00Z,89.856,89.886,89.752,89.857,89.884,89.91,89.777,89.883
2024-08-28T00:00:00Z,89.855,90.126,89.834,90.022,89.88,90.15,89.86,90.047
2024-08-28T01:00:00Z,90.022,90.165,89.897,90.053,90.048,90.193,89.923,90.079
2024-08-28T02:00:00Z,90.055,90.173,90.028,90.129,90.081,90.194,90.054,90.155
2024-08-28T03:00:00Z,90.126,90.249,90.098,90.249,90.153,90.274,90.122,90.272
2024-08-28T04:00:00Z,90.25,90.309,90.149,90.16,90.272,90.337,90.174,90.184
2024-08-28T05:00:00Z,90.164,90.182,89.947,89.979,90.188,90.206,89.973,90.004
2024-08-28T06:00:00Z,89.982,90.141,89.949,90.104,90.007,90.165,89.975,90.129
2024-08-28T07:00:00Z,90.105,90.181,90.02,90.178,90.129,90.206,90.043,90.202
2024-08-28T08:00:00Z,90.18,90.214,90.078,90.122,90.205,90.241,90.103,90.146
2024-08-28T09:00:00Z,90.126,90.128,89.996,90.118,90.15,90.152,90.021,90.144
2024-08-28T10:00:00Z,90.119,90.198,90.092,90.15,90.144,90.223,90.116,90.174
2024-08-28T11:00:00Z,90.153,90.227,90.017,90.045,90.177,90.248,90.041,90.069
2024-08-28T12:00:00Z,90.049,90.252,90.039,90.219,90.073,90.277,90.064,90.244
2024-08-28T13:00:00Z,90.218,90.444,90.216,90.291,90.242,90.469,90.24,90.316
2024-08-28T14:00:00Z,90.293,90.332,90.189,90.277,90.319,90.358,90.213,90.301
2024-08-28T15:00:00Z,90.277,90.289,90.11,90.158,90.302,90.313,90.133,90.182
2024-08-28T16:00:00Z,90.158,90.248,90.053,90.241,90.181,90.272,90.076,90.265
2024-08-28T17:00:00Z,90.241,90.262,90.052,90.092,90.266,90.285,90.078,90.117
2024-08-28T18:00:00Z,90.09,90.296,90.052,90.241,90.115,90.319,90.078,90.274
2024-08-28T19:00:00Z,90.241,90.319,90.228,90.247,90.274,90.346,90.255,90.275
2024-08-28T20:00:00Z,90.252,90.328,90.079,90.223,90.28,90.355,90.112,90.267
2024-08-28T21:00:00Z,90.182,90.194,90.105,90.131,90.312,90.343,90.187,90.218
2024-08-28T22:00:00Z,90.115,90.201,90.078,90.123,90.221,90.245,90.104,90.148
2024-08-28T23:00:00Z,90.124,90.245,90.083,90.216,90.15,90.269,90.109,90.242
2024-08-29T00:00:00Z,90.217,90.507,90.151,90.409,90.242,90.533,90.176,90.434
2024-08-29T01:00:00Z,90.412,90.961,90.411,90.87,90.436,90.987,90.436,90.896
2024-08-29T02:00:00Z,90.872,90.921,90.69,90.756,90.899,90.95,90.716,90.781
2024-08-29T03:00:00Z,90.756,90.93,90.693,90.864,90.78,90.955,90.717,90.889
2024-08-29T04:00:00Z,90.867,91.034,90.867,91.019,90.892,91.059,90.892,91.046
2024-08-29T05:00:00Z,91.021,91.157,90.97,90.994,91.046,91.182,90.995,91.019
2024-08-29T06:00:00Z,90.991,91.037,90.789,90.852,91.015,91.059,90.814,90.875
2024-08-29T07:00:00Z,90.85,91.015,90.835,90.91,90.866,91.036,90.857,90.935
2024-08-29T08:00:00Z,90.905,90.913,90.604,90.775,90.927,90.939,90.631,90.799
2024-08-29T09:00:00Z,90.779,90.83,90.686,90.751,90.802,90.853,90.712,90.776
2024-08-29T10:00:00Z,90.753,90.796,90.701,90.715,90.778,90.821,90.728,90.742
2024-08-29T11:00:00Z,90.714,90.789,90.707,90.736,90.74,90.815,90.732,90.762
2024-08-29T12:00:00Z,90.734,91.028,90.668,90.975,90.762,91.055,90.695,91.0
2024-08-29T13:00:00Z,90.975,91.014,90.862,90.904,90.999,91.044,90.885,90.939
2024-08-29T14:00:00Z,90.9,91.017,90.778,90.908,90.938,91.043,90.805,90.934
2024-08-29T15:00:00Z,90.907,90.931,90.774,90.837,90.934,90.956,90.8,90.862
2024-08-29T16:00:00Z,90.835,90.87,90.784,90.827,90.861,90.896,90.81,90.852
2024-08-29T17:00:00Z,90.826,90.831,90.728,90.811,90.852,90.854,90.752,90.835
2024-08-29T18:00:00Z,90.811,90.817,90.549,90.634,90.833,90.843,90.577,90.666
2024-08-29T19:00:00Z,90.634,90.759,90.634,90.663,90.666,90.785,90.661,90.687
2024-08-29T20:00:00Z,90.664,90.737,90.66,90.714,90.687,90.788,90.683,90.776
2024-08-29T21:00:00Z,90.652,90.724,90.593,90.692,90.852,90.852,90.732,90.775
2024-08-29T22:00:00Z,90.691,90.745,90.627,90.714,90.831,90.872,90.658,90.74
2024-08-29T23:00:00Z,90.71,90.837,90.688,90.731,90.735,90.862,90.715,90.757
2024-08-30T00:00:00Z,90.731,90.876,90.666,90.75,90.756,90.902,90.691,90.777
2024-08-30T01:00:00Z,90.746,90.845,90.703,90.72,90.774,90.871,90.727,90.745
2024-08-30T02:00:00Z,90.72,90.783,90.658,90.695,90.744,90.809,90.68,90.72
2024-08-30T03:00:00Z,90.695,90.756,90.644,90.702,90.719,90.782,90.668,90.726
2024-08-30T04:00:00Z,90.696,90.713,90.618,90.673,90.721,90.737,90.646,90.702
2024-08-30T05:00:00Z,90.674,90.743,90.642,90.676,90.702,90.768,90.667,90.7
2024-08-30T06:00:00Z,90.684,90.774,90.63,90.684,90.701,90.796,90.655,90.711
2024-08-30T07:00:00Z,90.685,90.795,90.593,90.766,90.711,90.821,90.619,90.79
2024-08-30T08:00:00Z,90.764,90.902,90.722,90.857,90.79,90.927,90.747,90.884
2024-08-30T09:00:00Z,90.859,90.925,90.809,90.905,90.886,90.952,90.835,90.931
2024-08-30T10:00:00Z,90.909,90.93,90.829,90.919,90.934,90.956,90.854,90.945
2024-08-30T11:00:00Z,90.921,91.003,90.886,90.975,90.944,91.029,90.913,91.001
2024-08-30T12:00:00Z,90.972,91.129,90.938,90.996,90.996,91.156,90.967,91.021
2024-08-30T13:00:00Z,90.996,91.045,90.807,90.978,91.02,91.073,90.833,91.041
2024-08-30T14:00:00Z,90.981,91.195,90.913,91.078,91.042,91.219,90.939,91.104
2024-08-30T15:00:00Z,91.078,91.107,90.96,91.084,91.099,91.132,90.985,91.109
2024-08-30T16:00:00Z,91.082,91.191,91.024,91.179,91.108,91.215,91.048,91.206
2024-08-30T17:00:00Z,91.178,91.226,91.119,91.205,91.204,91.251,91.145,91.23
2024-08-30T18:00:00Z,91.203,91.332,91.195,91.308,91.227,91.358,91.219,91.333
2024-08-30T19:00:00Z,91.308,91.39,91.222,91.357,91.333,91.416,91.249,91.383
2024-08-30T20:00:00Z,91.355,91.405,91.312,91.33,91.379,91.437,91.37,91.392
2024-09-01T21:00:00Z,91.163,91.275,91.159,91.213,91.363,91.431,91.359,91.413
2024-09-01T22:00:00Z,91.241,91.541,91.205,91.539,91.367,91.569,91.352,91.569
2024-09-01T23:00:00Z,91.539,91.606,91.409,91.442,91.568,91.632,91.433,91.467
2024-09-02T00:00:00Z,91.44,91.504,91.332,91.335,91.464,91.531,91.359,91.366
2024-09-02T01:00:00Z,91.336,91.434,91.211,91.226,91.366,91.459,91.239,91.252
2024-09-02T02:00:00Z,91.221,91.224,90.992,91.006,91.248,91.249,91.019,91.033
2024-09-02T03:00:00Z,91.008,91.061,90.905,91.029,91.035,91.087,90.93,91.054
2024-09-02T04:00:00Z,91.028,91.028,90.88,90.951,91.052,91.052,90.904,90.976
2024-09-02T05:00:00Z,90.952,91.183,90.947,91.055,90.976,91.21,90.972,91.08
2024-09-02T06:00:00Z,91.058,91.261,91.026,91.114,91.08,91.285,91.05,91.137
2024-09-02T07:00:00Z,91.111,91.221,91.04,91.221,91.13,91.244,91.064,91.243
2024-09-02T08:00:00Z,91.219,91.525,91.209,91.422,91.241,91.548,91.234,91.448
2024-09-02T09:00:00Z,91.421,91.457,91.335,91.38,91.445,91.481,91.359,91.404
2024-09-02T10:00:00Z,91.378,91.382,91.318,91.378,91.401,91.406,91.341,91.402
2024-09-02T11:00:00Z,91.385,91.486,91.343,91.475,91.408,91.512,91.368,91.499
2024-09-02T12:00:00Z,91.475,91.544,91.441,91.544,91.497,91.568,91.466,91.568
2024-09-02T13:00:00Z,91.539,91.646,91.426,91.496,91.563,91.673,91.456,91.522
2024-09-02T14:00:00Z,91.493,91.621,91.403,91.566,91.519,91.647,91.428,91.59
2024-09-02T15:00:00Z,91.567,91.613,91.517,91.525,91.592,91.638,91.542,91.549
2024-09-02T16:00:00Z,91.528,91.528,91.423,91.429,91.552,91.552,91.451,91.457
2024-09-02T17:00:00Z,91.425,91.519,91.424,91.519,91.454,91.548,91.452,91.548
2024-09-02T18:00:00Z,91.515,91.558,91.503,91.532,91.544,91.585,91.531,91.565
2024-09-02T19:00:00Z,91.532,91.584,91.505,91.579,91.565,91.608,91.533,91.606
2024-09-02T20:00:00Z,91.583,91.595,91.504,91.517,91.606,91.623,91.53,91.564
2024-09-02T21:00:00Z,91.514,91.537,91.454,91.537,91.568,91.678,91.568,91.604
2024-09-02T22:00:00Z,91.533,91.562,91.461,91.473,91.605,91.608,91.489,91.501
2024-09-02T23:00:00Z,91.472,91.479,91.345,91.408,91.499,91.506,91.37,91.433
2024-09-03T00:00:00Z,91.411,91.605,91.404,91.562,91.436,91.631,91.429,91.588
2024-09-03T01:00:00Z,91.559,91.573,91.175,91.225,91.586,91.601,91.199,91.252
2024-09-03T02:00:00Z,91.22,91.319,91.152,91.164,91.248,91.346,91.177,91.188
2024-09-03T03:00:00Z,91.163,91.173,90.755,90.837,91.188,91.197,90.782,90.864
2024-09-03T04:00:00Z,90.834,90.842,90.547,90.702,90.861,90.869,90.574,90.728
2024-09-03T05:00:00Z,90.701,90.758,90.472,90.613,90.728,90.783,90.5,90.639
2024-09-03T06:00:00Z,90.612,90.619,90.35,90.396,90.636,90.644,90.374,90.419
2024-09-03T07:00:00Z,90.397,90.66,90.338,90.431,90.418,90.687,90.364,90.456
2024-09-03T08:00:00Z,90.428,90.467,90.216,90.318,90.453,90.492,90.242,90.344
2024-09-03T09:00:00Z,90.312,90.341,90.23,90.273,90.337,90.363,90.253,90.297
2024-09-03T10:00:00Z,90.275,90.351,90.218,90.323,90.299,90.375,90.242,90.347
2024-09-03T11:00:00Z,90.321,90.452,90.246,90.412,90.344,90.476,90.269,90.435
2024-09-03T12:00:00Z,90.414,90.525,90.365,90.367,90.438,90.549,90.389,90.391
2024-09-03T13:00:00Z,90.365,90.403,90.017,90.136,90.388,90.429,90.043,90.229
2024-09-03T14:00:00Z,90.123,90.239,89.914,90.055,90.148,90.288,89.939,90.079
2024-09-03T15:00:00Z,90.053,90.261,90.044,90.233,90.077,90.286,90.068,90.258
2024-09-03T16:00:00Z,90.237,90.288,90.188,90.197,90.262,90.312,90.211,90.222
2024-09-03T17:00:00Z,90.197,90.233,90.145,90.187,90.22,90.257,90.169,90.21
2024-09-03T18:00:00Z,90.185,90.223,90.077,90.185,90.204,90.248,90.104,90.217
2024-09-03T19:00:00Z,90.185,90.188,90.007,90.067,90.217,90.217,90.032,90.092
2024-09-03T20:00:00Z,90.069,90.11,89.959,89.975,90.095,90.136,90.007,90.024
2024-09-03T21:00:00Z,89.917,90.002,89.89,89.929,90.117,90.197,90.018,90.038
2024-09-03T22:00:00Z,89.932,90.034,89.881,89.906,90.045,90.064,89.911,89.938
2024-09-03T23:00:00Z,89.91,89.95,89.754,89.915,89.941,89.976,89.781,89.94
2024-09-04T00:00:00Z,89.913,89.999,89.505,89.57,89.938,90.025,89.533,89.593
2024-09-04T01:00:00Z,89.568,89.932,89.564,89.813,89.595,89.958,89.59,89.839
2024-09-04T02:00:00Z,89.814,89.897,89.605,89.856,89.838,89.924,89.634,89.884
2024-09-04T03:00:00Z,89.857,89.965,89.75,89.769,89.887,89.992,89.774,89.795
2024-09-04T04:00:00Z,89.767,89.959,89.754,89.818,89.793,89.983,89.78,89.843
2024-09-04T05:00:00Z,89.817,89.819,89.643,89.741,89.843,89.844,89.668,89.766
2024-09-04T06:00:00Z,89.744,89.82,89.6,89.613,89.768,89.845,89.625,89.635
2024-09-04T07:00:00Z,89.613,89.712,89.469,89.632,89.638,89.736,89.494,89.658
2024-09-04T08:00:00Z,89.635,89.851,89.581,89.711,89.66,89.877,89.607,89.732
2024-09-04T09:00:00Z,89.713,89.875,89.681,89.78,89.734,89.9,89.708,89.805
2024-09-04T10:00:00Z,89.781,89.806,89.63,89.751,89.805,89.831,89.654,89.776
2024-09-04T11:00:00Z,89.754,89.767,89.623,89.64,89.777,89.794,89.647,89.665
2024-09-04T12:00:00Z,89.639,89.856,89.629,89.798,89.665,89.882,89.651,89.823
2024-09-04T13:00:00Z,89.796,89.888,89.692,89.692,89.82,89.914,89.718,89.816
2024-09-04T14:00:00Z,89.686,89.724,89.425,89.454,89.816,89.846,89.468,89.479
2024-09-04T15:00:00Z,89.456,89.527,89.386,89.438,89.481,89.551,89.411,89.462
2024-09-04T16:00:00Z,89.438,89.465,89.27,89.323,89.461,89.489,89.294,89.347
2024-09-04T17:00:00Z,89.322,89.339,89.163,89.19,89.345,89.364,89.187,89.215
2024-09-04T18:00:00Z,89.186,89.295,89.091,89.098,89.212,89.321,89.115,89.125
2024-09-04T19:00:00Z,89.098,89.168,89.04,89.095,89.125,89.195,89.067,89.12
2024-09-04T20:00:00Z,89.101,89.138,89.024,89.048,89.123,89.164,89.05,89.089
2024-09-04T21:00:00Z,88.932,89.043,88.887,89.04,89.102,89.138,89.049,89.092
2024-09-04T22:00:00Z,89.043,89.076,88.946,89.011,89.091,89.1,88.977,89.036
2024-09-04T23:00:00Z,89.006,89.02,88.617,88.657,89.031,89.044,88.64,88.684
2024-09-05T00:00:00Z,88.659,88.916,88.609,88.871,88.686,88.942,88.636,88.898
2024-09-05T01:00:00Z,88.874,89.113,88.815,89.018,88.901,89.138,88.84,89.043
2024-09-05T02:00:00Z,89.019,89.192,88.946,89.111,89.043,89.219,88.972,89.134
2024-09-05T03:00:00Z,89.107,89.183,89.059,89.109,89.131,89.208,89.086,89.135
2024-09-05T04:00:00Z,89.111,89.153,88.967,89.024,89.136,89.177,88.99,89.049
2024-09-05T05:00:00Z,89.03,89.035,88.866,88.939,89.056,89.059,88.892,88.964
2024-09-05T06:00:00Z,88.947,88.975,88.767,88.833,88.963,89.0,88.793,88.857
2024-09-05T07:00:00Z,88.836,89.07,88.805,89.0,88.86,89.094,88.83,89.024
2024-09-05T08:00:00Z,88.997,89.137,88.957,89.061,89.02,89.162,88.982,89.086
2024-09-05T09:00:00Z,89.058,89.103,88.946,89.053,89.084,89.129,88.97,89.074
2024-09-05T10:00:00Z,89.049,89.094,89.02,89.082,89.07,89.118,89.045,89.107
2024-09-05T11:00:00Z,89.085,89.127,89.017,89.03,89.11,89.151,89.042,89.056
2024-09-05T12:00:00Z,89.031,89.168,88.811,88.962,89.056,89.225,88.838,88.984
2024-09-05T13:00:00Z,88.963,89.133,88.933,89.073,88.987,89.194,88.958,89.194
2024-09-05T14:00:00Z,89.16,89.506,89.044,89.288,89.197,89.531,89.127,89.313
2024-09-05T15:00:00Z,89.29,89.369,89.06,89.071,89.314,89.394,89.085,89.097
2024-09-05T16:00:00Z,89.071,89.223,89.067,89.162,89.095,89.248,89.092,89.187
2024-09-05T17:00:00Z,89.159,89.206,89.018,89.181,89.184,89.231,89.043,89.207
2024-09-05T18:00:00Z,89.183,89.257,89.122,89.221,89.208,89.284,89.146,89.249
2024-09-05T19:00:00Z,89.221,89.238,89.098,89.202,89.249,89.263,89.123,89.232
2024-09-05T20:00:00Z,89.209,89.268,89.186,89.248,89.236,89.312,89.212,89.294
2024-09-05T21:00:00Z,89.245,89.252,89.152,89.219,89.289,89.353,89.279,89.305
2024-09-05T22:00:00Z,89.221,89.264,89.195,89.223,89.311,89.32,89.221,89.247
2024-09-05T23:00:00Z,89.226,89.268,89.188,89.23,89.25,89.294,89.214,89.256
2024-09-06T00:00:00Z,89.223,89.245,89.07,89.079,89.249,89.27,89.095,89.104
2024-09-06T01:00:00Z,89.075,89.167,88.973,89.116,89.1,89.191,88.999,89.142
2024-09-06T02:00:00Z,89.118,89.149,88.957,88.978,89.142,89.173,88.98,89.003
2024-09-06T03:00:00Z,88.976,89.006,88.859,88.878,89.0,89.031,88.884,88.902
2024-09-06T04:00:00Z,88.878,88.937,88.781,88.896,88.903,88.962,88.807,88.922
2024-09-06T05:00:00Z,88.897,88.9,88.436,88.575,88.924,88.926,88.462,88.602
2024-09-06T06:00:00Z,88.581,88.635,88.449,88.627,88.603,88.661,88.474,88.653
2024-09-06T07:00:00Z,88.626,88.751,88.374,88.74,88.654,88.777,88.397,88.767
2024-09-06T08:00:00Z,88.74,88.827,88.683,88.802,88.765,88.855,88.708,88.827
2024-09-06T09:00:00Z,88.799,88.963,88.759,88.953,88.825,88.986,88.783,88.978
2024-09-06T10:00:00Z,88.955,89.032,88.923,88.943,88.98,89.056,88.949,88.968
2024-09-06T11:00:00Z,88.942,89.051,88.922,89.018,88.968,89.074,88.946,89.042
2024-09-06T12:00:00Z,89.017,89.364,88.714,89.152,89.042,89.48,88.765,89.178
2024-09-06T13:00:00Z,89.149,89.279,88.961,88.969,89.174,89.303,88.987,88.995
2024-09-06T14:00:00Z,88.974,88.982,88.197,88.299,88.999,89.009,88.223,88.323
2024-09-06T15:00:00Z,88.302,88.441,87.723,87.789,88.326,88.47,87.75,87.815
2024-09-06T16:00:00Z,87.788,87.934,87.687,87.791,87.81,87.961,87.712,87.819
2024-09-06T17:00:00Z,87.791,87.949,87.777,87.89,87.821,87.974,87.801,87.915
2024-09-06T18:00:00Z,87.892,87.921,87.795,87.867,87.918,87.946,87.82,87.888
2024-09-06T19:00:00Z,87.867,87.969,87.855,87.931,87.888,87.995,87.882,87.956
2024-09-06T20:00:00Z,87.929,87.93,87.801,87.831,87.953,87.955,87.829,87.904
2024-09-08T21:00:00Z,87.795,87.881,87.607,87.656,87.995,88.051,87.797,87.809
2024-09-08T22:00:00Z,87.651,87.84,87.583,87.732,87.801,87.884,87.64,87.76
2024-09-08T23:00:00Z,87.731,87.937,87.689,87.898,87.758,87.963,87.714,87.925
2024-09-09T00:00:00Z,87.894,88.125,87.88,88.062,87.922,88.152,87.906,88.087
2024-09-09T01:00:00Z,88.067,88.403,88.046,88.386,88.091,88.431,88.071,88.414
2024-09-09T02:00:00Z,88.392,88.403,88.228,88.302,88.42,88.43,88.256,88.327
2024-09-09T03:00:00Z,88.304,88.339,88.058,88.112,88.33,88.363,88.082,88.138
2024-09-09T04:00:00Z,88.114,88.275,88.086,88.177,88.141,88.299,88.112,88.201
2024-09-09T05:00:00Z,88.174,88.182,87.956,88.049,88.198,88.206,87.982,88.075
2024-09-09T06:00:00Z,88.049,88.074,87.888,87.974,88.074,88.099,87.913,87.999
2024-09-09T07:00:00Z,87.977,88.099,87.971,88.051,88.003,88.126,87.994,88.076
2024-09-09T08:00:00Z,88.055,88.068,87.898,87.963,88.079,88.093,87.92,87.986
2024-09-09T09:00:00Z,87.961,88.108,87.938,88.074,87.986,88.133,87.962,88.096
2024-09-09T10:00:00Z,88.071,88.121,87.966,88.081,88.093,88.146,87.99,88.107
2024-09-09T11:00:00Z,88.078,88.2,88.062,88.117,88.105,88.225,88.087,88.141
2024-09-09T12:00:00Z,88.109,88.138,87.845,87.865,88.131,88.161,87.87,87.89
2024-09-09T13:00:00Z,87.867,87.921,87.669,87.764,87.891,87.945,87.692,87.788
2024-09-09T14:00:00Z,87.763,87.823,87.601,87.665,87.786,87.849,87.624,87.689
2024-09-09T15:00:00Z,87.663,87.884,87.615,87.86,87.686,87.906,87.64,87.885
2024-09-09T16:00:00Z,87.859,87.974,87.815,87.936,87.883,87.996,87.837,87.96
2024-09-09T17:00:00Z,87.938,87.976,87.809,87.821,87.963,87.999,87.833,87.845
2024-09-09T18:00:00Z,87.824,87.848,87.75,87.75,87.848,87.873,87.782,87.782
2024-09-09T19:00:00Z,87.75,87.8,87.659,87.8,87.782,87.827,87.684,87.827
2024-09-09T20:00:00Z,87.799,87.969,87.78,87.95,87.825,87.996,87.806,87.991
2024-09-09T21:00:00Z,87.949,87.959,87.831,87.942,88.0,88.082,87.99,88.003
2024-09-09T22:00:00Z,87.951,87.957,87.826,87.929,88.004,88.007,87.852,87.953
2024-09-09T23:00:00Z,87.937,88.046,87.904,87.927,87.961,88.071,87.928,87.951
2024-09-10T00:00:00Z,87.929,88.032,87.803,87.968,87.953,88.058,87.83,87.993
2024-09-10T01:00:00Z,87.969,88.056,87.944,88.03,87.995,88.081,87.968,88.054
2024-09-10T02:00:00Z,88.03,88.03,87.822,87.999,88.055,88.055,87.846,88.024
2024-09-10T03:00:00Z,87.999,88.036,87.94,87.978,88.025,88.061,87.963,88.001
2024-09-10T04:00:00Z,87.975,88.044,87.945,87.963,88.0,88.068,87.969,87.987
2024-09-10T05:00:00Z,87.964,88.112,87.959,88.089,87.989,88.136,87.983,88.118
2024-09-10T06:00:00Z,88.09,88.3,88.035,88.265,88.118,88.325,88.059,88.29
2024-09-10T07:00:00Z,88.268,88.342,88.164,88.309,88.291,88.364,88.187,88.333
2024-09-10T08:00:00Z,88.312,88.39,88.204,88.249,88.334,88.418,88.228,88.272
2024-09-10T09:00:00Z,88.251,88.266,88.085,88.16,88.275,88.288,88.109,88.183
2024-09-10T10:00:00Z,88.163,88.188,88.06,88.13,88.184,88.211,88.084,88.154
2024-09-10T11:00:00Z,88.132,88.211,88.041,88.078,88.156,88.236,88.064,88.103
2024-09-10T12:00:00Z,88.075,88.108,87.893,87.911,88.101,88.133,87.914,87.937
2024-09-10T13:00:00Z,87.908,88.043,87.839,87.887,87.933,88.065,87.863,87.912
2024-09-10T14:00:00Z,87.887,87.888,87.571,87.745,87.911,87.914,87.596,87.771
2024-09-10T15:00:00Z,87.745,87.809,87.541,87.552,87.772,87.835,87.565,87.577
2024-09-10T16:00:00Z,87.55,87.634,87.453,87.6,87.576,87.66,87.48,87.627
2024-09-10T17:00:00Z,87.596,87.679,87.555,87.58,87.623,87.706,87.582,87.605
2024-09-10T18:00:00Z,87.584,87.646,87.511,87.626,87.61,87.674,87.538,87.659
2024-09-10T19:00:00Z,87.626,87.626,87.547,87.553,87.659,87.659,87.573,87.58
2024-09-10T20:00:00Z,87.548,87.628,87.532,87.574,87.575,87.658,87.56,87.62
2024-09-10T21:00:00Z,87.581,87.581,87.439,87.505,87.628,87.673,87.597,87.633
2024-09-10T22:00:00Z,87.458,87.617,87.458,87.607,87.619,87.641,87.539,87.633
2024-09-10T23:00:00Z,87.601,87.63,87.442,87.452,87.627,87.656,87.467,87.478
2024-09-11T00:00:00Z,87.456,87.48,87.228,87.377,87.481,87.505,87.253,87.401
2024-09-11T01:00:00Z,87.379,87.452,86.965,87.187,87.403,87.478,86.995,87.214
2024-09-11T02:00:00Z,87.19,87.211,87.055,87.149,87.217,87.24,87.083,87.18
2024-09-11T03:00:00Z,87.145,87.184,86.763,86.825,87.174,87.215,86.79,86.85
2024-09-11T04:00:00Z,86.824,86.826,86.502,86.641,86.85,86.85,86.532,86.668
2024-09-11T05:00:00Z,86.638,86.837,86.452,86.836,86.665,86.861,86.478,86.857
2024-09-11T06:00:00Z,86.839,87.027,86.719,86.981,86.858,87.053,86.745,87.006
2024-09-11T07:00:00Z,86.981,87.077,86.835,86.921,87.007,87.104,86.862,86.947
2024-09-11T08:00:00Z,86.921,87.087,86.864,86.976,86.945,87.114,86.889,87.002
2024-09-11T09:00:00Z,86.976,86.985,86.848,86.953,87.003,87.011,86.874,86.976
2024-09-11T10:00:00Z,86.952,87.037,86.91,87.037,86.978,87.063,86.937,87.063
2024-09-11T11:00:00Z,87.038,87.174,87.006,87.107,87.065,87.199,87.03,87.134
2024-09-11T12:00:00Z,87.108,87.27,86.922,87.171,87.134,87.32,87.048,87.197
2024-09-11T13:00:00Z,87.173,87.313,86.791,86.797,87.199,87.339,86.816,86.823
2024-09-11T14:00:00Z,86.795,86.8,86.3,86.474,86.821,86.825,86.327,86.504
2024-09-11T15:00:00Z,86.475,86.829,86.445,86.738,86.503,86.855,86.474,86.759
2024-09-11T16:00:00Z,86.736,86.967,86.729,86.918,86.756,86.992,86.756,86.946
2024-09-11T17:00:00Z,86.919,87.225,86.911,87.156,86.948,87.254,86.94,87.183
2024-09-11T18:00:00Z,87.156,87.302,87.103,87.199,87.182,87.328,87.131,87.228
2024-09-11T19:00:00Z,87.199,87.321,87.19,87.277,87.228,87.347,87.219,87.306
2024-09-11T20:00:00Z,87.277,87.357,87.273,87.29,87.304,87.382,87.302,87.346
2024-09-11T21:00:00Z,87.292,87.337,87.174,87.28,87.356,87.423,87.341,87.383
2024-09-11T22:00:00Z,87.277,87.443,87.273,87.42,87.366,87.472,87.311,87.452
2024-09-11T23:00:00Z,87.421,87.522,87.409,87.451,87.449,87.548,87.438,87.487
2024-09-12T00:00:00Z,87.453,87.709,87.437,87.472,87.49,87.736,87.476,87.503
2024-09-12T01:00:00Z,87.472,87.502,87.188,87.416,87.5,87.53,87.214,87.441
2024-09-12T02:00:00Z,87.411,87.456,87.312,87.392,87.437,87.482,87.335,87.416
2024-09-12T03:00:00Z,87.386,87.607,87.309,87.607,87.41,87.632,87.335,87.631
2024-09-12T04:00:00Z,87.607,87.854,87.593,87.821,87.629,87.881,87.619,87.847
2024-09-12T05:00:00Z,87.819,87.956,87.761,87.908,87.845,87.981,87.787,87.935
2024-09-12T06:00:00Z,87.909,87.909,87.645,87.664,87.935,87.935,87.669,87.689
2024-09-12T07:00:00Z,87.667,87.87,87.578,87.604,87.691,87.894,87.605,87.629
2024-09-12T08:00:00Z,87.604,87.604,87.386,87.418,87.628,87.628,87.413,87.443
2024-09-12T09:00:00Z,87.419,87.57,87.386,87.523,87.446,87.595,87.412,87.545
2024-09-12T10:00:00Z,87.524,87.58,87.453,87.503,87.545,87.605,87.482,87.527
2024-09-12T11:00:00Z,87.502,87.523,87.34,87.421,87.527,87.548,87.364,87.446
2024-09-12T12:00:00Z,87.416,87.462,87.213,87.253,87.441,87.5,87.248,87.283
2024-09-12T13:00:00Z,87.254,87.392,87.145,87.211,87.283,87.416,87.171,87.236
2024-09-12T14:00:00Z,87.213,87.708,87.182,87.613,87.239,87.732,87.207,87.639
2024-09-12T15:00:00Z,87.61,87.651,87.467,87.496,87.636,87.677,87.492,87.522
2024-09-12T16:00:00Z,87.491,87.805,87.475,87.77,87.517,87.832,87.499,87.792
2024-09-12T17:00:00Z,87.769,87.832,87.739,87.79,87.79,87.86,87.765,87.815
2024-09-12T18:00:00Z,87.795,87.827,87.543,87.674,87.82,87.852,87.57,87.711
2024-09-12T19:00:00Z,87.674,87.701,87.57,87.668,87.711,87.727,87.595,87.693
2024-09-12T20:00:00Z,87.667,87.688,87.596,87.658,87.693,87.724,87.621,87.703
2024-09-12T21:00:00Z,87.652,87.663,87.548,87.651,87.694,87.782,87.694,87.729
2024-09-12T22:00:00Z,87.654,87.722,87.6,87.7,87.715,87.757,87.642,87.725
2024-09-12T23:00:00Z,87.695,87.695,87.483,87.545,87.72,87.72,87.508,87.573
2024-09-13T00:00:00Z,87.546,87.563,87.375,87.404,87.573,87.59,87.406,87.431
2024-09-13T01:00:00Z,87.406,87.435,87.25,87.273,87.433,87.462,87.276,87.303
2024-09-13T02:00:00Z,87.275,87.302,87.011,87.156,87.304,87.327,87.038,87.185
2024-09-13T03:00:00Z,87.155,87.216,87.062,87.133,87.185,87.243,87.089,87.159
2024-09-13T04:00:00Z,87.134,87.21,86.978,87.143,87.165,87.235,87.011,87.17
2024-09-13T05:00:00Z,87.143,87.267,86.977,87.059,87.169,87.293,87.005,87.08
2024-09-13T06:00:00Z,87.052,87.247,87.012,87.194,87.076,87.275,87.037,87.219
2024-09-13T07:00:00Z,87.192,87.346,87.091,87.154,87.218,87.373,87.116,87.179
2024-09-13T08:00:00Z,87.156,87.186,86.831,86.979,87.179,87.212,86.856,87.005
2024-09-13T09:00:00Z,86.976,87.052,86.88,86.909,87.002,87.078,86.907,86.933
2024-09-13T10:00:00Z,86.905,86.936,86.732,86.844,86.932,86.961,86.757,86.871
2024-09-13T11:00:00Z,86.839,86.876,86.727,86.811,86.867,86.901,86.752,86.836
2024-09-13T12:00:00Z,86.81,86.926,86.794,86.827,86.836,86.953,86.82,86.852
2024-09-13T13:00:00Z,86.83,86.84,86.573,86.659,86.855,86.864,86.602,86.708
2024-09-13T14:00:00Z,86.661,86.837,86.577,86.715,86.708,86.865,86.606,86.742
2024-09-13T15:00:00Z,86.715,86.735,86.507,86.719,86.741,86.763,86.533,86.746
2024-09-13T16:00:00Z,86.72,86.811,86.657,86.774,86.746,86.837,86.681,86.801
2024-09-13T17:00:00Z,86.774,86.84,86.755,86.81,86.8,86.865,86.782,86.836
2024-09-13T18:00:00Z,86.81,86.827,86.762,86.766,86.837,86.852,86.785,86.79
2024-09-13T19:00:00Z,86.766,86.794,86.709,86.763,86.79,86.818,86.731,86.788
2024-09-13T20:00:00Z,86.763,86.773,86.684,86.697,86.789,86.81,86.733,86.739
2024-09-15T21:00:00Z,86.642,86.745,86.555,86.623,86.825,86.866,86.742,86.793
2024-09-15T22:00:00Z,86.633,86.725,86.495,86.703,86.804,86.829,86.534,86.733
2024-09-15T23:00:00Z,86.696,86.821,86.693,86.794,86.733,86.847,86.726,86.819
2024-09-16T00:00:00Z,86.797,86.798,86.532,86.592,86.823,86.823,86.557,86.618
2024-09-16T01:00:00Z,86.589,86.61,86.466,86.494,86.615,86.636,86.494,86.517
2024-09-16T02:00:00Z,86.495,86.575,86.469,86.568,86.517,86.601,86.493,86.593
2024-09-16T03:00:00Z,86.57,86.623,86.451,86.565,86.596,86.647,86.475,86.593
2024-09-16T04:00:00Z,86.564,86.613,86.482,86.576,86.591,86.641,86.509,86.603
2024-09-16T05:00:00Z,86.574,86.605,86.473,86.547,86.602,86.63,86.499,86.574
2024-09-16T06:00:00Z,86.544,86.551,86.319,86.402,86.571,86.576,86.354,86.426
2024-09-16T07:00:00Z,86.405,86.49,86.26,86.46,86.431,86.513,86.286,86.485
2024-09-16T08:00:00Z,86.46,86.574,86.432,86.558,86.484,86.598,86.456,86.582
2024-09-16T09:00:00Z,86.556,86.777,86.537,86.741,86.581,86.803,86.563,86.765
2024-09-16T10:00:00Z,86.737,86.783,86.691,86.711,86.761,86.808,86.716,86.736
2024-09-16T11:00:00Z,86.71,86.731,86.621,86.677,86.734,86.759,86.646,86.701
2024-09-16T12:00:00Z,86.679,86.891,86.586,86.774,86.703,86.918,86.61,86.8
2024-09-16T13:00:00Z,86.771,86.964,86.769,86.922,86.794,86.99,86.794,86.946
2024-09-16T14:00:00Z,86.922,87.033,86.806,86.86,86.947,87.058,86.83,86.882
2024-09-16T15:00:00Z,86.86,87.095,86.833,87.065,86.885,87.12,86.856,87.089
2024-09-16T16:00:00Z,87.065,87.103,86.996,87.06,87.088,87.127,87.021,87.084
2024-09-16T17:00:00Z,87.059,87.079,86.996,87.076,87.082,87.104,87.021,87.099
2024-09-16T18:00:00Z,87.074,87.106,86.989,87.068,87.099,87.13,87.014,87.099
2024-09-16T19:00:00Z,87.068,87.15,87.057,87.119,87.099,87.176,87.08,87.145
2024-09-16T20:00:00Z,87.12,87.179,87.09,87.176,87.147,87.217,87.117,87.211
2024-09-16T21:00:00Z,87.103,87.213,87.103,87.159,87.291,87.335,87.225,87.238
2024-09-16T22:00:00Z,87.156,87.312,87.151,87.276,87.254,87.34,87.197,87.303
2024-09-16T23:00:00Z,87.275,87.407,87.188,87.22,87.301,87.441,87.214,87.247
2024-09-17T00:00:00Z,87.216,87.257,86.926,86.965,87.24,87.284,86.952,86.992
2024-09-17T01:00:00Z,86.963,87.0,86.832,86.927,86.99,87.026,86.859,86.954
2024-09-17T02:00:00Z,86.928,87.084,86.853,87.072,86.956,87.111,86.879,87.099
2024-09-17T03:00:00Z,87.07,87.09,86.958,87.017,87.097,87.115,86.985,87.042
2024-09-17T04:00:00Z,87.02,87.094,86.994,87.052,87.045,87.119,87.019,87.077
2024-09-17T05:00:00Z,87.057,87.146,86.957,87.027,87.082,87.171,86.987,87.052
2024-09-17T06:00:00Z,87.025,87.179,86.986,87.134,87.049,87.206,87.009,87.162
2024-09-17T07:00:00Z,87.133,87.242,86.973,87.218,87.162,87.267,86.999,87.243
2024-09-17T08:00:00Z,87.216,87.29,87.142,87.249,87.241,87.315,87.167,87.279
2024-09-17T09:00:00Z,87.251,87.296,87.189,87.249,87.279,87.322,87.213,87.274
2024-09-17T10:00:00Z,87.246,87.261,87.169,87.204,87.271,87.286,87.195,87.231
2024-09-17T11:00:00Z,87.2,87.228,87.134,87.217,87.232,87.251,87.162,87.241
2024-09-17T12:00:00Z,87.216,87.309,87.097,87.186,87.241,87.364,87.122,87.212
2024-09-17T13:00:00Z,87.186,87.537,87.162,87.493,87.211,87.568,87.192,87.52
2024-09-17T14:00:00Z,87.492,87.836,87.478,87.723,87.521,87.861,87.501,87.749
2024-09-17T15:00:00Z,87.724,87.725,87.577,87.641,87.749,87.751,87.602,87.665
2024-09-17T16:00:00Z,87.643,87.766,87.568,87.618,87.668,87.79,87.593,87.644
2024-09-17T17:00:00Z,87.615,87.768,87.601,87.723,87.641,87.793,87.626,87.748
2024-09-17T18:00:00Z,87.725,87.79,87.71,87.751,87.749,87.815,87.735,87.783
2024-09-17T19:00:00Z,87.751,87.994,87.738,87.95,87.783,88.021,87.763,87.977
2024-09-17T20:00:00Z,87.947,88.091,87.947,88.03,87.974,88.117,87.974,88.076
2024-09-17T21:00:00Z,87.989,88.049,87.955,87.993,88.131,88.147,88.042,88.066
2024-09-17T22:00:00Z,87.993,88.036,87.883,87.903,88.061,88.075,87.912,87.93
2024-09-17T23:00:00Z,87.91,87.957,87.857,87.921,87.937,87.983,87.882,87.947
2024-09-18T00:00:00Z,87.919,87.937,87.758,87.802,87.946,87.963,87.785,87.831
2024-09-18T01:00:00Z,87.802,87.907,87.758,87.8,87.829,87.94,87.785,87.828
2024-09-18T02:00:00Z,87.803,87.853,87.677,87.788,87.831,87.882,87.704,87.816
2024-09-18T03:00:00Z,87.79,87.79,87.663,87.686,87.818,87.819,87.689,87.713
2024-09-18T04:00:00Z,87.689,87.763,87.486,87.541,87.716,87.79,87.512,87.567
2024-09-18T05:00:00Z,87.539,87.745,87.524,87.745,87.566,87.77,87.552,87.77
2024-09-18T06:00:00Z,87.747,87.88,87.74,87.8,87.772,87.904,87.766,87.829
2024-09-18T07:00:00Z,87.795,88.168,87.795,88.162,87.824,88.196,87.824,88.191
2024-09-18T08:00:00Z,88.161,88.223,88.052,88.098,88.191,88.248,88.08,88.126
2024-09-18T09:00:00Z,88.1,88.184,88.061,88.166,88.127,88.213,88.088,88.195
2024-09-18T10:00:00Z,88.165,88.191,88.098,88.126,88.193,88.22,88.127,88.157
2024-09-18T11:00:00Z,88.126,88.31,88.098,88.256,88.159,88.337,88.127,88.285
2024-09-18T12:00:00Z,88.262,88.37,88.203,88.279,88.29,88.399,88.228,88.307
2024-09-18T13:00:00Z,88.279,88.367,88.163,88.183,88.306,88.395,88.19,88.209
2024-09-18T14:00:00Z,88.185,88.207,88.036,88.146,88.214,88.234,88.063,88.174
2024-09-18T15:00:00Z,88.148,88.152,88.009,88.021,88.176,88.179,88.039,88.047
2024-09-18T16:00:00Z,88.019,88.142,88.006,88.122,88.047,88.17,88.036,88.149
2024-09-18T17:00:00Z,88.122,88.266,88.067,88.163,88.151,88.347,88.096,88.347
2024-09-18T18:00:00Z,88.165,88.364,87.908,88.016,88.365,88.411,87.944,88.066
2024-09-18T19:00:00Z,88.016,88.319,87.929,88.125,88.066,88.349,87.966,88.158
2024-09-18T20:00:00Z,88.123,88.285,88.073,88.26,88.155,88.324,88.111,88.313
2024-09-18T21:00:00Z,88.269,88.269,88.118,88.174,88.344,88.427,88.254,88.257
2024-09-18T22:00:00Z,88.143,88.444,88.087,88.361,88.256,88.489,88.12,88.395
2024-09-18T23:00:00Z,88.363,88.645,88.362,88.602,88.392,88.682,88.392,88.63
2024-09-19T00:00:00Z,88.601,88.938,88.601,88.751,88.63,88.964,88.63,88.78
2024-09-19T01:00:00Z,88.753,89.093,88.67,89.083,88.78,89.121,88.697,89.111
2024-09-19T02:00:00Z,89.085,89.231,89.008,89.067,89.114,89.263,89.035,89.097
2024-09-19T03:00:00Z,89.066,89.158,88.967,89.051,89.095,89.188,88.993,89.082
2024-09-19T04:00:00Z,89.051,89.065,88.794,88.964,89.083,89.096,88.826,88.994
2024-09-19T05:00:00Z,88.965,88.998,88.635,88.652,88.991,89.025,88.662,88.679
2024-09-19T06:00:00Z,88.652,88.845,88.592,88.727,88.68,88.88,88.622,88.756
2024-09-19T07:00:00Z,88.722,89.024,88.707,88.995,88.756,89.052,88.733,89.021
2024-09-19T08:00:00Z,88.996,89.391,88.972,89.324,89.02,89.423,88.999,89.352
2024-09-19T09:00:00Z,89.322,89.569,89.321,89.466,89.352,89.597,89.344,89.494
2024-09-19T10:00:00Z,89.466,89.678,89.453,89.477,89.493,89.706,89.48,89.503
2024-09-19T11:00:00Z,89.474,89.557,89.26,89.332,89.502,89.587,89.288,89.358
2024-09-19T12:00:00Z,89.334,89.561,89.177,89.534,89.363,89.586,89.202,89.561
2024-09-19T13:00:00Z,89.537,89.57,89.19,89.223,89.564,89.593,89.218,89.256
2024-09-19T14:00:00Z,89.22,89.258,88.92,89.08,89.255,89.292,88.949,89.105
2024-09-19T15:00:00Z,89.081,89.181,88.961,89.148,89.11,89.208,88.99,89.177
2024-09-19T16:00:00Z,89.148,89.357,89.141,89.284,89.176,89.386,89.169,89.313
2024-09-19T17:00:00Z,89.283,89.341,89.231,89.3,89.31,89.366,89.258,89.326
2024-09-19T18:00:00Z,89.298,89.323,89.052,89.134,89.325,89.349,89.078,89.168
2024-09-19T19:00:00Z,89.134,89.134,88.966,89.047,89.168,89.168,88.997,89.079
2024-09-19T20:00:00Z,89.046,89.068,88.931,88.956,89.075,89.096,88.964,88.994
2024-09-19T21:00:00Z,88.948,88.99,88.819,88.952,89.01,89.128,89.002,89.053
2024-09-19T22:00:00Z,88.933,89.007,88.887,89.001,89.053,89.102,88.948,89.033
2024-09-19T23:00:00Z,88.998,89.147,88.984,89.083,89.029,89.173,89.012,89.11
2024-09-20T00:00:00Z,89.077,89.094,88.77,88.77,89.103,89.128,88.798,88.798
2024-09-20T01:00:00Z,88.767,88.787,88.559,88.757,88.796,88.815,88.589,88.783
2024-09-20T02:00:00Z,88.762,89.034,88.741,88.901,88.788,89.08,88.771,88.938
2024-09-20T03:00:00Z,88.906,88.935,88.617,88.834,88.943,88.968,88.655,88.864
2024-09-20T04:00:00Z,88.836,88.862,88.711,88.732,88.863,88.89,88.737,88.76
2024-09-20T05:00:00Z,88.731,88.829,88.664,88.799,88.758,88.856,88.688,88.83
2024-09-20T06:00:00Z,88.797,89.374,88.701,89.334,88.831,89.4,88.732,89.36
2024-09-20T07:00:00Z,89.342,89.642,89.279,89.632,89.368,89.668,89.305,89.66
2024-09-20T08:00:00Z,89.63,89.79,89.479,89.683,89.657,89.82,89.506,89.71
2024-09-20T09:00:00Z,89.685,89.716,89.576,89.69,89.71,89.743,89.603,89.716
2024-09-20T10:00:00Z,89.692,89.86,89.575,89.844,89.716,89.889,89.601,89.873
2024-09-20T11:00:00Z,89.847,89.892,89.774,89.813,89.874,89.921,89.803,89.842
2024-09-20T12:00:00Z,89.814,89.909,89.624,89.669,89.844,89.938,89.654,89.697
2024-09-20T13:00:00Z,89.67,89.681,89.413,89.577,89.696,89.709,89.44,89.604
2024-09-20T14:00:00Z,89.578,89.836,89.535,89.833,89.604,89.866,89.564,89.862
2024-09-20T15:00:00Z,89.836,89.861,89.586,89.688,89.865,89.888,89.623,89.72
2024-09-20T16:00:00Z,89.691,89.826,89.622,89.803,89.723,89.856,89.654,89.835
2024-09-20T17:00:00Z,89.798,89.934,89.783,89.817,89.83,89.967,89.814,89.846
2024-09-20T18:00:00Z,89.819,89.819,89.666,89.805,89.846,89.847,89.697,89.837
2024-09-20T19:00:00Z,89.805,89.807,89.715,89.778,89.837,89.838,89.746,89.808
2024-09-20T20:00:00Z,89.777,89.842,89.7,89.732,89.808,89.874,89.763,89.804
2024-09-22T21:00:00Z,89.614,89.793,89.606,89.659,89.814,89.951,89.779,89.813
2024-09-22T22:00:00Z,89.648,89.846,89.568,89.764,89.759,89.907,89.663,89.798
2024-09-22T23:00:00Z,89.764,89.848,89.684,89.828,89.796,89.874,89.711,89.854
2024-09-23T00:00:00Z,89.832,89.904,89.75,89.855,89.858,89.93,89.813,89.881
2024-09-23T01:00:00Z,89.858,90.042,89.858,89.994,89.884,90.068,89.884,90.02
2024-09-23T02:00:00Z,89.997,90.022,89.937,90.012,90.023,90.045,89.963,90.038
2024-09-23T03:00:00Z,90.01,90.102,89.973,90.013,90.036,90.128,89.996,90.039
2024-09-23T04:00:00Z,90.018,90.101,90.007,90.085,90.044,90.127,90.03,90.111
2024-09-23T05:00:00Z,90.084,90.119,89.971,89.996,90.108,90.146,89.997,90.022
2024-09-23T06:00:00Z,90.002,90.055,89.852,89.877,90.026,90.082,89.876,89.904
2024-09-23T07:00:00Z,89.874,89.891,89.445,89.469,89.901,89.918,89.472,89.497
2024-09-23T08:00:00Z,89.467,89.576,89.361,89.535,89.494,89.602,89.384,89.562
2024-09-23T09:00:00Z,89.537,89.734,89.501,89.697,89.564,89.758,89.527,89.722
2024-09-23T10:00:00Z,89.695,89.734,89.56,89.592,89.721,89.76,89.586,89.616
2024-09-23T11:00:00Z,89.59,89.873,89.506,89.853,89.616,89.897,89.53,89.876
2024-09-23T12:00:00Z,89.851,90.042,89.76,90.0,89.876,90.066,89.783,90.025
2024-09-23T13:00:00Z,90.001,90.285,89.976,90.205,90.025,90.31,90.019,90.232
2024-09-23T14:00:00Z,90.203,90.337,90.03,90.112,90.23,90.362,90.056,90.137
2024-09-23T15:00:00Z,90.113,90.265,90.008,90.023,90.137,90.292,90.032,90.047
2024-09-23T16:00:00Z,90.018,90.018,89.788,89.842,90.043,90.043,89.812,89.868
2024-09-23T17:00:00Z,89.84,89.982,89.775,89.969,89.865,90.008,89.8,89.994
2024-09-23T18:00:00Z,89.969,90.013,89.936,89.958,89.99,90.037,89.961,89.99
2024-09-23T19:00:00Z,89.958,90.037,89.958,90.003,89.99,90.062,89.99,90.028
2024-09-23T20:00:00Z,90.003,90.033,89.943,89.949,90.027,90.06,89.971,90.002
2024-09-23T21:00:00Z,89.956,89.991,89.846,89.945,90.022,90.074,89.987,90.021
2024-09-23T22:00:00Z,89.946,90.044,89.939,89.972,90.019,90.072,89.971,89.996
2024-09-23T23:00:00Z,89.965,90.066,89.882,90.003,89.99,90.093,89.907,90.029
2024-09-24T00:00:00Z,89.995,90.006,89.873,89.902,90.02,90.034,89.899,89.928
2024-09-24T01:00:00Z,89.899,90.145,89.899,89.995,89.924,90.172,89.924,90.022
2024-09-24T02:00:00Z,89.992,89.998,89.783,89.994,90.02,90.025,89.811,90.02
2024-09-24T03:00:00Z,89.996,90.172,89.979,90.081,90.023,90.198,90.008,90.108
2024-09-24T04:00:00Z,90.086,90.322,90.042,90.263,90.112,90.347,90.069,90.289
2024-09-24T05:00:00Z,90.262,90.496,90.262,90.308,90.289,90.524,90.289,90.335
2024-09-24T06:00:00Z,90.313,90.587,90.263,90.557,90.336,90.614,90.29,90.585
2024-09-24T07:00:00Z,90.558,90.728,90.328,90.452,90.587,90.752,90.353,90.477
2024-09-24T08:00:00Z,90.45,90.626,90.407,90.475,90.48,90.653,90.436,90.503
2024-09-24T09:00:00Z,90.474,90.671,90.453,90.543,90.5,90.697,90.48,90.568
2024-09-24T10:00:00Z,90.546,90.606,90.326,90.361,90.57,90.631,90.352,90.388
2024-09-24T11:00:00Z,90.362,90.51,90.222,90.464,90.387,90.534,90.249,90.491
2024-09-24T12:00:00Z,90.468,90.748,90.408,90.709,90.494,90.773,90.433,90.741
2024-09-24T13:00:00Z,90.709,91.086,90.681,91.008,90.738,91.11,90.712,91.068
2024-09-24T14:00:00Z,91.006,91.006,90.629,90.797,91.069,91.071,90.655,90.823
2024-09-24T15:00:00Z,90.799,90.914,90.756,90.84,90.825,90.939,90.779,90.865
2024-09-24T16:00:00Z,90.842,90.863,90.772,90.776,90.867,90.888,90.797,90.803
2024-09-24T17:00:00Z,90.777,90.912,90.771,90.812,90.803,90.938,90.797,90.836
2024-09-24T18:00:00Z,90.812,90.833,90.688,90.79,90.837,90.857,90.712,90.827
2024-09-24T19:00:00Z,90.79,90.813,90.738,90.798,90.827,90.838,90.762,90.819
2024-09-24T20:00:00Z,90.8,90.814,90.731,90.765,90.822,90.839,90.762,90.798
2024-09-24T21:00:00Z,90.666,90.763,90.645,90.689,90.851,90.867,90.763,90.789
2024-09-24T22:00:00Z,90.682,90.783,90.64,90.776,90.766,90.816,90.666,90.802
2024-09-24T23:00:00Z,90.772,90.86,90.744,90.792,90.801,90.889,90.771,90.817
2024-09-25T00:00:00Z,90.8,90.994,90.771,90.961,90.825,91.02,90.798,90.986
2024-09-25T01:00:00Z,90.954,91.046,90.884,90.999,90.979,91.071,90.91,91.025
2024-09-25T02:00:00Z,90.999,91.026,90.812,90.842,91.024,91.052,90.838,90.866
2024-09-25T03:00:00Z,90.844,90.904,90.761,90.78,90.869,90.93,90.789,90.805
2024-09-25T04:00:00Z,90.777,90.841,90.685,90.709,90.803,90.867,90.712,90.736
2024-09-25T05:00:00Z,90.712,90.785,90.585,90.643,90.739,90.81,90.612,90.67
2024-09-25T06:00:00Z,90.646,90.903,90.637,90.886,90.671,90.931,90.664,90.913
2024-09-25T07:00:00Z,90.89,90.962,90.824,90.943,90.917,90.988,90.85,90.968
2024-09-25T08:00:00Z,90.948,91.063,90.914,90.942,90.974,91.088,90.939,90.969
2024-09-25T09:00:00Z,90.941,91.023,90.91,90.977,90.967,91.048,90.936,91.003
2024-09-25T10:00:00Z,90.975,91.111,90.916,91.101,91.001,91.137,90.94,91.127
2024-09-25T11:00:00Z,91.107,91.211,91.091,91.137,91.133,91.234,91.118,91.161
2024-09-25T12:00:00Z,91.136,91.165,90.934,91.008,91.161,91.191,90.963,91.033
2024-09-25T13:00:00Z,91.01,91.076,90.865,90.939,91.035,91.101,90.892,90.976
2024-09-25T14:00:00Z,90.939,90.991,90.805,90.964,90.979,91.016,90.83,90.988
2024-09-25T15:00:00Z,90.967,90.996,90.628,90.647,90.992,91.02,90.653,90.671
2024-09-25T16:00:00Z,90.65,90.682,90.577,90.609,90.675,90.709,90.602,90.633
2024-09-25T17:00:00Z,90.607,90.668,90.545,90.653,90.632,90.692,90.57,90.677
2024-09-25T18:00:00Z,90.651,90.732,90.593,90.609,90.676,90.756,90.618,90.649
2024-09-25T19:00:00Z,90.609,90.665,90.566,90.607,90.649,90.691,90.592,90.632
2024-09-25T20:00:00Z,90.606,90.704,90.576,90.58,90.63,90.73,90.612,90.644
2024-09-25T21:00:00Z,90.587,90.646,90.546,90.589,90.636,90.832,90.636,90.681
2024-09-25T22:00:00Z,90.598,90.616,90.48,90.533,90.676,90.676,90.534,90.572
2024-09-25T23:00:00Z,90.538,90.605,90.494,90.517,90.567,90.632,90.52,90.543
2024-09-26T00:00:00Z,90.511,90.562,90.43,90.473,90.537,90.59,90.457,90.5
2024-09-26T01:00:00Z,90.472,90.77,90.453,90.707,90.497,90.799,90.48,90.733
2024-09-26T02:00:00Z,90.706,90.79,90.675,90.784,90.734,90.818,90.703,90.813
2024-09-26T03:00:00Z,90.785,90.845,90.767,90.843,90.815,90.876,90.792,90.868
2024-09-26T04:00:00Z,90.844,90.853,90.565,90.629,90.87,90.879,90.591,90.654
2024-09-26T05:00:00Z,90.626,90.913,90.587,90.869,90.652,90.941,90.612,90.897
2024-09-26T06:00:00Z,90.87,90.985,90.804,90.985,90.903,91.013,90.829,91.013
2024-09-26T07:00:00Z,90.989,91.181,90.96,91.099,91.017,91.208,90.987,91.124
2024-09-26T08:00:00Z,91.096,91.168,90.892,90.974,91.12,91.193,90.921,91.001
2024-09-26T09:00:00Z,90.972,91.125,90.944,90.964,90.999,91.15,90.97,90.988
2024-09-26T10:00:00Z,90.961,91.073,90.898,91.024,90.984,91.1,90.928,91.051
2024-09-26T11:00:00Z,91.02,91.099,90.895,90.902,91.05,91.127,90.92,90.927
2024-09-26T12:00:00Z,90.9,91.27,90.864,91.263,90.925,91.295,90.891,91.286
2024-09-26T13:00:00Z,91.266,91.317,91.052,91.101,91.289,91.345,91.08,91.139
2024-09-26T14:00:00Z,91.102,91.449,91.094,91.443,91.139,91.476,91.134,91.472
2024-09-26T15:00:00Z,91.442,91.58,91.389,91.518,91.472,91.607,91.417,91.544
2024-09-26T16:00:00Z,91.52,91.549,91.459,91.523,91.544,91.576,91.485,91.553
2024-09-26T17:00:00Z,91.52,91.551,91.367,91.544,91.551,91.578,91.394,91.569
2024-09-26T18:00:00Z,91.544,91.588,91.452,91.476,91.571,91.616,91.479,91.514
2024-09-26T19:00:00Z,91.476,91.535,91.444,91.516,91.514,91.564,91.47,91.546
2024-09-26T20:00:00Z,91.514,91.657,91.509,91.59,91.543,91.702,91.535,91.65
2024-09-26T21:00:00Z,91.589,91.609,91.509,91.552,91.648,91.729,91.625,91.681
2024-09-26T22:00:00Z,91.545,91.717,91.533,91.672,91.682,91.753,91.64,91.7
2024-09-26T23:00:00Z,91.679,91.881,91.679,91.831,91.707,91.909,91.707,91.862
2024-09-27T00:00:00Z,91.827,91.97,91.662,91.916,91.853,92.001,91.689,91.946
2024-09-27T01:00:00Z,91.911,91.978,91.593,91.666,91.939,92.008,91.625,91.697
2024-09-27T02:00:00Z,91.668,91.686,91.4,91.489,91.704,91.72,91.423,91.516
2024-09-27T03:00:00Z,91.482,91.619,91.416,91.605,91.509,91.647,91.441,91.629
2024-09-27T04:00:00Z,91.605,91.916,91.594,91.906,91.627,91.944,91.621,91.934
2024-09-27T05:00:00Z,91.898,92.279,91.898,92.172,91.925,92.308,91.925,92.201
2024-09-27T06:00:00Z,92.172,92.192,90.275,90.324,92.197,92.22,90.311,90.357
2024-09-27T07:00:00Z,90.324,90.445,90.034,90.265,90.356,90.475,90.072,90.297
2024-09-27T08:00:00Z,90.265,90.635,90.163,90.294,90.298,90.667,90.196,90.32
2024-09-27T09:00:00Z,90.291,90.537,90.269,90.364,90.318,90.564,90.297,90.393
2024-09-27T10:00:00Z,90.363,90.479,90.327,90.419,90.393,90.506,90.357,90.444
2024-09-27T11:00:00Z,90.421,90.575,90.39,90.433,90.447,90.602,90.415,90.461
2024-09-27T12:00:00Z,90.431,90.736,90.31,90.553,90.459,90.761,90.368,90.58
2024-09-27T13:00:00Z,90.553,90.726,90.508,90.568,90.581,90.754,90.532,90.634
2024-09-27T14:00:00Z,90.56,91.016,90.46,90.914,90.625,91.049,90.497,90.94
2024-09-27T15:00:00Z,90.913,90.927,90.411,90.424,90.941,90.955,90.441,90.45
2024-09-27T16:00:00Z,90.424,90.512,90.29,90.432,90.452,90.537,90.317,90.456
2024-09-27T17:00:00Z,90.434,90.482,90.219,90.333,90.457,90.51,90.244,90.358
2024-09-27T18:00:00Z,90.335,90.39,90.078,90.335,90.358,90.416,90.103,90.36
2024-09-27T19:00:00Z,90.335,90.335,90.133,90.198,90.36,90.36,90.161,90.229
2024-09-27T20:00:00Z,90.203,90.266,90.129,90.152,90.233,90.289,90.155,90.225
2024-09-29T21:00:00Z,90.026,90.16,90.026,90.116,90.176,90.283,90.176,90.261
2024-09-29T22:00:00Z,90.116,90.62,90.111,90.589,90.264,90.645,90.212,90.614
2024-09-29T23:00:00Z,90.592,90.76,90.527,90.649,90.616,90.79,90.557,90.678
2024-09-30T00:00:00Z,90.655,90.787,90.565,90.773,90.685,90.816,90.587,90.801
2024-09-30T01:00:00Z,90.777,90.939,90.585,90.657,90.805,90.966,90.613,90.68
2024-09-30T02:00:00Z,90.657,90.681,90.42,90.673,90.682,90.71,90.447,90.7
2024-09-30T03:00:00Z,90.673,90.717,90.559,90.704,90.699,90.746,90.587,90.734
2024-09-30T04:00:00Z,90.704,90.788,90.498,90.54,90.731,90.815,90.525,90.57
2024-09-30T05:00:00Z,90.544,90.619,90.202,90.209,90.572,90.648,90.228,90.235
2024-09-30T06:00:00Z,90.209,90.423,90.093,90.394,90.237,90.446,90.117,90.419
2024-09-30T07:00:00Z,90.392,90.594,90.329,90.55,90.419,90.619,90.35,90.575
2024-09-30T08:00:00Z,90.555,90.639,90.446,90.615,90.576,90.665,90.47,90.641
2024-09-30T09:00:00Z,90.616,90.639,90.526,90.554,90.645,90.664,90.549,90.578
2024-09-30T10:00:00Z,90.554,90.665,90.51,90.525,90.581,90.691,90.531,90.548
2024-09-30T11:00:00Z,90.525,90.577,90.427,90.549,90.552,90.604,90.453,90.577
2024-09-30T12:00:00Z,90.544,90.814,90.541,90.793,90.572,90.841,90.569,90.819
2024-09-30T13:00:00Z,90.796,91.051,90.731,91.018,90.824,91.079,90.757,91.048
2024-09-30T14:00:00Z,91.025,91.051,90.791,90.969,91.054,91.079,90.82,90.998
2024-09-30T15:00:00Z,90.97,91.18,90.942,91.139,91.001,91.206,90.972,91.168
2024-09-30T16:00:00Z,91.139,91.221,91.078,91.196,91.167,91.247,91.109,91.227
2024-09-30T17:00:00Z,91.192,91.214,91.101,91.161,91.224,91.252,91.133,91.199
2024-09-30T18:00:00Z,91.161,91.301,91.118,91.262,91.199,91.333,91.148,91.292
2024-09-30T19:00:00Z,91.26,91.333,91.188,91.286,91.292,91.36,91.219,91.315
2024-09-30T20:00:00Z,91.284,91.291,91.158,91.163,91.316,91.32,91.201,91.21
2024-09-30T21:00:00Z,91.074,91.167,91.032,91.032,91.217,91.259,91.162,91.199
2024-09-30T22:00:00Z,91.033,91.172,91.032,91.039,91.174,91.207,91.063,91.077
2024-09-30T23:00:00Z,91.037,91.191,90.969,91.174,91.071,91.218,91.0,91.201
2024-10-01T00:00:00Z,91.17,91.388,91.145,91.304,91.197,91.417,91.175,91.332
2024-10-01T01:00:00Z,91.305,91.407,91.095,91.131,91.332,91.435,91.125,91.159
2024-10-01T02:00:00Z,91.125,91.125,90.97,91.08,91.153,91.153,90.998,91.108
2024-10-01T03:00:00Z,91.081,91.252,91.039,91.201,91.108,91.278,91.068,91.228
2024-10-01T04:00:00Z,91.195,91.39,91.16,91.352,91.222,91.415,91.186,91.381
2024-10-01T05:00:00Z,91.349,91.477,91.335,91.362,91.377,91.505,91.36,91.389
2024-10-01T06:00:00Z,91.367,91.494,91.32,91.379,91.394,91.519,91.344,91.405
2024-10-01T07:00:00Z,91.385,91.4,90.853,90.983,91.411,91.428,90.881,91.013
2024-10-01T08:00:00Z,90.983,90.998,90.66,90.772,91.01,91.032,90.686,90.801
2024-10-01T09:00:00Z,90.771,90.943,90.739,90.876,90.802,90.969,90.769,90.903
2024-10-01T10:00:00Z,90.877,90.883,90.625,90.706,90.905,90.912,90.651,90.729
2024-10-01T11:00:00Z,90.705,90.806,90.664,90.799,90.729,90.831,90.69,90.825
2024-10-01T12:00:00Z,90.801,90.939,90.721,90.866,90.826,90.967,90.747,90.892
2024-10-01T13:00:00Z,90.866,90.955,90.146,90.335,90.89,90.981,90.181,90.435
2024-10-01T14:00:00Z,90.316,90.57,90.065,90.354,90.429,90.606,90.094,90.384
2024-10-01T15:00:00Z,90.357,90.388,90.105,90.263,90.384,90.417,90.133,90.291
2024-10-01T16:00:00Z,90.261,90.28,89.938,90.158,90.288,90.306,89.978,90.187
2024-10-01T17:00:00Z,90.152,90.442,89.854,90.393,90.181,90.474,89.883,90.426
2024-10-01T18:00:00Z,90.393,90.513,90.356,90.45,90.426,90.544,90.389,90.482
2024-10-01T19:00:00Z,90.448,90.548,90.324,90.35,90.479,90.579,90.354,90.381
2024-10-01T20:00:00Z,90.351,90.364,90.128,90.137,90.381,90.393,90.164,90.191
2024-10-01T21:00:00Z,90.136,90.165,90.091,90.118,90.188,90.358,90.15,90.226
2024-10-01T22:00:00Z,90.119,90.168,90.054,90.117,90.235,90.263,90.088,90.15
2024-10-01T23:00:00Z,90.12,90.337,90.11,90.277,90.154,90.364,90.138,90.305
2024-10-02T00:00:00Z,90.276,90.47,90.267,90.424,90.305,90.498,90.293,90.449
2024-10-02T01:00:00Z,90.431,90.686,90.38,90.677,90.456,90.713,90.406,90.704
2024-10-02T02:00:00Z,90.681,90.858,90.646,90.833,90.705,90.887,90.672,90.861
2024-10-02T03:00:00Z,90.832,90.947,90.751,90.895,90.861,90.973,90.775,90.925
2024-10-02T04:00:00Z,90.896,90.928,90.394,90.522,90.924,90.959,90.419,90.548
2024-10-02T05:00:00Z,90.518,90.608,90.237,90.352,90.545,90.635,90.267,90.38
2024-10-02T06:00:00Z,90.35,90.605,90.3,90.485,90.377,90.626,90.326,90.512
2024-10-02T07:00:00Z,90.489,90.697,90.489,90.56,90.515,90.723,90.515,90.587
2024-10-02T08:00:00Z,90.56,90.77,90.486,90.699,90.586,90.795,90.512,90.725
2024-10-02T09:00:00Z,90.7,90.71,90.592,90.655,90.725,90.733,90.618,90.679
2024-10-02T10:00:00Z,90.655,91.064,90.532,91.012,90.68,91.088,90.559,91.039
2024-10-02T11:00:00Z,91.016,91.083,90.894,90.939,91.042,91.109,90.921,90.965
2024-10-02T12:00:00Z,90.934,91.32,90.924,91.255,90.961,91.346,90.949,91.281
2024-10-02T13:00:00Z,91.257,91.434,91.187,91.383,91.283,91.46,91.213,91.413
2024-10-02T14:00:00Z,91.384,91.588,91.276,91.541,91.413,91.616,91.3,91.568
2024-10-02T15:00:00Z,91.544,91.716,91.474,91.632,91.57,91.735,91.499,91.659
2024-10-02T16:00:00Z,91.631,91.69,91.515,91.515,91.659,91.718,91.539,91.54
2024-10-02T17:00:00Z,91.513,91.619,91.444,91.605,91.538,91.643,91.47,91.636
2024-10-02T18:00:00Z,91.605,91.631,91.509,91.547,91.636,91.659,91.534,91.576
2024-10-02T19:00:00Z,91.545,91.735,91.529,91.709,91.573,91.763,91.556,91.733
2024-10-02T20:00:00Z,91.708,91.728,91.646,91.675,91.733,91.755,91.672,91.711
2024-10-02T21:00:00Z,91.662,91.675,91.564,91.609,91.732,91.86,91.672,91.698
2024-10-02T22:00:00Z,91.612,91.942,91.587,91.761,91.698,91.995,91.618,91.794
2024-10-02T23:00:00Z,91.765,91.897,91.654,91.72,91.8,91.927,91.683,91.748
2024-10-03T00:00:00Z,91.706,91.85,91.612,91.794,91.733,91.875,91.64,91.823
2024-10-03T01:00:00Z,91.792,91.916,91.57,91.679,91.823,91.943,91.596,91.706
2024-10-03T02:00:00Z,91.679,91.783,91.522,91.678,91.704,91.812,91.55,91.706
2024-10-03T03:00:00Z,91.681,91.78,91.595,91.674,91.709,91.806,91.621,91.7
2024-10-03T04:00:00Z,91.675,91.709,91.482,91.511,91.702,91.735,91.508,91.538
2024-10-03T05:00:00Z,91.509,91.567,91.314,91.357,91.538,91.593,91.341,91.385
2024-10-03T06:00:00Z,91.359,91.615,91.337,91.554,91.386,91.64,91.364,91.579
2024-10-03T07:00:00Z,91.555,91.578,91.177,91.289,91.579,91.606,91.204,91.314
2024-10-03T08:00:00Z,91.296,91.383,91.201,91.311,91.319,91.412,91.228,91.335
2024-10-03T09:00:00Z,91.31,91.448,91.261,91.376,91.335,91.475,91.287,91.405
2024-10-03T10:00:00Z,91.376,91.384,91.274,91.336,91.406,91.411,91.3,91.364
2024-10-03T11:00:00Z,91.338,91.403,91.201,91.272,91.365,91.429,91.23,91.297
2024-10-03T12:00:00Z,91.27,91.301,91.127,91.275,91.297,91.335,91.175,91.302
2024-10-03T13:00:00Z,91.283,91.366,91.175,91.295,91.307,91.423,91.205,91.423
2024-10-03T14:00:00Z,91.308,91.556,91.214,91.248,91.437,91.586,91.242,91.276
2024-10-03T15:00:00Z,91.251,91.321,91.157,91.248,91.277,91.346,91.184,91.274
2024-10-03T16:00:00Z,91.25,91.402,91.207,91.239,91.274,91.429,91.23,91.262
2024-10-03T17:00:00Z,91.239,91.244,91.124,91.176,91.267,91.269,91.15,91.206
2024-10-03T18:00:00Z,91.176,91.254,91.161,91.203,91.206,91.284,91.186,91.229
2024-10-03T19:00:00Z,91.202,91.248,91.18,91.248,91.229,91.278,91.205,91.278
2024-10-03T20:00:00Z,91.245,91.271,91.222,91.263,91.275,91.313,91.248,91.303
2024-10-03T21:00:00Z,91.17,91.193,91.138,91.166,91.352,91.368,91.254,91.311
2024-10-03T22:00:00Z,91.136,91.335,91.115,91.265,91.251,91.365,91.243,91.303
2024-10-03T23:00:00Z,91.263,91.284,91.201,91.274,91.302,91.317,91.23,91.3
2024-10-04T00:00:00Z,91.279,91.34,91.106,91.111,91.305,91.367,91.131,91.137
2024-10-04T01:00:00Z,91.109,91.123,90.995,91.046,91.134,91.149,91.024,91.076
2024-10-04T02:00:00Z,91.045,91.124,90.984,90.99,91.071,91.152,91.011,91.017
2024-10-04T03:00:00Z,90.988,91.019,90.858,90.903,91.015,91.05,90.885,90.928
2024-10-04T04:00:00Z,90.901,90.926,90.743,90.792,90.927,90.951,90.771,90.82
2024-10-04T05:00:00Z,90.796,90.863,90.652,90.738,90.823,90.889,90.679,90.762
2024-10-04T06:00:00Z,90.738,90.762,90.631,90.731,90.761,90.787,90.657,90.757
2024-10-04T07:00:00Z,90.729,90.78,90.654,90.748,90.758,90.809,90.676,90.775
2024-10-04T08:00:00Z,90.753,90.828,90.689,90.755,90.778,90.851,90.716,90.783
2024-10-04T09:00:00Z,90.758,90.847,90.706,90.847,90.786,90.877,90.732,90.875
2024-10-04T10:00:00Z,90.849,90.921,90.794,90.841,90.875,90.947,90.819,90.867
2024-10-04T11:00:00Z,90.843,90.975,90.807,90.96,90.868,91.0,90.833,90.989
2024-10-04T12:00:00Z,90.961,91.495,90.72,91.459,90.989,91.522,90.905,91.49
2024-10-04T13:00:00Z,91.466,91.606,91.374,91.399,91.499,91.633,91.397,91.425
2024-10-04T14:00:00Z,91.398,91.642,91.378,91.541,91.425,91.666,91.408,91.563
2024-10-04T15:00:00Z,91.539,91.587,91.314,91.521,91.563,91.612,91.35,91.548
2024-10-04T16:00:00Z,91.525,91.695,91.49,91.673,91.55,91.72,91.515,91.7
2024-10-04T17:00:00Z,91.672,91.745,91.596,91.645,91.698,91.771,91.622,91.67
2024-10-04T18:00:00Z,91.645,91.725,91.607,91.72,91.67,91.752,91.634,91.748
2024-10-04T19:00:00Z,91.717,91.748,91.654,91.658,91.743,91.778,91.679,91.684
2024-10-04T20:00:00Z,91.658,91.66,91.512,91.556,91.682,91.688,91.572,91.619
2024-10-06T21:00:00Z,91.556,91.69,91.487,91.625,91.621,91.834,91.621,91.809
2024-10-06T22:00:00Z,91.656,91.911,91.622,91.768,91.704,91.94,91.704,91.796
2024-10-06T23:00:00Z,91.766,91.833,91.621,91.625,91.794,91.866,91.648,91.655
2024-10-07T00:00:00Z,91.623,91.639,91.426,91.438,91.648,91.665,91.454,91.466
2024-10-07T01:00:00Z,91.438,91.549,91.401,91.459,91.464,91.577,91.428,91.485
2024-10-07T02:00:00Z,91.457,91.604,91.387,91.591,91.483,91.629,91.414,91.618
2024-10-07T03:00:00Z,91.592,91.659,91.435,91.495,91.618,91.684,91.467,91.521
2024-10-07T04:00:00Z,91.495,91.551,91.466,91.522,91.519,91.577,91.49,91.547
2024-10-07T05:00:00Z,91.52,91.559,91.368,91.385,91.547,91.586,91.395,91.412
2024-10-07T06:00:00Z,91.387,91.43,91.312,91.325,91.413,91.457,91.337,91.353
2024-10-07T07:00:00Z,91.322,91.355,91.062,91.146,91.351,91.384,91.086,91.171
2024-10-07T08:00:00Z,91.149,91.236,91.057,91.089,91.175,91.26,91.082,91.118
2024-10-07T09:00:00Z,91.086,91.125,91.035,91.105,91.116,91.15,91.059,91.132
2024-10-07T10:00:00Z,91.108,91.243,91.067,91.203,91.132,91.269,91.092,91.233
2024-10-07T11:00:00Z,91.205,91.226,91.07,91.153,91.234,91.254,91.094,91.182
2024-10-07T12:00:00Z,91.153,91.165,90.986,91.032,91.181,91.194,91.011,91.061
2024-10-07T13:00:00Z,91.036,91.061,90.795,90.819,91.067,91.09,90.819,90.851
2024-10-07T14:00:00Z,90.822,90.913,90.607,90.753,90.852,90.943,90.631,90.779
2024-10-07T15:00:00Z,90.752,90.796,90.642,90.681,90.776,90.822,90.668,90.709
2024-10-07T16:00:00Z,90.682,90.709,90.604,90.644,90.709,90.733,90.631,90.667
2024-10-07T17:00:00Z,90.644,90.703,90.625,90.679,90.668,90.729,90.651,90.71
2024-10-07T18:00:00Z,90.679,90.679,90.479,90.533,90.71,90.71,90.505,90.56
2024-10-07T19:00:00Z,90.534,90.641,90.506,90.627,90.56,90.668,90.532,90.654
2024-10-07T20:00:00Z,90.624,90.768,90.624,90.73,90.65,90.799,90.65,90.775
2024-10-07T21:00:00Z,90.646,90.754,90.624,90.733,90.846,90.848,90.793,90.816
2024-10-07T22:00:00Z,90.751,90.815,90.386,90.47,90.81,90.846,90.431,90.499
2024-10-07T23:00:00Z,90.465,90.795,90.465,90.757,90.499,90.825,90.494,90.787
2024-10-08T00:00:00Z,90.767,90.888,90.737,90.791,90.794,90.918,90.769,90.818
2024-10-08T01:00:00Z,90.794,90.849,90.667,90.792,90.819,90.877,90.694,90.819
2024-10-08T02:00:00Z,90.792,90.795,90.107,90.436,90.823,90.823,90.136,90.465
2024-10-08T03:00:00Z,90.436,90.68,90.436,90.585,90.468,90.708,90.468,90.612
2024-10-08T04:00:00Z,90.587,90.709,90.554,90.695,90.613,90.738,90.581,90.723
2024-10-08T05:00:00Z,90.692,90.802,90.468,90.568,90.719,90.83,90.496,90.598
2024-10-08T06:00:00Z,90.575,90.663,90.463,90.582,90.606,90.689,90.488,90.607
2024-10-08T07:00:00Z,90.585,90.614,90.264,90.481,90.61,90.638,90.292,90.506
2024-10-08T08:00:00Z,90.484,90.529,90.339,90.518,90.506,90.551,90.366,90.544
2024-10-08T09:00:00Z,90.521,90.554,90.354,90.433,90.545,90.58,90.381,90.458
2024-10-08T10:00:00Z,90.433,90.549,90.406,90.459,90.459,90.574,90.432,90.483
2024-10-08T11:00:00Z,90.458,90.602,90.43,90.565,90.483,90.628,90.453,90.59
2024-10-08T12:00:00Z,90.564,90.705,90.54,90.61,90.587,90.73,90.566,90.636
2024-10-08T13:00:00Z,90.617,90.76,90.553,90.674,90.639,90.788,90.579,90.701
2024-10-08T14:00:00Z,90.675,90.751,90.579,90.673,90.703,90.782,90.607,90.696
2024-10-08T15:00:00Z,90.673,90.739,90.571,90.721,90.698,90.765,90.599,90.744
2024-10-08T16:00:00Z,90.721,90.744,90.64,90.672,90.745,90.766,90.667,90.697
2024-10-08T17:00:00Z,90.674,90.718,90.6,90.706,90.697,90.745,90.624,90.733
2024-10-08T18:00:00Z,90.706,90.822,90.68,90.805,90.733,90.847,90.704,90.831
2024-10-08T19:00:00Z,90.803,90.977,90.794,90.957,90.827,91.006,90.82,90.987
2024-10-08T20:00:00Z,90.955,90.979,90.865,90.942,90.983,91.006,90.894,90.976
2024-10-08T21:00:00Z,90.926,90.978,90.841,90.966,91.093,91.138,90.988,91.116
2024-10-08T22:00:00Z,90.964,91.016,90.88,90.985,91.116,91.141,90.972,91.01
2024-10-08T23:00:00Z,90.988,91.015,90.788,90.809,91.013,91.045,90.818,90.837
2024-10-09T00:00:00Z,90.817,90.932,90.693,90.916,90.841,90.977,90.719,90.966
2024-10-09T01:00:00Z,90.922,90.924,90.396,90.474,90.972,90.988,90.424,90.502
2024-10-09T02:00:00Z,90.469,90.535,90.344,90.438,90.497,90.563,90.371,90.466
2024-10-09T03:00:00Z,90.436,90.441,90.084,90.278,90.466,90.474,90.125,90.306
2024-10-09T04:00:00Z,90.278,90.409,90.169,90.239,90.308,90.436,90.198,90.266
2024-10-09T05:00:00Z,90.238,90.74,90.238,90.612,90.266,90.772,90.265,90.634
2024-10-09T06:00:00Z,90.609,90.693,90.369,90.37,90.632,90.717,90.393,90.395
2024-10-09T07:00:00Z,90.368,90.407,90.106,90.384,90.392,90.435,90.131,90.409
2024-10-09T08:00:00Z,90.385,90.479,90.316,90.434,90.413,90.504,90.343,90.46
2024-10-09T09:00:00Z,90.434,90.5,90.399,90.454,90.461,90.528,90.428,90.481
2024-10-09T10:00:00Z,90.454,90.468,90.265,90.298,90.482,90.498,90.289,90.324
2024-10-09T11:00:00Z,90.296,90.323,90.201,90.264,90.324,90.352,90.227,90.294
2024-10-09T12:00:00Z,90.262,90.388,90.217,90.302,90.291,90.414,90.242,90.328
2024-10-09T13:00:00Z,90.304,90.501,90.175,90.491,90.328,90.529,90.206,90.523
2024-10-09T14:00:00Z,90.491,90.521,90.255,90.315,90.525,90.552,90.282,90.339
2024-10-09T15:00:00Z,90.314,90.539,90.306,90.466,90.339,90.569,90.333,90.492
2024-10-09T16:00:00Z,90.466,90.509,90.404,90.435,90.491,90.536,90.432,90.461
2024-10-09T17:00:00Z,90.438,90.444,90.335,90.337,90.462,90.468,90.361,90.369
2024-10-09T18:00:00Z,90.337,90.377,90.305,90.363,90.369,90.407,90.335,90.392
2024-10-09T19:00:00Z,90.357,90.424,90.332,90.399,90.39,90.453,90.364,90.432
2024-10-09T20:00:00Z,90.4,90.49,90.374,90.482,90.43,90.54,90.405,90.525
2024-10-09T21:00:00Z,90.428,90.432,90.325,90.373,90.545,90.545,90.44,90.458
2024-10-09T22:00:00Z,90.37,90.528,90.351,90.444,90.459,90.561,90.434,90.474
2024-10-09T23:00:00Z,90.443,90.593,90.425,90.507,90.47,90.626,90.451,90.531
2024-10-10T00:00:00Z,90.506,90.601,90.372,90.522,90.532,90.634,90.402,90.551
2024-10-10T01:00:00Z,90.521,90.704,90.482,90.624,90.548,90.73,90.508,90.653
2024-10-10T02:00:00Z,90.624,90.813,90.585,90.746,90.65,90.842,90.609,90.772
2024-10-10T03:00:00Z,90.745,90.859,90.721,90.829,90.774,90.888,90.748,90.855
2024-10-10T04:00:00Z,90.83,91.007,90.811,90.99,90.855,91.034,90.838,91.016
2024-10-10T05:00:00Z,90.993,91.046,90.788,90.817,91.022,91.075,90.817,90.846
2024-10-10T06:00:00Z,90.816,90.816,90.674,90.699,90.842,90.842,90.703,90.727
2024-10-10T07:00:00Z,90.699,90.745,90.525,90.559,90.731,90.772,90.551,90.585
2024-10-10T08:00:00Z,90.559,90.596,90.529,90.555,90.586,90.62,90.558,90.581
2024-10-10T09:00:00Z,90.554,90.564,90.432,90.483,90.581,90.59,90.459,90.508
2024-10-10T10:00:00Z,90.483,90.533,90.438,90.458,90.506,90.557,90.463,90.483
2024-10-10T11:00:00Z,90.464,90.535,90.443,90.443,90.489,90.561,90.473,90.473
2024-10-10T12:00:00Z,90.444,90.578,90.211,90.432,90.472,90.747,90.344,90.464
2024-10-10T13:00:00Z,90.431,90.482,90.18,90.31,90.465,90.516,90.21,90.337
2024-10-10T14:00:00Z,90.311,90.431,90.241,90.336,90.337,90.461,90.269,90.364
2024-10-10T15:00:00Z,90.338,90.444,90.294,90.393,90.365,90.474,90.321,90.419
2024-10-10T16:00:00Z,90.393,90.44,90.329,90.412,90.42,90.465,90.355,90.438
2024-10-10T17:00:00Z,90.413,90.557,90.36,90.518,90.44,90.584,90.386,90.544
2024-10-10T18:00:00Z,90.518,90.524,90.415,90.439,90.544,90.549,90.446,90.467
2024-10-10T19:00:00Z,90.436,90.456,90.374,90.454,90.465,90.48,90.4,90.478
2024-10-10T20:00:00Z,90.447,90.519,90.425,90.503,90.475,90.56,90.452,90.548
2024-10-10T21:00:00Z,90.495,90.502,90.393,90.489,90.54,90.658,90.523,90.576
2024-10-10T22:00:00Z,90.481,90.59,90.412,90.583,90.576,90.619,90.528,90.618
2024-10-10T23:00:00Z,90.576,90.644,90.524,90.63,90.612,90.674,90.553,90.661
2024-10-11T00:00:00Z,90.632,90.692,90.461,90.492,90.661,90.726,90.492,90.522
2024-10-11T01:00:00Z,90.491,90.696,90.467,90.681,90.522,90.722,90.499,90.706
2024-10-11T02:00:00Z,90.683,90.695,90.592,90.677,90.706,90.724,90.618,90.706
2024-10-11T03:00:00Z,90.68,90.769,90.622,90.758,90.709,90.797,90.646,90.785
2024-10-11T04:00:00Z,90.758,90.782,90.722,90.738,90.786,90.809,90.748,90.765
2024-10-11T05:00:00Z,90.739,90.754,90.61,90.645,90.765,90.781,90.636,90.671
2024-10-11T06:00:00Z,90.647,90.686,90.559,90.612,90.672,90.712,90.591,90.637
2024-10-11T07:00:00Z,90.609,90.753,90.59,90.736,90.633,90.78,90.618,90.762
2024-10-11T08:00:00Z,90.732,90.768,90.644,90.681,90.761,90.798,90.676,90.706
2024-10-11T09:00:00Z,90.683,90.76,90.665,90.709,90.708,90.788,90.698,90.735
2024-10-11T10:00:00Z,90.712,90.818,90.667,90.818,90.738,90.844,90.697,90.844
2024-10-11T11:00:00Z,90.819,90.848,90.688,90.726,90.844,90.874,90.719,90.757
2024-10-11T12:00:00Z,90.727,90.887,90.628,90.774,90.76,90.933,90.753,90.803
2024-10-11T13:00:00Z,90.775,90.953,90.726,90.886,90.803,90.976,90.756,90.973
2024-10-11T14:00:00Z,90.879,91.077,90.857,91.024,90.973,91.102,90.918,91.047
2024-10-11T15:00:00Z,91.02,91.15,91.004,91.109,91.047,91.178,91.029,91.136
2024-10-11T16:00:00Z,91.107,91.14,91.065,91.087,91.133,91.167,91.097,91.116
2024-10-11T17:00:00Z,91.087,91.185,91.083,91.136,91.12,91.21,91.111,91.166
2024-10-11T18:00:00Z,91.136,91.22,91.136,91.165,91.166,91.251,91.166,91.198
2024-10-11T19:00:00Z,91.165,91.177,91.11,91.118,91.195,91.201,91.144,91.151
2024-10-11T20:00:00Z,91.116,91.152,91.06,91.084,91.148,91.186,91.109,91.164
2024-10-13T21:00:00Z,90.788,91.008,90.788,90.864,90.935,91.151,90.935,91.059
2024-10-13T22:00:00Z,90.881,91.036,90.858,90.959,91.006,91.096,90.91,90.983
2024-10-13T23:00:00Z,90.955,91.034,90.878,90.924,90.98,91.065,90.905,90.951
2024-10-14T00:00:00Z,90.926,91.053,90.9,90.951,90.951,91.081,90.932,90.978
2024-10-14T01:00:00Z,90.952,90.961,90.849,90.881,90.978,90.994,90.876,90.915
2024-10-14T02:00:00Z,90.88,90.929,90.756,90.927,90.915,90.96,90.791,90.96
2024-10-14T03:00:00Z,90.928,91.053,90.881,90.957,90.962,91.089,90.912,90.986
2024-10-14T04:00:00Z,90.96,90.99,90.923,90.944,90.987,91.019,90.954,90.972
2024-10-14T05:00:00Z,90.941,91.0,90.891,90.953,90.969,91.031,90.919,90.98
2024-10-14T06:00:00Z,90.957,91.026,90.919,90.933,90.985,91.052,90.946,90.959
2024-10-14T07:00:00Z,90.932,91.002,90.882,90.931,90.959,91.032,90.908,90.959
2024-10-14T08:00:00Z,90.932,91.022,90.907,90.971,90.959,91.049,90.931,91.004
2024-10-14T09:00:00Z,90.971,91.012,90.885,90.885,91.003,91.042,90.91,90.911
2024-10-14T10:00:00Z,90.884,90.911,90.854,90.881,90.906,90.937,90.879,90.912
2024-10-14T11:00:00Z,90.881,90.992,90.881,90.97,90.911,91.02,90.911,90.996
2024-10-14T12:00:00Z,90.97,91.033,90.884,90.944,90.994,91.058,90.914,90.969
2024-10-14T13:00:00Z,90.947,91.308,90.907,91.261,90.972,91.339,90.932,91.289
2024-10-14T14:00:00Z,91.261,91.348,91.207,91.28,91.292,91.376,91.234,91.311
2024-10-14T15:00:00Z,91.279,91.309,91.193,91.224,91.311,91.334,91.22,91.25
2024-10-14T16:00:00Z,91.221,91.277,91.182,91.277,91.247,91.302,91.207,91.302
2024-10-14T17:00:00Z,91.279,91.288,91.173,91.239,91.305,91.311,91.203,91.272
2024-10-14T18:00:00Z,91.239,91.258,91.178,91.236,91.272,91.287,91.205,91.263
2024-10-14T19:00:00Z,91.234,91.243,91.149,91.198,91.261,91.268,91.185,91.227
2024-10-14T20:00:00Z,91.199,91.265,91.188,91.258,91.226,91.308,91.219,91.303
2024-10-14T21:00:00Z,91.249,91.279,91.175,91.272,91.317,91.38,91.315,91.338
2024-10-14T22:00:00Z,91.271,91.282,91.209,91.244,91.335,91.347,91.245,91.277
2024-10-14T23:00:00Z,91.245,91.298,91.124,91.168,91.277,91.33,91.15,91.196
2024-10-15T00:00:00Z,91.178,91.188,91.005,91.095,91.204,91.218,91.035,91.128
2024-10-15T01:00:00Z,91.095,91.115,90.934,91.015,91.127,91.143,90.964,91.045
2024-10-15T02:00:00Z,91.015,91.208,91.001,91.101,91.046,91.235,91.026,91.135
2024-10-15T03:00:00Z,91.102,91.161,91.043,91.137,91.135,91.188,91.071,91.17
2024-10-15T04:00:00Z,91.14,91.144,91.044,91.047,91.173,91.173,91.072,91.076
2024-10-15T05:00:00Z,91.044,91.053,90.803,90.954,91.072,91.079,90.829,90.984
2024-10-15T06:00:00Z,90.955,90.955,90.745,90.805,90.984,90.984,90.774,90.832
2024-10-15T07:00:00Z,90.804,90.817,90.62,90.705,90.829,90.843,90.647,90.732
2024-10-15T08:00:00Z,90.71,90.823,90.591,90.814,90.736,90.854,90.618,90.84
2024-10-15T09:00:00Z,90.819,90.837,90.669,90.7,90.844,90.867,90.695,90.725
2024-10-15T10:00:00Z,90.7,90.845,90.665,90.781,90.722,90.872,90.696,90.806
2024-10-15T11:00:00Z,90.783,91.012,90.78,90.955,90.808,91.04,90.806,90.981
2024-10-15T12:00:00Z,90.959,91.013,90.805,90.897,90.984,91.041,90.83,90.925
2024-10-15T13:00:00Z,90.897,91.072,90.897,90.927,90.922,91.099,90.921,90.957
2024-10-15T14:00:00Z,90.924,91.033,90.669,90.886,90.952,91.061,90.695,90.913
2024-10-15T15:00:00Z,90.888,90.918,90.761,90.8,90.914,90.944,90.79,90.826
2024-10-15T16:00:00Z,90.802,90.92,90.793,90.87,90.828,90.945,90.818,90.893
2024-10-15T17:00:00Z,90.871,90.896,90.775,90.777,90.892,90.925,90.803,90.806
2024-10-15T18:00:00Z,90.777,90.789,90.681,90.71,90.806,90.816,90.706,90.739
2024-10-15T19:00:00Z,90.713,90.739,90.658,90.705,90.741,90.765,90.685,90.733
2024-10-15T20:00:00Z,90.707,90.761,90.681,90.756,90.736,90.808,90.71,90.791
2024-10-15T21:00:00Z,90.745,90.796,90.367,90.43,90.793,90.976,90.488,90.508
2024-10-15T22:00:00Z,90.433,90.618,90.324,90.442,90.537,90.653,90.359,90.471
2024-10-15T23:00:00Z,90.441,90.506,90.207,90.215,90.469,90.535,90.236,90.241
2024-10-16T00:00:00Z,90.212,90.293,90.058,90.285,90.238,90.321,90.084,90.314
2024-10-16T01:00:00Z,90.284,90.377,90.086,90.337,90.312,90.405,90.114,90.366
2024-10-16T02:00:00Z,90.338,90.419,90.288,90.402,90.365,90.446,90.318,90.431
2024-10-16T03:00:00Z,90.404,90.585,90.382,90.463,90.431,90.613,90.411,90.496
2024-10-16T04:00:00Z,90.463,90.499,90.398,90.474,90.494,90.524,90.425,90.504
2024-10-16T05:00:00Z,90.473,90.579,90.397,90.561,90.504,90.604,90.425,90.588
2024-10-16T06:00:00Z,90.558,90.559,90.363,90.499,90.586,90.587,90.39,90.521
2024-10-16T07:00:00Z,90.498,90.701,90.44,90.67,90.523,90.729,90.467,90.7
2024-10-16T08:00:00Z,90.67,90.7,90.546,90.696,90.698,90.726,90.572,90.722
2024-10-16T09:00:00Z,90.695,90.743,90.592,90.634,90.722,90.769,90.62,90.661
2024-10-16T10:00:00Z,90.635,90.716,90.579,90.657,90.661,90.742,90.607,90.683
2024-10-16T11:00:00Z,90.658,90.726,90.609,90.646,90.683,90.752,90.638,90.675
2024-10-16T12:00:00Z,90.649,90.71,90.62,90.663,90.677,90.742,90.646,90.692
2024-10-16T13:00:00Z,90.662,90.729,90.551,90.576,90.693,90.759,90.576,90.602
2024-10-16T14:00:00Z,90.578,90.757,90.53,90.737,90.604,90.785,90.552,90.767
2024-10-16T15:00:00Z,90.737,90.737,90.601,90.658,90.77,90.77,90.627,90.683
2024-10-16T16:00:00Z,90.66,90.725,90.632,90.722,90.684,90.756,90.658,90.752
2024-10-16T17:00:00Z,90.72,90.775,90.701,90.709,90.748,90.808,90.73,90.738
2024-10-16T18:00:00Z,90.709,90.735,90.65,90.681,90.738,90.765,90.679,90.711
2024-10-16T19:00:00Z,90.677,90.707,90.65,90.659,90.706,90.736,90.677,90.687
2024-10-16T20:00:00Z,90.657,90.659,90.571,90.586,90.684,90.687,90.605,90.625
2024-10-16T21:00:00Z,90.525,90.587,90.52,90.562,90.648,90.683,90.625,90.644
2024-10-16T22:00:00Z,90.574,90.62,90.531,90.569,90.646,90.65,90.568,90.599
2024-10-16T23:00:00Z,90.574,90.648,90.556,90.597,90.604,90.673,90.584,90.625
2024-10-17T00:00:00Z,90.595,90.745,90.55,90.687,90.62,90.773,90.579,90.714
2024-10-17T01:00:00Z,90.687,90.728,90.588,90.675,90.713,90.757,90.609,90.701
2024-10-17T02:00:00Z,90.676,90.74,90.431,90.638,90.701,90.767,90.459,90.666
2024-10-17T03:00:00Z,90.638,90.671,90.506,90.613,90.667,90.7,90.533,90.645
2024-10-17T04:00:00Z,90.615,90.638,90.53,90.618,90.647,90.667,90.56,90.644
2024-10-17T05:00:00Z,90.615,90.694,90.599,90.685,90.642,90.721,90.63,90.713
2024-10-17T06:00:00Z,90.681,90.737,90.61,90.647,90.71,90.765,90.637,90.672
2024-10-17T07:00:00Z,90.646,90.658,90.474,90.634,90.675,90.682,90.501,90.66
2024-10-17T08:00:00Z,90.632,90.683,90.585,90.672,90.66,90.706,90.611,90.697
2024-10-17T09:00:00Z,90.669,90.713,90.615,90.687,90.695,90.739,90.643,90.716
2024-10-17T10:00:00Z,90.69,90.802,90.669,90.798,90.716,90.826,90.695,90.824
2024-10-17T11:00:00Z,90.796,90.848,90.72,90.738,90.822,90.874,90.753,90.768
2024-10-17T12:00:00Z,90.738,90.894,90.608,90.841,90.77,90.959,90.684,90.873
2024-10-17T13:00:00Z,90.838,90.889,90.683,90.805,90.87,90.916,90.716,90.835
2024-10-17T14:00:00Z,90.807,90.949,90.723,90.906,90.835,90.976,90.753,90.936
2024-10-17T15:00:00Z,90.908,91.029,90.852,90.999,90.937,91.055,90.881,91.024
2024-10-17T16:00:00Z,91.001,91.058,90.966,91.035,91.024,91.084,90.99,91.062
2024-10-17T17:00:00Z,91.036,91.1,90.985,91.09,91.065,91.132,91.013,91.128
2024-10-17T18:00:00Z,91.09,91.09,90.983,91.022,91.128,91.128,91.01,91.05
2024-10-17T19:00:00Z,91.023,91.061,90.987,91.004,91.048,91.09,91.014,91.037
2024-10-17T20:00:00Z,91.001,91.02,90.957,91.001,91.035,91.05,90.987,91.042
2024-10-17T21:00:00Z,90.938,90.979,90.935,90.955,91.095,91.096,91.015,91.023
2024-10-17T22:00:00Z,90.954,91.018,90.951,90.956,91.014,91.057,90.98,90.983
2024-10-17T23:00:00Z,90.953,90.988,90.923,90.956,90.979,91.02,90.951,90.982
2024-10-18T00:00:00Z,90.956,90.982,90.813,90.892,90.986,91.01,90.844,90.919
2024-10-18T01:00:00Z,90.889,90.984,90.847,90.931,90.916,91.011,90.873,90.958
2024-10-18T02:00:00Z,90.936,91.035,90.856,90.919,90.961,91.065,90.881,90.943
2024-10-18T03:00:00Z,90.915,90.95,90.798,90.837,90.94,90.974,90.825,90.869
2024-10-18T04:00:00Z,90.835,90.918,90.802,90.821,90.867,90.943,90.83,90.844
2024-10-18T05:00:00Z,90.821,90.864,90.74,90.862,90.847,90.893,90.767,90.893
2024-10-18T06:00:00Z,90.861,90.997,90.83,90.963,90.89,91.022,90.853,90.994
2024-10-18T07:00:00Z,90.965,91.121,90.944,91.05,90.992,91.148,90.969,91.076
2024-10-18T08:00:00Z,91.054,91.098,90.963,90.985,91.08,91.129,90.992,91.012
2024-10-18T09:00:00Z,90.985,91.024,90.94,91.009,91.011,91.05,90.969,91.037
2024-10-18T10:00:00Z,91.009,91.078,90.793,91.078,91.039,91.106,90.833,91.106
2024-10-18T11:00:00Z,91.075,91.154,91.055,91.089,91.103,91.183,91.082,91.116
2024-10-18T12:00:00Z,91.089,91.124,90.965,91.014,91.115,91.15,90.996,91.039
2024-10-18T13:00:00Z,91.011,91.075,90.926,90.926,91.038,91.106,90.957,90.963
2024-10-18T14:00:00Z,90.93,90.95,90.79,90.796,90.959,90.977,90.815,90.82
2024-10-18T15:00:00Z,90.794,90.815,90.688,90.697,90.819,90.841,90.715,90.723
2024-10-18T16:00:00Z,90.701,90.77,90.697,90.74,90.727,90.798,90.725,90.767
2024-10-18T17:00:00Z,90.74,90.776,90.722,90.75,90.768,90.806,90.75,90.78
2024-10-18T18:00:00Z,90.75,90.75,90.666,90.718,90.78,90.78,90.693,90.75
2024-10-18T19:00:00Z,90.716,90.751,90.667,90.75,90.749,90.779,90.692,90.777
2024-10-18T20:00:00Z,90.749,90.791,90.728,90.763,90.778,90.84,90.756,90.832
2024-10-20T21:00:00Z,90.698,90.743,90.638,90.738,90.887,90.889,90.791,90.842
2024-10-20T22:00:00Z,90.739,90.897,90.706,90.849,90.868,90.933,90.808,90.875
2024-10-20T23:00:00Z,90.845,90.89,90.801,90.884,90.873,90.921,90.829,90.916
2024-10-21T00:00:00Z,90.897,90.902,90.646,90.731,90.924,90.932,90.672,90.754
2024-10-21T01:00:00Z,90.731,90.761,90.616,90.682,90.76,90.789,90.645,90.705
2024-10-21T02:00:00Z,90.682,90.758,90.639,90.692,90.706,90.785,90.666,90.718
2024-10-21T03:00:00Z,90.69,90.748,90.645,90.739,90.715,90.774,90.671,90.764
2024-10-21T04:00:00Z,90.739,90.785,90.618,90.662,90.761,90.813,90.645,90.686
2024-10-21T05:00:00Z,90.66,90.683,90.566,90.668,90.686,90.711,90.592,90.7
2024-10-21T06:00:00Z,90.67,90.676,90.552,90.603,90.701,90.703,90.579,90.635
2024-10-21T07:00:00Z,90.601,90.872,90.596,90.841,90.632,90.9,90.626,90.868
2024-10-21T08:00:00Z,90.842,90.887,90.809,90.846,90.868,90.916,90.839,90.873
2024-10-21T09:00:00Z,90.846,90.863,90.758,90.802,90.876,90.892,90.783,90.83
2024-10-21T10:00:00Z,90.804,90.811,90.707,90.722,90.83,90.837,90.734,90.75
2024-10-21T11:00:00Z,90.719,90.805,90.693,90.781,90.748,90.832,90.718,90.808
2024-10-21T12:00:00Z,90.78,90.892,90.753,90.849,90.808,90.917,90.778,90.883
2024-10-21T13:00:00Z,90.847,90.94,90.831,90.934,90.879,90.966,90.862,90.96
2024-10-21T14:00:00Z,90.932,90.949,90.737,90.765,90.958,90.975,90.762,90.792
2024-10-21T15:00:00Z,90.768,90.779,90.615,90.764,90.791,90.811,90.64,90.791
2024-10-21T16:00:00Z,90.762,90.829,90.72,90.81,90.79,90.857,90.741,90.838
2024-10-21T17:00:00Z,90.807,90.975,90.807,90.957,90.835,91.005,90.834,90.989
2024-10-21T18:00:00Z,90.944,90.972,90.901,90.901,90.968,91.003,90.924,90.926
2024-10-21T19:00:00Z,90.901,90.971,90.886,90.929,90.925,91.002,90.91,90.955
2024-10-21T20:00:00Z,90.935,90.976,90.921,90.924,90.958,91.004,90.948,90.97
2024-10-21T21:00:00Z,90.84,90.902,90.768,90.853,91.04,91.043,90.918,90.933
2024-10-21T22:00:00Z,90.86,90.921,90.778,90.794,90.933,90.958,90.816,90.82
2024-10-21T23:00:00Z,90.797,90.849,90.688,90.71,90.823,90.874,90.717,90.74
2024-10-22T00:00:00Z,90.711,90.872,90.674,90.759,90.74,90.9,90.701,90.786
2024-10-22T01:00:00Z,90.759,90.974,90.715,90.961,90.785,91.001,90.741,90.991
2024-10-22T02:00:00Z,90.961,91.106,90.945,91.082,90.99,91.132,90.974,91.108
2024-10-22T03:00:00Z,91.082,91.32,91.078,91.303,91.107,91.346,91.104,91.328
2024-10-22T04:00:00Z,91.304,91.478,91.299,91.365,91.331,91.503,91.323,91.391
2024-10-22T05:00:00Z,91.364,91.457,91.255,91.274,91.385,91.486,91.288,91.304
2024-10-22T06:00:00Z,91.273,91.351,91.201,91.275,91.304,91.377,91.228,91.301
2024-10-22T07:00:00Z,91.273,91.462,91.232,91.404,91.299,91.49,91.258,91.429
2024-10-22T08:00:00Z,91.401,91.415,91.325,91.338,91.426,91.441,91.359,91.366
2024-10-22T09:00:00Z,91.339,91.346,91.25,91.271,91.366,91.372,91.281,91.296
2024-10-22T10:00:00Z,91.27,91.377,91.225,91.305,91.296,91.403,91.251,91.334
2024-10-22T11:00:00Z,91.302,91.352,91.243,91.286,91.331,91.376,91.267,91.313
2024-10-22T12:00:00Z,91.286,91.364,91.28,91.344,91.311,91.391,91.305,91.37
2024-10-22T13:00:00Z,91.346,91.366,91.214,91.341,91.371,91.391,91.243,91.366
2024-10-22T14:00:00Z,91.342,91.358,91.18,91.291,91.366,91.383,91.207,91.314
2024-10-22T15:00:00Z,91.292,91.339,91.239,91.312,91.316,91.364,91.262,91.335
2024-10-22T16:00:00Z,91.31,91.359,91.28,91.338,91.336,91.385,91.307,91.363
2024-10-22T17:00:00Z,91.338,91.398,91.313,91.364,91.365,91.424,91.341,91.4
2024-10-22T18:00:00Z,91.364,91.364,91.24,91.296,91.4,91.4,91.277,91.324
2024-10-22T19:00:00Z,91.292,91.365,91.27,91.307,91.32,91.391,91.296,91.333
2024-10-22T20:00:00Z,91.313,91.315,91.255,91.292,91.333,91.341,91.28,91.328
2024-10-22T21:00:00Z,91.238,91.285,91.217,91.279,91.407,91.414,91.311,91.388
2024-10-22T22:00:00Z,91.277,91.292,91.24,91.275,91.369,91.375,91.272,91.302
2024-10-22T23:00:00Z,91.273,91.36,91.246,91.332,91.3,91.385,91.279,91.363
2024-10-23T00:00:00Z,91.33,91.469,91.298,91.377,91.363,91.5,91.327,91.407
2024-10-23T01:00:00Z,91.379,91.615,91.365,91.607,91.407,91.644,91.392,91.636
2024-10-23T02:00:00Z,91.606,91.805,91.601,91.772,91.636,91.831,91.632,91.798
2024-10-23T03:00:00Z,91.775,91.874,91.679,91.684,91.801,91.902,91.707,91.71
2024-10-23T04:00:00Z,91.682,91.845,91.671,91.809,91.708,91.873,91.697,91.834
2024-10-23T05:00:00Z,91.811,91.907,91.768,91.866,91.835,91.936,91.793,91.891
2024-10-23T06:00:00Z,91.872,91.923,91.772,91.85,91.894,91.947,91.807,91.875
2024-10-23T07:00:00Z,91.85,91.967,91.803,91.832,91.876,92.001,91.832,91.858
2024-10-23T08:00:00Z,91.828,91.944,91.797,91.859,91.855,91.974,91.825,91.885
2024-10-23T09:00:00Z,91.856,92.016,91.853,91.978,91.883,92.05,91.878,92.008
2024-10-23T10:00:00Z,91.976,92.033,91.931,92.01,92.004,92.063,91.959,92.038
2024-10-23T11:00:00Z,92.01,92.024,91.905,91.961,92.04,92.052,91.933,91.989
2024-10-23T12:00:00Z,91.964,92.009,91.872,91.99,91.989,92.035,91.897,92.018
2024-10-23T13:00:00Z,91.99,92.015,91.799,91.951,92.017,92.043,91.826,91.986
2024-10-23T14:00:00Z,91.953,91.975,91.839,91.901,91.985,92.002,91.865,91.926
2024-10-23T15:00:00Z,91.901,91.933,91.713,91.76,91.927,91.957,91.738,91.783
2024-10-23T16:00:00Z,91.761,91.772,91.687,91.713,91.786,91.799,91.716,91.739
2024-10-23T17:00:00Z,91.713,91.713,91.552,91.568,91.738,91.738,91.578,91.601
2024-10-23T18:00:00Z,91.568,91.568,91.338,91.511,91.601,91.601,91.37,91.54
2024-10-23T19:00:00Z,91.51,91.596,91.478,91.589,91.541,91.629,91.506,91.619
2024-10-23T20:00:00Z,91.587,91.674,91.57,91.663,91.616,91.705,91.605,91.698
2024-10-23T21:00:00Z,91.589,91.742,91.586,91.627,91.745,91.913,91.678,91.702
2024-10-23T22:00:00Z,91.627,91.72,91.617,91.617,91.705,91.746,91.645,91.645
2024-10-23T23:00:00Z,91.615,91.739,91.579,91.721,91.643,91.771,91.61,91.753
2024-10-24T00:00:00Z,91.715,91.755,91.565,91.731,91.747,91.785,91.591,91.756
2024-10-24T01:00:00Z,91.729,91.808,91.674,91.746,91.756,91.837,91.703,91.773
2024-10-24T02:00:00Z,91.746,91.753,91.593,91.637,91.771,91.778,91.62,91.66
2024-10-24T03:00:00Z,91.636,91.706,91.584,91.603,91.66,91.736,91.611,91.63
2024-10-24T04:00:00Z,91.6,91.608,91.463,91.541,91.627,91.635,91.492,91.574
2024-10-24T05:00:00Z,91.544,91.632,91.527,91.619,91.577,91.658,91.556,91.643
2024-10-24T06:00:00Z,91.617,91.627,91.46,91.5,91.643,91.656,91.488,91.528
2024-10-24T07:00:00Z,91.505,91.754,91.498,91.625,91.531,91.786,91.521,91.647
2024-10-24T08:00:00Z,91.623,91.694,91.563,91.599,91.647,91.721,91.591,91.626
2024-10-24T09:00:00Z,91.599,91.62,91.495,91.568,91.625,91.647,91.525,91.594
2024-10-24T10:00:00Z,91.571,91.581,91.498,91.521,91.597,91.607,91.524,91.546
2024-10-24T11:00:00Z,91.52,91.633,91.491,91.632,91.546,91.66,91.516,91.655
2024-10-24T12:00:00Z,91.632,91.675,91.496,91.571,91.656,91.728,91.543,91.593
2024-10-24T13:00:00Z,91.573,91.627,91.457,91.519,91.594,91.657,91.495,91.56
2024-10-24T14:00:00Z,91.517,91.556,91.222,91.256,91.56,91.584,91.253,91.283
2024-10-24T15:00:00Z,91.255,91.313,91.103,91.202,91.286,91.339,91.134,91.229
2024-10-24T16:00:00Z,91.202,91.215,91.034,91.127,91.228,91.244,91.06,91.156
2024-10-24T17:00:00Z,91.128,91.252,91.123,91.148,91.156,91.278,91.153,91.182
2024-10-24T18:00:00Z,91.148,91.333,91.148,91.322,91.182,91.359,91.182,91.349
2024-10-24T19:00:00Z,91.326,91.361,91.287,91.326,91.35,91.387,91.313,91.353
2024-10-24T20:00:00Z,91.327,91.333,91.264,91.293,91.353,91.359,91.292,91.327
2024-10-24T21:00:00Z,91.24,91.298,91.206,91.279,91.434,91.454,91.329,91.353
2024-10-24T22:00:00Z,91.287,91.304,91.109,91.113,91.352,91.372,91.14,91.14
2024-10-24T23:00:00Z,91.113,91.192,91.031,91.168,91.141,91.219,91.062,91.194
2024-10-25T00:00:00Z,91.167,91.282,91.085,91.242,91.196,91.312,91.112,91.268
2024-10-25T01:00:00Z,91.241,91.275,91.114,91.159,91.265,91.299,91.143,91.187
2024-10-25T02:00:00Z,91.163,91.21,91.076,91.167,91.19,91.238,91.101,91.192
2024-10-25T03:00:00Z,91.165,91.167,90.915,90.983,91.191,91.193,90.941,91.011
2024-10-25T04:00:00Z,90.988,91.001,90.794,90.884,91.011,91.023,90.82,90.912
2024-10-25T05:00:00Z,90.88,90.977,90.763,90.967,90.908,91.003,90.791,90.994
2024-10-25T06:00:00Z,90.968,91.197,90.938,91.108,90.994,91.231,90.964,91.135
2024-10-25T07:00:00Z,91.111,91.18,91.024,91.117,91.133,91.216,91.05,91.143
2024-10-25T08:00:00Z,91.12,91.181,91.068,91.133,91.141,91.206,91.094,91.155
2024-10-25T09:00:00Z,91.133,91.294,91.112,91.23,91.158,91.319,91.136,91.255
2024-10-25T10:00:00Z,91.231,91.243,91.134,91.16,91.259,91.271,91.166,91.19
2024-10-25T11:00:00Z,91.16,91.18,91.086,91.131,91.188,91.208,91.118,91.157
2024-10-25T12:00:00Z,91.133,91.305,91.129,91.297,91.157,91.333,91.157,91.327
2024-10-25T13:00:00Z,91.298,91.451,91.237,91.276,91.326,91.485,91.27,91.334
2024-10-25T14:00:00Z,91.269,91.365,91.234,91.282,91.369,91.394,91.261,91.305
2024-10-25T15:00:00Z,91.282,91.282,91.099,91.109,91.307,91.309,91.124,91.137
2024-10-25T16:00:00Z,91.107,91.156,91.053,91.067,91.134,91.183,91.081,91.095
2024-10-25T17:00:00Z,91.062,91.09,90.908,90.948,91.089,91.115,90.931,90.973
2024-10-25T18:00:00Z,90.948,91.037,90.869,90.997,90.973,91.063,90.896,91.032
2024-10-25T19:00:00Z,90.998,91.087,90.94,90.943,91.032,91.117,90.969,90.973
2024-10-25T20:00:00Z,90.942,91.037,90.904,91.0,90.97,91.076,90.938,91.076
2024-10-27T21:00:00Z,91.623,91.623,91.203,91.405,91.78,91.78,91.349,91.554
2024-10-27T22:00:00Z,91.406,91.569,91.192,91.407,91.554,91.632,91.247,91.438
2024-10-27T23:00:00Z,91.408,91.563,91.352,91.431,91.438,91.596,91.38,91.457
2024-10-28T00:00:00Z,91.434,91.696,91.368,91.637,91.461,91.726,91.397,91.667
2024-10-28T01:00:00Z,91.635,91.843,91.627,91.834,91.664,91.874,91.655,91.863
2024-10-28T02:00:00Z,91.834,91.849,91.67,91.674,91.861,91.876,91.695,91.705
2024-10-28T03:00:00Z,91.674,91.735,91.55,91.581,91.703,91.762,91.58,91.612
2024-10-28T04:00:00Z,91.582,91.636,91.392,91.63,91.611,91.662,91.424,91.657
2024-10-28T05:00:00Z,91.63,91.671,91.51,91.539,91.659,91.7,91.536,91.567
2024-10-28T06:00:00Z,91.537,91.586,91.425,91.548,91.564,91.61,91.452,91.574
2024-10-28T07:00:00Z,91.552,91.653,91.469,91.537,91.578,91.686,91.498,91.563
2024-10-28T08:00:00Z,91.537,91.603,91.486,91.519,91.565,91.633,91.514,91.545
2024-10-28T09:00:00Z,91.524,91.539,91.326,91.363,91.55,91.565,91.352,91.39
2024-10-28T10:00:00Z,91.36,91.372,91.157,91.261,91.386,91.398,91.184,91.286
2024-10-28T11:00:00Z,91.26,91.424,91.213,91.419,91.284,91.454,91.243,91.45
2024-10-28T12:00:00Z,91.418,91.418,91.246,91.405,91.448,91.448,91.275,91.427
2024-10-28T13:00:00Z,91.404,91.592,91.377,91.577,91.43,91.617,91.403,91.601
2024-10-28T14:00:00Z,91.581,91.7,91.535,91.644,91.603,91.731,91.559,91.675
2024-10-28T15:00:00Z,91.642,91.657,91.547,91.593,91.675,91.687,91.576,91.62
2024-10-28T16:00:00Z,91.594,91.648,91.566,91.613,91.616,91.674,91.591,91.636
2024-10-28T17:00:00Z,91.608,91.628,91.548,91.573,91.635,91.661,91.583,91.608
2024-10-28T18:00:00Z,91.573,91.652,91.573,91.589,91.608,91.678,91.605,91.62
2024-10-28T19:00:00Z,91.588,91.642,91.544,91.624,91.62,91.677,91.576,91.65
2024-10-28T20:00:00Z,91.623,91.663,91.613,91.649,91.648,91.704,91.637,91.684
2024-10-28T21:00:00Z,91.641,91.681,91.531,91.613,91.782,91.782,91.657,91.675
2024-10-28T22:00:00Z,91.613,91.676,91.575,91.666,91.689,91.704,91.636,91.692
2024-10-28T23:00:00Z,91.664,91.74,91.624,91.702,91.69,91.771,91.65,91.732
2024-10-29T00:00:00Z,91.707,91.708,91.376,91.456,91.736,91.736,91.403,91.481
2024-10-29T01:00:00Z,91.459,91.56,91.404,91.462,91.483,91.586,91.432,91.488
2024-10-29T02:00:00Z,91.465,91.54,91.391,91.476,91.49,91.566,91.421,91.507
2024-10-29T03:00:00Z,91.475,91.484,91.326,91.342,91.507,91.515,91.354,91.37
2024-10-29T04:00:00Z,91.345,91.345,91.26,91.309,91.373,91.373,91.288,91.334
2024-10-29T05:00:00Z,91.31,91.337,91.221,91.257,91.337,91.364,91.253,91.284
2024-10-29T06:00:00Z,91.258,91.47,91.258,91.449,91.286,91.494,91.286,91.475
2024-10-29T07:00:00Z,91.445,91.575,91.445,91.497,91.471,91.6,91.471,91.523
2024-10-29T08:00:00Z,91.497,91.752,91.461,91.699,91.524,91.784,91.488,91.723
2024-10-29T09:00:00Z,91.699,91.75,91.655,91.716,91.728,91.78,91.686,91.742
2024-10-29T10:00:00Z,91.716,91.758,91.639,91.66,91.744,91.792,91.663,91.686
2024-10-29T11:00:00Z,91.66,91.724,91.628,91.711,91.688,91.756,91.656,91.739
2024-10-29T12:00:00Z,91.71,91.725,91.612,91.633,91.74,91.753,91.644,91.665
2024-10-29T13:00:00Z,91.635,91.654,91.555,91.566,91.664,91.698,91.583,91.698
2024-10-29T14:00:00Z,91.554,91.63,91.341,91.504,91.695,91.707,91.5,91.529
2024-10-29T15:00:00Z,91.503,91.564,91.469,91.477,91.531,91.592,91.493,91.505
2024-10-29T16:00:00Z,91.479,91.494,91.432,91.489,91.505,91.523,91.463,91.519
2024-10-29T17:00:00Z,91.489,91.526,91.42,91.459,91.518,91.56,91.452,91.491
2024-10-29T18:00:00Z,91.449,91.541,91.447,91.506,91.485,91.576,91.478,91.541
2024-10-29T19:00:00Z,91.503,91.531,91.47,91.509,91.534,91.565,91.502,91.541
2024-10-29T20:00:00Z,91.512,91.593,91.496,91.583,91.542,91.64,91.528,91.636
2024-10-29T21:00:00Z,91.537,91.613,91.447,91.538,91.669,91.677,91.573,91.606
2024-10-29T22:00:00Z,91.538,91.581,91.485,91.49,91.599,91.624,91.518,91.522
2024-10-29T23:00:00Z,91.489,91.533,91.442,91.478,91.52,91.568,91.471,91.508
2024-10-30T00:00:00Z,91.48,91.528,91.217,91.498,91.51,91.559,91.265,91.527
2024-10-30T01:00:00Z,91.496,91.563,91.434,91.495,91.527,91.595,91.467,91.523
2024-10-30T02:00:00Z,91.497,91.623,91.435,91.458,91.523,91.653,91.461,91.487
2024-10-30T03:00:00Z,91.461,91.464,91.255,91.306,91.493,91.493,91.286,91.334
2024-10-30T04:00:00Z,91.305,91.357,91.246,91.353,91.33,91.385,91.27,91.381
2024-10-30T05:00:00Z,91.353,91.368,91.242,91.308,91.382,91.393,91.272,91.331
2024-10-30T06:00:00Z,91.305,91.489,91.3,91.486,91.331,91.515,91.327,91.51
2024-10-30T07:00:00Z,91.493,91.677,91.481,91.661,91.51,91.705,91.51,91.689
2024-10-30T08:00:00Z,91.663,91.81,91.648,91.673,91.688,91.84,91.674,91.703
2024-10-30T09:00:00Z,91.688,91.798,91.642,91.665,91.704,91.825,91.672,91.689
2024-10-30T10:00:00Z,91.665,91.694,91.509,91.561,91.691,91.725,91.537,91.595
2024-10-30T11:00:00Z,91.558,91.57,91.483,91.559,91.593,91.602,91.51,91.586
2024-10-30T12:00:00Z,91.559,91.675,91.492,91.618,91.588,91.721,91.563,91.648
2024-10-30T13:00:00Z,91.619,91.675,91.47,91.579,91.65,91.705,91.498,91.611
2024-10-30T14:00:00Z,91.584,91.75,91.584,91.593,91.616,91.777,91.61,91.62
2024-10-30T15:00:00Z,91.59,91.741,91.579,91.66,91.618,91.769,91.609,91.687
2024-10-30T16:00:00Z,91.657,91.657,91.535,91.575,91.684,91.684,91.563,91.601
2024-10-30T17:00:00Z,91.571,91.691,91.567,91.662,91.597,91.719,91.595,91.694
2024-10-30T18:00:00Z,91.622,91.658,91.582,91.634,91.656,91.686,91.612,91.662
2024-10-30T19:00:00Z,91.635,91.682,91.572,91.58,91.662,91.71,91.602,91.61
2024-10-30T20:00:00Z,91.584,91.626,91.552,91.573,91.613,91.664,91.583,91.615
2024-10-30T21:00:00Z,91.517,91.592,91.499,91.535,91.717,91.747,91.62,91.682
2024-10-30T22:00:00Z,91.536,91.581,91.481,91.53,91.682,91.708,91.53,91.56
2024-10-30T23:00:00Z,91.533,91.582,91.457,91.488,91.563,91.618,91.488,91.518
2024-10-31T00:00:00Z,91.488,91.593,91.434,91.578,91.517,91.622,91.463,91.606
2024-10-31T01:00:00Z,91.578,91.812,91.57,91.694,91.607,91.841,91.6,91.725
2024-10-31T02:00:00Z,91.694,91.785,91.535,91.667,91.722,91.828,91.58,91.702
2024-10-31T03:00:00Z,91.671,91.675,91.335,91.389,91.706,91.71,91.367,91.418
2024-10-31T04:00:00Z,91.389,91.402,91.241,91.335,91.417,91.432,91.27,91.37
2024-10-31T05:00:00Z,91.335,91.447,91.316,91.372,91.366,91.476,91.346,91.399
2024-10-31T06:00:00Z,91.371,91.411,90.887,90.937,91.399,91.437,90.927,90.972
2024-10-31T07:00:00Z,90.943,91.206,90.865,91.061,90.972,91.242,90.897,91.091
2024-10-31T08:00:00Z,91.061,91.098,90.832,91.052,91.095,91.127,90.868,91.078
2024-10-31T09:00:00Z,91.053,91.134,90.941,91.097,91.076,91.158,90.965,91.134
2024-10-31T10:00:00Z,91.097,91.101,90.965,91.022,91.135,91.138,90.992,91.057
2024-10-31T11:00:00Z,91.023,91.236,91.023,91.227,91.055,91.266,91.055,91.255
2024-10-31T12:00:00Z,91.229,91.308,91.047,91.264,91.255,91.358,91.172,91.291
2024-10-31T13:00:00Z,91.265,91.328,90.918,90.958,91.293,91.358,90.953,90.989
2024-10-31T14:00:00Z,90.957,91.026,90.704,90.734,90.989,91.056,90.731,90.76
2024-10-31T15:00:00Z,90.732,90.758,90.41,90.648,90.755,90.785,90.444,90.677
2024-10-31T16:00:00Z,90.649,90.825,90.573,90.808,90.675,90.855,90.604,90.835
2024-10-31T17:00:00Z,90.809,90.877,90.689,90.704,90.834,90.903,90.719,90.74
2024-10-31T18:00:00Z,90.704,90.733,90.587,90.724,90.74,90.762,90.617,90.753
2024-10-31T19:00:00Z,90.727,90.84,90.705,90.776,90.756,90.869,90.738,90.808
2024-10-31T20:00:00Z,90.776,90.902,90.765,90.835,90.81,90.927,90.793,90.873
2024-10-31T21:00:00Z,90.839,90.88,90.766,90.866,90.955,90.982,90.9,90.982
2024-10-31T22:00:00Z,90.881,90.93,90.821,90.866,90.986,90.999,90.893,90.902
2024-10-31T23:00:00Z,90.87,90.892,90.654,90.736,90.905,90.924,90.687,90.762
2024-11-01T00:00:00Z,90.736,90.801,90.65,90.728,90.766,90.823,90.68,90.758
2024-11-01T01:00:00Z,90.73,90.888,90.711,90.809,90.76,90.921,90.741,90.836
2024-11-01T02:00:00Z,90.809,90.963,90.743,90.962,90.835,90.993,90.771,90.993
2024-11-01T03:00:00Z,90.964,91.102,90.932,91.085,90.993,91.13,90.96,91.112
2024-11-01T04:00:00Z,91.088,91.23,91.084,91.208,91.115,91.26,91.115,91.234
2024-11-01T05:00:00Z,91.209,91.239,91.076,91.077,91.234,91.269,91.107,91.107
2024-11-01T06:00:00Z,91.077,91.094,90.903,90.937,91.106,91.123,90.928,90.967
2024-11-01T07:00:00Z,90.938,91.035,90.836,91.0,90.964,91.058,90.862,91.027
2024-11-01T08:00:00Z,91.0,91.16,90.972,91.129,91.026,91.187,90.999,91.158
2024-11-01T09:00:00Z,91.133,91.209,91.106,91.137,91.159,91.244,91.132,91.162
2024-11-01T10:00:00Z,91.138,91.171,91.075,91.091,91.162,91.2,91.102,91.122
2024-11-01T11:00:00Z,91.09,91.169,91.05,91.156,91.119,91.195,91.083,91.187
2024-11-01T12:00:00Z,91.153,91.217,90.929,91.084,91.185,91.248,90.995,91.111
2024-11-01T13:00:00Z,91.082,91.296,91.036,91.203,91.104,91.337,91.066,91.337
2024-11-01T14:00:00Z,91.198,91.453,91.135,91.448,91.335,91.485,91.218,91.478
2024-11-01T15:00:00Z,91.45,91.488,91.369,91.444,91.482,91.524,91.398,91.472
2024-11-01T16:00:00Z,91.446,91.469,91.351,91.38,91.474,91.499,91.376,91.41
2024-11-01T17:00:00Z,91.381,91.399,91.176,91.182,91.409,91.43,91.205,91.213
2024-11-01T18:00:00Z,91.182,91.231,91.14,91.212,91.213,91.264,91.18,91.241
2024-11-01T19:00:00Z,91.212,91.255,91.127,91.166,91.242,91.283,91.157,91.196
2024-11-01T20:00:00Z,91.17,91.223,91.157,91.185,91.199,91.272,91.185,91.26
2024-11-03T22:00:00Z,91.359,91.385,91.04,91.04,91.519,91.539,91.21,91.237
2024-11-03T23:00:00Z,91.047,91.287,90.982,91.145,91.208,91.333,91.076,91.181
2024-11-04T00:00:00Z,91.146,91.169,90.966,91.164,91.181,91.203,90.993,91.191
2024-11-04T01:00:00Z,91.166,91.218,90.96,91.003,91.191,91.251,90.991,91.034
2024-11-04T02:00:00Z,91.002,91.16,90.984,91.087,91.034,91.188,91.015,91.116
2024-11-04T03:00:00Z,91.086,91.208,91.028,91.198,91.116,91.237,91.059,91.226
2024-11-04T04:00:00Z,91.199,91.206,91.142,91.193,91.226,91.235,91.172,91.225
2024-11-04T05:00:00Z,91.194,91.227,91.137,91.162,91.225,91.256,91.163,91.191
2024-11-04T06:00:00Z,91.162,91.226,91.08,91.222,91.189,91.254,91.11,91.245
2024-11-04T07:00:00Z,91.218,91.222,91.077,91.086,91.245,91.252,91.106,91.11
2024-11-04T08:00:00Z,91.082,91.097,90.974,91.057,91.111,91.125,91.007,91.084
2024-11-04T09:00:00Z,91.059,91.064,90.872,90.952,91.088,91.092,90.897,90.98
2024-11-04T10:00:00Z,90.952,91.004,90.798,90.848,90.983,91.032,90.826,90.879
2024-11-04T11:00:00Z,90.848,90.861,90.774,90.832,90.877,90.891,90.801,90.859
2024-11-04T12:00:00Z,90.833,90.946,90.809,90.926,90.858,90.98,90.837,90.958
2024-11-04T13:00:00Z,90.929,91.001,90.898,90.933,90.958,91.03,90.924,90.962
2024-11-04T14:00:00Z,90.931,91.069,90.883,90.979,90.963,91.102,90.917,91.021
2024-11-04T15:00:00Z,90.98,91.14,90.944,91.035,91.021,91.166,90.968,91.063
2024-11-04T16:00:00Z,91.038,91.073,90.793,90.835,91.063,91.101,90.821,90.861
2024-11-04T17:00:00Z,90.836,90.927,90.786,90.904,90.861,90.956,90.814,90.936
2024-11-04T18:00:00Z,90.904,90.95,90.814,90.893,90.936,90.979,90.844,90.924
2024-11-04T19:00:00Z,90.896,90.92,90.849,90.878,90.925,90.953,90.877,90.904
2024-11-04T20:00:00Z,90.878,90.901,90.837,90.845,90.906,90.935,90.866,90.871
2024-11-04T21:00:00Z,90.844,90.871,90.826,90.832,90.871,90.902,90.856,90.878
2024-11-04T22:00:00Z,90.831,90.853,90.778,90.833,90.884,91.015,90.884,90.924
2024-11-04T23:00:00Z,90.834,90.953,90.831,90.94,90.922,90.989,90.906,90.975
2024-11-05T00:00:00Z,90.939,90.965,90.828,90.91,90.975,90.993,90.858,90.942
2024-11-05T01:00:00Z,90.912,91.082,90.901,90.994,90.944,91.111,90.929,91.022
2024-11-05T02:00:00Z,90.99,91.044,90.953,90.964,91.02,91.073,90.978,90.994
2024-11-05T03:00:00Z,90.964,91.093,90.95,90.98,90.995,91.124,90.981,91.007
2024-11-05T04:00:00Z,90.978,91.202,90.975,91.133,91.007,91.234,91.003,91.164
2024-11-05T05:00:00Z,91.13,91.23,91.124,91.192,91.161,91.261,91.153,91.219
2024-11-05T06:00:00Z,91.189,91.236,91.097,91.207,91.216,91.268,91.122,91.235
2024-11-05T07:00:00Z,91.204,91.266,91.177,91.263,91.232,91.294,91.201,91.29
2024-11-05T08:00:00Z,91.26,91.37,91.25,91.312,91.288,91.398,91.281,91.34
2024-11-05T09:00:00Z,91.307,91.364,91.222,91.276,91.336,91.391,91.251,91.302
2024-11-05T10:00:00Z,91.276,91.332,91.247,91.324,91.3,91.359,91.272,91.352
2024-11-05T11:00:00Z,91.323,91.373,91.264,91.281,91.35,91.403,91.293,91.309
2024-11-05T12:00:00Z,91.284,91.347,91.232,91.325,91.311,91.376,91.26,91.352
2024-11-05T13:00:00Z,91.324,91.338,91.131,91.182,91.353,91.364,91.161,91.208
2024-11-05T14:00:00Z,91.182,91.277,91.157,91.157,91.21,91.307,91.187,91.295
2024-11-05T15:00:00Z,91.117,91.288,91.091,91.185,91.317,91.43,91.124,91.212
2024-11-05T16:00:00Z,91.186,91.252,91.126,91.133,91.212,91.284,91.154,91.164
2024-11-05T17:00:00Z,91.134,91.134,90.925,90.985,91.167,91.167,90.957,91.019
2024-11-05T18:00:00Z,90.985,91.018,90.82,90.856,91.019,91.045,90.856,90.884
2024-11-05T19:00:00Z,90.853,90.878,90.736,90.799,90.882,90.91,90.774,90.832
2024-11-05T20:00:00Z,90.794,90.813,90.727,90.8,90.831,90.843,90.759,90.833
2024-11-05T21:00:00Z,90.796,91.159,90.767,91.042,90.83,91.188,90.8,91.1
2024-11-05T22:00:00Z,90.973,91.057,90.881,90.925,91.152,91.191,90.998,91.051
2024-11-05T23:00:00Z,90.925,91.166,90.919,91.088,91.046,91.199,91.04,91.133
2024-11-06T00:00:00Z,91.093,91.274,91.032,91.227,91.132,91.312,91.07,91.256
2024-11-06T01:00:00Z,91.227,91.351,91.128,91.323,91.254,91.385,91.165,91.359
2024-11-06T02:00:00Z,91.316,91.546,91.251,91.489,91.348,91.593,91.295,91.522
2024-11-06T03:00:00Z,91.488,91.644,91.06,91.103,91.519,91.667,91.104,91.147
2024-11-06T04:00:00Z,91.104,91.266,91.029,91.144,91.146,91.308,91.075,91.176
2024-11-06T05:00:00Z,91.148,91.278,91.004,91.261,91.178,91.318,91.042,91.292
2024-11-06T06:00:00Z,91.257,91.355,91.131,91.194,91.291,91.389,91.169,91.236
2024-11-06T07:00:00Z,91.19,91.364,91.149,91.303,91.232,91.401,91.191,91.333
2024-11-06T08:00:00Z,91.301,91.878,91.285,91.813,91.333,91.917,91.314,91.846
2024-11-06T09:00:00Z,91.813,91.92,91.65,91.905,91.844,91.952,91.682,91.932
2024-11-06T10:00:00Z,91.904,91.956,91.811,91.826,91.932,91.988,91.843,91.859
2024-11-06T11:00:00Z,91.824,91.838,91.517,91.596,91.854,91.871,91.55,91.628
2024-11-06T12:00:00Z,91.591,91.818,91.57,91.783,91.623,91.85,91.607,91.813
2024-11-06T13:00:00Z,91.78,91.782,91.562,91.648,91.811,91.814,91.591,91.68
2024-11-06T14:00:00Z,91.652,91.801,91.55,91.588,91.685,91.832,91.576,91.616
2024-11-06T15:00:00Z,91.592,91.843,91.578,91.826,91.621,91.869,91.611,91.855
2024-11-06T16:00:00Z,91.828,91.921,91.689,91.861,91.857,91.953,91.72,91.894
2024-11-06T17:00:00Z,91.862,91.929,91.805,91.863,91.892,91.96,91.838,91.901
2024-11-06T18:00:00Z,91.863,91.96,91.811,91.914,91.901,91.989,91.843,91.946
2024-11-06T19:00:00Z,91.913,91.924,91.792,91.822,91.948,91.955,91.825,91.853
2024-11-06T20:00:00Z,91.823,91.893,91.801,91.801,91.855,91.926,91.832,91.833
2024-11-06T21:00:00Z,91.802,91.827,91.71,91.761,91.832,91.855,91.748,91.816
2024-11-06T22:00:00Z,91.725,91.818,91.639,91.748,91.909,92.018,91.797,91.825
2024-11-06T23:00:00Z,91.749,91.827,91.61,91.622,91.824,91.858,91.64,91.651
2024-11-07T00:00:00Z,91.618,91.789,91.586,91.713,91.647,91.819,91.62,91.745
2024-11-07T01:00:00Z,91.709,91.914,91.653,91.91,91.741,91.945,91.681,91.942
2024-11-07T02:00:00Z,91.911,92.247,91.886,92.223,91.942,92.277,91.918,92.25
2024-11-07T03:00:00Z,92.223,92.392,92.192,92.322,92.253,92.422,92.22,92.351
2024-11-07T04:00:00Z,92.323,92.367,92.134,92.197,92.35,92.394,92.161,92.229
2024-11-07T05:00:00Z,92.197,92.338,92.172,92.176,92.23,92.367,92.204,92.209
2024-11-07T06:00:00Z,92.176,92.286,92.148,92.187,92.208,92.315,92.179,92.22
2024-11-07T07:00:00Z,92.187,92.266,92.139,92.261,92.221,92.293,92.167,92.283
2024-11-07T08:00:00Z,92.261,92.419,92.252,92.404,92.284,92.449,92.277,92.431
2024-11-07T09:00:00Z,92.402,92.423,92.199,92.23,92.431,92.451,92.226,92.256
2024-11-07T10:00:00Z,92.23,92.248,92.147,92.222,92.252,92.278,92.179,92.25
2024-11-07T11:00:00Z,92.223,92.273,92.198,92.232,92.25,92.302,92.229,92.267
2024-11-07T12:00:00Z,92.235,92.321,92.135,92.318,92.27,92.35,92.166,92.347
2024-11-07T13:00:00Z,92.316,92.451,92.141,92.362,92.343,92.484,92.276,92.392
2024-11-07T14:00:00Z,92.363,92.394,92.253,92.346,92.394,92.425,92.284,92.374
2024-11-07T15:00:00Z,92.342,92.423,92.189,92.277,92.374,92.454,92.216,92.306
2024-11-07T16:00:00Z,92.278,92.31,92.132,92.161,92.308,92.337,92.164,92.192
2024-11-07T17:00:00Z,92.162,92.203,92.115,92.159,92.192,92.23,92.147,92.194
2024-11-07T18:00:00Z,92.159,92.159,92.018,92.025,92.194,92.194,92.046,92.165
2024-11-07T19:00:00Z,92.034,92.219,91.988,92.104,92.159,92.261,92.07,92.136
2024-11-07T20:00:00Z,92.099,92.152,92.02,92.064,92.137,92.19,92.053,92.093
2024-11-07T21:00:00Z,92.066,92.144,92.017,92.115,92.093,92.176,92.048,92.164
2024-11-07T22:00:00Z,92.097,92.123,92.02,92.123,92.21,92.239,92.136,92.163
2024-11-07T23:00:00Z,92.121,92.239,92.091,92.222,92.163,92.269,92.133,92.252
2024-11-08T00:00:00Z,92.223,92.274,92.081,92.165,92.251,92.306,92.115,92.195
2024-11-08T01:00:00Z,92.169,92.248,92.056,92.072,92.198,92.28,92.091,92.107
2024-11-08T02:00:00Z,92.067,92.086,91.955,91.984,92.101,92.116,91.984,92.01
2024-11-08T03:00:00Z,91.982,92.003,91.693,91.7,92.013,92.031,91.722,91.731
2024-11-08T04:00:00Z,91.699,91.827,91.598,91.81,91.731,91.856,91.631,91.841
2024-11-08T05:00:00Z,91.81,91.882,91.78,91.795,91.842,91.91,91.808,91.821
2024-11-08T06:00:00Z,91.793,91.835,91.707,91.818,91.821,91.867,91.737,91.849
2024-11-08T07:00:00Z,91.814,91.862,91.703,91.713,91.845,91.893,91.73,91.743
2024-11-08T08:00:00Z,91.714,91.741,91.356,91.42,91.74,91.772,91.389,91.451
2024-11-08T09:00:00Z,91.422,91.6,91.411,91.482,91.451,91.631,91.439,91.508
2024-11-08T10:00:00Z,91.48,91.543,91.312,91.377,91.508,91.574,91.341,91.404
2024-11-08T11:00:00Z,91.377,91.496,91.355,91.453,91.406,91.527,91.385,91.484
2024-11-08T12:00:00Z,91.451,91.459,91.329,91.332,91.481,91.492,91.357,91.359
2024-11-08T13:00:00Z,91.329,91.379,91.269,91.307,91.355,91.409,91.299,91.339
2024-11-08T14:00:00Z,91.307,91.4,91.231,91.352,91.338,91.432,91.263,91.412
2024-11-08T15:00:00Z,91.36,91.413,91.132,91.139,91.412,91.446,91.161,91.166
2024-11-08T16:00:00Z,91.138,91.146,90.925,90.934,91.164,91.173,90.957,90.967
2024-11-08T17:00:00Z,90.932,90.982,90.805,90.98,90.967,91.011,90.84,91.01
2024-11-08T18:00:00Z,90.98,91.011,90.913,90.947,91.01,91.04,90.94,90.979
2024-11-08T19:00:00Z,90.947,90.99,90.917,90.978,90.978,91.025,90.949,91.011
2024-11-08T20:00:00Z,90.978,91.007,90.942,90.959,91.012,91.039,90.974,90.989
2024-11-08T21:00:00Z,90.957,91.075,90.922,91.044,90.987,91.17,90.955,91.116
2024-11-10T22:00:00Z,90.935,91.085,90.9,90.95,91.135,91.285,91.076,91.102
2024-11-10T23:00:00Z,90.972,91.256,90.972,91.189,91.1,91.289,91.082,91.222
2024-11-11T00:00:00Z,91.194,91.34,91.163,91.337,91.229,91.37,91.196,91.367
2024-11-11T01:00:00Z,91.336,91.418,91.32,91.418,91.365,91.45,91.347,91.449
2024-11-11T02:00:00Z,91.419,91.584,91.367,91.571,91.451,91.615,91.4,91.601
2024-11-11T03:00:00Z,91.572,91.664,91.561,91.664,91.601,91.693,91.59,91.691
2024-11-11T04:00:00Z,91.665,91.754,91.637,91.733,91.691,91.787,91.668,91.759
2024-11-11T05:00:00Z,91.734,91.827,91.668,91.675,91.763,91.856,91.696,91.705
2024-11-11T06:00:00Z,91.676,91.713,91.6,91.637,91.704,91.741,91.632,91.665
2024-11-11T07:00:00Z,91.639,91.663,91.467,91.635,91.666,91.692,91.499,91.664
2024-11-11T08:00:00Z,91.638,91.724,91.601,91.657,91.666,91.76,91.635,91.69
2024-11-11T09:00:00Z,91.659,91.785,91.581,91.701,91.691,91.811,91.608,91.729
2024-11-11T10:00:00Z,91.701,91.769,91.642,91.695,91.728,91.799,91.671,91.723
2024-11-11T11:00:00Z,91.692,91.778,91.658,91.76,91.72,91.813,91.69,91.789
2024-11-11T12:00:00Z,91.762,91.794,91.729,91.737,91.794,91.825,91.757,91.768
2024-11-11T13:00:00Z,91.737,91.754,91.568,91.582,91.767,91.784,91.595,91.613
2024-11-11T14:00:00Z,91.581,91.662,91.522,91.629,91.608,91.691,91.55,91.66
2024-11-11T15:00:00Z,91.634,91.693,91.615,91.659,91.664,91.724,91.641,91.686
2024-11-11T16:00:00Z,91.661,91.699,91.626,91.66,91.689,91.73,91.66,91.686
2024-11-11T17:00:00Z,91.657,91.711,91.647,91.671,91.682,91.739,91.675,91.709
2024-11-11T18:00:00Z,91.671,91.671,91.533,91.637,91.709,91.709,91.564,91.662
2024-11-11T19:00:00Z,91.637,91.644,91.6,91.611,91.664,91.674,91.629,91.64
2024-11-11T20:00:00Z,91.611,91.634,91.562,91.581,91.641,91.666,91.592,91.609
2024-11-11T21:00:00Z,91.583,91.663,91.559,91.662,91.611,91.7,91.588,91.696
2024-11-11T22:00:00Z,91.543,91.682,91.543,91.644,91.73,91.757,91.685,91.703
2024-11-11T23:00:00Z,91.646,91.676,91.567,91.636,91.703,91.722,91.595,91.663
2024-11-12T00:00:00Z,91.634,91.751,91.546,91.731,91.66,91.779,91.571,91.758
2024-11-12T01:00:00Z,91.731,91.889,91.713,91.822,91.763,91.918,91.738,91.848
2024-11-12T02:00:00Z,91.82,91.825,91.591,91.637,91.843,91.856,91.618,91.665
2024-11-12T03:00:00Z,91.642,91.652,91.473,91.489,91.668,91.681,91.503,91.519
2024-11-12T04:00:00Z,91.486,91.502,91.398,91.454,91.518,91.53,91.428,91.482
2024-11-12T05:00:00Z,91.454,91.454,91.343,91.427,91.484,91.484,91.371,91.457
2024-11-12T06:00:00Z,91.425,91.605,91.399,91.594,91.454,91.635,91.427,91.624
2024-11-12T07:00:00Z,91.594,91.621,91.523,91.561,91.62,91.65,91.553,91.59
2024-11-12T08:00:00Z,91.563,91.66,91.446,91.648,91.59,91.689,91.474,91.678
2024-11-12T09:00:00Z,91.646,91.661,91.54,91.621,91.677,91.689,91.569,91.652
2024-11-12T10:00:00Z,91.621,91.623,91.489,91.526,91.651,91.652,91.518,91.558
2024-11-12T11:00:00Z,91.526,91.616,91.489,91.579,91.556,91.647,91.515,91.614
2024-11-12T12:00:00Z,91.579,91.679,91.575,91.664,91.613,91.708,91.603,91.689
2024-11-12T13:00:00Z,91.665,91.825,91.656,91.817,91.689,91.851,91.683,91.843
2024-11-12T14:00:00Z,91.817,91.818,91.655,91.714,91.848,91.851,91.684,91.741
2024-11-12T15:00:00Z,91.715,91.719,91.559,91.646,91.741,91.746,91.588,91.673
2024-11-12T16:00:00Z,91.647,91.675,91.534,91.55,91.673,91.706,91.563,91.576
2024-11-12T17:00:00Z,91.549,91.606,91.49,91.506,91.579,91.641,91.519,91.538
2024-11-12T18:00:00Z,91.506,91.62,91.506,91.609,91.538,91.651,91.538,91.637
2024-11-12T19:00:00Z,91.605,91.646,91.587,91.619,91.634,91.679,91.615,91.651
2024-11-12T20:00:00Z,91.62,91.676,91.581,91.594,91.653,91.709,91.618,91.632
2024-11-12T21:00:00Z,91.594,91.654,91.558,91.608,91.631,91.684,91.591,91.641
2024-11-12T22:00:00Z,91.585,91.585,91.478,91.494,91.643,91.708,91.537,91.543
2024-11-12T23:00:00Z,91.496,91.59,91.477,91.587,91.526,91.619,91.521,91.611
2024-11-13T00:00:00Z,91.588,91.713,91.555,91.697,91.613,91.745,91.589,91.729
2024-11-13T01:00:00Z,91.697,91.839,91.662,91.682,91.731,91.868,91.689,91.707
2024-11-13T02:00:00Z,91.681,91.753,91.607,91.744,91.709,91.781,91.637,91.77
2024-11-13T03:00:00Z,91.743,91.792,91.694,91.754,91.77,91.816,91.719,91.782
2024-11-13T04:00:00Z,91.753,91.831,91.731,91.8,91.782,91.861,91.758,91.828
2024-11-13T05:00:00Z,91.801,91.836,91.694,91.817,91.828,91.865,91.722,91.846
2024-11-13T06:00:00Z,91.814,91.887,91.809,91.856,91.844,91.916,91.838,91.884
2024-11-13T07:00:00Z,91.852,91.928,91.773,91.872,91.88,91.953,91.805,91.902
2024-11-13T08:00:00Z,91.873,91.935,91.828,91.861,91.902,91.968,91.856,91.888
2024-11-13T09:00:00Z,91.86,91.901,91.818,91.878,91.888,91.931,91.85,91.911
2024-11-13T10:00:00Z,91.879,91.89,91.771,91.823,91.911,91.92,91.796,91.853
2024-11-13T11:00:00Z,91.823,91.846,91.747,91.815,91.851,91.873,91.775,91.841
2024-11-13T12:00:00Z,91.815,91.857,91.777,91.812,91.839,91.885,91.806,91.838
2024-11-13T13:00:00Z,91.814,91.909,91.636,91.72,91.838,91.98,91.722,91.749
2024-11-13T14:00:00Z,91.718,91.727,91.367,91.398,91.749,91.76,91.396,91.426
2024-11-13T15:00:00Z,91.394,91.468,91.262,91.45,91.426,91.496,91.293,91.479
2024-11-13T16:00:00Z,91.449,91.47,91.35,91.384,91.476,91.498,91.382,91.415
2024-11-13T17:00:00Z,91.383,91.441,91.365,91.398,91.413,91.471,91.392,91.43
2024-11-13T18:00:00Z,91.398,91.534,91.35,91.529,91.43,91.572,91.379,91.567
2024-11-13T19:00:00Z,91.53,91.562,91.445,91.468,91.566,91.596,91.474,91.492
2024-11-13T20:00:00Z,91.467,91.481,91.374,91.402,91.488,91.506,91.404,91.429
2024-11-13T21:00:00Z,91.4,91.431,91.319,91.368,91.429,91.459,91.347,91.409
2024-11-13T22:00:00Z,91.331,91.408,91.266,91.368,91.515,91.55,91.416,91.484
2024-11-13T23:00:00Z,91.369,91.45,91.328,91.425,91.482,91.504,91.384,91.459
2024-11-14T00:00:00Z,91.427,91.577,91.407,91.549,91.46,91.604,91.438,91.576
2024-11-14T01:00:00Z,91.547,91.58,91.425,91.492,91.574,91.61,91.459,91.52
2024-11-14T02:00:00Z,91.492,91.549,91.442,91.502,91.521,91.579,91.467,91.525
2024-11-14T03:00:00Z,91.501,91.511,91.355,91.418,91.526,91.539,91.383,91.448
2024-11-14T04:00:00Z,91.416,91.469,91.353,91.422,91.448,91.492,91.383,91.448
2024-11-14T05:00:00Z,91.425,91.431,91.324,91.428,91.449,91.458,91.352,91.454
2024-11-14T06:00:00Z,91.429,91.441,91.333,91.357,91.454,91.467,91.36,91.384
2024-11-14T07:00:00Z,91.356,91.448,91.277,91.411,91.38,91.472,91.307,91.439
2024-11-14T08:00:00Z,91.407,91.477,91.371,91.45,91.435,91.504,91.397,91.477
2024-11-14T09:00:00Z,91.45,91.503,91.373,91.426,91.476,91.53,91.399,91.456
2024-11-14T10:00:00Z,91.426,91.461,91.337,91.408,91.455,91.492,91.367,91.438
2024-11-14T11:00:00Z,91.407,91.435,91.272,91.417,91.434,91.464,91.302,91.446
2024-11-14T12:00:00Z,91.415,91.52,91.374,91.462,91.446,91.551,91.404,91.489
2024-11-14T13:00:00Z,91.465,91.536,91.397,91.446,91.491,91.631,91.435,91.476
2024-11-14T14:00:00Z,91.446,91.514,91.423,91.468,91.475,91.541,91.455,91.5
2024-11-14T15:00:00Z,91.471,91.697,91.448,91.655,91.502,91.726,91.478,91.679
2024-11-14T16:00:00Z,91.654,91.675,91.544,91.564,91.679,91.701,91.573,91.592
2024-11-14T17:00:00Z,91.566,91.614,91.446,91.507,91.592,91.642,91.475,91.539
2024-11-14T18:00:00Z,91.507,91.522,91.427,91.439,91.539,91.545,91.459,91.469
2024-11-14T19:00:00Z,91.438,91.527,91.42,91.434,91.467,91.558,91.448,91.468
2024-11-14T20:00:00Z,91.433,91.481,91.278,91.336,91.47,91.512,91.31,91.375
2024-11-14T21:00:00Z,91.331,91.421,91.308,91.384,91.376,91.468,91.342,91.428
2024-11-14T22:00:00Z,91.385,91.413,91.281,91.333,91.516,91.538,91.412,91.467
2024-11-14T23:00:00Z,91.325,91.543,91.325,91.512,91.472,91.578,91.384,91.548
2024-11-15T00:00:00Z,91.511,91.589,91.457,91.514,91.548,91.619,91.495,91.548
2024-11-15T01:00:00Z,91.512,91.595,91.421,91.564,91.545,91.626,91.453,91.594
2024-11-15T02:00:00Z,91.564,91.66,91.528,91.651,91.597,91.692,91.558,91.68
2024-11-15T03:00:00Z,91.651,91.688,91.594,91.646,91.682,91.717,91.628,91.675
2024-11-15T04:00:00Z,91.647,91.703,91.585,91.612,91.674,91.731,91.617,91.643
2024-11-15T05:00:00Z,91.613,91.656,91.582,91.645,91.643,91.687,91.612,91.673
2024-11-15T06:00:00Z,91.646,91.689,91.446,91.528,91.673,91.717,91.478,91.556
2024-11-15T07:00:00Z,91.525,91.548,91.339,91.341,91.554,91.578,91.364,91.372
2024-11-15T08:00:00Z,91.339,91.339,91.176,91.258,91.368,91.368,91.205,91.281
2024-11-15T09:00:00Z,91.259,91.44,91.128,91.192,91.281,91.468,91.157,91.221
2024-11-15T10:00:00Z,91.192,91.229,91.108,91.215,91.22,91.263,91.139,91.248
2024-11-15T11:00:00Z,91.215,91.321,91.133,91.314,91.245,91.353,91.165,91.346
2024-11-15T12:00:00Z,91.31,91.331,91.235,91.252,91.345,91.361,91.263,91.281
2024-11-15T13:00:00Z,91.245,91.32,91.062,91.067,91.273,91.438,91.09,91.099
2024-11-15T14:00:00Z,91.068,91.125,90.922,91.019,91.099,91.153,90.955,91.053
2024-11-15T15:00:00Z,91.023,91.025,90.632,90.82,91.057,91.058,90.661,90.852
2024-11-15T16:00:00Z,90.823,90.857,90.568,90.604,90.852,90.89,90.598,90.637
2024-11-15T17:00:00Z,90.605,90.708,90.429,90.479,90.637,90.738,90.464,90.514
2024-11-15T18:00:00Z,90.479,90.479,90.231,90.299,90.514,90.514,90.265,90.329
2024-11-15T19:00:00Z,90.301,90.433,90.289,90.341,90.329,90.464,90.321,90.374
2024-11-15T20:00:00Z,90.339,90.403,90.295,90.382,90.373,90.437,90.329,90.412
2024-11-15T21:00:00Z,90.383,90.557,90.373,90.508,90.411,90.66,90.407,90.592
2024-11-17T22:00:00Z,90.441,90.569,90.378,90.533,90.641,90.733,90.531,90.679
2024-11-17T23:00:00Z,90.547,90.708,90.502,90.664,90.642,90.752,90.556,90.696
2024-11-18T00:00:00Z,90.666,90.672,90.349,90.615,90.696,90.701,90.377,90.644
2024-11-18T01:00:00Z,90.617,90.997,90.524,90.671,90.644,91.037,90.565,90.704
2024-11-18T02:00:00Z,90.673,90.845,90.654,90.755,90.706,90.873,90.687,90.781
2024-11-18T03:00:00Z,90.753,90.797,90.515,90.526,90.781,90.828,90.547,90.557
2024-11-18T04:00:00Z,90.528,90.623,90.418,90.619,90.556,90.655,90.449,90.65
2024-11-18T05:00:00Z,90.62,90.642,90.482,90.583,90.649,90.675,90.509,90.612
2024-11-18T06:00:00Z,90.584,90.584,90.399,90.517,90.612,90.614,90.426,90.546
2024-11-18T07:00:00Z,90.517,90.537,90.315,90.363,90.545,90.567,90.341,90.391
2024-11-18T08:00:00Z,90.365,90.554,90.352,90.542,90.392,90.583,90.38,90.569
2024-11-18T09:00:00Z,90.546,90.55,90.378,90.504,90.574,90.578,90.406,90.537
2024-11-18T10:00:00Z,90.504,90.601,90.476,90.579,90.534,90.627,90.509,90.607
2024-11-18T11:00:00Z,90.577,90.614,90.482,90.523,90.604,90.641,90.511,90.557
2024-11-18T12:00:00Z,90.523,90.661,90.516,90.648,90.558,90.688,90.543,90.677
2024-11-18T13:00:00Z,90.65,90.688,90.576,90.61,90.679,90.715,90.603,90.635
2024-11-18T14:00:00Z,90.609,90.691,90.545,90.655,90.635,90.717,90.576,90.689
2024-11-18T15:00:00Z,90.664,90.95,90.653,90.909,90.692,90.98,90.679,90.936
2024-11-18T16:00:00Z,90.909,91.091,90.892,91.023,90.935,91.118,90.921,91.05
2024-11-18T17:00:00Z,91.021,91.07,90.975,91.056,91.049,91.108,91.002,91.097
2024-11-18T18:00:00Z,91.056,91.12,91.03,91.117,91.097,91.152,91.056,91.148
2024-11-18T19:00:00Z,91.115,91.147,91.053,91.114,91.147,91.185,91.084,91.141
2024-11-18T20:00:00Z,91.115,91.124,91.044,91.093,91.143,91.152,91.076,91.129
2024-11-18T21:00:00Z,91.095,91.126,91.053,91.121,91.129,91.184,91.085,91.182
2024-11-18T22:00:00Z,91.015,91.079,91.006,91.05,91.151,91.232,91.151,91.164
2024-11-18T23:00:00Z,91.049,91.1,90.953,91.058,91.166,91.166,90.996,91.086
2024-11-19T00:00:00Z,91.055,91.065,90.725,90.783,91.087,91.093,90.752,90.812
2024-11-19T01:00:00Z,90.783,90.811,90.608,90.787,90.813,90.84,90.636,90.817
2024-11-19T02:00:00Z,90.786,90.817,90.707,90.746,90.814,90.844,90.736,90.772
2024-11-19T03:00:00Z,90.744,90.93,90.69,90.928,90.772,90.957,90.723,90.954
2024-11-19T04:00:00Z,90.921,90.986,90.894,90.897,90.947,91.013,90.927,90.929
2024-11-19T05:00:00Z,90.901,90.938,90.834,90.923,90.934,90.964,90.862,90.949
2024-11-19T06:00:00Z,90.925,91.094,90.907,91.085,90.952,91.121,90.932,91.112
2024-11-19T07:00:00Z,91.086,91.165,90.981,91.066,91.112,91.193,91.009,91.096
2024-11-19T08:00:00Z,91.068,91.08,90.216,90.5,91.1,91.107,90.246,90.53
2024-11-19T09:00:00Z,90.5,90.681,90.11,90.384,90.531,90.72,90.14,90.413
2024-11-19T10:00:00Z,90.378,90.539,90.287,90.496,90.413,90.573,90.32,90.529
2024-11-19T11:00:00Z,90.497,90.649,90.425,90.609,90.528,90.684,90.452,90.641
2024-11-19T12:00:00Z,90.61,90.753,90.592,90.676,90.641,90.784,90.623,90.71
2024-11-19T13:00:00Z,90.677,90.726,90.431,90.457,90.71,90.757,90.467,90.493
2024-11-19T14:00:00Z,90.459,90.914,90.432,90.79,90.495,90.944,90.465,90.818
2024-11-19T15:00:00Z,90.79,90.895,90.663,90.846,90.819,90.923,90.691,90.875
2024-11-19T16:00:00Z,90.847,91.159,90.812,91.137,90.873,91.19,90.843,91.166
2024-11-19T17:00:00Z,91.136,91.359,91.122,91.325,91.166,91.391,91.151,91.359
2024-11-19T18:00:00Z,91.325,91.343,91.243,91.326,91.359,91.376,91.273,91.356
2024-11-19T19:00:00Z,91.329,91.419,91.324,91.417,91.359,91.451,91.353,91.449
2024-11-19T20:00:00Z,91.416,91.441,91.387,91.4,91.449,91.473,91.416,91.428
2024-11-19T21:00:00Z,91.403,91.445,91.382,91.397,91.43,91.49,91.421,91.458
2024-11-19T22:00:00Z,91.312,91.413,91.285,91.377,91.478,91.502,91.419,91.454
2024-11-19T23:00:00Z,91.369,91.576,91.356,91.564,91.463,91.613,91.415,91.597
2024-11-20T00:00:00Z,91.566,91.668,91.512,91.62,91.598,91.702,91.549,91.653
2024-11-20T01:00:00Z,91.617,91.621,91.429,91.523,91.651,91.656,91.457,91.559
2024-11-20T02:00:00Z,91.522,91.593,91.492,91.532,91.555,91.623,91.523,91.562
2024-11-20T03:00:00Z,91.53,91.585,91.456,91.503,91.561,91.615,91.484,91.531
2024-11-20T04:00:00Z,91.501,91.62,91.494,91.6,91.532,91.651,91.524,91.63
2024-11-20T05:00:00Z,91.6,91.618,91.54,91.601,91.631,91.647,91.566,91.629
2024-11-20T06:00:00Z,91.599,91.768,91.575,91.645,91.627,91.801,91.606,91.672
2024-11-20T07:00:00Z,91.642,91.796,91.638,91.722,91.671,91.823,91.661,91.748
2024-11-20T08:00:00Z,91.721,91.777,91.6,91.605,91.75,91.802,91.631,91.635
2024-11-20T09:00:00Z,91.605,91.766,91.562,91.658,91.633,91.8,91.59,91.685
2024-11-20T10:00:00Z,91.66,91.683,91.553,91.555,91.685,91.715,91.579,91.584
2024-11-20T11:00:00Z,91.553,91.602,91.517,91.592,91.584,91.634,91.545,91.619
2024-11-20T12:00:00Z,91.594,91.642,91.556,91.564,91.619,91.672,91.582,91.592
2024-11-20T13:00:00Z,91.568,91.619,91.475,91.548,91.595,91.648,91.508,91.574
2024-11-20T14:00:00Z,91.549,91.56,91.181,91.237,91.573,91.588,91.216,91.273
2024-11-20T15:00:00Z,91.236,91.342,90.939,91.3,91.268,91.375,90.974,91.329
2024-11-20T16:00:00Z,91.3,91.373,91.068,91.204,91.33,91.406,91.099,91.23
2024-11-20T17:00:00Z,91.204,91.245,91.123,91.159,91.229,91.274,91.158,91.192
2024-11-20T18:00:00Z,91.159,91.188,91.08,91.158,91.192,91.232,91.12,91.185
2024-11-20T19:00:00Z,91.161,91.2,91.1,91.166,91.186,91.231,91.127,91.192
2024-11-20T20:00:00Z,91.164,91.283,91.151,91.263,91.192,91.314,91.179,91.298
2024-11-20T21:00:00Z,91.266,91.311,91.216,91.289,91.3,91.36,91.247,91.344
2024-11-20T22:00:00Z,91.25,91.298,91.196,91.236,91.422,91.448,91.33,91.33
2024-11-20T23:00:00Z,91.226,91.318,91.226,91.286,91.328,91.353,91.272,91.32
2024-11-21T00:00:00Z,91.286,91.311,91.057,91.161,91.321,91.342,91.089,91.194
2024-11-21T01:00:00Z,91.161,91.212,91.11,91.156,91.193,91.248,91.139,91.19
2024-11-21T02:00:00Z,91.156,91.174,91.03,91.088,91.189,91.205,91.062,91.117
2024-11-21T03:00:00Z,91.083,91.099,91.014,91.072,91.114,91.127,91.048,91.101
2024-11-21T04:00:00Z,91.07,91.16,91.039,91.128,91.1,91.186,91.069,91.161
2024-11-21T05:00:00Z,91.127,91.19,91.064,91.087,91.156,91.219,91.094,91.106
2024-11-21T06:00:00Z,91.082,91.104,90.746,90.817,91.106,91.133,90.776,90.851
2024-11-21T07:00:00Z,90.821,90.938,90.63,90.832,90.856,90.97,90.665,90.857
2024-11-21T08:00:00Z,90.829,90.902,90.61,90.723,90.853,90.932,90.64,90.753
2024-11-21T09:00:00Z,90.722,90.722,90.325,90.504,90.753,90.753,90.351,90.531
2024-11-21T10:00:00Z,90.502,90.57,90.442,90.559,90.53,90.6,90.472,90.586
2024-11-21T11:00:00Z,90.558,90.725,90.5,90.703,90.583,90.753,90.528,90.727
2024-11-21T12:00:00Z,90.703,90.813,90.66,90.733,90.729,90.84,90.686,90.763
2024-11-21T13:00:00Z,90.732,90.75,90.529,90.654,90.763,90.841,90.557,90.684
2024-11-21T14:00:00Z,90.652,90.746,90.42,90.56,90.683,90.777,90.454,90.614
2024-11-21T15:00:00Z,90.564,90.653,90.426,90.498,90.614,90.683,90.458,90.528
2024-11-21T16:00:00Z,90.499,90.613,90.428,90.479,90.526,90.641,90.456,90.507
2024-11-21T17:00:00Z,90.479,90.606,90.423,90.569,90.511,90.63,90.449,90.6
2024-11-21T18:00:00Z,90.569,90.686,90.569,90.631,90.6,90.716,90.6,90.663
2024-11-21T19:00:00Z,90.629,90.663,90.566,90.605,90.662,90.691,90.596,90.641
2024-11-21T20:00:00Z,90.606,90.632,90.571,90.577,90.644,90.662,90.604,90.612
2024-11-21T21:00:00Z,90.574,90.586,90.496,90.52,90.612,90.614,90.538,90.572
2024-11-21T22:00:00Z,90.42,90.498,90.41,90.457,90.62,90.667,90.565,90.621
2024-11-21T23:00:00Z,90.459,90.516,90.257,90.27,90.618,90.652,90.291,90.301
2024-11-22T00:00:00Z,90.271,90.366,90.136,90.318,90.301,90.403,90.175,90.35
2024-11-22T01:00:00Z,90.318,90.41,90.253,90.269,90.346,90.44,90.282,90.297
2024-11-22T02:00:00Z,90.266,90.294,90.019,90.157,90.297,90.322,90.045,90.187
2024-11-22T03:00:00Z,90.157,90.25,90.096,90.134,90.185,90.282,90.124,90.161
2024-11-22T04:00:00Z,90.133,90.184,90.074,90.141,90.161,90.212,90.1,90.168
2024-11-22T05:00:00Z,90.145,90.19,90.067,90.181,90.173,90.219,90.093,90.21
2024-11-22T06:00:00Z,90.183,90.382,90.16,90.357,90.21,90.411,90.189,90.392
2024-11-22T07:00:00Z,90.357,90.406,90.262,90.343,90.389,90.433,90.286,90.369
2024-11-22T08:00:00Z,90.341,90.477,90.26,90.266,90.369,90.508,90.291,90.298
2024-11-22T09:00:00Z,90.265,90.276,89.988,90.11,90.298,90.301,90.019,90.136
2024-11-22T10:00:00Z,90.108,90.202,89.976,90.158,90.136,90.23,90.004,90.184
2024-11-22T11:00:00Z,90.158,90.203,90.064,90.089,90.185,90.237,90.092,90.116
2024-11-22T12:00:00Z,90.087,90.235,90.085,90.199,90.113,90.267,90.113,90.224
2024-11-22T13:00:00Z,90.201,90.265,90.057,90.111,90.228,90.293,90.085,90.143
2024-11-22T14:00:00Z,90.115,90.394,90.113,90.272,90.145,90.427,90.145,90.34
2024-11-22T15:00:00Z,90.268,90.345,90.131,90.245,90.338,90.379,90.16,90.274
2024-11-22T16:00:00Z,90.244,90.255,90.058,90.119,90.274,90.285,90.085,90.152
2024-11-22T17:00:00Z,90.117,90.236,90.105,90.222,90.15,90.268,90.136,90.258
2024-11-22T18:00:00Z,90.222,90.276,90.203,90.213,90.258,90.308,90.237,90.244
2024-11-22T19:00:00Z,90.211,90.237,90.144,90.217,90.244,90.269,90.177,90.246
2024-11-22T20:00:00Z,90.215,90.297,90.159,90.269,90.246,90.328,90.193,90.306
2024-11-22T21:00:00Z,90.27,90.329,90.238,90.268,90.308,90.372,90.274,90.352
2024-11-24T22:00:00Z,90.18,90.383,90.174,90.353,90.38,90.545,90.354,90.506
2024-11-24T23:00:00Z,90.349,90.533,90.159,90.331,90.508,90.568,90.288,90.372
2024-11-25T00:00:00Z,90.333,90.403,90.173,90.373,90.369,90.43,90.206,90.405
2024-11-25T01:00:00Z,90.379,90.414,90.089,90.122,90.413,90.442,90.119,90.155
2024-11-25T02:00:00Z,90.122,90.168,90.027,90.119,90.156,90.197,90.06,90.145
2024-11-25T03:00:00Z,90.118,90.145,90.006,90.087,90.145,90.171,90.034,90.117
2024-11-25T04:00:00Z,90.087,90.249,90.079,90.204,90.116,90.276,90.108,90.232
2024-11-25T05:00:00Z,90.205,90.33,90.171,90.273,90.232,90.358,90.201,90.305
2024-11-25T06:00:00Z,90.274,90.48,90.204,90.444,90.305,90.513,90.232,90.472
2024-11-25T07:00:00Z,90.446,90.454,90.202,90.33,90.474,90.481,90.231,90.358
2024-11-25T08:00:00Z,90.331,90.402,90.178,90.347,90.358,90.431,90.21,90.374
2024-11-25T09:00:00Z,90.345,90.405,90.282,90.337,90.373,90.437,90.31,90.364
2024-11-25T10:00:00Z,90.336,90.399,90.294,90.338,90.364,90.43,90.324,90.364
2024-11-25T11:00:00Z,90.335,90.357,90.274,90.322,90.363,90.382,90.301,90.348
2024-11-25T12:00:00Z,90.326,90.333,90.141,90.173,90.351,90.362,90.169,90.2
2024-11-25T13:00:00Z,90.172,90.317,90.086,90.28,90.2,90.345,90.116,90.304
2024-11-25T14:00:00Z,90.28,90.296,89.972,90.003,90.306,90.32,90.002,90.028
2024-11-25T15:00:00Z,89.995,90.262,89.906,90.248,90.026,90.287,89.939,90.276
2024-11-25T16:00:00Z,90.252,90.286,90.076,90.081,90.276,90.318,90.104,90.109
2024-11-25T17:00:00Z,90.08,90.137,90.065,90.12,90.111,90.17,90.093,90.153
2024-11-25T18:00:00Z,90.12,90.125,90.035,90.115,90.153,90.159,90.059,90.15
2024-11-25T19:00:00Z,90.118,90.141,90.067,90.128,90.153,90.171,90.099,90.155
2024-11-25T20:00:00Z,90.13,90.155,90.046,90.063,90.158,90.183,90.079,90.095
2024-11-25T21:00:00Z,90.065,90.136,90.062,90.084,90.098,90.168,90.092,90.136
2024-11-25T22:00:00Z,90.091,90.128,89.953,90.028,90.144,90.289,90.079,90.097
2024-11-25T23:00:00Z,90.035,90.056,89.464,89.689,90.082,90.107,89.499,89.724
2024-11-26T00:00:00Z,89.689,89.779,89.404,89.445,89.722,89.812,89.446,89.48
2024-11-26T01:00:00Z,89.448,89.696,89.336,89.619,89.484,89.727,89.367,89.649
2024-11-26T02:00:00Z,89.619,89.746,89.55,89.678,89.648,89.779,89.582,89.708
2024-11-26T03:00:00Z,89.676,89.81,89.65,89.751,89.704,89.841,89.682,89.78
2024-11-26T04:00:00Z,89.748,89.94,89.742,89.85,89.776,89.97,89.771,89.876
2024-11-26T05:00:00Z,89.843,89.883,89.688,89.772,89.874,89.909,89.716,89.804
2024-11-26T06:00:00Z,89.773,89.966,89.735,89.964,89.803,89.995,89.765,89.993
2024-11-26T07:00:00Z,89.971,90.064,89.835,89.836,89.999,90.094,89.864,89.867
2024-11-26T08:00:00Z,89.836,89.912,89.765,89.882,89.865,89.943,89.795,89.906
2024-11-26T09:00:00Z,89.883,90.056,89.876,89.925,89.908,90.087,89.902,89.95
2024-11-26T10:00:00Z,89.921,90.005,89.906,89.999,89.949,90.031,89.931,90.027
2024-11-26T11:00:00Z,90.001,90.038,89.948,89.977,90.03,90.066,89.976,90.003
2024-11-26T12:00:00Z,89.974,89.974,89.704,89.767,90.002,90.002,89.734,89.802
2024-11-26T13:00:00Z,89.767,89.79,89.575,89.654,89.8,89.835,89.606,89.691
2024-11-26T14:00:00Z,89.654,89.694,89.487,89.494,89.69,89.728,89.514,89.563
2024-11-26T15:00:00Z,89.492,89.545,89.398,89.441,89.575,89.603,89.426,89.471
2024-11-26T16:00:00Z,89.439,89.506,89.339,89.377,89.471,89.536,89.367,89.405
2024-11-26T17:00:00Z,89.377,89.381,89.184,89.244,89.404,89.408,89.213,89.277
2024-11-26T18:00:00Z,89.251,89.31,89.178,89.245,89.286,89.337,89.214,89.327
2024-11-26T19:00:00Z,89.266,89.275,89.162,89.198,89.31,89.403,89.188,89.231
2024-11-26T20:00:00Z,89.197,89.239,89.138,89.186,89.229,89.266,89.174,89.214
2024-11-26T21:00:00Z,89.186,89.322,89.182,89.316,89.215,89.362,89.212,89.352
2024-11-26T22:00:00Z,89.234,89.285,89.207,89.285,89.385,89.415,89.317,89.346
2024-11-26T23:00:00Z,89.291,89.395,89.24,89.244,89.336,89.429,89.278,89.278
2024-11-27T00:00:00Z,89.242,89.311,89.068,89.165,89.284,89.345,89.119,89.244
2024-11-27T01:00:00Z,89.165,89.876,89.062,89.598,89.25,89.909,89.16,89.633
2024-11-27T02:00:00Z,89.598,89.707,89.202,89.416,89.634,89.732,89.241,89.448
2024-11-27T03:00:00Z,89.411,89.526,89.364,89.435,89.444,89.558,89.395,89.466
2024-11-27T04:00:00Z,89.428,89.438,89.291,89.291,89.456,89.477,89.32,89.32
2024-11-27T05:00:00Z,89.292,89.432,89.213,89.389,89.319,89.465,89.246,89.42
2024-11-27T06:00:00Z,89.389,89.406,89.246,89.258,89.419,89.435,89.278,89.289
2024-11-27T07:00:00Z,89.266,89.445,89.254,89.423,89.294,89.475,89.291,89.454
2024-11-27T08:00:00Z,89.424,89.434,89.225,89.345,89.454,89.46,89.255,89.371
2024-11-27T09:00:00Z,89.343,89.404,89.108,89.227,89.371,89.434,89.145,89.251
2024-11-27T10:00:00Z,89.223,89.263,89.098,89.205,89.249,89.291,89.125,89.229
2024-11-27T11:00:00Z,89.201,89.214,89.107,89.169,89.228,89.244,89.137,89.2
2024-11-27T12:00:00Z,89.169,89.214,89.034,89.153,89.197,89.244,89.064,89.184
2024-11-27T13:00:00Z,89.156,89.357,89.156,89.345,89.184,89.433,89.184,89.374
2024-11-27T14:00:00Z,89.346,89.439,89.123,89.294,89.373,89.476,89.15,89.472
2024-11-27T15:00:00Z,89.315,89.47,89.094,89.199,89.422,89.499,89.126,89.23
2024-11-27T16:00:00Z,89.202,89.307,88.862,88.917,89.231,89.338,88.894,88.95
2024-11-27T17:00:00Z,88.917,89.062,88.837,88.977,88.949,89.093,88.87,89.015
2024-11-27T18:00:00Z,88.977,89.006,88.919,88.969,89.015,89.035,88.957,89.005
2024-11-27T19:00:00Z,88.968,89.025,88.946,89.016,89.006,89.062,88.978,89.047
2024-11-27T20:00:00Z,89.015,89.085,89.008,89.047,89.042,89.119,89.042,89.084
2024-11-27T21:00:00Z,89.049,89.096,89.019,89.02,89.085,89.135,89.076,89.088
2024-11-27T22:00:00Z,89.012,89.045,88.869,88.903,89.084,89.218,89.003,89.008
2024-11-27T23:00:00Z,88.892,89.21,88.892,89.164,89.038,89.244,89.02,89.202
2024-11-28T00:00:00Z,89.165,89.457,89.127,89.443,89.207,89.492,89.159,89.477
2024-11-28T01:00:00Z,89.441,89.472,89.305,89.358,89.477,89.5,89.333,89.389
2024-11-28T02:00:00Z,89.36,89.363,89.247,89.252,89.388,89.394,89.28,89.283
2024-11-28T03:00:00Z,89.249,89.35,89.226,89.303,89.28,89.384,89.256,89.331
2024-11-28T04:00:00Z,89.306,89.349,89.249,89.342,89.335,89.384,89.283,89.377
2024-11-28T05:00:00Z,89.347,89.37,89.246,89.286,89.379,89.404,89.273,89.317
2024-11-28T06:00:00Z,89.286,89.295,89.125,89.222,89.32,89.325,89.156,89.251
2024-11-28T07:00:00Z,89.224,89.305,89.2,89.299,89.251,89.335,89.229,89.327
2024-11-28T08:00:00Z,89.296,89.469,89.256,89.418,89.323,89.493,89.283,89.447
2024-11-28T09:00:00Z,89.418,89.501,89.387,89.445,89.446,89.529,89.414,89.474
2024-11-28T10:00:00Z,89.445,89.493,89.385,89.442,89.473,89.524,89.416,89.476
2024-11-28T11:00:00Z,89.44,89.5,89.367,89.385,89.476,89.528,89.395,89.413
2024-11-28T12:00:00Z,89.386,89.39,89.249,89.31,89.418,89.419,89.276,89.34
2024-11-28T13:00:00Z,89.307,89.316,89.23,89.238,89.341,89.352,89.255,89.265
2024-11-28T14:00:00Z,89.238,89.259,89.184,89.209,89.264,89.287,89.213,89.24
2024-11-28T15:00:00Z,89.209,89.231,89.1,89.16,89.242,89.263,89.134,89.19
2024-11-28T16:00:00Z,89.159,89.246,89.142,89.237,89.188,89.276,89.175,89.263
2024-11-28T17:00:00Z,89.235,89.26,89.198,89.229,89.263,89.29,89.23,89.266
2024-11-28T18:00:00Z,89.229,89.239,89.2,89.232,89.266,89.269,89.232,89.262
2024-11-28T19:00:00Z,89.233,89.251,89.211,89.224,89.262,89.288,89.241,89.267
2024-11-28T20:00:00Z,89.228,89.253,89.205,89.226,89.268,89.29,89.238,89.267
2024-11-28T21:00:00Z,89.215,89.248,89.2,89.215,89.245,89.296,89.228,89.27
2024-11-28T22:00:00Z,89.223,89.274,89.126,89.194,89.363,89.403,89.236,89.259
2024-11-28T23:00:00Z,89.199,89.228,88.975,89.123,89.253,89.265,89.009,89.154
2024-11-29T00:00:00Z,89.121,89.136,88.793,88.833,89.151,89.167,88.82,88.858
2024-11-29T01:00:00Z,88.833,88.847,88.45,88.501,88.857,88.887,88.486,88.535
2024-11-29T02:00:00Z,88.501,88.705,88.499,88.566,88.537,88.736,88.535,88.603
2024-11-29T03:00:00Z,88.567,88.787,88.542,88.748,88.602,88.816,88.574,88.777
2024-11-29T04:00:00Z,88.744,88.778,88.573,88.673,88.773,88.81,88.609,88.712
2024-11-29T05:00:00Z,88.67,88.823,88.651,88.706,88.709,88.85,88.689,88.734
2024-11-29T06:00:00Z,88.701,88.815,88.68,88.763,88.731,88.845,88.71,88.792
2024-11-29T07:00:00Z,88.764,88.8,88.632,88.797,88.795,88.831,88.66,88.831
2024-11-29T08:00:00Z,88.801,88.895,88.713,88.791,88.835,88.924,88.743,88.816
2024-11-29T09:00:00Z,88.792,88.843,88.728,88.788,88.816,88.872,88.759,88.817
2024-11-29T10:00:00Z,88.786,88.872,88.598,88.606,88.817,88.905,88.627,88.638
2024-11-29T11:00:00Z,88.606,88.749,88.541,88.732,88.637,88.777,88.577,88.758
2024-11-29T12:00:00Z,88.732,88.766,88.662,88.718,88.759,88.795,88.694,88.743
2024-11-29T13:00:00Z,88.718,88.786,88.657,88.718,88.744,88.812,88.687,88.743
2024-11-29T14:00:00Z,88.713,88.831,88.657,88.804,88.743,88.856,88.691,88.836
2024-11-29T15:00:00Z,88.808,89.009,88.754,88.826,88.837,89.039,88.787,88.857
2024-11-29T16:00:00Z,88.821,88.986,88.787,88.892,88.852,89.018,88.817,88.925
2024-11-29T17:00:00Z,88.891,88.935,88.551,88.572,88.923,88.966,88.586,88.602
2024-11-29T18:00:00Z,88.572,88.643,88.537,88.619,88.602,88.684,88.568,88.644
2024-11-29T19:00:00Z,88.622,88.684,88.558,88.647,88.647,88.736,88.604,88.713
2024-11-29T20:00:00Z,88.647,88.69,88.596,88.676,88.716,88.8,88.665,88.725
2024-11-29T21:00:00Z,88.676,88.69,88.562,88.621,88.728,88.804,88.672,88.78
2024-12-01T22:00:00Z,88.337,88.527,88.323,88.39,88.537,88.669,88.482,88.569
2024-12-01T23:00:00Z,88.399,88.605,88.32,88.487,88.537,88.636,88.473,88.527
2024-12-02T00:00:00Z,88.49,88.694,88.436,88.598,88.527,88.727,88.474,88.626
2024-12-02T01:00:00Z,88.6,88.819,88.564,88.804,88.627,88.852,88.598,88.834
2024-12-02T02:00:00Z,88.809,88.868,88.713,88.766,88.838,88.895,88.746,88.796
2024-12-02T03:00:00Z,88.768,88.808,88.724,88.734,88.796,88.836,88.743,88.762
2024-12-02T04:00:00Z,88.732,88.794,88.704,88.754,88.762,88.824,88.737,88.785
2024-12-02T05:00:00Z,88.754,88.894,88.734,88.852,88.786,88.926,88.765,88.881
2024-12-02T06:00:00Z,88.844,88.852,88.719,88.777,88.873,88.879,88.745,88.805
2024-12-02T07:00:00Z,88.778,88.833,88.553,88.656,88.799,88.859,88.582,88.684
2024-12-02T08:00:00Z,88.657,88.69,88.541,88.637,88.686,88.723,88.572,88.668
2024-12-02T09:00:00Z,88.636,88.795,88.595,88.758,88.666,88.825,88.623,88.786
2024-12-02T10:00:00Z,88.753,88.824,88.695,88.701,88.785,88.852,88.726,88.726
2024-12-02T11:00:00Z,88.699,88.742,88.598,88.635,88.726,88.775,88.628,88.665
2024-12-02T12:00:00Z,88.637,88.651,88.318,88.386,88.666,88.681,88.345,88.416
2024-12-02T13:00:00Z,88.382,88.431,88.217,88.247,88.415,88.46,88.245,88.275
2024-12-02T14:00:00Z,88.245,88.259,87.959,88.003,88.275,88.287,87.999,88.09
2024-12-02T15:00:00Z,88.005,88.146,87.868,87.946,88.091,88.177,87.894,87.973
2024-12-02T16:00:00Z,87.947,87.986,87.618,87.677,87.976,88.012,87.65,87.705
2024-12-02T17:00:00Z,87.677,87.907,87.657,87.895,87.704,87.937,87.686,87.931
2024-12-02T18:00:00Z,87.895,88.013,87.895,87.997,87.931,88.041,87.931,88.028
2024-12-02T19:00:00Z,88.0,88.017,87.927,87.946,88.032,88.053,87.958,87.977
2024-12-02T20:00:00Z,87.95,87.996,87.912,87.988,87.982,88.048,87.939,88.018
2024-12-02T21:00:00Z,87.981,88.059,87.958,88.057,88.011,88.106,87.993,88.104
2024-12-02T22:00:00Z,87.937,88.045,87.871,87.932,88.137,88.194,88.055,88.063
2024-12-02T23:00:00Z,87.944,88.147,87.913,87.953,88.056,88.191,87.982,87.993
2024-12-03T00:00:00Z,87.952,88.159,87.94,88.113,87.993,88.19,87.982,88.145
2024-12-03T01:00:00Z,88.111,88.137,87.98,88.011,88.139,88.168,88.012,88.043
2024-12-03T02:00:00Z,88.008,88.04,87.856,87.935,88.041,88.069,87.882,87.962
2024-12-03T03:00:00Z,87.938,88.2,87.917,88.177,87.963,88.231,87.946,88.21
2024-12-03T04:00:00Z,88.18,88.276,88.175,88.199,88.209,88.305,88.206,88.23
2024-12-03T05:00:00Z,88.202,88.233,88.144,88.165,88.232,88.264,88.174,88.199
2024-12-03T06:00:00Z,88.165,88.25,88.134,88.217,88.197,88.279,88.168,88.25
2024-12-03T07:00:00Z,88.219,88.317,88.179,88.292,88.249,88.346,88.213,88.325
2024-12-03T08:00:00Z,88.292,88.522,88.272,88.475,88.324,88.551,88.3,88.502
2024-12-03T09:00:00Z,88.478,88.478,88.298,88.314,88.502,88.502,88.33,88.349
2024-12-03T10:00:00Z,88.317,88.415,88.297,88.331,88.348,88.443,88.329,88.362
2024-12-03T11:00:00Z,88.333,88.358,88.169,88.211,88.361,88.392,88.202,88.24
2024-12-03T12:00:00Z,88.212,88.212,88.005,88.017,88.24,88.242,88.033,88.042
2024-12-03T13:00:00Z,88.014,88.021,87.655,87.67,88.041,88.048,87.687,87.699
2024-12-03T14:00:00Z,87.667,87.774,87.513,87.599,87.696,87.804,87.542,87.678
2024-12-03T15:00:00Z,87.572,87.69,87.319,87.656,87.69,87.723,87.351,87.686
2024-12-03T16:00:00Z,87.658,87.838,87.598,87.686,87.689,87.867,87.628,87.716
2024-12-03T17:00:00Z,87.688,87.903,87.668,87.821,87.716,87.938,87.701,87.854
2024-12-03T18:00:00Z,87.821,87.827,87.732,87.779,87.854,87.858,87.762,87.816
2024-12-03T19:00:00Z,87.781,87.856,87.697,87.804,87.817,87.885,87.727,87.839
2024-12-03T20:00:00Z,87.806,87.903,87.787,87.841,87.838,87.933,87.817,87.87
2024-12-03T21:00:00Z,87.841,87.956,87.832,87.949,87.873,88.004,87.861,88.003
2024-12-03T22:00:00Z,87.861,87.96,87.828,87.944,88.051,88.069,87.986,88.014
2024-12-03T23:00:00Z,87.951,88.028,87.932,87.984,88.014,88.064,87.982,88.011
2024-12-04T00:00:00Z,87.981,88.092,87.905,87.981,88.014,88.121,87.938,88.011
2024-12-04T01:00:00Z,87.982,88.048,87.85,87.913,88.011,88.078,87.881,87.942
2024-12-04T02:00:00Z,87.913,87.921,87.549,87.589,87.943,87.953,87.578,87.618
2024-12-04T03:00:00Z,87.589,87.59,87.262,87.574,87.616,87.621,87.296,87.608
2024-12-04T04:00:00Z,87.573,87.817,87.573,87.802,87.608,87.849,87.602,87.83
2024-12-04T05:00:00Z,87.801,87.927,87.722,87.917,87.83,87.955,87.748,87.944
2024-12-04T06:00:00Z,87.917,87.965,87.743,87.875,87.947,87.992,87.773,87.907
2024-12-04T07:00:00Z,87.879,88.08,87.865,88.059,87.909,88.109,87.895,88.093
2024-12-04T08:00:00Z,88.058,88.148,87.884,87.922,88.091,88.179,87.914,87.955
2024-12-04T09:00:00Z,87.923,88.073,87.882,87.99,87.948,88.105,87.913,88.017
2024-12-04T10:00:00Z,87.987,88.084,87.984,88.062,88.014,88.113,88.011,88.089
2024-12-04T11:00:00Z,88.062,88.16,88.041,88.095,88.091,88.188,88.069,88.126
2024-12-04T12:00:00Z,88.095,88.183,88.053,88.152,88.124,88.212,88.079,88.178
2024-12-04T13:00:00Z,88.149,88.18,88.051,88.16,88.176,88.218,88.078,88.188
2024-12-04T14:00:00Z,88.16,88.173,88.031,88.04,88.186,88.204,88.087,88.111
2024-12-04T15:00:00Z,88.033,88.187,87.945,88.13,88.101,88.216,88.048,88.154
2024-12-04T16:00:00Z,88.13,88.155,87.975,88.039,88.155,88.18,88.004,88.06
2024-12-04T17:00:00Z,88.034,88.102,87.949,88.065,88.062,88.132,87.979,88.103
2024-12-04T18:00:00Z,88.065,88.08,87.96,88.028,88.103,88.103,87.988,88.064
2024-12-04T19:00:00Z,88.028,88.146,88.002,88.117,88.06,88.18,88.033,88.146
2024-12-04T20:00:00Z,88.123,88.228,88.112,88.161,88.152,88.258,88.142,88.189
2024-12-04T21:00:00Z,88.16,88.186,88.036,88.073,88.189,88.218,88.084,88.136
2024-12-04T22:00:00Z,88.025,88.078,87.975,88.037,88.17,88.187,88.063,88.088
2024-12-04T23:00:00Z,88.038,88.247,88.027,88.161,88.075,88.283,88.063,88.198
2024-12-05T00:00:00Z,88.155,88.159,87.937,87.948,88.196,88.196,87.962,87.978
2024-12-05T01:00:00Z,87.952,88.321,87.942,88.265,87.98,88.352,87.971,88.293
2024-12-05T02:00:00Z,88.261,88.288,88.124,88.164,88.291,88.32,88.154,88.193
2024-12-05T03:00:00Z,88.161,88.22,88.093,88.206,88.191,88.248,88.122,88.234
2024-12-05T04:00:00Z,88.21,88.244,88.172,88.191,88.235,88.272,88.199,88.218
2024-12-05T05:00:00Z,88.192,88.204,87.912,88.04,88.22,88.231,87.94,88.066
2024-12-05T06:00:00Z,88.038,88.038,87.85,87.913,88.066,88.066,87.878,87.943
2024-12-05T07:00:00Z,87.918,88.099,87.918,88.01,87.947,88.13,87.947,88.039
2024-12-05T08:00:00Z,88.01,88.197,87.935,88.148,88.037,88.229,87.967,88.179
2024-12-05T09:00:00Z,88.15,88.175,88.097,88.136,88.18,88.201,88.122,88.159
2024-12-05T10:00:00Z,88.134,88.153,87.999,88.008,88.16,88.177,88.023,88.038
2024-12-05T11:00:00Z,88.006,88.07,87.99,88.053,88.034,88.097,88.016,88.08
2024-12-05T12:00:00Z,88.053,88.147,88.023,88.132,88.081,88.176,88.053,88.162
2024-12-05T13:00:00Z,88.133,88.355,87.994,88.335,88.161,88.382,88.076,88.363
2024-12-05T14:00:00Z,88.336,88.459,88.257,88.39,88.354,88.49,88.286,88.423
2024-12-05T15:00:00Z,88.39,88.393,88.11,88.195,88.422,88.425,88.138,88.222
2024-12-05T16:00:00Z,88.195,88.243,88.094,88.151,88.223,88.274,88.122,88.181
2024-12-05T17:00:00Z,88.151,88.167,88.068,88.137,88.179,88.194,88.095,88.171
2024-12-05T18:00:00Z,88.137,88.175,88.054,88.167,88.171,88.203,88.082,88.194
2024-12-05T19:00:00Z,88.166,88.273,88.115,88.25,88.194,88.301,88.15,88.276
2024-12-05T20:00:00Z,88.249,88.316,88.234,88.301,88.276,88.346,88.263,88.331
2024-12-05T21:00:00Z,88.298,88.355,88.284,88.3,88.329,88.388,88.312,88.38
2024-12-05T22:00:00Z,88.261,88.3,88.222,88.267,88.461,88.461,88.325,88.332
2024-12-05T23:00:00Z,88.27,88.388,88.231,88.296,88.333,88.451,88.327,88.329
2024-12-06T00:00:00Z,88.294,88.352,88.122,88.209,88.325,88.384,88.153,88.242
2024-12-06T01:00:00Z,88.206,88.285,87.972,87.98,88.239,88.316,88.004,88.008
2024-12-06T02:00:00Z,87.981,88.056,87.907,87.943,88.01,88.087,87.938,87.972
2024-12-06T03:00:00Z,87.94,87.987,87.901,87.926,87.969,88.016,87.931,87.958
2024-12-06T04:00:00Z,87.929,87.932,87.797,87.884,87.961,87.963,87.826,87.916
2024-12-06T05:00:00Z,87.884,87.89,87.802,87.847,87.918,87.92,87.831,87.876
2024-12-06T06:00:00Z,87.848,87.854,87.73,87.778,87.876,87.883,87.762,87.814
2024-12-06T07:00:00Z,87.778,87.961,87.743,87.928,87.811,87.989,87.772,87.96
2024-12-06T08:00:00Z,87.932,88.001,87.896,87.971,87.96,88.031,87.924,87.999
2024-12-06T09:00:00Z,87.97,88.129,87.962,88.102,88.002,88.157,87.989,88.126
2024-12-06T10:00:00Z,88.102,88.116,88.015,88.042,88.128,88.144,88.043,88.069
2024-12-06T11:00:00Z,88.043,88.073,87.916,87.937,88.068,88.101,87.948,87.966
2024-12-06T12:00:00Z,87.938,88.057,87.897,87.903,87.966,88.089,87.922,87.927
2024-12-06T13:00:00Z,87.904,88.151,87.723,87.835,87.929,88.184,87.857,87.863
2024-12-06T14:00:00Z,87.831,87.855,87.492,87.559,87.866,87.879,87.518,87.62
2024-12-06T15:00:00Z,87.524,87.614,87.344,87.412,87.631,87.647,87.372,87.437
2024-12-06T16:00:00Z,87.411,87.491,87.299,87.323,87.437,87.519,87.332,87.351
2024-12-06T17:00:00Z,87.322,87.38,87.267,87.35,87.354,87.408,87.294,87.377
2024-12-06T18:00:00Z,87.35,87.477,87.34,87.371,87.377,87.503,87.365,87.397
2024-12-06T19:00:00Z,87.368,87.425,87.353,87.405,87.397,87.455,87.38,87.431
2024-12-06T20:00:00Z,87.403,87.487,87.398,87.46,87.434,87.515,87.424,87.488
2024-12-06T21:00:00Z,87.461,87.502,87.366,87.456,87.488,87.581,87.475,87.528
2024-12-08T22:00:00Z,87.507,87.557,87.431,87.47,87.695,87.708,87.549,87.583
2024-12-08T23:00:00Z,87.465,87.594,87.425,87.5,87.583,87.629,87.465,87.527
2024-12-09T00:00:00Z,87.495,87.507,87.21,87.371,87.526,87.538,87.237,87.402
2024-12-09T01:00:00Z,87.372,87.542,87.344,87.425,87.402,87.572,87.371,87.455
2024-12-09T02:00:00Z,87.428,87.527,87.377,87.416,87.458,87.555,87.405,87.443
2024-12-09T03:00:00Z,87.415,87.424,87.183,87.188,87.444,87.451,87.211,87.215
2024-12-09T04:00:00Z,87.185,87.185,87.038,87.053,87.213,87.213,87.067,87.082
2024-12-09T05:00:00Z,87.057,87.1,87.007,87.094,87.087,87.13,87.032,87.127
2024-12-09T06:00:00Z,87.095,87.252,87.091,87.24,87.129,87.281,87.118,87.267
2024-12-09T07:00:00Z,87.237,87.818,87.205,87.806,87.264,87.849,87.237,87.834
2024-12-09T08:00:00Z,87.81,88.127,87.745,88.123,87.838,88.155,87.777,88.149
2024-12-09T09:00:00Z,88.121,88.247,88.089,88.134,88.148,88.276,88.116,88.161
2024-12-09T10:00:00Z,88.131,88.276,88.122,88.195,88.158,88.304,88.152,88.223
2024-12-09T11:00:00Z,88.196,88.257,88.162,88.196,88.223,88.284,88.189,88.222
2024-12-09T12:00:00Z,88.198,88.363,88.149,88.35,88.226,88.392,88.175,88.377
2024-12-09T13:00:00Z,88.35,88.693,88.34,88.685,88.378,88.721,88.368,88.714
2024-12-09T14:00:00Z,88.685,88.701,88.492,88.653,88.712,88.727,88.524,88.68
2024-12-09T15:00:00Z,88.653,88.956,88.629,88.855,88.679,88.986,88.66,88.885
2024-12-09T16:00:00Z,88.858,88.933,88.784,88.901,88.885,88.961,88.813,88.928
2024-12-09T17:00:00Z,88.899,88.978,88.884,88.904,88.927,89.004,88.913,88.938
2024-12-09T18:00:00Z,88.904,88.904,88.806,88.829,88.938,88.938,88.835,88.857
2024-12-09T19:00:00Z,88.824,88.828,88.699,88.73,88.852,88.855,88.728,88.753
2024-12-09T20:00:00Z,88.728,88.741,88.582,88.65,88.754,88.766,88.61,88.677
2024-12-09T21:00:00Z,88.65,88.664,88.6,88.654,88.676,88.713,88.629,88.705
2024-12-09T22:00:00Z,88.551,88.713,88.529,88.668,88.751,88.841,88.705,88.751
2024-12-09T23:00:00Z,88.603,88.752,88.603,88.666,88.752,88.787,88.667,88.7
2024-12-10T00:00:00Z,88.669,88.676,88.449,88.602,88.702,88.706,88.482,88.631
2024-12-10T01:00:00Z,88.6,88.62,88.377,88.453,88.629,88.652,88.405,88.487
2024-12-10T02:00:00Z,88.455,88.46,88.248,88.255,88.489,88.489,88.276,88.284
2024-12-10T03:00:00Z,88.257,88.275,88.009,88.075,88.284,88.302,88.035,88.104
2024-12-10T04:00:00Z,88.07,88.157,88.025,88.048,88.101,88.184,88.053,88.075
2024-12-10T05:00:00Z,88.045,88.158,88.011,88.051,88.075,88.186,88.038,88.08
2024-12-10T06:00:00Z,88.051,88.215,88.033,88.191,88.081,88.244,88.062,88.217
2024-12-10T07:00:00Z,88.189,88.269,88.135,88.189,88.217,88.3,88.165,88.217
2024-12-10T08:00:00Z,88.186,88.33,88.17,88.287,88.214,88.358,88.199,88.315
2024-12-10T09:00:00Z,88.285,88.315,88.174,88.235,88.315,88.342,88.202,88.26
2024-12-10T10:00:00Z,88.234,88.307,88.212,88.294,88.261,88.334,88.242,88.321
2024-12-10T11:00:00Z,88.294,88.342,88.233,88.329,88.32,88.369,88.261,88.357
2024-12-10T12:00:00Z,88.333,88.379,88.139,88.369,88.361,88.406,88.166,88.396
2024-12-10T13:00:00Z,88.363,88.38,88.184,88.225,88.391,88.408,88.21,88.252
2024-12-10T14:00:00Z,88.222,88.249,88.133,88.19,88.253,88.278,88.161,88.217
2024-12-10T15:00:00Z,88.189,88.215,88.096,88.181,88.217,88.243,88.123,88.206
2024-12-10T16:00:00Z,88.182,88.204,88.097,88.171,88.206,88.235,88.125,88.199
2024-12-10T17:00:00Z,88.176,88.185,88.106,88.129,88.203,88.208,88.133,88.166
2024-12-10T18:00:00Z,88.129,88.162,88.094,88.123,88.166,88.192,88.126,88.15
2024-12-10T19:00:00Z,88.124,88.151,88.092,88.111,88.152,88.178,88.121,88.14
2024-12-10T20:00:00Z,88.111,88.13,88.053,88.073,88.138,88.16,88.081,88.1
2024-12-10T21:00:00Z,88.075,88.136,88.067,88.099,88.102,88.168,88.101,88.155
2024-12-10T22:00:00Z,88.055,88.138,88.055,88.122,88.255,88.269,88.162,88.187
2024-12-10T23:00:00Z,88.127,88.158,88.059,88.074,88.187,88.208,88.091,88.102
2024-12-11T00:00:00Z,88.073,88.082,87.963,87.971,88.1,88.11,87.991,87.999
2024-12-11T01:00:00Z,87.968,88.025,87.958,87.98,87.996,88.052,87.992,88.011
2024-12-11T02:00:00Z,87.98,88.0,87.867,87.869,88.012,88.025,87.895,87.898
2024-12-11T03:00:00Z,87.864,88.024,87.85,87.92,87.892,88.052,87.877,87.947
2024-12-11T04:00:00Z,87.916,87.927,87.717,87.78,87.944,87.955,87.745,87.811
2024-12-11T05:00:00Z,87.779,87.922,87.743,87.891,87.809,87.956,87.77,87.921
2024-12-11T06:00:00Z,87.889,87.922,87.807,87.9,87.922,87.951,87.838,87.928
2024-12-11T07:00:00Z,87.903,87.927,87.352,87.456,87.93,87.954,87.379,87.484
2024-12-11T08:00:00Z,87.459,87.638,87.389,87.597,87.486,87.665,87.42,87.622
2024-12-11T09:00:00Z,87.595,88.124,87.224,88.094,87.622,88.151,87.265,88.122
2024-12-11T10:00:00Z,88.092,88.099,87.948,88.029,88.122,88.128,87.977,88.056
2024-12-11T11:00:00Z,88.026,88.102,88.011,88.084,88.054,88.132,88.039,88.113
2024-12-11T12:00:00Z,88.083,88.262,88.066,88.181,88.115,88.293,88.094,88.213
2024-12-11T13:00:00Z,88.185,88.37,88.094,88.214,88.214,88.42,88.126,88.241
2024-12-11T14:00:00Z,88.212,88.245,87.914,88.029,88.241,88.274,87.94,88.057
2024-12-11T15:00:00Z,88.032,88.233,87.976,88.215,88.059,88.262,88.007,88.242
2024-12-11T16:00:00Z,88.215,88.285,88.186,88.284,88.24,88.313,88.211,88.31
2024-12-11T17:00:00Z,88.284,88.324,88.174,88.186,88.312,88.351,88.201,88.222
2024-12-11T18:00:00Z,88.186,88.285,88.184,88.23,88.222,88.313,88.215,88.26
2024-12-11T19:00:00Z,88.226,88.286,88.209,88.272,88.26,88.313,88.242,88.3
2024-12-11T20:00:00Z,88.276,88.29,88.214,88.256,88.303,88.316,88.244,88.282
2024-12-11T21:00:00Z,88.255,88.261,88.121,88.137,88.284,88.289,88.163,88.2
2024-12-11T22:00:00Z,88.074,88.174,88.074,88.173,88.274,88.311,88.19,88.238
2024-12-11T23:00:00Z,88.175,88.221,88.144,88.186,88.235,88.254,88.176,88.215
2024-12-12T00:00:00Z,88.186,88.386,88.006,88.24,88.213,88.41,88.033,88.27
2024-12-12T01:00:00Z,88.242,88.325,88.183,88.233,88.272,88.359,88.216,88.263
2024-12-12T02:00:00Z,88.232,88.387,88.184,88.362,88.263,88.416,88.212,88.391
2024-12-12T03:00:00Z,88.363,88.499,88.35,88.452,88.391,88.529,88.378,88.479
2024-12-12T04:00:00Z,88.45,88.467,88.348,88.362,88.476,88.496,88.373,88.39
2024-12-12T05:00:00Z,88.362,88.593,88.36,88.534,88.391,88.624,88.386,88.563
2024-12-12T06:00:00Z,88.535,88.705,88.535,88.587,88.561,88.732,88.561,88.615
2024-12-12T07:00:00Z,88.585,88.623,88.518,88.61,88.613,88.65,88.544,88.635
2024-12-12T08:00:00Z,88.607,88.649,88.45,88.522,88.633,88.673,88.479,88.55
2024-12-12T09:00:00Z,88.519,88.653,88.491,88.589,88.546,88.677,88.517,88.617
2024-12-12T10:00:00Z,88.588,88.601,88.284,88.332,88.617,88.626,88.313,88.357
2024-12-12T11:00:00Z,88.331,88.441,88.18,88.205,88.358,88.471,88.212,88.231
2024-12-12T12:00:00Z,88.205,88.241,88.126,88.168,88.232,88.268,88.149,88.197
2024-12-12T13:00:00Z,88.17,88.208,87.98,88.129,88.198,88.265,88.01,88.157
2024-12-12T14:00:00Z,88.131,88.325,87.984,88.244,88.157,88.353,88.014,88.274
2024-12-12T15:00:00Z,88.243,88.288,87.859,88.023,88.275,88.324,87.886,88.05
2024-12-12T16:00:00Z,88.023,88.094,87.973,88.018,88.048,88.125,88.001,88.045
2024-12-12T17:00:00Z,88.017,88.126,88.001,88.034,88.045,88.153,88.032,88.07
2024-12-12T18:00:00Z,88.034,88.112,88.013,88.026,88.07,88.14,88.044,88.059
2024-12-12T19:00:00Z,88.027,88.049,87.927,87.93,88.059,88.079,87.96,87.962
2024-12-12T20:00:00Z,87.928,87.993,87.923,87.967,87.963,88.02,87.954,87.993
2024-12-12T21:00:00Z,87.97,88.033,87.963,88.022,87.999,88.088,87.987,88.069
2024-12-12T22:00:00Z,88.042,88.045,87.825,87.865,88.086,88.231,87.999,88.023
2024-12-12T23:00:00Z,87.866,88.045,87.866,88.033,88.013,88.074,87.939,88.063
2024-12-13T00:00:00Z,88.037,88.222,87.999,88.112,88.068,88.253,88.033,88.144
2024-12-13T01:00:00Z,88.108,88.178,87.985,88.041,88.14,88.212,88.015,88.07
2024-12-13T02:00:00Z,88.042,88.102,87.898,88.06,88.07,88.134,87.925,88.089
2024-12-13T03:00:00Z,88.063,88.199,88.063,88.118,88.091,88.226,88.091,88.148
2024-12-13T04:00:00Z,88.117,88.252,88.105,88.204,88.145,88.283,88.13,88.234
2024-12-13T05:00:00Z,88.202,88.244,88.119,88.141,88.234,88.272,88.144,88.165
2024-12-13T06:00:00Z,88.139,88.177,87.969,88.049,88.164,88.202,88.0,88.078
2024-12-13T07:00:00Z,88.048,88.125,87.987,88.079,88.076,88.15,88.019,88.107
2024-12-13T08:00:00Z,88.08,88.234,88.074,88.227,88.105,88.264,88.1,88.259
2024-12-13T09:00:00Z,88.228,88.465,88.222,88.396,88.257,88.495,88.257,88.425
2024-12-13T10:00:00Z,88.397,88.5,88.361,88.453,88.425,88.53,88.39,88.48
2024-12-13T11:00:00Z,88.455,88.552,88.448,88.533,88.482,88.578,88.476,88.56
2024-12-13T12:00:00Z,88.533,88.587,88.413,88.579,88.561,88.617,88.444,88.613
2024-12-13T13:00:00Z,88.58,88.659,88.503,88.526,88.613,88.687,88.531,88.553
2024-12-13T14:00:00Z,88.526,88.576,88.452,88.511,88.554,88.605,88.486,88.538
2024-12-13T15:00:00Z,88.509,88.512,88.371,88.484,88.537,88.54,88.398,88.514
2024-12-13T16:00:00Z,88.486,88.592,88.42,88.527,88.514,88.617,88.447,88.552
2024-12-13T17:00:00Z,88.522,88.539,88.446,88.47,88.552,88.566,88.474,88.501
2024-12-13T18:00:00Z,88.47,88.525,88.444,88.478,88.501,88.552,88.478,88.506
2024-12-13T19:00:00Z,88.476,88.522,88.458,88.469,88.503,88.549,88.486,88.497
2024-12-13T20:00:00Z,88.473,88.484,88.442,88.466,88.501,88.512,88.469,88.494
2024-12-13T21:00:00Z,88.466,88.558,88.43,88.504,88.493,88.63,88.472,88.584
2024-12-15T22:00:00Z,88.424,88.565,88.394,88.433,88.624,88.714,88.536,88.582
2024-12-15T23:00:00Z,88.443,88.639,88.402,88.522,88.558,88.669,88.503,88.555
2024-12-16T00:00:00Z,88.518,88.771,88.471,88.684,88.554,88.803,88.504,88.72
2024-12-16T01:00:00Z,88.684,88.859,88.676,88.852,88.718,88.887,88.715,88.879
2024-12-16T02:00:00Z,88.839,88.918,88.78,88.815,88.863,88.945,88.807,88.843
2024-12-16T03:00:00Z,88.818,88.848,88.725,88.844,88.846,88.875,88.754,88.871
2024-12-16T04:00:00Z,88.845,88.97,88.827,88.853,88.87,88.997,88.854,88.883
2024-12-16T05:00:00Z,88.853,88.894,88.786,88.812,88.884,88.924,88.815,88.84
2024-12-16T06:00:00Z,88.811,88.855,88.737,88.749,88.841,88.882,88.767,88.779
2024-12-16T07:00:00Z,88.748,88.829,88.683,88.711,88.777,88.856,88.713,88.738
2024-12-16T08:00:00Z,88.71,88.879,88.689,88.802,88.738,88.906,88.715,88.83
2024-12-16T09:00:00Z,88.807,88.915,88.774,88.826,88.83,88.947,88.803,88.854
2024-12-16T10:00:00Z,88.826,88.842,88.657,88.671,88.852,88.869,88.684,88.699
2024-12-16T11:00:00Z,88.673,88.696,88.608,88.679,88.699,88.726,88.638,88.707
2024-12-16T12:00:00Z,88.685,88.922,88.672,88.899,88.71,88.95,88.701,88.927
2024-12-16T13:00:00Z,88.9,88.956,88.869,88.915,88.927,88.986,88.899,88.941
2024-12-16T14:00:00Z,88.915,88.971,88.787,88.963,88.943,89.0,88.881,88.994
2024-12-16T15:00:00Z,88.966,89.206,88.945,89.167,88.997,89.234,88.976,89.193
2024-12-16T16:00:00Z,89.167,89.174,89.039,89.1,89.195,89.203,89.07,89.126
2024-12-16T17:00:00Z,89.101,89.14,89.059,89.093,89.125,89.169,89.086,89.129
2024-12-16T18:00:00Z,89.093,89.093,89.022,89.063,89.129,89.129,89.049,89.089
2024-12-16T19:00:00Z,89.063,89.073,88.989,89.056,89.09,89.101,89.017,89.084
2024-12-16T20:00:00Z,89.058,89.085,88.997,89.064,89.086,89.112,89.025,89.094
2024-12-16T21:00:00Z,89.076,89.109,89.049,89.099,89.094,89.16,89.076,89.148
2024-12-16T22:00:00Z,89.084,89.139,88.986,89.023,89.165,89.262,89.118,89.148
2024-12-16T23:00:00Z,89.03,89.263,89.03,89.231,89.153,89.296,89.126,89.265
2024-12-17T00:00:00Z,89.231,89.291,89.131,89.137,89.267,89.32,89.162,89.172
2024-12-17T01:00:00Z,89.138,89.141,88.959,89.038,89.172,89.172,88.987,89.066
2024-12-17T02:00:00Z,89.038,89.045,88.892,88.941,89.068,89.076,88.922,88.97
2024-12-17T03:00:00Z,88.945,88.98,88.808,88.897,88.974,89.007,88.836,88.925
2024-12-17T04:00:00Z,88.899,88.998,88.849,88.859,88.927,89.031,88.883,88.886
2024-12-17T05:00:00Z,88.86,88.957,88.821,88.824,88.888,88.985,88.851,88.858
2024-12-17T06:00:00Z,88.826,88.891,88.681,88.777,88.858,88.916,88.708,88.807
2024-12-17T07:00:00Z,88.78,88.889,88.746,88.786,88.808,88.918,88.774,88.812
2024-12-17T08:00:00Z,88.787,88.81,88.546,88.591,88.812,88.837,88.572,88.619
2024-12-17T09:00:00Z,88.586,88.672,88.517,88.55,88.616,88.7,88.545,88.577
2024-12-17T10:00:00Z,88.552,88.627,88.474,88.6,88.577,88.654,88.502,88.627
2024-12-17T11:00:00Z,88.602,88.641,88.498,88.626,88.627,88.668,88.526,88.654
2024-12-17T12:00:00Z,88.627,88.664,88.58,88.602,88.653,88.691,88.609,88.63
2024-12-17T13:00:00Z,88.602,88.67,88.519,88.637,88.632,88.7,88.553,88.669
2024-12-17T14:00:00Z,88.64,88.644,88.433,88.439,88.669,88.673,88.461,88.465
2024-12-17T15:00:00Z,88.436,88.449,88.316,88.401,88.463,88.477,88.346,88.429
2024-12-17T16:00:00Z,88.398,88.423,88.309,88.319,88.425,88.448,88.337,88.347
2024-12-17T17:00:00Z,88.317,88.334,88.217,88.277,88.345,88.363,88.246,88.318
2024-12-17T18:00:00Z,88.277,88.315,88.185,88.229,88.318,88.345,88.213,88.259
2024-12-17T19:00:00Z,88.231,88.272,88.207,88.215,88.259,88.299,88.242,88.246
2024-12-17T20:00:00Z,88.214,88.286,88.197,88.28,88.247,88.315,88.232,88.31
2024-12-17T21:00:00Z,88.282,88.323,88.264,88.268,88.308,88.364,88.306,88.348
2024-12-17T22:00:00Z,88.272,88.315,88.207,88.257,88.352,88.461,88.338,88.346
2024-12-17T23:00:00Z,88.267,88.42,88.244,88.415,88.332,88.454,88.29,88.449
2024-12-18T00:00:00Z,88.416,88.524,88.384,88.463,88.447,88.55,88.418,88.489
2024-12-18T01:00:00Z,88.462,88.483,88.262,88.285,88.487,88.511,88.293,88.312
2024-12-18T02:00:00Z,88.279,88.377,88.217,88.34,88.306,88.405,88.245,88.366
2024-12-18T03:00:00Z,88.34,88.351,88.154,88.154,88.364,88.379,88.186,88.186
2024-12-18T04:00:00Z,88.153,88.155,87.981,87.995,88.184,88.186,88.011,88.027
2024-12-18T05:00:00Z,87.996,88.065,87.915,88.017,88.026,88.096,87.941,88.043
2024-12-18T06:00:00Z,88.014,88.205,88.009,88.178,88.043,88.233,88.036,88.206
2024-12-18T07:00:00Z,88.182,88.189,88.093,88.101,88.206,88.216,88.123,88.13
2024-12-18T08:00:00Z,88.1,88.112,87.988,88.043,88.13,88.141,88.016,88.075
2024-12-18T09:00:00Z,88.043,88.107,87.923,87.932,88.074,88.137,87.953,87.962
2024-12-18T10:00:00Z,87.93,88.031,87.929,87.986,87.959,88.058,87.957,88.018
2024-12-18T11:00:00Z,87.989,88.055,87.968,88.025,88.016,88.082,87.996,88.05
2024-12-18T12:00:00Z,88.022,88.174,88.021,88.173,88.05,88.204,88.049,88.203
2024-12-18T13:00:00Z,88.174,88.259,88.164,88.213,88.203,88.289,88.191,88.242
2024-12-18T14:00:00Z,88.215,88.256,88.133,88.183,88.243,88.287,88.16,88.21
2024-12-18T15:00:00Z,88.184,88.184,88.054,88.096,88.212,88.212,88.083,88.124
2024-12-18T16:00:00Z,88.094,88.121,88.024,88.038,88.12,88.149,88.052,88.064
2024-12-18T17:00:00Z,88.038,88.057,87.969,87.972,88.06,88.08,87.997,88.0
2024-12-18T18:00:00Z,87.972,87.987,87.86,87.86,88.0,88.06,87.931,88.06
2024-12-18T19:00:00Z,87.856,87.98,87.543,87.57,88.036,88.058,87.575,87.603
2024-12-18T20:00:00Z,87.568,87.571,87.285,87.478,87.6,87.605,87.32,87.511
2024-12-18T21:00:00Z,87.478,87.515,86.964,87.001,87.509,87.624,87.02,87.06
2024-12-18T22:00:00Z,87.025,87.065,86.862,86.961,87.071,87.113,86.96,87.043
2024-12-18T23:00:00Z,86.964,87.155,86.708,86.849,87.041,87.196,86.744,86.891
2024-12-19T00:00:00Z,86.849,87.113,86.728,87.053,86.893,87.143,86.762,87.084
2024-12-19T01:00:00Z,87.056,87.128,86.932,86.959,87.084,87.158,86.968,86.989
2024-12-19T02:00:00Z,86.948,87.323,86.823,87.274,86.974,87.368,86.85,87.317
2024-12-19T03:00:00Z,87.272,87.473,87.207,87.396,87.317,87.513,87.238,87.438
2024-12-19T04:00:00Z,87.392,87.444,87.301,87.412,87.433,87.476,87.334,87.454
2024-12-19T05:00:00Z,87.412,87.533,87.282,87.291,87.449,87.565,87.321,87.331
2024-12-19T06:00:00Z,87.291,87.977,87.283,87.958,87.326,88.008,87.311,87.984
2024-12-19T07:00:00Z,87.961,88.397,87.952,88.248,87.984,88.431,87.983,88.282
2024-12-19T08:00:00Z,88.245,88.697,88.239,88.603,88.281,88.729,88.271,88.635
2024-12-19T09:00:00Z,88.603,88.861,88.545,88.839,88.633,88.893,88.578,88.87
2024-12-19T10:00:00Z,88.837,88.859,88.681,88.773,88.864,88.888,88.715,88.806
2024-12-19T11:00:00Z,88.774,88.885,88.622,88.628,88.804,88.92,88.647,88.659
2024-12-19T12:00:00Z,88.628,88.755,88.619,88.695,88.661,88.781,88.652,88.726
2024-12-19T13:00:00Z,88.696,88.759,88.476,88.683,88.726,88.852,88.514,88.717
2024-12-19T14:00:00Z,88.684,89.016,88.682,88.922,88.715,89.046,88.715,88.963
2024-12-19T15:00:00Z,88.928,89.126,88.868,89.09,88.968,89.151,88.894,89.121
2024-12-19T16:00:00Z,89.09,89.186,88.952,88.974,89.122,89.219,88.983,89.001
2024-12-19T17:00:00Z,88.979,89.041,88.912,88.958,89.006,89.071,88.941,88.998
2024-12-19T18:00:00Z,88.958,88.958,88.836,88.888,88.998,88.998,88.863,88.916
2024-12-19T19:00:00Z,88.885,88.92,88.661,88.684,88.914,88.948,88.696,88.718
2024-12-19T20:00:00Z,88.686,88.723,88.61,88.628,88.715,88.759,88.642,88.661
2024-12-19T21:00:00Z,88.631,88.65,88.566,88.594,88.661,88.684,88.599,88.671
2024-12-19T22:00:00Z,88.501,88.638,88.501,88.613,88.701,88.729,88.643,88.69
2024-12-19T23:00:00Z,88.603,88.708,88.568,88.683,88.74,88.74,88.616,88.716
2024-12-20T00:00:00Z,88.686,88.794,88.613,88.62,88.717,88.823,88.644,88.648
2024-12-20T01:00:00Z,88.616,88.641,88.352,88.524,88.645,88.67,88.386,88.554
2024-12-20T02:00:00Z,88.526,88.573,88.262,88.325,88.554,88.61,88.292,88.358
2024-12-20T03:00:00Z,88.328,88.435,88.209,88.317,88.363,88.468,88.251,88.348
2024-12-20T04:00:00Z,88.317,88.453,88.304,88.446,88.347,88.481,88.334,88.467
2024-12-20T05:00:00Z,88.446,88.451,88.28,88.311,88.469,88.477,88.311,88.343
2024-12-20T06:00:00Z,88.315,88.537,88.192,88.464,88.344,88.569,88.225,88.499
2024-12-20T07:00:00Z,88.462,88.472,88.355,88.438,88.496,88.504,88.385,88.471
2024-12-20T08:00:00Z,88.438,88.581,88.394,88.472,88.468,88.61,88.428,88.501
2024-12-20T09:00:00Z,88.474,88.491,88.241,88.311,88.504,88.521,88.269,88.343
2024-12-20T10:00:00Z,88.314,88.343,88.215,88.271,88.344,88.375,88.247,88.303
2024-12-20T11:00:00Z,88.272,88.293,88.207,88.232,88.303,88.322,88.241,88.264
2024-12-20T12:00:00Z,88.232,88.366,88.216,88.313,88.262,88.396,88.249,88.346
2024-12-20T13:00:00Z,88.312,88.382,88.234,88.247,88.346,88.452,88.266,88.279
2024-12-20T14:00:00Z,88.247,88.288,88.1,88.258,88.276,88.33,88.131,88.33
2024-12-20T15:00:00Z,88.257,88.544,88.241,88.337,88.338,88.576,88.286,88.367
2024-12-20T16:00:00Z,88.335,88.435,88.304,88.386,88.367,88.468,88.337,88.417
2024-12-20T17:00:00Z,88.384,88.499,88.347,88.366,88.417,88.53,88.38,88.4
2024-12-20T18:00:00Z,88.366,88.396,88.315,88.325,88.4,88.429,88.347,88.358
2024-12-20T19:00:00Z,88.326,88.441,88.297,88.386,88.36,88.472,88.332,88.419
2024-12-20T20:00:00Z,88.384,88.433,88.342,88.431,88.418,88.465,88.375,88.465
2024-12-20T21:00:00Z,88.429,88.48,88.321,88.44,88.466,88.541,88.413,88.52
2024-12-22T22:00:00Z,88.436,88.436,88.174,88.339,88.52,88.52,88.374,88.482
2024-12-22T23:00:00Z,88.293,88.496,88.293,88.469,88.442,88.568,88.389,88.502
2024-12-23T00:00:00Z,88.47,88.478,88.344,88.393,88.498,88.512,88.38,88.424
2024-12-23T01:00:00Z,88.397,88.48,88.347,88.457,88.428,88.513,88.377,88.486
2024-12-23T02:00:00Z,88.453,88.575,88.424,88.572,88.483,88.604,88.453,88.6
2024-12-23T03:00:00Z,88.57,88.587,88.44,88.455,88.6,88.617,88.469,88.486
2024-12-23T04:00:00Z,88.456,88.593,88.443,88.57,88.486,88.624,88.472,88.598
2024-12-23T05:00:00Z,88.575,88.623,88.537,88.621,88.604,88.654,88.568,88.652
2024-12-23T06:00:00Z,88.622,88.627,88.509,88.566,88.65,88.656,88.537,88.599
2024-12-23T07:00:00Z,88.566,88.629,88.47,88.507,88.596,88.66,88.499,88.539
2024-12-23T08:00:00Z,88.511,88.568,88.403,88.503,88.54,88.6,88.436,88.532
2024-12-23T09:00:00Z,88.505,88.671,88.464,88.626,88.537,88.696,88.498,88.656
2024-12-23T10:00:00Z,88.622,88.638,88.514,88.537,88.655,88.67,88.547,88.568
2024-12-23T11:00:00Z,88.539,88.593,88.493,88.545,88.568,88.626,88.525,88.578
2024-12-23T12:00:00Z,88.547,88.678,88.482,88.642,88.578,88.711,88.514,88.675
2024-12-23T13:00:00Z,88.64,88.662,88.567,88.576,88.674,88.694,88.6,88.607
2024-12-23T14:00:00Z,88.573,88.64,88.535,88.629,88.607,88.7,88.568,88.689
2024-12-23T15:00:00Z,88.63,88.644,88.505,88.6,88.671,88.783,88.538,88.63
2024-12-23T16:00:00Z,88.6,88.686,88.527,88.651,88.628,88.717,88.557,88.684
2024-12-23T17:00:00Z,88.651,88.77,88.644,88.723,88.682,88.803,88.676,88.76
2024-12-23T18:00:00Z,88.723,88.756,88.674,88.728,88.76,88.794,88.712,88.764
2024-12-23T19:00:00Z,88.725,88.743,88.673,88.734,88.76,88.78,88.714,88.77
2024-12-23T20:00:00Z,88.731,88.762,88.667,88.724,88.766,88.801,88.704,88.756
2024-12-23T21:00:00Z,88.726,88.751,88.684,88.7,88.756,88.802,88.74,88.776
2024-12-23T22:00:00Z,88.692,88.697,88.585,88.585,88.77,88.846,88.693,88.693
2024-12-23T23:00:00Z,88.585,88.749,88.585,88.682,88.697,88.798,88.684,88.719
2024-12-24T00:00:00Z,88.685,88.762,88.645,88.697,88.722,88.803,88.679,88.73
2024-12-24T01:00:00Z,88.701,88.706,88.528,88.594,88.735,88.74,88.562,88.633
2024-12-24T02:00:00Z,88.594,88.698,88.532,88.575,88.634,88.733,88.566,88.61
2024-12-24T03:00:00Z,88.577,88.59,88.476,88.568,88.608,88.626,88.505,88.607
2024-12-24T04:00:00Z,88.568,88.595,88.5,88.572,88.606,88.629,88.533,88.609
2024-12-24T05:00:00Z,88.574,88.612,88.517,88.607,88.609,88.644,88.55,88.639
2024-12-24T06:00:00Z,88.604,88.708,88.543,88.681,88.637,88.739,88.578,88.712
2024-12-24T07:00:00Z,88.684,88.726,88.594,88.633,88.714,88.762,88.627,88.657
2024-12-24T08:00:00Z,88.633,88.659,88.572,88.611,88.655,88.693,88.604,88.644
2024-12-24T09:00:00Z,88.611,88.625,88.527,88.538,88.643,88.657,88.559,88.568
2024-12-24T10:00:00Z,88.534,88.568,88.499,88.55,88.563,88.604,88.535,88.588
2024-12-24T11:00:00Z,88.55,88.574,88.517,88.551,88.586,88.61,88.553,88.586
2024-12-24T12:00:00Z,88.551,88.566,88.477,88.521,88.585,88.605,88.515,88.557
2024-12-24T13:00:00Z,88.52,88.728,88.509,88.705,88.558,88.768,88.543,88.742
2024-12-24T14:00:00Z,88.701,88.759,88.664,88.705,88.741,88.796,88.704,88.748
2024-12-24T15:00:00Z,88.704,88.748,88.62,88.621,88.75,88.785,88.651,88.651
2024-12-24T16:00:00Z,88.621,88.682,88.595,88.598,88.654,88.728,88.634,88.638
2024-12-24T17:00:00Z,88.597,88.696,88.588,88.615,88.638,88.736,88.628,88.656
2024-12-24T18:00:00Z,88.615,88.75,88.578,88.733,88.656,88.876,88.621,88.846
2024-12-24T19:00:00Z,88.732,88.799,88.629,88.635,88.85,88.994,88.76,88.835
2024-12-24T21:00:00Z,88.574,88.586,88.571,88.571,88.774,88.786,88.771,88.771
2024-12-25T22:00:00Z,88.738,88.738,88.738,88.738,88.938,88.938,88.938,88.938
2024-12-25T23:00:00Z,88.558,88.867,88.532,88.77,88.758,88.921,88.688,88.812
2024-12-26T00:00:00Z,88.77,88.93,88.752,88.913,88.813,88.971,88.792,88.952
2024-12-26T01:00:00Z,88.909,88.985,88.824,88.963,88.949,89.024,88.863,89.0
2024-12-26T02:00:00Z,88.96,89.037,88.935,89.023,88.999,89.07,88.975,89.057
2024-12-26T03:00:00Z,89.025,89.077,88.969,88.97,89.058,89.11,89.003,89.003
2024-12-26T04:00:00Z,88.97,88.991,88.909,88.923,89.004,89.016,88.942,88.957
2024-12-26T05:00:00Z,88.923,88.975,88.818,88.838,88.958,89.008,88.851,88.871
2024-12-26T06:00:00Z,88.836,88.881,88.725,88.736,88.869,88.914,88.758,88.768
2024-12-26T07:00:00Z,88.735,88.826,88.676,88.804,88.768,88.858,88.707,88.835
2024-12-26T08:00:00Z,88.803,88.817,88.669,88.678,88.836,88.846,88.701,88.713
2024-12-26T09:00:00Z,88.676,88.741,88.631,88.709,88.712,88.771,88.662,88.742
2024-12-26T10:00:00Z,88.708,88.801,88.683,88.779,88.737,88.834,88.716,88.812
2024-12-26T11:00:00Z,88.778,88.872,88.756,88.859,88.806,88.907,88.787,88.894
2024-12-26T12:00:00Z,88.862,88.87,88.748,88.779,88.894,88.908,88.785,88.809
2024-12-26T13:00:00Z,88.78,88.907,88.759,88.866,88.809,88.944,88.804,88.901
2024-12-26T14:00:00Z,88.864,88.933,88.815,88.851,88.901,88.971,88.85,88.89
2024-12-26T15:00:00Z,88.852,88.869,88.81,88.868,88.887,88.904,88.836,88.902
2024-12-26T16:00:00Z,88.868,88.942,88.844,88.94,88.901,88.98,88.88,88.979
2024-12-26T17:00:00Z,88.941,88.95,88.844,88.894,88.979,88.986,88.882,88.936
2024-12-26T18:00:00Z,88.808,88.899,88.78,88.805,88.863,88.961,88.832,88.861
2024-12-26T19:00:00Z,88.803,88.807,88.726,88.736,88.856,88.864,88.786,88.8
2024-12-26T20:00:00Z,88.737,88.738,88.643,88.72,88.802,88.802,88.713,88.791
2024-12-26T21:00:00Z,88.719,88.774,88.698,88.746,88.792,88.907,88.763,88.895
2024-12-26T22:00:00Z,88.735,88.821,88.696,88.74,88.884,89.021,88.819,88.841
2024-12-26T23:00:00Z,88.77,88.784,88.665,88.731,88.841,88.848,88.723,88.771
2024-12-27T00:00:00Z,88.732,88.796,88.648,88.766,88.766,88.837,88.683,88.801
2024-12-27T01:00:00Z,88.769,88.787,88.62,88.662,88.803,88.823,88.656,88.697
2024-12-27T02:00:00Z,88.665,88.673,88.521,88.589,88.7,88.722,88.555,88.622
2024-12-27T03:00:00Z,88.585,88.684,88.478,88.526,88.618,88.72,88.514,88.56
2024-12-27T04:00:00Z,88.524,88.555,88.464,88.485,88.558,88.589,88.506,88.519
2024-12-27T05:00:00Z,88.486,88.651,88.481,88.63,88.518,88.685,88.516,88.663
2024-12-27T06:00:00Z,88.627,88.772,88.619,88.751,88.66,88.806,88.653,88.784
2024-12-27T07:00:00Z,88.762,88.902,88.755,88.863,88.796,88.932,88.789,88.901
2024-12-27T08:00:00Z,88.865,88.959,88.833,88.872,88.905,88.997,88.868,88.907
2024-12-27T09:00:00Z,88.87,88.89,88.753,88.83,88.907,88.927,88.79,88.862
2024-12-27T10:00:00Z,88.83,88.861,88.719,88.777,88.863,88.896,88.757,88.815
2024-12-27T11:00:00Z,88.777,88.872,88.767,88.854,88.813,88.907,88.807,88.889
2024-12-27T12:00:00Z,88.853,88.984,88.834,88.967,88.889,89.021,88.875,89.0
2024-12-27T13:00:00Z,88.966,88.993,88.871,88.977,89.0,89.025,88.906,89.013
2024-12-27T14:00:00Z,88.977,89.0,88.815,88.837,89.015,89.03,88.859,88.881
2024-12-27T15:00:00Z,88.839,88.889,88.684,88.805,88.884,88.927,88.724,88.842
2024-12-27T16:00:00Z,88.807,88.854,88.692,88.775,88.842,88.893,88.734,88.813
2024-12-27T17:00:00Z,88.775,88.808,88.671,88.793,88.815,88.848,88.715,88.829
2024-12-27T18:00:00Z,88.793,88.909,88.777,88.885,88.829,88.95,88.82,88.924
2024-12-27T19:00:00Z,88.882,89.023,88.862,89.019,88.925,89.062,88.905,89.057
2024-12-27T20:00:00Z,89.019,89.019,88.911,88.957,89.058,89.058,88.956,88.997
2024-12-27T21:00:00Z,88.957,88.971,88.852,88.872,88.999,89.013,88.932,88.956
2024-12-29T22:00:00Z,88.86,88.86,88.705,88.835,88.948,89.002,88.88,88.967
2024-12-29T23:00:00Z,88.867,89.081,88.862,89.028,88.983,89.119,88.975,89.067
2024-12-30T00:00:00Z,89.03,89.113,88.903,89.084,89.066,89.153,88.932,89.12
2024-12-30T01:00:00Z,89.084,89.087,88.986,89.018,89.117,89.123,89.017,89.051
2024-12-30T02:00:00Z,89.019,89.127,88.987,89.12,89.058,89.162,89.021,89.155
2024-12-30T03:00:00Z,89.121,89.293,89.106,89.273,89.152,89.325,89.138,89.305
2024-12-30T04:00:00Z,89.269,89.286,89.208,89.24,89.298,89.32,89.241,89.269
2024-12-30T05:00:00Z,89.243,89.324,89.214,89.269,89.271,89.357,89.247,89.295
2024-12-30T06:00:00Z,89.27,89.425,89.265,89.325,89.297,89.456,89.295,89.358
2024-12-30T07:00:00Z,89.324,89.407,89.218,89.405,89.358,89.441,89.25,89.439
2024-12-30T08:00:00Z,89.403,89.403,89.159,89.161,89.436,89.436,89.188,89.196
2024-12-30T09:00:00Z,89.161,89.281,89.151,89.248,89.197,89.312,89.183,89.279
2024-12-30T10:00:00Z,89.245,89.28,89.207,89.237,89.273,89.311,89.238,89.268
2024-12-30T11:00:00Z,89.232,89.287,89.218,89.244,89.264,89.32,89.248,89.274
2024-12-30T12:00:00Z,89.244,89.253,89.114,89.144,89.273,89.283,89.144,89.175
2024-12-30T13:00:00Z,89.142,89.142,88.799,88.803,89.173,89.174,88.833,88.839
2024-12-30T14:00:00Z,88.805,88.933,88.584,88.648,88.839,88.967,88.617,88.687
2024-12-30T15:00:00Z,88.645,88.647,88.329,88.592,88.684,88.684,88.361,88.625
2024-12-30T16:00:00Z,88.591,88.652,88.486,88.64,88.625,88.685,88.521,88.674
2024-12-30T17:00:00Z,88.643,88.71,88.62,88.643,88.676,88.744,88.655,88.683
2024-12-30T18:00:00Z,88.643,88.702,88.6,88.645,88.683,88.735,88.633,88.677
2024-12-30T19:00:00Z,88.644,88.658,88.573,88.594,88.674,88.688,88.607,88.627
2024-12-30T20:00:00Z,88.595,88.598,88.413,88.428,88.629,88.632,88.453,88.461
2024-12-30T21:00:00Z,88.428,88.447,88.361,88.432,88.463,88.492,88.395,88.484
2024-12-30T22:00:00Z,88.42,88.476,88.335,88.38,88.479,88.647,88.479,88.516
2024-12-30T23:00:00Z,88.407,88.538,88.358,88.52,88.529,88.578,88.416,88.557
2024-12-31T00:00:00Z,88.519,88.542,88.335,88.351,88.555,88.578,88.369,88.392
2024-12-31T01:00:00Z,88.354,88.412,88.22,88.245,88.395,88.447,88.257,88.281
2024-12-31T02:00:00Z,88.246,88.259,88.104,88.118,88.284,88.295,88.135,88.149
2024-12-31T03:00:00Z,88.114,88.143,88.022,88.034,88.146,88.18,88.056,88.065
2024-12-31T04:00:00Z,88.033,88.053,87.893,87.933,88.065,88.086,87.934,87.966
2024-12-31T05:00:00Z,87.93,87.964,87.874,87.932,87.964,87.998,87.909,87.965
2024-12-31T06:00:00Z,87.923,87.956,87.81,87.935,87.957,87.989,87.842,87.968
2024-12-31T07:00:00Z,87.939,87.99,87.863,87.986,87.968,88.027,87.896,88.019
2024-12-31T08:00:00Z,87.988,88.0,87.755,87.877,88.02,88.033,87.788,87.91
2024-12-31T09:00:00Z,87.877,88.179,87.807,88.16,87.907,88.207,87.84,88.194
2024-12-31T10:00:00Z,88.161,88.217,88.069,88.173,88.194,88.253,88.104,88.206
2024-12-31T11:00:00Z,88.175,88.176,88.051,88.101,88.206,88.209,88.083,88.134
2024-12-31T12:00:00Z,88.1,88.105,87.951,88.02,88.134,88.138,87.984,88.05
2024-12-31T13:00:00Z,88.021,88.078,87.9,88.06,88.05,88.112,87.934,88.105
2024-12-31T14:00:00Z,88.061,88.068,87.852,87.902,88.105,88.105,87.878,87.938
2024-12-31T15:00:00Z,87.899,88.079,87.829,88.047,87.933,88.114,87.864,88.08
2024-12-31T16:00:00Z,88.048,88.067,87.965,88.012,88.08,88.102,87.997,88.042
2024-12-31T17:00:00Z,88.012,88.105,87.924,87.988,88.044,88.139,87.958,88.027
2024-12-31T18:00:00Z,87.988,88.016,87.963,88.004,88.027,88.051,87.999,88.039
2024-12-31T19:00:00Z,88.0,88.048,87.935,87.975,88.034,88.082,87.969,88.01
2024-12-31T20:00:00Z,87.975,88.09,87.971,88.013,88.009,88.127,88.003,88.044
2024-12-31T21:00:00Z,88.011,88.03,87.871,87.9,88.043,88.065,87.957,87.963
2025-01-01T22:00:00Z,87.9,88.03,87.844,87.985,87.962,88.156,87.962,88.13
2025-01-01T23:00:00Z,87.994,88.299,87.987,88.256,88.125,88.342,88.031,88.301
2025-01-02T00:00:00Z,88.258,88.289,88.066,88.203,88.301,88.32,88.104,88.239
2025-01-02T01:00:00Z,88.206,88.469,88.178,88.43,88.242,88.506,88.216,88.467
2025-01-02T02:00:00Z,88.432,88.447,88.318,88.404,88.463,88.478,88.355,88.432
2025-01-02T03:00:00Z,88.402,88.402,88.25,88.252,88.43,88.43,88.285,88.286
2025-01-02T04:00:00Z,88.252,88.269,88.174,88.176,88.284,88.297,88.204,88.212
2025-01-02T05:00:00Z,88.175,88.254,88.113,88.251,88.212,88.287,88.14,88.28
2025-01-02T06:00:00Z,88.249,88.251,87.913,87.914,88.278,88.28,87.948,87.952
2025-01-02T07:00:00Z,87.906,87.967,87.754,87.849,87.947,87.999,87.785,87.884
2025-01-02T08:00:00Z,87.853,88.043,87.707,88.025,87.883,88.075,87.738,88.062
2025-01-02T09:00:00Z,88.025,88.183,88.023,88.087,88.06,88.211,88.057,88.113
2025-01-02T10:00:00Z,88.087,88.205,88.087,88.126,88.114,88.236,88.114,88.161
2025-01-02T11:00:00Z,88.123,88.269,88.1,88.235,88.157,88.297,88.136,88.272
2025-01-02T12:00:00Z,88.238,88.263,88.071,88.075,88.271,88.297,88.105,88.111
2025-01-02T13:00:00Z,88.074,88.156,87.869,87.984,88.112,88.188,87.936,88.02
2025-01-02T14:00:00Z,87.983,88.109,87.904,88.031,88.016,88.139,87.935,88.064
2025-01-02T15:00:00Z,88.034,88.146,87.947,88.023,88.066,88.182,87.981,88.054
2025-01-02T16:00:00Z,88.026,88.267,87.981,88.261,88.056,88.298,88.015,88.289
2025-01-02T17:00:00Z,88.259,88.409,88.089,88.12,88.287,88.44,88.126,88.167
2025-01-02T18:00:00Z,88.12,88.177,88.016,88.061,88.167,88.211,88.049,88.088
2025-01-02T19:00:00Z,88.062,88.165,88.042,88.059,88.09,88.193,88.071,88.087
2025-01-02T20:00:00Z,88.061,88.196,88.061,88.148,88.088,88.223,88.088,88.178
2025-01-02T21:00:00Z,88.152,88.162,88.088,88.131,88.178,88.197,88.14,88.172
2025-01-02T22:00:00Z,88.015,88.098,87.984,88.082,88.215,88.215,88.141,88.154
2025-01-02T23:00:00Z,88.096,88.117,87.982,87.999,88.154,88.181,88.011,88.027
2025-01-03T00:00:00Z,87.999,88.177,87.964,88.141,88.028,88.211,87.996,88.169
2025-01-03T01:00:00Z,88.143,88.183,88.059,88.065,88.171,88.209,88.091,88.1
2025-01-03T02:00:00Z,88.065,88.197,88.042,88.143,88.098,88.216,88.076,88.173
2025-01-03T03:00:00Z,88.142,88.235,88.082,88.151,88.173,88.265,88.115,88.179
2025-01-03T04:00:00Z,88.149,88.205,88.115,88.163,88.176,88.237,88.149,88.195
2025-01-03T05:00:00Z,88.163,88.238,88.14,88.183,88.197,88.272,88.17,88.21
2025-01-03T06:00:00Z,88.176,88.223,88.135,88.147,88.207,88.256,88.162,88.181
2025-01-03T07:00:00Z,88.152,88.152,87.903,88.011,88.17,88.17,87.938,88.042
2025-01-03T08:00:00Z,88.011,88.103,87.991,88.046,88.043,88.13,88.018,88.073
2025-01-03T09:00:00Z,88.044,88.132,88.024,88.071,88.072,88.163,88.053,88.098
2025-01-03T10:00:00Z,88.07,88.133,88.002,88.117,88.098,88.164,88.027,88.145
2025-01-03T11:00:00Z,88.12,88.182,88.109,88.145,88.148,88.21,88.135,88.173
2025-01-03T12:00:00Z,88.141,88.151,88.029,88.101,88.169,88.179,88.056,88.132
2025-01-03T13:00:00Z,88.101,88.13,88.037,88.088,88.131,88.158,88.065,88.118
2025-01-03T14:00:00Z,88.09,88.231,88.064,88.134,88.121,88.262,88.094,88.222
2025-01-03T15:00:00Z,88.148,88.204,88.025,88.133,88.243,88.388,88.055,88.16
2025-01-03T16:00:00Z,88.134,88.204,88.06,88.067,88.16,88.231,88.09,88.095
2025-01-03T17:00:00Z,88.068,88.122,88.032,88.111,88.099,88.15,88.061,88.139
2025-01-03T18:00:00Z,88.111,88.145,88.083,88.102,88.139,88.174,88.114,88.132
2025-01-03T19:00:00Z,88.1,88.177,88.083,88.154,88.13,88.21,88.115,88.182
2025-01-03T20:00:00Z,88.152,88.238,88.143,88.232,88.18,88.267,88.171,88.262
2025-01-03T21:00:00Z,88.231,88.302,88.213,88.252,88.262,88.382,88.243,88.336
2025-01-05T22:00:00Z,88.19,88.291,88.132,88.265,88.389,88.408,88.272,88.345
2025-01-05T23:00:00Z,88.268,88.468,88.268,88.457,88.347,88.498,88.334,88.49
2025-01-06T00:00:00Z,88.462,88.75,88.443,88.659,88.491,88.779,88.476,88.687
2025-01-06T01:00:00Z,88.658,88.739,88.488,88.552,88.687,88.768,88.518,88.58
2025-01-06T02:00:00Z,88.556,88.678,88.521,88.644,88.582,88.707,88.55,88.673
2025-01-06T03:00:00Z,88.644,88.679,88.501,88.653,88.672,88.706,88.533,88.684
2025-01-06T04:00:00Z,88.655,88.694,88.595,88.65,88.686,88.727,88.622,88.678
2025-01-06T05:00:00Z,88.653,88.785,88.639,88.723,88.682,88.814,88.667,88.751
2025-01-06T06:00:00Z,88.719,88.742,88.645,88.677,88.748,88.77,88.673,88.706
2025-01-06T07:00:00Z,88.674,88.713,88.587,88.694,88.702,88.741,88.615,88.719
2025-01-06T08:00:00Z,88.693,88.942,88.673,88.936,88.719,88.971,88.701,88.963
2025-01-06T09:00:00Z,88.938,88.98,88.836,88.888,88.963,89.01,88.867,88.916
2025-01-06T10:00:00Z,88.887,88.959,88.836,88.902,88.916,88.987,88.863,88.929
2025-01-06T11:00:00Z,88.901,89.252,88.845,89.193,88.929,89.285,88.873,89.217
2025-01-06T12:00:00Z,89.193,89.212,88.845,88.944,89.221,89.249,88.876,88.971
2025-01-06T13:00:00Z,88.942,88.97,88.77,88.86,88.975,89.0,88.8,88.891
2025-01-06T14:00:00Z,88.863,88.979,88.604,88.945,88.893,89.012,88.649,88.993
2025-01-06T15:00:00Z,88.945,89.037,88.818,88.846,88.991,89.068,88.847,88.874
2025-01-06T16:00:00Z,88.844,88.912,88.754,88.902,88.871,88.94,88.785,88.934
2025-01-06T17:00:00Z,88.905,88.91,88.763,88.799,88.933,88.941,88.792,88.842
2025-01-06T18:00:00Z,88.799,88.853,88.702,88.714,88.842,88.882,88.734,88.745
2025-01-06T19:00:00Z,88.716,88.808,88.681,88.801,88.748,88.839,88.711,88.83
2025-01-06T20:00:00Z,88.8,88.89,88.791,88.887,88.83,88.917,88.82,88.915
2025-01-06T21:00:00Z,88.889,88.949,88.87,88.92,88.916,88.976,88.902,88.971
2025-01-06T22:00:00Z,88.855,88.937,88.789,88.85,89.033,89.068,88.928,88.954
2025-01-06T23:00:00Z,88.849,88.99,88.841,88.913,88.945,89.018,88.926,88.946
2025-01-07T00:00:00Z,88.917,89.274,88.916,89.25,88.95,89.308,88.945,89.281
2025-01-07T01:00:00Z,89.248,89.399,89.225,89.383,89.277,89.427,89.255,89.413
2025-01-07T02:00:00Z,89.383,89.468,89.328,89.431,89.411,89.495,89.36,89.462
2025-01-07T03:00:00Z,89.429,89.547,89.377,89.512,89.458,89.574,89.408,89.541
2025-01-07T04:00:00Z,89.513,89.532,89.431,89.448,89.541,89.562,89.461,89.476
2025-01-07T05:00:00Z,89.446,89.511,89.391,89.454,89.476,89.537,89.42,89.48
2025-01-07T06:00:00Z,89.453,89.462,89.306,89.331,89.477,89.489,89.335,89.358
2025-01-07T07:00:00Z,89.321,89.424,89.283,89.381,89.347,89.452,89.312,89.409
2025-01-07T08:00:00Z,89.384,89.544,89.356,89.513,89.413,89.568,89.383,89.543
2025-01-07T09:00:00Z,89.515,89.688,89.49,89.606,89.544,89.72,89.522,89.635
2025-01-07T10:00:00Z,89.605,89.678,89.543,89.664,89.636,89.706,89.574,89.692
2025-01-07T11:00:00Z,89.662,89.67,89.49,89.535,89.688,89.697,89.519,89.563
2025-01-07T12:00:00Z,89.537,89.588,89.424,89.45,89.564,89.62,89.453,89.481
2025-01-07T13:00:00Z,89.45,89.514,89.392,89.402,89.479,89.544,89.422,89.432
2025-01-07T14:00:00Z,89.4,89.427,89.267,89.377,89.432,89.459,89.298,89.447
2025-01-07T15:00:00Z,89.371,89.516,89.127,89.183,89.448,89.648,89.154,89.21
2025-01-07T16:00:00Z,89.186,89.19,88.967,89.038,89.21,89.218,89.005,89.067
2025-01-07T17:00:00Z,89.037,89.109,88.947,89.013,89.07,89.139,88.976,89.049
2025-01-07T18:00:00Z,89.013,89.024,88.949,88.99,89.049,89.059,88.982,89.021
2025-01-07T19:00:00Z,88.992,89.017,88.953,88.971,89.019,89.049,88.982,89.003
2025-01-07T20:00:00Z,88.973,88.973,88.833,88.932,89.005,89.005,88.867,88.962
2025-01-07T21:00:00Z,88.935,89.05,88.928,89.025,88.966,89.095,88.958,89.079
2025-01-07T22:00:00Z,88.932,89.027,88.912,88.987,89.123,89.166,89.05,89.062
2025-01-07T23:00:00Z,88.99,89.156,88.99,89.119,89.05,89.187,89.045,89.159
2025-01-08T00:00:00Z,89.119,89.149,88.898,89.047,89.158,89.184,88.932,89.078
2025-01-08T01:00:00Z,89.047,89.055,88.86,88.965,89.081,89.086,88.892,88.995
2025-01-08T02:00:00Z,88.965,89.074,88.937,89.023,88.993,89.102,88.965,89.055
2025-01-08T03:00:00Z,89.023,89.127,88.987,89.101,89.054,89.156,89.017,89.128
2025-01-08T04:00:00Z,89.101,89.147,89.058,89.118,89.13,89.177,89.083,89.145
2025-01-08T05:00:00Z,89.115,89.174,89.071,89.173,89.145,89.203,89.102,89.202
2025-01-08T06:00:00Z,89.173,89.187,89.046,89.077,89.201,89.213,89.076,89.106
2025-01-08T07:00:00Z,89.08,89.08,88.911,88.977,89.106,89.106,88.938,89.001
2025-01-08T08:00:00Z,88.979,89.056,88.899,88.903,89.001,89.086,88.925,88.931
2025-01-08T09:00:00Z,88.9,88.924,88.824,88.865,88.928,88.95,88.854,88.897
2025-01-08T10:00:00Z,88.868,88.902,88.781,88.899,88.898,88.931,88.81,88.926
2025-01-08T11:00:00Z,88.899,88.905,88.604,88.696,88.929,88.931,88.636,88.726
2025-01-08T12:00:00Z,88.694,88.742,88.573,88.642,88.723,88.773,88.602,88.676
2025-01-08T13:00:00Z,88.644,88.658,88.501,88.596,88.675,88.709,88.57,88.627
2025-01-08T14:00:00Z,88.594,88.701,88.572,88.617,88.625,88.732,88.601,88.648
2025-01-08T15:00:00Z,88.616,88.803,88.605,88.775,88.648,88.831,88.632,88.801
2025-01-08T16:00:00Z,88.775,88.849,88.711,88.828,88.803,88.879,88.74,88.855
2025-01-08T17:00:00Z,88.827,88.847,88.725,88.736,88.855,88.879,88.754,88.774
2025-01-08T18:00:00Z,88.736,88.811,88.713,88.713,88.774,88.846,88.749,88.813
2025-01-08T19:00:00Z,88.71,88.837,88.677,88.744,88.816,88.873,88.739,88.773
2025-01-08T20:00:00Z,88.737,88.787,88.71,88.757,88.77,88.82,88.738,88.788
2025-01-08T21:00:00Z,88.761,88.819,88.732,88.759,88.794,88.848,88.782,88.839
2025-01-08T22:00:00Z,88.731,88.771,88.698,88.721,88.915,88.949,88.769,88.782
2025-01-08T23:00:00Z,88.725,88.802,88.647,88.648,88.77,88.844,88.677,88.682
2025-01-09T00:00:00Z,88.646,88.677,88.525,88.604,88.682,88.706,88.555,88.634
2025-01-09T01:00:00Z,88.606,88.619,88.466,88.488,88.633,88.648,88.497,88.516
2025-01-09T02:00:00Z,88.482,88.575,88.48,88.544,88.511,88.608,88.51,88.575
2025-01-09T03:00:00Z,88.542,88.557,88.405,88.405,88.575,88.59,88.433,88.433
2025-01-09T04:00:00Z,88.405,88.412,88.244,88.374,88.432,88.442,88.276,88.403
2025-01-09T05:00:00Z,88.371,88.555,88.348,88.492,88.4,88.584,88.377,88.52
2025-01-09T06:00:00Z,88.491,88.532,88.428,88.448,88.521,88.561,88.455,88.476
2025-01-09T07:00:00Z,88.448,88.524,88.198,88.237,88.471,88.553,88.227,88.265
2025-01-09T08:00:00Z,88.237,88.429,88.174,88.405,88.266,88.457,88.204,88.436
2025-01-09T09:00:00Z,88.409,88.44,88.328,88.343,88.437,88.468,88.359,88.374
2025-01-09T10:00:00Z,88.337,88.379,88.289,88.346,88.368,88.408,88.32,88.373
2025-01-09T11:00:00Z,88.342,88.358,88.256,88.33,88.37,88.388,88.29,88.358
2025-01-09T12:00:00Z,88.332,88.335,88.125,88.206,88.36,88.363,88.154,88.234
2025-01-09T13:00:00Z,88.203,88.311,88.156,88.205,88.236,88.344,88.189,88.241
2025-01-09T14:00:00Z,88.209,88.394,88.207,88.382,88.239,88.425,88.235,88.413
2025-01-09T15:00:00Z,88.385,88.395,88.264,88.337,88.413,88.427,88.295,88.362
2025-01-09T16:00:00Z,88.335,88.411,88.294,88.406,88.362,88.44,88.323,88.439
2025-01-09T17:00:00Z,88.405,88.495,88.402,88.482,88.439,88.527,88.434,88.524
2025-01-09T18:00:00Z,88.482,88.496,88.452,88.489,88.524,88.524,88.48,88.517
2025-01-09T19:00:00Z,88.489,88.572,88.472,88.506,88.515,88.599,88.5,88.538
2025-01-09T20:00:00Z,88.509,88.549,88.505,88.531,88.539,88.58,88.537,88.559
2025-01-09T21:00:00Z,88.531,88.532,88.48,88.496,88.56,88.571,88.512,88.555
2025-01-09T22:00:00Z,88.418,88.549,88.417,88.505,88.582,88.633,88.559,88.613
2025-01-09T23:00:00Z,88.523,88.552,88.362,88.381,88.613,88.623,88.395,88.409
2025-01-10T00:00:00Z,88.381,88.53,88.322,88.353,88.417,88.56,88.352,88.384
2025-01-10T01:00:00Z,88.356,88.591,88.323,88.555,88.386,88.622,88.351,88.584
2025-01-10T02:00:00Z,88.555,88.602,88.526,88.575,88.586,88.633,88.554,88.603
2025-01-10T03:00:00Z,88.572,88.582,88.481,88.498,88.6,88.611,88.508,88.528
2025-01-10T04:00:00Z,88.496,88.55,88.478,88.534,88.526,88.58,88.507,88.563
2025-01-10T05:00:00Z,88.532,88.603,88.485,88.515,88.563,88.632,88.514,88.544
2025-01-10T06:00:00Z,88.511,88.517,88.368,88.382,88.54,88.543,88.399,88.411
2025-01-10T07:00:00Z,88.379,88.559,88.376,88.528,88.408,88.586,88.403,88.555
2025-01-10T08:00:00Z,88.528,88.53,88.043,88.096,88.554,88.557,88.073,88.124
2025-01-10T09:00:00Z,88.098,88.098,87.918,88.071,88.124,88.124,87.949,88.097
2025-01-10T10:00:00Z,88.071,88.217,88.014,88.182,88.098,88.245,88.042,88.213
2025-01-10T11:00:00Z,88.185,88.294,88.177,88.179,88.213,88.32,88.207,88.207
2025-01-10T12:00:00Z,88.182,88.248,88.152,88.246,88.208,88.276,88.18,88.274
2025-01-10T13:00:00Z,88.246,88.267,88.008,88.074,88.273,88.348,88.038,88.105
2025-01-10T14:00:00Z,88.079,88.125,87.833,87.872,88.105,88.155,87.859,87.951
2025-01-10T15:00:00Z,87.884,87.934,87.584,87.618,87.954,87.98,87.613,87.647
2025-01-10T16:00:00Z,87.62,87.644,87.465,87.575,87.649,87.675,87.498,87.6
2025-01-10T17:00:00Z,87.574,87.739,87.556,87.707,87.6,87.766,87.586,87.738
2025-01-10T18:00:00Z,87.703,87.817,87.679,87.801,87.735,87.848,87.709,87.834
2025-01-10T19:00:00Z,87.802,87.812,87.71,87.748,87.834,87.841,87.742,87.78
2025-01-10T20:00:00Z,87.748,87.774,87.64,87.677,87.781,87.807,87.669,87.709
2025-01-10T21:00:00Z,87.674,87.675,87.513,87.596,87.709,87.727,87.635,87.68
2025-01-12T22:00:00Z,87.568,87.649,87.496,87.545,87.672,87.814,87.632,87.707
2025-01-12T23:00:00Z,87.558,87.852,87.558,87.837,87.706,87.883,87.62,87.871
2025-01-13T00:00:00Z,87.832,87.899,87.772,87.799,87.866,87.929,87.805,87.828
2025-01-13T01:00:00Z,87.799,87.85,87.542,87.625,87.83,87.878,87.575,87.657
2025-01-13T02:00:00Z,87.627,87.805,87.592,87.718,87.659,87.836,87.624,87.749
2025-01-13T03:00:00Z,87.715,87.777,87.501,87.515,87.745,87.803,87.527,87.544
2025-01-13T04:00:00Z,87.519,87.573,87.381,87.431,87.544,87.6,87.411,87.461
2025-01-13T05:00:00Z,87.426,87.462,87.302,87.406,87.456,87.49,87.335,87.434
2025-01-13T06:00:00Z,87.404,87.492,87.331,87.452,87.434,87.519,87.358,87.481
2025-01-13T07:00:00Z,87.453,87.5,87.312,87.453,87.476,87.529,87.338,87.481
2025-01-13T08:00:00Z,87.45,87.647,87.407,87.506,87.48,87.674,87.437,87.531
2025-01-13T09:00:00Z,87.509,87.518,87.041,87.086,87.537,87.546,87.07,87.117
2025-01-13T10:00:00Z,87.083,87.338,87.048,87.336,87.115,87.364,87.077,87.359
2025-01-13T11:00:00Z,87.337,87.357,87.218,87.263,87.359,87.385,87.25,87.289
2025-01-13T12:00:00Z,87.263,87.324,87.175,87.236,87.29,87.353,87.203,87.265
2025-01-13T13:00:00Z,87.241,87.366,87.199,87.333,87.272,87.396,87.225,87.362
2025-01-13T14:00:00Z,87.329,87.478,87.2,87.445,87.358,87.505,87.227,87.472
2025-01-13T15:00:00Z,87.447,87.502,87.314,87.418,87.475,87.53,87.342,87.446
2025-01-13T16:00:00Z,87.42,87.557,87.38,87.467,87.446,87.585,87.408,87.496
2025-01-13T17:00:00Z,87.471,87.509,87.399,87.436,87.497,87.532,87.428,87.474
2025-01-13T18:00:00Z,87.423,87.606,87.405,87.564,87.452,87.64,87.433,87.593
2025-01-13T19:00:00Z,87.563,87.689,87.54,87.684,87.595,87.72,87.572,87.714
2025-01-13T20:00:00Z,87.681,87.735,87.617,87.735,87.708,87.768,87.644,87.765
2025-01-13T21:00:00Z,87.735,87.904,87.709,87.885,87.766,87.96,87.743,87.952
2025-01-13T22:00:00Z,87.849,88.107,87.798,87.996,88.049,88.241,87.955,88.136
2025-01-13T23:00:00Z,87.969,88.259,87.914,88.1,88.126,88.3,88.071,88.131
2025-01-14T00:00:00Z,88.1,88.235,87.994,88.186,88.136,88.262,88.027,88.22
2025-01-14T01:00:00Z,88.187,88.518,88.059,88.305,88.218,88.546,88.075,88.331
2025-01-14T02:00:00Z,88.305,88.389,88.131,88.369,88.333,88.417,88.164,88.397
2025-01-14T03:00:00Z,88.366,88.509,88.289,88.329,88.397,88.539,88.322,88.36
2025-01-14T04:00:00Z,88.326,88.385,88.268,88.305,88.357,88.417,88.298,88.333
2025-01-14T05:00:00Z,88.305,88.376,88.212,88.302,88.334,88.411,88.25,88.335
2025-01-14T06:00:00Z,88.304,88.45,88.268,88.391,88.335,88.479,88.301,88.423
2025-01-14T07:00:00Z,88.388,88.504,88.28,88.499,88.417,88.53,88.313,88.528
2025-01-14T08:00:00Z,88.499,88.678,88.446,88.613,88.526,88.703,88.477,88.637
2025-01-14T09:00:00Z,88.613,88.717,88.573,88.603,88.638,88.744,88.604,88.629
2025-01-14T10:00:00Z,88.603,88.639,88.515,88.523,88.631,88.666,88.545,88.551
2025-01-14T11:00:00Z,88.518,88.558,88.354,88.442,88.546,88.585,88.383,88.467
2025-01-14T12:00:00Z,88.44,88.503,88.236,88.255,88.467,88.527,88.263,88.285
2025-01-14T13:00:00Z,88.253,88.373,88.097,88.203,88.282,88.418,88.208,88.229
2025-01-14T14:00:00Z,88.203,88.326,88.147,88.273,88.231,88.353,88.177,88.304
2025-01-14T15:00:00Z,88.279,88.672,88.277,88.508,88.304,88.7,88.301,88.535
2025-01-14T16:00:00Z,88.51,88.55,88.359,88.367,88.535,88.578,88.389,88.394
2025-01-14T17:00:00Z,88.365,88.454,88.298,88.388,88.393,88.481,88.325,88.427
2025-01-14T18:00:00Z,88.388,88.463,88.336,88.439,88.427,88.49,88.363,88.468
2025-01-14T19:00:00Z,88.436,88.485,88.365,88.389,88.467,88.515,88.393,88.417
2025-01-14T20:00:00Z,88.389,88.458,88.338,88.426,88.416,88.485,88.367,88.458
2025-01-14T21:00:00Z,88.425,88.524,88.42,88.5,88.458,88.572,88.452,88.564
2025-01-14T22:00:00Z,88.496,88.524,88.442,88.48,88.564,88.667,88.541,88.55
2025-01-14T23:00:00Z,88.483,88.539,88.465,88.534,88.548,88.576,88.496,88.561
2025-01-15T00:00:00Z,88.537,88.542,88.41,88.431,88.565,88.57,88.444,88.46
2025-01-15T01:00:00Z,88.43,88.542,88.408,88.457,88.458,88.572,88.44,88.485
2025-01-15T02:00:00Z,88.461,88.485,88.405,88.462,88.489,88.513,88.433,88.49
2025-01-15T03:00:00Z,88.454,88.512,88.41,88.501,88.482,88.544,88.438,88.529
2025-01-15T04:00:00Z,88.504,88.526,88.317,88.354,88.529,88.555,88.347,88.376
2025-01-15T05:00:00Z,88.352,88.352,88.025,88.046,88.376,88.379,88.052,88.078
2025-01-15T06:00:00Z,88.046,88.195,88.035,88.115,88.076,88.223,88.064,88.143
2025-01-15T07:00:00Z,88.113,88.158,88.008,88.108,88.14,88.184,88.034,88.134
2025-01-15T08:00:00Z,88.108,88.233,88.085,88.15,88.136,88.265,88.113,88.178
2025-01-15T09:00:00Z,88.15,88.174,88.018,88.125,88.18,88.206,88.048,88.157
2025-01-15T10:00:00Z,88.125,88.157,87.963,88.005,88.158,88.186,87.993,88.033
2025-01-15T11:00:00Z,88.006,88.116,87.981,88.076,88.033,88.144,88.009,88.1
2025-01-15T12:00:00Z,88.078,88.091,87.904,87.949,88.1,88.117,87.931,87.976
2025-01-15T13:00:00Z,87.951,88.322,87.93,88.295,87.979,88.449,87.967,88.325
2025-01-15T14:00:00Z,88.295,88.316,87.988,88.068,88.322,88.346,88.019,88.097
2025-01-15T15:00:00Z,88.07,88.113,87.851,87.875,88.096,88.143,87.877,87.899
2025-01-15T16:00:00Z,87.872,88.001,87.819,87.861,87.899,88.027,87.849,87.894
2025-01-15T17:00:00Z,87.861,87.902,87.831,87.835,87.892,87.928,87.862,87.875
2025-01-15T18:00:00Z,87.835,87.835,87.757,87.796,87.875,87.875,87.788,87.825
2025-01-15T19:00:00Z,87.797,87.846,87.761,87.835,87.827,87.88,87.791,87.867
2025-01-15T20:00:00Z,87.835,87.88,87.809,87.857,87.866,87.912,87.839,87.89
2025-01-15T21:00:00Z,87.856,87.885,87.804,87.812,87.89,87.918,87.841,87.88
2025-01-15T22:00:00Z,87.801,87.801,87.698,87.772,87.868,87.977,87.825,87.887
2025-01-15T23:00:00Z,87.774,87.951,87.774,87.901,87.872,87.986,87.843,87.939
2025-01-16T00:00:00Z,87.899,88.071,87.875,87.935,87.934,88.102,87.917,87.97
2025-01-16T01:00:00Z,87.936,87.937,87.364,87.41,87.97,87.972,87.394,87.443
2025-01-16T02:00:00Z,87.404,87.466,87.23,87.403,87.436,87.501,87.267,87.435
2025-01-16T03:00:00Z,87.404,87.465,87.319,87.358,87.434,87.495,87.35,87.386
2025-01-16T04:00:00Z,87.36,87.439,87.333,87.423,87.389,87.468,87.364,87.451
2025-01-16T05:00:00Z,87.423,87.455,87.348,87.42,87.453,87.486,87.382,87.445
2025-01-16T06:00:00Z,87.42,87.565,87.386,87.504,87.443,87.592,87.415,87.531
2025-01-16T07:00:00Z,87.504,87.65,87.448,87.617,87.525,87.678,87.473,87.643
2025-01-16T08:00:00Z,87.617,87.642,87.357,87.392,87.645,87.67,87.385,87.418
2025-01-16T09:00:00Z,87.392,87.402,87.187,87.226,87.417,87.43,87.214,87.252
2025-01-16T10:00:00Z,87.225,87.291,87.167,87.2,87.252,87.321,87.196,87.229
2025-01-16T11:00:00Z,87.198,87.33,87.178,87.277,87.228,87.358,87.205,87.304
2025-01-16T12:00:00Z,87.277,87.303,87.212,87.234,87.305,87.332,87.24,87.262
2025-01-16T13:00:00Z,87.23,87.319,87.157,87.163,87.261,87.428,87.183,87.194
2025-01-16T14:00:00Z,87.165,87.351,87.159,87.332,87.197,87.379,87.186,87.36
2025-01-16T15:00:00Z,87.33,87.354,87.216,87.246,87.357,87.383,87.244,87.273
2025-01-16T16:00:00Z,87.247,87.32,87.12,87.282,87.273,87.348,87.15,87.311
2025-01-16T17:00:00Z,87.284,87.342,87.12,87.128,87.312,87.372,87.149,87.162
2025-01-16T18:00:00Z,87.128,87.155,87.072,87.127,87.162,87.185,87.103,87.153
2025-01-16T19:00:00Z,87.127,87.142,87.028,87.083,87.152,87.173,87.062,87.114
2025-01-16T20:00:00Z,87.083,87.088,86.965,86.977,87.113,87.118,86.999,87.009
2025-01-16T21:00:00Z,86.976,86.982,86.923,86.95,87.009,87.02,86.955,86.997
2025-01-16T22:00:00Z,86.869,86.977,86.869,86.928,87.06,87.115,86.993,87.01
2025-01-16T23:00:00Z,86.929,87.119,86.928,87.1,87.007,87.149,86.974,87.132
2025-01-17T00:00:00Z,87.097,87.164,86.9,87.033,87.129,87.195,86.93,87.062
2025-01-17T01:00:00Z,87.034,87.113,87.021,87.058,87.065,87.144,87.05,87.088
2025-01-17T02:00:00Z,87.064,87.196,87.031,87.166,87.093,87.227,87.058,87.195
2025-01-17T03:00:00Z,87.162,87.189,87.04,87.102,87.19,87.218,87.071,87.13
2025-01-17T04:00:00Z,87.106,87.113,86.866,86.883,87.134,87.141,86.893,86.913
2025-01-17T05:00:00Z,86.885,87.028,86.85,86.978,86.913,87.058,86.88,87.01
2025-01-17T06:00:00Z,86.978,86.996,86.879,86.971,87.012,87.028,86.908,86.999
2025-01-17T07:00:00Z,86.965,87.044,86.891,87.022,86.994,87.072,86.91,87.049
2025-01-17T08:00:00Z,87.02,87.169,86.959,87.153,87.048,87.196,86.989,87.181
2025-01-17T09:00:00Z,87.156,87.219,87.056,87.15,87.184,87.244,87.085,87.183
2025-01-17T10:00:00Z,87.154,87.206,87.097,87.182,87.184,87.233,87.128,87.208
2025-01-17T11:00:00Z,87.182,87.192,87.093,87.116,87.209,87.221,87.122,87.143
2025-01-17T12:00:00Z,87.118,87.123,86.945,86.962,87.143,87.15,86.973,86.985
2025-01-17T13:00:00Z,86.962,86.966,86.742,86.775,86.988,86.994,86.771,86.799
2025-01-17T14:00:00Z,86.775,87.279,86.674,87.265,86.801,87.31,86.703,87.291
2025-01-17T15:00:00Z,87.262,87.514,87.228,87.452,87.291,87.543,87.258,87.479
2025-01-17T16:00:00Z,87.452,87.542,87.409,87.425,87.48,87.57,87.438,87.455
2025-01-17T17:00:00Z,87.427,87.438,87.317,87.348,87.457,87.463,87.346,87.376
2025-01-17T18:00:00Z,87.344,87.356,87.259,87.277,87.372,87.384,87.289,87.308
2025-01-17T19:00:00Z,87.276,87.302,87.187,87.192,87.306,87.332,87.215,87.219
2025-01-17T20:00:00Z,87.193,87.238,87.169,87.223,87.221,87.27,87.202,87.256
2025-01-17T21:00:00Z,87.223,87.255,87.149,87.2,87.255,87.396,87.22,87.28
2025-01-19T22:00:00Z,87.317,87.388,87.221,87.35,87.504,87.507,87.393,87.444
2025-01-19T23:00:00Z,87.247,87.394,87.247,87.347,87.447,87.447,87.291,87.384
2025-01-20T00:00:00Z,87.35,87.408,87.255,87.273,87.381,87.442,87.284,87.302
2025-01-20T01:00:00Z,87.271,87.352,87.2,87.333,87.299,87.381,87.229,87.36
2025-01-20T02:00:00Z,87.333,87.427,87.306,87.409,87.359,87.456,87.334,87.439
2025-01-20T03:00:00Z,87.407,87.436,87.297,87.411,87.437,87.464,87.327,87.44
2025-01-20T04:00:00Z,87.416,87.52,87.401,87.496,87.444,87.549,87.431,87.522
2025-01-20T05:00:00Z,87.494,87.537,87.441,87.476,87.522,87.563,87.468,87.503
2025-01-20T06:00:00Z,87.476,87.629,87.396,87.59,87.502,87.656,87.426,87.622
2025-01-20T07:00:00Z,87.59,87.679,87.541,87.679,87.621,87.707,87.565,87.707
2025-01-20T08:00:00Z,87.684,87.689,87.542,87.58,87.71,87.714,87.569,87.608
2025-01-20T09:00:00Z,87.581,87.6,87.472,87.516,87.608,87.628,87.501,87.544
2025-01-20T10:00:00Z,87.516,87.601,87.512,87.561,87.545,87.625,87.541,87.589
2025-01-20T11:00:00Z,87.563,87.656,87.547,87.618,87.588,87.684,87.575,87.644
2025-01-20T12:00:00Z,87.619,87.703,87.579,87.665,87.644,87.731,87.609,87.694
2025-01-20T13:00:00Z,87.664,88.194,87.608,88.12,87.694,88.231,87.652,88.149
2025-01-20T14:00:00Z,88.119,88.28,87.999,88.203,88.149,88.311,88.031,88.233
2025-01-20T15:00:00Z,88.201,88.338,87.99,88.028,88.233,88.37,88.018,88.055
2025-01-20T16:00:00Z,88.029,88.118,87.97,88.041,88.057,88.149,88.001,88.075
2025-01-20T17:00:00Z,88.041,88.174,87.88,88.117,88.074,88.208,87.92,88.158
2025-01-20T18:00:00Z,88.117,88.146,88.065,88.136,88.158,88.183,88.112,88.167
2025-01-20T19:00:00Z,88.136,88.332,88.133,88.312,88.166,88.368,88.162,88.351
2025-01-20T20:00:00Z,88.311,88.362,88.238,88.274,88.359,88.404,88.282,88.31
2025-01-20T21:00:00Z,88.278,88.297,88.216,88.244,88.306,88.339,88.26,88.302
2025-01-20T22:00:00Z,88.168,88.278,88.168,88.19,88.365,88.428,88.32,88.329
2025-01-20T23:00:00Z,88.192,88.332,88.162,88.198,88.324,88.382,88.189,88.238
2025-01-21T00:00:00Z,88.198,88.216,87.747,87.868,88.236,88.243,87.79,87.909
2025-01-21T01:00:00Z,87.868,88.04,87.656,87.702,87.908,88.08,87.688,87.732
2025-01-21T02:00:00Z,87.7,87.793,87.58,87.691,87.732,87.828,87.614,87.725
2025-01-21T03:00:00Z,87.691,87.812,87.652,87.746,87.723,87.84,87.688,87.78
2025-01-21T04:00:00Z,87.75,87.755,87.646,87.667,87.786,87.786,87.681,87.7
2025-01-21T05:00:00Z,87.673,87.697,87.58,87.587,87.701,87.726,87.614,87.622
2025-01-21T06:00:00Z,87.593,87.727,87.588,87.644,87.626,87.758,87.619,87.679
2025-01-21T07:00:00Z,87.643,87.832,87.61,87.788,87.68,87.863,87.638,87.812
2025-01-21T08:00:00Z,87.787,87.795,87.673,87.783,87.814,87.825,87.702,87.818
2025-01-21T09:00:00Z,87.785,87.832,87.702,87.784,87.817,87.863,87.733,87.813
2025-01-21T10:00:00Z,87.781,87.798,87.685,87.731,87.814,87.828,87.715,87.758
2025-01-21T11:00:00Z,87.732,87.735,87.581,87.655,87.76,87.763,87.611,87.686
2025-01-21T12:00:00Z,87.655,87.688,87.609,87.664,87.685,87.717,87.637,87.69
2025-01-21T13:00:00Z,87.664,87.715,87.578,87.664,87.694,87.742,87.607,87.692
2025-01-21T14:00:00Z,87.672,87.88,87.642,87.798,87.694,87.909,87.67,87.828
2025-01-21T15:00:00Z,87.798,87.917,87.784,87.846,87.826,87.947,87.812,87.874
2025-01-21T16:00:00Z,87.843,88.087,87.824,88.083,87.872,88.114,87.853,88.112
2025-01-21T17:00:00Z,88.086,88.169,88.064,88.127,88.115,88.194,88.094,88.159
2025-01-21T18:00:00Z,88.127,88.168,88.098,88.146,88.159,88.203,88.125,88.17
2025-01-21T19:00:00Z,88.142,88.156,88.083,88.12,88.167,88.185,88.114,88.152
2025-01-21T20:00:00Z,88.12,88.185,88.112,88.175,88.153,88.212,88.142,88.203
2025-01-21T21:00:00Z,88.177,88.308,88.137,88.276,88.205,88.36,88.195,88.352
2025-01-21T22:00:00Z,88.189,88.283,88.082,88.157,88.389,88.404,88.231,88.261
2025-01-21T23:00:00Z,88.148,88.248,88.085,88.14,88.26,88.295,88.119,88.176
2025-01-22T00:00:00Z,88.145,88.192,88.016,88.049,88.18,88.228,88.046,88.081
2025-01-22T01:00:00Z,88.053,88.089,87.993,88.02,88.081,88.119,88.025,88.048
2025-01-22T02:00:00Z,88.023,88.065,87.964,88.059,88.048,88.093,87.99,88.088
2025-01-22T03:00:00Z,88.061,88.203,88.035,88.178,88.088,88.231,88.063,88.207
2025-01-22T04:00:00Z,88.18,88.207,88.115,88.174,88.208,88.235,88.144,88.199
2025-01-22T05:00:00Z,88.173,88.233,88.155,88.204,88.199,88.263,88.184,88.237
2025-01-22T06:00:00Z,88.205,88.227,88.042,88.088,88.237,88.256,88.068,88.118
2025-01-22T07:00:00Z,88.087,88.246,88.062,88.233,88.119,88.273,88.089,88.259
2025-01-22T08:00:00Z,88.233,88.297,88.106,88.273,88.26,88.324,88.134,88.304
2025-01-22T09:00:00Z,88.276,88.415,88.262,88.414,88.305,88.442,88.292,88.442
2025-01-22T10:00:00Z,88.411,88.544,88.393,88.48,88.439,88.572,88.422,88.512
2025-01-22T11:00:00Z,88.479,88.597,88.428,88.455,88.509,88.628,88.46,88.483
2025-01-22T12:00:00Z,88.454,88.487,88.403,88.433,88.483,88.514,88.432,88.46
2025-01-22T13:00:00Z,88.433,88.537,88.386,88.44,88.461,88.564,88.414,88.471
2025-01-22T14:00:00Z,88.438,88.52,88.348,88.504,88.469,88.549,88.376,88.532
2025-01-22T15:00:00Z,88.502,88.609,88.416,88.586,88.532,88.636,88.445,88.615
2025-01-22T16:00:00Z,88.587,88.762,88.544,88.747,88.613,88.787,88.571,88.772
2025-01-22T17:00:00Z,88.746,88.785,88.715,88.742,88.772,88.814,88.741,88.775
2025-01-22T18:00:00Z,88.742,88.742,88.647,88.696,88.775,88.775,88.675,88.725
2025-01-22T19:00:00Z,88.697,88.732,88.655,88.681,88.725,88.762,88.684,88.711
2025-01-22T20:00:00Z,88.68,88.688,88.624,88.636,88.709,88.722,88.649,88.665
2025-01-22T21:00:00Z,88.636,88.643,88.582,88.614,88.663,88.684,88.615,88.676
2025-01-22T22:00:00Z,88.544,88.598,88.493,88.507,88.685,88.697,88.612,88.624
2025-01-22T23:00:00Z,88.51,88.587,88.496,88.555,88.606,88.644,88.532,88.583
2025-01-23T00:00:00Z,88.562,88.588,88.508,88.565,88.59,88.615,88.537,88.593
2025-01-23T01:00:00Z,88.565,88.696,88.554,88.669,88.595,88.725,88.582,88.7
2025-01-23T02:00:00Z,88.666,88.738,88.597,88.672,88.7,88.766,88.625,88.699
2025-01-23T03:00:00Z,88.668,88.697,88.605,88.627,88.694,88.727,88.633,88.657
2025-01-23T04:00:00Z,88.625,88.755,88.625,88.743,88.656,88.783,88.654,88.771
2025-01-23T05:00:00Z,88.743,88.815,88.74,88.749,88.772,88.845,88.769,88.778
2025-01-23T06:00:00Z,88.746,88.777,88.616,88.652,88.775,88.805,88.648,88.679
2025-01-23T07:00:00Z,88.655,88.705,88.576,88.643,88.678,88.733,88.603,88.672
2025-01-23T08:00:00Z,88.642,88.654,88.39,88.4,88.672,88.683,88.418,88.424
2025-01-23T09:00:00Z,88.4,88.498,88.398,88.458,88.426,88.527,88.426,88.481
2025-01-23T10:00:00Z,88.461,88.489,88.374,88.484,88.479,88.519,88.403,88.515
2025-01-23T11:00:00Z,88.484,88.585,88.465,88.531,88.516,88.613,88.494,88.558
2025-01-23T12:00:00Z,88.53,88.537,88.46,88.511,88.558,88.565,88.488,88.539
2025-01-23T13:00:00Z,88.509,88.525,88.389,88.454,88.537,88.569,88.422,88.481
2025-01-23T14:00:00Z,88.451,88.61,88.45,88.537,88.475,88.638,88.475,88.563
2025-01-23T15:00:00Z,88.534,88.556,88.38,88.391,88.563,88.586,88.408,88.423
2025-01-23T16:00:00Z,88.391,88.588,88.275,88.52,88.422,88.618,88.312,88.549
2025-01-23T17:00:00Z,88.521,88.615,88.498,88.58,88.548,88.644,88.529,88.615
2025-01-23T18:00:00Z,88.58,88.58,88.469,88.51,88.615,88.615,88.503,88.541
2025-01-23T19:00:00Z,88.509,88.517,88.394,88.418,88.541,88.548,88.422,88.45
2025-01-23T20:00:00Z,88.417,88.495,88.398,88.481,88.448,88.528,88.428,88.507
2025-01-23T21:00:00Z,88.481,88.538,88.469,88.534,88.509,88.588,88.498,88.588
2025-01-23T22:00:00Z,88.481,88.567,88.438,88.529,88.681,88.681,88.587,88.588
2025-01-23T23:00:00Z,88.542,88.61,88.475,88.578,88.588,88.644,88.516,88.614
2025-01-24T00:00:00Z,88.582,88.629,88.491,88.62,88.616,88.653,88.523,88.648
2025-01-24T01:00:00Z,88.62,88.714,88.558,88.714,88.645,88.741,88.585,88.74
2025-01-24T02:00:00Z,88.715,89.03,88.707,88.996,88.747,89.054,88.737,89.029
2025-01-24T03:00:00Z,88.992,89.089,88.574,88.692,89.029,89.136,88.609,88.728
2025-01-24T04:00:00Z,88.692,88.705,88.369,88.503,88.726,88.744,88.399,88.536
2025-01-24T05:00:00Z,88.504,88.724,88.48,88.687,88.536,88.752,88.509,88.719
2025-01-24T06:00:00Z,88.69,88.972,88.491,88.745,88.717,89.02,88.527,88.779
2025-01-24T07:00:00Z,88.747,88.839,88.64,88.67,88.779,88.873,88.666,88.701
2025-01-24T08:00:00Z,88.667,88.751,88.488,88.745,88.7,88.781,88.514,88.771
2025-01-24T09:00:00Z,88.749,88.901,88.641,88.865,88.774,88.93,88.669,88.892
2025-01-24T10:00:00Z,88.863,89.056,88.854,89.021,88.892,89.083,88.884,89.051
2025-01-24T11:00:00Z,89.022,89.133,89.012,89.076,89.054,89.162,89.042,89.107
2025-01-24T12:00:00Z,89.075,89.228,89.053,89.22,89.104,89.256,89.08,89.248
2025-01-24T13:00:00Z,89.223,89.266,89.063,89.097,89.252,89.293,89.091,89.124
2025-01-24T14:00:00Z,89.094,89.232,89.02,89.172,89.121,89.3,89.049,89.224
2025-01-24T15:00:00Z,89.165,89.215,88.951,89.038,89.226,89.245,88.981,89.064
2025-01-24T16:00:00Z,89.038,89.055,88.924,88.942,89.065,89.086,88.943,88.969
2025-01-24T17:00:00Z,88.942,89.045,88.924,89.005,88.97,89.072,88.945,89.034
2025-01-24T18:00:00Z,89.002,89.104,88.997,89.041,89.032,89.132,89.025,89.067
2025-01-24T19:00:00Z,89.041,89.057,88.95,88.994,89.068,89.085,88.978,89.023
2025-01-24T20:00:00Z,88.996,89.057,88.994,89.026,89.025,89.089,89.023,89.059
2025-01-24T21:00:00Z,89.027,89.06,88.965,89.028,89.059,89.164,89.049,89.112
2025-01-26T22:00:00Z,88.688,88.756,88.62,88.727,88.888,88.933,88.795,88.86
2025-01-26T23:00:00Z,88.729,88.832,88.576,88.656,88.859,88.889,88.604,88.68
2025-01-27T00:00:00Z,88.658,88.702,88.464,88.517,88.687,88.735,88.493,88.546
2025-01-27T01:00:00Z,88.513,88.551,88.268,88.303,88.542,88.579,88.296,88.33
2025-01-27T02:00:00Z,88.3,88.454,88.286,88.439,88.33,88.486,88.315,88.472
2025-01-27T03:00:00Z,88.441,88.653,88.426,88.626,88.472,88.683,88.457,88.657
2025-01-27T04:00:00Z,88.629,88.727,88.603,88.701,88.66,88.755,88.632,88.728
2025-01-27T05:00:00Z,88.698,88.764,88.658,88.756,88.726,88.793,88.688,88.787
2025-01-27T06:00:00Z,88.758,88.833,88.655,88.661,88.786,88.861,88.684,88.69
2025-01-27T07:00:00Z,88.662,88.664,88.479,88.488,88.69,88.697,88.507,88.516
2025-01-27T08:00:00Z,88.488,88.52,88.181,88.272,88.515,88.546,88.21,88.302
2025-01-27T09:00:00Z,88.27,88.309,87.916,87.974,88.297,88.34,87.942,88.003
2025-01-27T10:00:00Z,87.973,87.976,87.601,87.71,88.003,88.003,87.632,87.736
2025-01-27T11:00:00Z,87.71,87.815,87.606,87.724,87.735,87.842,87.636,87.757
2025-01-27T12:00:00Z,87.722,87.93,87.716,87.817,87.755,87.958,87.744,87.844
2025-01-27T13:00:00Z,87.814,87.903,87.739,87.781,87.842,87.93,87.767,87.812
2025-01-27T14:00:00Z,87.784,87.81,87.623,87.786,87.812,87.837,87.652,87.828
2025-01-27T15:00:00Z,87.781,87.827,87.665,87.726,87.827,87.857,87.694,87.751
2025-01-27T16:00:00Z,87.724,87.743,87.562,87.608,87.751,87.77,87.588,87.636
2025-01-27T17:00:00Z,87.614,87.714,87.602,87.661,87.64,87.743,87.63,87.695
2025-01-27T18:00:00Z,87.661,87.804,87.599,87.731,87.695,87.834,87.632,87.764
2025-01-27T19:00:00Z,87.732,87.965,87.73,87.899,87.764,87.993,87.764,87.929
2025-01-27T20:00:00Z,87.898,88.02,87.872,87.951,87.929,88.049,87.903,87.982
2025-01-27T21:00:00Z,87.952,88.004,87.912,87.944,87.982,88.032,87.962,87.985
2025-01-27T22:00:00Z,87.829,87.916,87.829,87.898,88.004,88.052,87.962,87.996
2025-01-27T23:00:00Z,87.929,87.97,87.681,87.737,87.981,88.027,87.719,87.771
2025-01-28T00:00:00Z,87.731,87.906,87.706,87.887,87.766,87.937,87.74,87.917
2025-01-28T01:00:00Z,87.888,88.123,87.888,87.964,87.92,88.151,87.92,88.001
2025-01-28T02:00:00Z,87.961,88.15,87.946,88.104,87.998,88.178,87.979,88.134
2025-01-28T03:00:00Z,88.103,88.197,88.036,88.114,88.134,88.228,88.07,88.145
2025-01-28T04:00:00Z,88.114,88.192,88.066,88.137,88.146,88.225,88.099,88.17
2025-01-28T05:00:00Z,88.137,88.177,88.084,88.113,88.172,88.203,88.115,88.141
2025-01-28T06:00:00Z,88.111,88.179,88.033,88.14,88.139,88.21,88.064,88.17
2025-01-28T07:00:00Z,88.136,88.235,88.118,88.197,88.165,88.263,88.149,88.226
2025-01-28T08:00:00Z,88.197,88.229,88.0,88.134,88.225,88.257,88.03,88.163
2025-01-28T09:00:00Z,88.132,88.213,87.947,87.983,88.16,88.24,87.972,88.012
2025-01-28T10:00:00Z,87.987,88.037,87.841,87.912,88.015,88.065,87.865,87.94
2025-01-28T11:00:00Z,87.916,87.951,87.794,87.875,87.943,87.979,87.821,87.902
2025-01-28T12:00:00Z,87.88,87.892,87.733,87.738,87.908,87.92,87.761,87.767
2025-01-28T13:00:00Z,87.74,87.87,87.724,87.834,87.766,87.898,87.751,87.864
2025-01-28T14:00:00Z,87.833,87.982,87.694,87.799,87.864,88.009,87.717,87.856
2025-01-28T15:00:00Z,87.812,88.119,87.764,88.089,87.854,88.149,87.833,88.117
2025-01-28T16:00:00Z,88.088,88.171,88.053,88.103,88.118,88.201,88.082,88.129
2025-01-28T17:00:00Z,88.099,88.154,88.091,88.126,88.127,88.182,88.117,88.164
2025-01-28T18:00:00Z,88.126,88.171,88.073,88.152,88.164,88.2,88.102,88.185
2025-01-28T19:00:00Z,88.15,88.166,88.097,88.144,88.182,88.197,88.126,88.172
2025-01-28T20:00:00Z,88.142,88.167,88.11,88.132,88.169,88.2,88.138,88.164
2025-01-28T21:00:00Z,88.131,88.14,88.076,88.095,88.164,88.172,88.118,88.145
2025-01-28T22:00:00Z,88.108,88.119,88.038,88.075,88.212,88.22,88.151,88.161
2025-01-28T23:00:00Z,88.087,88.141,88.073,88.097,88.16,88.173,88.117,88.124
2025-01-29T00:00:00Z,88.097,88.172,87.931,88.082,88.126,88.202,87.961,88.107
2025-01-29T01:00:00Z,88.082,88.171,88.019,88.08,88.109,88.2,88.05,88.11
2025-01-29T02:00:00Z,88.08,88.158,88.022,88.051,88.108,88.189,88.055,88.08
2025-01-29T03:00:00Z,88.046,88.046,87.88,87.926,88.076,88.076,87.913,87.956
2025-01-29T04:00:00Z,87.926,87.972,87.866,87.91,87.955,88.002,87.897,87.939
2025-01-29T05:00:00Z,87.912,87.959,87.791,87.806,87.94,87.988,87.824,87.837
2025-01-29T06:00:00Z,87.814,88.008,87.814,87.933,87.845,88.039,87.845,87.965
2025-01-29T07:00:00Z,87.936,87.959,87.791,87.843,87.968,87.987,87.821,87.871
2025-01-29T08:00:00Z,87.851,87.873,87.73,87.772,87.879,87.902,87.757,87.803
2025-01-29T09:00:00Z,87.772,87.802,87.675,87.703,87.801,87.831,87.701,87.733
2025-01-29T10:00:00Z,87.703,87.752,87.701,87.748,87.732,87.778,87.728,87.775
2025-01-29T11:00:00Z,87.749,87.799,87.708,87.755,87.777,87.823,87.735,87.787
2025-01-29T12:00:00Z,87.756,87.756,87.677,87.706,87.786,87.786,87.707,87.737
2025-01-29T13:00:00Z,87.705,87.714,87.521,87.6,87.737,87.739,87.55,87.625
2025-01-29T14:00:00Z,87.602,87.689,87.553,87.578,87.629,87.714,87.58,87.605
2025-01-29T15:00:00Z,87.58,87.665,87.565,87.616,87.607,87.692,87.592,87.64
2025-01-29T16:00:00Z,87.614,87.719,87.612,87.709,87.64,87.746,87.639,87.734
2025-01-29T17:00:00Z,87.712,87.816,87.652,87.66,87.736,87.846,87.687,87.699
2025-01-29T18:00:00Z,87.66,87.697,87.601,87.653,87.699,87.745,87.633,87.745
2025-01-29T19:00:00Z,87.63,87.816,87.57,87.742,87.78,87.853,87.628,87.772
2025-01-29T20:00:00Z,87.734,87.82,87.692,87.778,87.767,87.855,87.743,87.809
2025-01-29T21:00:00Z,87.778,87.809,87.704,87.796,87.807,87.867,87.732,87.852
2025-01-29T22:00:00Z,87.78,87.814,87.641,87.793,87.844,87.925,87.804,87.905
2025-01-29T23:00:00Z,87.787,87.902,87.763,87.895,87.89,87.938,87.797,87.937
2025-01-30T00:00:00Z,87.896,87.909,87.57,87.603,87.937,87.948,87.605,87.633
2025-01-30T01:00:00Z,87.608,87.608,87.43,87.523,87.638,87.638,87.46,87.556
2025-01-30T02:00:00Z,87.526,87.528,87.318,87.35,87.558,87.561,87.355,87.379
2025-01-30T03:00:00Z,87.351,87.417,87.304,87.376,87.383,87.447,87.335,87.404
2025-01-30T04:00:00Z,87.378,87.4,87.301,87.318,87.407,87.437,87.332,87.346
2025-01-30T05:00:00Z,87.321,87.325,87.18,87.209,87.35,87.354,87.209,87.237
2025-01-30T06:00:00Z,87.209,87.293,87.089,87.143,87.238,87.327,87.121,87.174
2025-01-30T07:00:00Z,87.144,87.249,87.079,87.186,87.174,87.276,87.108,87.215
2025-01-30T08:00:00Z,87.208,87.308,87.169,87.281,87.224,87.34,87.198,87.314
2025-01-30T09:00:00Z,87.285,87.297,87.201,87.25,87.316,87.325,87.227,87.281
2025-01-30T10:00:00Z,87.25,87.28,87.175,87.227,87.28,87.309,87.204,87.254
2025-01-30T11:00:00Z,87.226,87.304,87.213,87.299,87.254,87.331,87.24,87.327
2025-01-30T12:00:00Z,87.294,87.307,87.077,87.094,87.322,87.336,87.104,87.12
2025-01-30T13:00:00Z,87.094,87.107,86.926,87.057,87.122,87.164,87.007,87.089
2025-01-30T14:00:00Z,87.054,87.206,87.037,87.069,87.084,87.234,87.067,87.103
2025-01-30T15:00:00Z,87.069,87.141,86.948,87.125,87.101,87.171,86.972,87.152
2025-01-30T16:00:00Z,87.124,87.299,87.091,87.264,87.152,87.328,87.118,87.292
2025-01-30T17:00:00Z,87.265,87.268,87.118,87.184,87.292,87.295,87.147,87.214
2025-01-30T18:00:00Z,87.21,87.325,87.21,87.284,87.241,87.358,87.239,87.312
2025-01-30T19:00:00Z,87.284,87.284,87.128,87.132,87.31,87.311,87.155,87.16
2025-01-30T20:00:00Z,87.131,87.155,86.779,86.951,87.16,87.183,86.806,86.988
2025-01-30T21:00:00Z,86.95,87.04,86.824,86.908,86.982,87.069,86.861,86.953
2025-01-30T22:00:00Z,86.901,86.901,86.664,86.78,86.951,86.992,86.855,86.887
2025-01-30T23:00:00Z,86.784,86.999,86.751,86.815,86.886,87.027,86.84,86.842
2025-01-31T00:00:00Z,86.818,86.885,86.779,86.811,86.844,86.916,86.811,86.846
2025-01-31T01:00:00Z,86.808,86.833,86.64,86.822,86.842,86.865,86.669,86.852
2025-01-31T02:00:00Z,86.823,87.02,86.715,86.996,86.854,87.049,86.743,87.021
2025-01-31T03:00:00Z,86.996,87.095,86.922,87.053,87.023,87.124,86.949,87.081
2025-01-31T04:00:00Z,87.056,87.164,87.02,87.151,87.085,87.191,87.049,87.177
2025-01-31T05:00:00Z,87.152,87.371,87.152,87.329,87.181,87.401,87.179,87.357
2025-01-31T06:00:00Z,87.331,87.455,87.296,87.397,87.356,87.485,87.324,87.428
2025-01-31T07:00:00Z,87.398,87.546,87.357,87.512,87.426,87.572,87.385,87.539
2025-01-31T08:00:00Z,87.513,87.566,87.324,87.334,87.539,87.591,87.353,87.361
2025-01-31T09:00:00Z,87.334,87.433,87.272,87.433,87.36,87.461,87.3,87.461
2025-01-31T10:00:00Z,87.431,87.45,87.298,87.3,87.459,87.478,87.325,87.326
2025-01-31T11:00:00Z,87.301,87.34,87.203,87.333,87.326,87.367,87.229,87.362
2025-01-31T12:00:00Z,87.334,87.428,87.328,87.398,87.362,87.455,87.354,87.425
2025-01-31T13:00:00Z,87.393,87.522,87.357,87.399,87.421,87.554,87.4,87.427
2025-01-31T14:00:00Z,87.399,87.404,87.202,87.225,87.429,87.433,87.232,87.255
2025-01-31T15:00:00Z,87.225,87.586,87.188,87.516,87.256,87.612,87.217,87.544
2025-01-31T16:00:00Z,87.518,87.808,87.477,87.745,87.546,87.836,87.51,87.776
2025-01-31T17:00:00Z,87.745,87.941,87.645,87.829,87.777,87.972,87.664,87.858
2025-01-31T18:00:00Z,87.829,87.882,87.445,87.519,87.857,87.909,87.474,87.548
2025-01-31T19:00:00Z,87.517,87.529,87.353,87.481,87.546,87.557,87.383,87.509
2025-01-31T20:00:00Z,87.48,87.588,87.447,87.471,87.506,87.619,87.475,87.502
2025-01-31T21:00:00Z,87.47,87.56,87.316,87.44,87.503,87.589,87.385,87.524
2025-02-02T22:00:00Z,86.318,86.663,86.318,86.379,86.486,86.826,86.486,86.579
2025-02-02T23:00:00Z,86.421,86.717,86.345,86.496,86.537,86.77,86.424,86.539
2025-02-03T00:00:00Z,86.505,86.763,86.209,86.342,86.548,86.797,86.248,86.378
2025-02-03T01:00:00Z,86.339,86.564,86.237,86.259,86.374,86.597,86.27,86.292
2025-02-03T02:00:00Z,86.261,86.261,85.857,85.953,86.294,86.294,85.886,85.988
2025-02-03T03:00:00Z,85.956,86.021,85.829,85.993,85.989,86.052,85.86,86.019
2025-02-03T04:00:00Z,85.993,86.325,85.982,86.234,86.022,86.351,86.011,86.266
2025-02-03T05:00:00Z,86.231,86.275,86.09,86.194,86.265,86.302,86.121,86.227
2025-02-03T06:00:00Z,86.196,86.335,86.116,86.287,86.227,86.37,86.146,86.318
2025-02-03T07:00:00Z,86.287,86.492,86.287,86.387,86.317,86.52,86.316,86.415
2025-02-03T08:00:00Z,86.387,86.554,86.378,86.416,86.417,86.583,86.406,86.443
2025-02-03T09:00:00Z,86.412,86.438,86.166,86.166,86.445,86.465,86.193,86.194
2025-02-03T10:00:00Z,86.166,86.311,86.117,86.152,86.197,86.339,86.145,86.182
2025-02-03T11:00:00Z,86.156,86.166,85.891,85.995,86.183,86.198,85.917,86.026
2025-02-03T12:00:00Z,85.999,86.105,85.979,86.064,86.028,86.144,86.005,86.098
2025-02-03T13:00:00Z,86.068,86.274,86.048,86.181,86.098,86.308,86.084,86.212
2025-02-03T14:00:00Z,86.188,86.21,85.926,85.96,86.212,86.24,85.955,86.044
2025-02-03T15:00:00Z,86.052,86.735,85.681,86.685,86.176,86.761,85.71,86.719
2025-02-03T16:00:00Z,86.681,86.754,86.386,86.41,86.713,86.783,86.42,86.436
2025-02-03T17:00:00Z,86.414,86.599,86.146,86.404,86.438,86.636,86.244,86.444
2025-02-03T18:00:00Z,86.404,86.593,86.359,86.567,86.444,86.623,86.393,86.597
2025-02-03T19:00:00Z,86.563,86.677,86.543,86.577,86.592,86.708,86.576,86.605
2025-02-03T20:00:00Z,86.577,86.599,86.493,86.516,86.607,86.629,86.523,86.546
2025-02-03T21:00:00Z,86.519,87.177,86.488,87.056,86.548,87.217,86.519,87.12
2025-02-03T22:00:00Z,87.085,87.158,86.859,87.067,87.136,87.273,87.059,87.211
2025-02-03T23:00:00Z,87.09,87.451,87.085,87.349,87.208,87.491,87.207,87.384
2025-02-04T00:00:00Z,87.349,87.416,87.178,87.243,87.382,87.445,87.208,87.275
2025-02-04T01:00:00Z,87.243,87.244,87.05,87.11,87.272,87.274,87.082,87.144
2025-02-04T02:00:00Z,87.115,87.189,87.074,87.119,87.144,87.223,87.103,87.15
2025-02-04T03:00:00Z,87.116,87.125,86.972,86.977,87.15,87.156,87.001,87.005
2025-02-04T04:00:00Z,86.977,86.995,86.888,86.901,87.006,87.021,86.913,86.931
2025-02-04T05:00:00Z,86.9,86.908,86.43,86.771,86.929,86.936,86.462,86.8
2025-02-04T06:00:00Z,86.773,86.943,86.739,86.932,86.8,86.973,86.773,86.965
2025-02-04T07:00:00Z,86.932,87.083,86.902,87.063,86.964,87.113,86.927,87.093
2025-02-04T08:00:00Z,87.061,87.167,86.903,86.995,87.09,87.197,86.932,87.023
2025-02-04T09:00:00Z,86.993,87.093,86.939,87.078,87.019,87.121,86.969,87.109
2025-02-04T10:00:00Z,87.078,87.134,87.036,87.126,87.107,87.164,87.064,87.153
2025-02-04T11:00:00Z,87.122,87.138,87.021,87.041,87.147,87.168,87.048,87.071
2025-02-04T12:00:00Z,87.044,87.073,87.012,87.064,87.073,87.101,87.041,87.089
2025-02-04T13:00:00Z,87.064,87.201,87.054,87.166,87.091,87.23,87.086,87.192
2025-02-04T14:00:00Z,87.167,87.26,87.064,87.238,87.192,87.355,87.095,87.355
2025-02-04T15:00:00Z,87.225,87.333,87.084,87.245,87.355,87.385,87.111,87.273
2025-02-04T16:00:00Z,87.245,87.329,87.2,87.273,87.271,87.356,87.231,87.299
2025-02-04T17:00:00Z,87.274,87.297,87.033,87.082,87.299,87.325,87.062,87.12
2025-02-04T18:00:00Z,87.082,87.171,87.017,87.148,87.12,87.201,87.044,87.174
2025-02-04T19:00:00Z,87.145,87.182,87.097,87.171,87.175,87.213,87.125,87.203
2025-02-04T20:00:00Z,87.175,87.179,87.112,87.128,87.204,87.21,87.144,87.16
2025-02-04T21:00:00Z,87.132,87.193,87.09,87.181,87.164,87.232,87.125,87.228
2025-02-04T22:00:00Z,87.139,87.171,87.095,87.16,87.223,87.271,87.184,87.26
2025-02-04T23:00:00Z,87.158,87.229,86.985,86.992,87.251,87.277,87.014,87.023
2025-02-05T00:00:00Z,86.992,87.176,86.952,86.958,87.024,87.208,86.981,86.987
2025-02-05T01:00:00Z,86.96,86.966,86.67,86.71,86.99,86.996,86.704,86.733
2025-02-05T02:00:00Z,86.716,86.733,86.545,86.721,86.739,86.757,86.58,86.744
2025-02-05T03:00:00Z,86.721,86.756,86.608,86.655,86.747,86.788,86.636,86.681
2025-02-05T04:00:00Z,86.657,86.716,86.591,86.698,86.681,86.745,86.621,86.725
2025-02-05T05:00:00Z,86.699,86.821,86.685,86.736,86.725,86.854,86.714,86.766
2025-02-05T06:00:00Z,86.74,86.873,86.646,86.668,86.768,86.903,86.68,86.699
2025-02-05T07:00:00Z,86.674,86.918,86.626,86.897,86.703,86.944,86.654,86.923
2025-02-05T08:00:00Z,86.895,87.014,86.798,86.923,86.924,87.042,86.826,86.951
2025-02-05T09:00:00Z,86.925,87.008,86.755,86.804,86.951,87.038,86.786,86.833
2025-02-05T10:00:00Z,86.808,86.856,86.708,86.813,86.836,86.886,86.74,86.841
2025-02-05T11:00:00Z,86.811,86.895,86.779,86.885,86.84,86.924,86.81,86.915
2025-02-05T12:00:00Z,86.888,86.938,86.809,86.876,86.918,86.968,86.839,86.907
2025-02-05T13:00:00Z,86.877,86.984,86.733,86.882,86.906,87.014,86.885,86.907
2025-02-05T14:00:00Z,86.882,87.003,86.759,86.759,86.909,87.034,86.819,86.853
2025-02-05T15:00:00Z,86.733,86.828,86.598,86.625,86.891,86.919,86.627,86.654
2025-02-05T16:00:00Z,86.626,86.735,86.612,86.725,86.654,86.762,86.64,86.755
2025-02-05T17:00:00Z,86.726,86.76,86.624,86.654,86.755,86.79,86.654,86.69
2025-02-05T18:00:00Z,86.654,86.712,86.627,86.636,86.69,86.74,86.658,86.668
2025-02-05T19:00:00Z,86.635,86.716,86.629,86.686,86.665,86.746,86.661,86.716
2025-02-05T20:00:00Z,86.69,86.848,86.69,86.818,86.72,86.874,86.72,86.849
2025-02-05T21:00:00Z,86.818,86.829,86.698,86.722,86.848,86.853,86.771,86.784
2025-02-05T22:00:00Z,86.745,86.745,86.577,86.699,86.8,86.876,86.748,86.831
2025-02-05T23:00:00Z,86.699,86.856,86.688,86.811,86.812,86.884,86.731,86.839
2025-02-06T00:00:00Z,86.808,86.835,86.6,86.611,86.839,86.863,86.629,86.642
2025-02-06T01:00:00Z,86.609,86.654,86.355,86.445,86.641,86.683,86.383,86.476
2025-02-06T02:00:00Z,86.445,86.481,86.377,86.407,86.474,86.512,86.406,86.435
2025-02-06T03:00:00Z,86.411,86.43,86.238,86.33,86.438,86.459,86.268,86.361
2025-02-06T04:00:00Z,86.334,86.378,86.279,86.317,86.361,86.407,86.308,86.346
2025-02-06T05:00:00Z,86.316,86.438,86.242,86.334,86.344,86.47,86.271,86.362
2025-02-06T06:00:00Z,86.335,86.436,86.317,86.421,86.364,86.461,86.347,86.453
2025-02-06T07:00:00Z,86.419,86.49,86.277,86.328,86.449,86.519,86.301,86.357
2025-02-06T08:00:00Z,86.33,86.348,86.24,86.325,86.357,86.378,86.267,86.354
2025-02-06T09:00:00Z,86.324,86.432,86.271,86.342,86.355,86.459,86.301,86.368
2025-02-06T10:00:00Z,86.342,86.373,86.286,86.315,86.37,86.404,86.315,86.344
2025-02-06T11:00:00Z,86.318,86.325,86.261,86.267,86.347,86.352,86.29,86.295
2025-02-06T12:00:00Z,86.262,86.281,86.184,86.225,86.291,86.314,86.213,86.255
2025-02-06T13:00:00Z,86.224,86.273,85.99,86.024,86.256,86.299,86.017,86.054
2025-02-06T14:00:00Z,86.024,86.1,85.967,86.016,86.052,86.126,85.996,86.045
2025-02-06T15:00:00Z,86.016,86.109,85.948,85.998,86.044,86.138,85.979,86.023
2025-02-06T16:00:00Z,85.997,86.182,85.989,86.161,86.023,86.211,86.017,86.186
2025-02-06T17:00:00Z,86.16,86.228,86.131,86.17,86.188,86.255,86.159,86.211
2025-02-06T18:00:00Z,86.17,86.172,85.857,85.866,86.211,86.211,85.89,85.89
2025-02-06T19:00:00Z,85.866,85.876,85.742,85.832,85.889,85.908,85.772,85.861
2025-02-06T20:00:00Z,85.829,85.989,85.828,85.982,85.857,86.022,85.853,86.012
2025-02-06T21:00:00Z,85.979,85.985,85.908,85.918,86.012,86.019,85.948,85.964
2025-02-06T22:00:00Z,85.927,85.938,85.833,85.91,85.979,86.053,85.953,85.975
2025-02-06T23:00:00Z,85.915,85.933,85.744,85.76,85.975,85.98,85.784,85.79
2025-02-07T00:00:00Z,85.757,85.847,85.662,85.823,85.787,85.877,85.694,85.859
2025-02-07T01:00:00Z,85.822,86.176,85.817,86.15,85.857,86.211,85.851,86.182
2025-02-07T02:00:00Z,86.151,86.322,86.151,86.214,86.186,86.351,86.179,86.243
2025-02-07T03:00:00Z,86.205,86.218,86.104,86.112,86.236,86.248,86.133,86.139
2025-02-07T04:00:00Z,86.112,86.123,86.038,86.103,86.141,86.156,86.064,86.132
2025-02-07T05:00:00Z,86.104,86.137,86.056,86.092,86.132,86.168,86.086,86.12
2025-02-07T06:00:00Z,86.093,86.148,86.001,86.148,86.12,86.177,86.028,86.171
2025-02-07T07:00:00Z,86.148,86.234,86.126,86.206,86.177,86.257,86.155,86.236
2025-02-07T08:00:00Z,86.208,86.353,86.177,86.31,86.236,86.382,86.205,86.338
2025-02-07T09:00:00Z,86.309,86.351,86.264,86.319,86.335,86.378,86.294,86.346
2025-02-07T10:00:00Z,86.319,86.425,86.312,86.367,86.342,86.454,86.336,86.395
2025-02-07T11:00:00Z,86.364,86.371,86.284,86.337,86.391,86.399,86.311,86.368
2025-02-07T12:00:00Z,86.333,86.348,86.221,86.242,86.364,86.375,86.252,86.271
2025-02-07T13:00:00Z,86.241,86.347,86.016,86.099,86.271,86.391,86.044,86.127
2025-02-07T14:00:00Z,86.099,86.2,86.019,86.033,86.128,86.229,86.048,86.077
2025-02-07T15:00:00Z,85.966,86.076,85.494,85.68,86.086,86.113,85.525,85.708
2025-02-07T16:00:00Z,85.683,85.714,85.255,85.468,85.711,85.749,85.288,85.498
2025-02-07T17:00:00Z,85.466,85.758,85.435,85.716,85.497,85.795,85.467,85.745
2025-02-07T18:00:00Z,85.715,85.821,85.565,85.585,85.743,85.854,85.593,85.619
2025-02-07T19:00:00Z,85.586,85.74,85.535,85.646,85.619,85.769,85.567,85.678
2025-02-07T20:00:00Z,85.642,85.662,85.57,85.596,85.672,85.692,85.6,85.627
2025-02-07T21:00:00Z,85.593,85.66,85.576,85.644,85.623,85.732,85.609,85.728
2025-02-09T22:00:00Z,85.262,85.517,85.253,85.429,85.405,85.703,85.386,85.596
2025-02-09T23:00:00Z,85.457,85.75,85.446,85.721,85.564,85.779,85.545,85.757
2025-02-10T00:00:00Z,85.721,85.805,85.674,85.799,85.754,85.833,85.703,85.825
2025-02-10T01:00:00Z,85.799,85.903,85.728,85.733,85.827,85.937,85.756,85.761
2025-02-10T02:00:00Z,85.728,85.854,85.699,85.839,85.761,85.886,85.73,85.868
2025-02-10T03:00:00Z,85.84,85.896,85.805,85.86,85.867,85.924,85.836,85.889
2025-02-10T04:00:00Z,85.859,85.921,85.844,85.902,85.889,85.952,85.874,85.928
2025-02-10T05:00:00Z,85.902,86.049,85.902,85.953,85.925,86.078,85.925,85.981
2025-02-10T06:00:00Z,85.953,85.997,85.865,85.994,85.979,86.025,85.896,86.022
2025-02-10T07:00:00Z,85.996,86.059,85.931,86.048,86.023,86.088,85.957,86.075
2025-02-10T08:00:00Z,86.046,86.204,86.001,86.123,86.075,86.233,86.031,86.151
2025-02-10T09:00:00Z,86.12,86.22,86.08,86.095,86.148,86.246,86.104,86.125
2025-02-10T10:00:00Z,86.092,86.15,86.042,86.042,86.124,86.181,86.07,86.07
2025-02-10T11:00:00Z,86.039,86.099,85.975,85.986,86.067,86.129,85.999,86.008
2025-02-10T12:00:00Z,85.98,86.001,85.895,85.902,86.006,86.03,85.923,85.924
2025-02-10T13:00:00Z,85.899,85.953,85.87,85.905,85.924,85.984,85.895,85.935
2025-02-10T14:00:00Z,85.907,85.911,85.701,85.736,85.935,85.938,85.727,85.763
2025-02-10T15:00:00Z,85.739,85.816,85.729,85.744,85.766,85.844,85.755,85.771
2025-02-10T16:00:00Z,85.747,85.771,85.661,85.711,85.77,85.8,85.69,85.741
2025-02-10T17:00:00Z,85.712,85.758,85.693,85.746,85.744,85.787,85.72,85.779
2025-02-10T18:00:00Z,85.746,85.794,85.735,85.766,85.779,85.822,85.765,85.793
2025-02-10T19:00:00Z,85.764,85.805,85.737,85.74,85.792,85.834,85.766,85.766
2025-02-10T20:00:00Z,85.74,85.779,85.727,85.727,85.768,85.807,85.753,85.753
2025-02-10T21:00:00Z,85.724,85.734,85.705,85.716,85.751,85.765,85.736,85.758
2025-02-10T22:00:00Z,85.715,85.754,85.625,85.65,85.756,85.932,85.7,85.711
2025-02-10T23:00:00Z,85.655,85.708,85.468,85.504,85.713,85.772,85.496,85.533
2025-02-11T00:00:00Z,85.506,85.557,85.402,85.551,85.533,85.584,85.43,85.579
2025-02-11T01:00:00Z,85.551,85.711,85.539,85.686,85.581,85.742,85.567,85.714
2025-02-11T02:00:00Z,85.686,85.697,85.55,85.565,85.713,85.724,85.58,85.594
2025-02-11T03:00:00Z,85.567,85.708,85.542,85.693,85.594,85.73,85.57,85.721
2025-02-11T04:00:00Z,85.692,85.771,85.688,85.759,85.719,85.798,85.715,85.787
2025-02-11T05:00:00Z,85.759,85.799,85.745,85.768,85.786,85.827,85.774,85.796
2025-02-11T06:00:00Z,85.769,85.852,85.721,85.783,85.799,85.879,85.748,85.811
2025-02-11T07:00:00Z,85.783,85.89,85.751,85.813,85.81,85.918,85.775,85.84
2025-02-11T08:00:00Z,85.815,85.932,85.712,85.801,85.84,85.96,85.742,85.829
2025-02-11T09:00:00Z,85.801,85.839,85.771,85.785,85.827,85.867,85.797,85.812
2025-02-11T10:00:00Z,85.783,85.9,85.771,85.804,85.811,85.922,85.803,85.832
2025-02-11T11:00:00Z,85.806,85.984,85.806,85.959,85.832,86.01,85.832,85.986
2025-02-11T12:00:00Z,85.962,86.065,85.896,86.043,85.989,86.09,85.925,86.069
2025-02-11T13:00:00Z,86.042,86.067,85.98,85.985,86.069,86.096,86.007,86.011
2025-02-11T14:00:00Z,85.987,86.158,85.959,86.048,86.011,86.184,85.984,86.083
2025-02-11T15:00:00Z,86.058,86.212,86.001,86.151,86.09,86.241,86.032,86.177
2025-02-11T16:00:00Z,86.151,86.19,86.107,86.152,86.176,86.217,86.132,86.18
2025-02-11T17:00:00Z,86.149,86.171,86.104,86.112,86.18,86.198,86.135,86.14
2025-02-11T18:00:00Z,86.112,86.142,86.073,86.077,86.14,86.171,86.1,86.108
2025-02-11T19:00:00Z,86.074,86.219,86.073,86.161,86.106,86.249,86.101,86.19
2025-02-11T20:00:00Z,86.161,86.316,86.161,86.282,86.192,86.353,86.192,86.316
2025-02-11T21:00:00Z,86.284,86.286,86.159,86.199,86.316,86.32,86.185,86.236
2025-02-11T22:00:00Z,86.156,86.17,86.102,86.162,86.284,86.315,86.222,86.241
2025-02-11T23:00:00Z,86.16,86.433,86.16,86.422,86.25,86.462,86.232,86.454
2025-02-12T00:00:00Z,86.421,86.697,86.383,86.669,86.452,86.725,86.412,86.699
2025-02-12T01:00:00Z,86.668,86.93,86.541,86.928,86.7,86.96,86.569,86.956
2025-02-12T02:00:00Z,86.931,87.035,86.893,86.976,86.958,87.065,86.922,87.006
2025-02-12T03:00:00Z,86.976,87.085,86.915,86.999,87.005,87.113,86.945,87.022
2025-02-12T04:00:00Z,87.001,87.066,86.852,86.879,87.023,87.092,86.884,86.909
2025-02-12T05:00:00Z,86.877,86.886,86.791,86.803,86.91,86.915,86.819,86.834
2025-02-12T06:00:00Z,86.807,86.866,86.741,86.754,86.839,86.893,86.767,86.78
2025-02-12T07:00:00Z,86.755,86.854,86.662,86.846,86.783,86.878,86.691,86.874
2025-02-12T08:00:00Z,86.848,86.977,86.61,86.642,86.874,86.999,86.638,86.67
2025-02-12T09:00:00Z,86.645,86.664,86.529,86.586,86.67,86.689,86.557,86.613
2025-02-12T10:00:00Z,86.585,86.637,86.547,86.578,86.613,86.664,86.576,86.603
2025-02-12T11:00:00Z,86.575,86.653,86.556,86.606,86.599,86.678,86.583,86.634
2025-02-12T12:00:00Z,86.606,86.662,86.536,86.626,86.635,86.691,86.566,86.652
2025-02-12T13:00:00Z,86.624,86.739,86.309,86.567,86.651,86.779,86.492,86.595
2025-02-12T14:00:00Z,86.569,86.773,86.432,86.763,86.6,86.799,86.463,86.793
2025-02-12T15:00:00Z,86.763,87.035,86.717,86.962,86.792,87.071,86.744,86.988
2025-02-12T16:00:00Z,86.962,87.196,86.901,87.191,86.984,87.226,86.931,87.22
2025-02-12T17:00:00Z,87.195,87.385,87.162,87.339,87.223,87.414,87.19,87.372
2025-02-12T18:00:00Z,87.339,87.345,87.063,87.076,87.372,87.374,87.094,87.108
2025-02-12T19:00:00Z,87.076,87.153,87.05,87.139,87.112,87.18,87.078,87.167
2025-02-12T20:00:00Z,87.142,87.146,87.088,87.129,87.17,87.175,87.125,87.164
2025-02-12T21:00:00Z,87.126,87.145,87.015,87.048,87.165,87.18,87.051,87.108
2025-02-12T22:00:00Z,87.057,87.091,86.976,87.068,87.112,87.225,87.112,87.156
2025-02-12T23:00:00Z,87.066,87.097,86.959,86.987,87.153,87.16,86.987,87.02
2025-02-13T00:00:00Z,86.984,87.151,86.94,87.143,87.017,87.18,86.968,87.17
2025-02-13T01:00:00Z,87.144,87.203,87.011,87.055,87.17,87.232,87.039,87.087
2025-02-13T02:00:00Z,87.054,87.093,86.951,86.957,87.087,87.118,86.98,86.985
2025-02-13T03:00:00Z,86.96,87.138,86.955,87.137,86.987,87.163,86.981,87.162
2025-02-13T04:00:00Z,87.136,87.385,87.133,87.302,87.162,87.404,87.161,87.334
2025-02-13T05:00:00Z,87.305,87.378,87.192,87.236,87.335,87.4,87.219,87.264
2025-02-13T06:00:00Z,87.241,87.272,87.072,87.081,87.267,87.295,87.102,87.11
2025-02-13T07:00:00Z,87.085,87.16,87.041,87.141,87.116,87.188,87.072,87.173
2025-02-13T08:00:00Z,87.145,87.149,86.82,86.835,87.177,87.179,86.849,86.867
2025-02-13T09:00:00Z,86.835,86.837,86.726,86.787,86.866,86.867,86.753,86.814
2025-02-13T10:00:00Z,86.787,86.834,86.669,86.686,86.815,86.86,86.695,86.712
2025-02-13T11:00:00Z,86.684,86.733,86.556,86.666,86.711,86.764,86.585,86.694
2025-02-13T12:00:00Z,86.666,86.67,86.526,86.631,86.699,86.699,86.551,86.661
2025-02-13T13:00:00Z,86.631,86.659,86.399,86.436,86.66,86.806,86.43,86.461
2025-02-13T14:00:00Z,86.434,86.506,86.291,86.506,86.462,86.534,86.318,86.533
2025-02-13T15:00:00Z,86.509,86.829,86.504,86.573,86.537,86.857,86.53,86.598
2025-02-13T16:00:00Z,86.572,86.605,86.48,86.539,86.596,86.633,86.506,86.568
2025-02-13T17:00:00Z,86.541,86.61,86.502,86.529,86.572,86.634,86.529,86.567
2025-02-13T18:00:00Z,86.529,86.617,86.337,86.563,86.567,86.648,86.374,86.589
2025-02-13T19:00:00Z,86.563,86.62,86.525,86.576,86.592,86.654,86.551,86.604
2025-02-13T20:00:00Z,86.574,86.723,86.574,86.689,86.604,86.753,86.603,86.719
2025-02-13T21:00:00Z,86.688,86.754,86.648,86.749,86.716,86.793,86.676,86.79
2025-02-13T22:00:00Z,86.739,86.775,86.616,86.769,86.779,86.882,86.764,86.842
2025-02-13T23:00:00Z,86.78,86.933,86.743,86.867,86.84,86.961,86.79,86.896
2025-02-14T00:00:00Z,86.871,86.896,86.646,86.695,86.901,86.927,86.674,86.725
2025-02-14T01:00:00Z,86.694,86.781,86.643,86.732,86.723,86.807,86.673,86.757
2025-02-14T02:00:00Z,86.734,87.02,86.673,86.98,86.76,87.049,86.704,87.007
2025-02-14T03:00:00Z,86.978,87.04,86.951,86.964,87.007,87.066,86.979,86.993
2025-02-14T04:00:00Z,86.962,86.999,86.779,86.787,86.99,87.027,86.808,86.811
2025-02-14T05:00:00Z,86.79,86.816,86.718,86.742,86.812,86.844,86.744,86.773
2025-02-14T06:00:00Z,86.743,86.842,86.692,86.724,86.77,86.871,86.724,86.754
2025-02-14T07:00:00Z,86.724,86.954,86.697,86.914,86.747,86.983,86.728,86.941
2025-02-14T08:00:00Z,86.912,87.087,86.844,87.037,86.941,87.113,86.872,87.069
2025-02-14T09:00:00Z,87.036,87.151,87.003,87.043,87.069,87.177,87.035,87.069
2025-02-14T10:00:00Z,87.045,87.067,86.93,86.935,87.07,87.093,86.956,86.959
2025-02-14T11:00:00Z,86.935,87.096,86.899,87.082,86.958,87.122,86.926,87.112
2025-02-14T12:00:00Z,87.082,87.156,87.019,87.155,87.11,87.184,87.044,87.182
2025-02-14T13:00:00Z,87.153,87.262,86.939,87.001,87.179,87.312,86.967,87.029
2025-02-14T14:00:00Z,86.999,87.218,86.986,87.215,87.025,87.245,87.016,87.24
2025-02-14T15:00:00Z,87.215,87.224,87.114,87.125,87.243,87.252,87.141,87.152
2025-02-14T16:00:00Z,87.128,87.281,87.073,87.274,87.154,87.307,87.102,87.301
2025-02-14T17:00:00Z,87.275,87.373,87.224,87.343,87.304,87.401,87.257,87.374
2025-02-14T18:00:00Z,87.339,87.366,87.288,87.304,87.37,87.396,87.317,87.334
2025-02-14T19:00:00Z,87.303,87.338,87.251,87.325,87.335,87.369,87.281,87.348
2025-02-14T20:00:00Z,87.318,87.394,87.3,87.338,87.346,87.421,87.327,87.37
2025-02-14T21:00:00Z,87.334,87.371,87.193,87.244,87.366,87.404,87.308,87.32
2025-02-16T22:00:00Z,86.989,87.147,86.985,87.117,87.189,87.257,87.102,87.184
2025-02-16T23:00:00Z,87.118,87.316,87.098,87.125,87.155,87.373,87.133,87.163
2025-02-17T00:00:00Z,87.125,87.171,87.049,87.092,87.159,87.202,87.077,87.118
2025-02-17T01:00:00Z,87.089,87.276,87.01,87.253,87.114,87.304,87.038,87.28
2025-02-17T02:00:00Z,87.257,87.257,86.917,86.96,87.284,87.284,86.946,86.99
2025-02-17T03:00:00Z,86.957,87.01,86.929,86.971,86.983,87.04,86.958,86.997
2025-02-17T04:00:00Z,86.969,87.092,86.933,87.05,86.997,87.117,86.961,87.079
2025-02-17T05:00:00Z,87.049,87.059,86.88,86.898,87.077,87.091,86.908,86.927
2025-02-17T06:00:00Z,86.895,87.126,86.886,87.044,86.924,87.152,86.913,87.071
2025-02-17T07:00:00Z,87.045,87.087,86.966,87.071,87.071,87.117,86.989,87.098
2025-02-17T08:00:00Z,87.072,87.102,86.946,86.958,87.098,87.131,86.977,86.99
2025-02-17T09:00:00Z,86.959,87.058,86.941,87.041,86.99,87.085,86.964,87.065
2025-02-17T10:00:00Z,87.043,87.05,86.9,86.929,87.067,87.075,86.926,86.954
2025-02-17T11:00:00Z,86.929,86.995,86.888,86.919,86.955,87.023,86.914,86.944
2025-02-17T12:00:00Z,86.92,86.93,86.813,86.854,86.947,86.957,86.844,86.887
2025-02-17T13:00:00Z,86.852,86.888,86.821,86.862,86.887,86.918,86.849,86.89
2025-02-17T14:00:00Z,86.862,86.888,86.827,86.88,86.889,86.912,86.854,86.905
2025-02-17T15:00:00Z,86.879,86.92,86.789,86.805,86.907,86.955,86.815,86.831
2025-02-17T16:00:00Z,86.807,86.891,86.786,86.855,86.831,86.92,86.814,86.883
2025-02-17T17:00:00Z,86.857,86.902,86.856,86.866,86.885,86.93,86.885,86.892
2025-02-17T18:00:00Z,86.866,86.886,86.827,86.836,86.892,86.92,86.861,86.867
2025-02-17T19:00:00Z,86.832,86.835,86.792,86.804,86.864,86.869,86.823,86.842
2025-02-17T20:00:00Z,86.804,86.868,86.804,86.867,86.843,86.897,86.838,86.897
2025-02-17T21:00:00Z,86.865,86.907,86.86,86.877,86.895,86.944,86.888,86.913
2025-02-17T22:00:00Z,86.858,86.868,86.775,86.825,86.97,87.01,86.882,86.896
2025-02-17T23:00:00Z,86.835,86.85,86.629,86.776,86.894,86.898,86.662,86.804
2025-02-18T00:00:00Z,86.776,86.887,86.749,86.798,86.801,86.917,86.777,86.832
2025-02-18T01:00:00Z,86.798,86.816,86.611,86.678,86.833,86.844,86.637,86.709
2025-02-18T02:00:00Z,86.68,86.787,86.654,86.726,86.711,86.815,86.685,86.752
2025-02-18T03:00:00Z,86.729,86.867,86.671,86.815,86.753,86.901,86.705,86.844
2025-02-18T04:00:00Z,86.816,86.871,86.721,86.816,86.844,86.901,86.748,86.844
2025-02-18T05:00:00Z,86.815,86.844,86.732,86.762,86.844,86.876,86.76,86.788
2025-02-18T06:00:00Z,86.761,86.827,86.652,86.766,86.788,86.856,86.679,86.794
2025-02-18T07:00:00Z,86.764,86.844,86.721,86.822,86.791,86.872,86.747,86.849
2025-02-18T08:00:00Z,86.821,86.874,86.692,86.719,86.847,86.902,86.719,86.745
2025-02-18T09:00:00Z,86.719,86.748,86.648,86.684,86.747,86.778,86.67,86.714
2025-02-18T10:00:00Z,86.685,86.692,86.57,86.59,86.713,86.72,86.593,86.615
2025-02-18T11:00:00Z,86.591,86.632,86.583,86.63,86.617,86.661,86.608,86.657
2025-02-18T12:00:00Z,86.627,86.685,86.466,86.479,86.657,86.714,86.493,86.507
2025-02-18T13:00:00Z,86.48,86.492,86.364,86.425,86.507,86.524,86.393,86.451
2025-02-18T14:00:00Z,86.426,86.554,86.383,86.53,86.451,86.581,86.411,86.557
2025-02-18T15:00:00Z,86.532,86.538,86.405,86.463,86.557,86.563,86.429,86.487
2025-02-18T16:00:00Z,86.459,86.609,86.453,86.578,86.484,86.636,86.48,86.605
2025-02-18T17:00:00Z,86.576,86.588,86.523,86.577,86.603,86.618,86.551,86.614
2025-02-18T18:00:00Z,86.577,86.603,86.536,86.597,86.614,86.636,86.568,86.624
2025-02-18T19:00:00Z,86.597,86.625,86.561,86.595,86.625,86.656,86.591,86.625
2025-02-18T20:00:00Z,86.596,86.687,86.592,86.672,86.625,86.714,86.619,86.698
2025-02-18T21:00:00Z,86.672,86.765,86.67,86.711,86.699,86.792,86.697,86.759
2025-02-18T22:00:00Z,86.613,86.747,86.602,86.669,86.777,86.871,86.731,86.796
2025-02-18T23:00:00Z,86.678,86.764,86.639,86.641,86.792,86.871,86.669,86.669
2025-02-19T00:00:00Z,86.643,86.739,86.545,86.632,86.669,86.769,86.577,86.697
2025-02-19T01:00:00Z,86.626,86.806,86.157,86.614,86.696,86.914,86.184,86.645
2025-02-19T02:00:00Z,86.612,87.019,86.429,86.95,86.643,87.047,86.46,86.981
2025-02-19T03:00:00Z,86.947,86.956,86.829,86.848,86.978,86.987,86.858,86.884
2025-02-19T04:00:00Z,86.846,86.85,86.758,86.789,86.881,86.883,86.783,86.817
2025-02-19T05:00:00Z,86.788,86.871,86.765,86.857,86.812,86.9,86.789,86.886
2025-02-19T06:00:00Z,86.856,86.916,86.8,86.818,86.882,86.944,86.828,86.844
2025-02-19T07:00:00Z,86.817,86.927,86.77,86.84,86.845,86.954,86.797,86.87
2025-02-19T08:00:00Z,86.844,86.937,86.789,86.858,86.87,86.966,86.817,86.881
2025-02-19T09:00:00Z,86.858,86.916,86.78,86.802,86.88,86.944,86.81,86.831
2025-02-19T10:00:00Z,86.801,86.831,86.71,86.729,86.832,86.859,86.742,86.756
2025-02-19T11:00:00Z,86.729,86.82,86.721,86.726,86.757,86.849,86.749,86.758
2025-02-19T12:00:00Z,86.726,86.801,86.661,86.784,86.756,86.828,86.689,86.809
2025-02-19T13:00:00Z,86.786,86.791,86.668,86.67,86.812,86.819,86.695,86.698
2025-02-19T14:00:00Z,86.67,86.683,86.411,86.425,86.694,86.709,86.437,86.455
2025-02-19T15:00:00Z,86.427,86.682,86.368,86.446,86.455,86.712,86.395,86.473
2025-02-19T16:00:00Z,86.449,86.528,86.383,86.431,86.476,86.552,86.41,86.456
2025-02-19T17:00:00Z,86.431,86.498,86.388,86.471,86.458,86.524,86.414,86.505
2025-02-19T18:00:00Z,86.471,86.471,86.373,86.373,86.505,86.505,86.415,86.446
2025-02-19T19:00:00Z,86.38,86.418,86.338,86.377,86.453,86.459,86.371,86.406
2025-02-19T20:00:00Z,86.372,86.396,86.326,86.34,86.402,86.425,86.355,86.371
2025-02-19T21:00:00Z,86.336,86.403,86.307,86.359,86.366,86.436,86.34,86.412
2025-02-19T22:00:00Z,86.339,86.378,86.276,86.342,86.479,86.516,86.393,86.419
2025-02-19T23:00:00Z,86.353,86.393,86.129,86.199,86.416,86.523,86.16,86.227
2025-02-20T00:00:00Z,86.193,86.248,86.046,86.169,86.222,86.339,86.08,86.202
2025-02-20T01:00:00Z,86.167,86.184,85.78,85.799,86.199,86.215,85.812,85.831
2025-02-20T02:00:00Z,85.802,86.063,85.713,86.035,85.833,86.091,85.742,86.067
2025-02-20T03:00:00Z,86.036,86.044,85.912,85.951,86.066,86.075,85.938,85.979
2025-02-20T04:00:00Z,85.946,85.966,85.867,85.905,85.975,85.994,85.895,85.933
2025-02-20T05:00:00Z,85.905,86.033,85.88,86.027,85.932,86.061,85.907,86.057
2025-02-20T06:00:00Z,86.026,86.032,85.797,85.815,86.054,86.061,85.826,85.844
2025-02-20T07:00:00Z,85.812,85.925,85.761,85.897,85.842,85.952,85.79,85.923
2025-02-20T08:00:00Z,85.897,86.14,85.891,86.126,85.922,86.167,85.915,86.153
2025-02-20T09:00:00Z,86.125,86.191,86.023,86.097,86.153,86.215,86.053,86.126
2025-02-20T10:00:00Z,86.097,86.098,85.977,85.985,86.128,86.128,86.005,86.013
2025-02-20T11:00:00Z,85.982,86.012,85.917,85.965,86.011,86.041,85.946,85.991
2025-02-20T12:00:00Z,85.964,85.976,85.848,85.915,85.992,86.001,85.877,85.94
2025-02-20T13:00:00Z,85.912,86.066,85.845,86.028,85.939,86.093,85.873,86.055
2025-02-20T14:00:00Z,86.027,86.196,86.025,86.044,86.055,86.225,86.053,86.079
2025-02-20T15:00:00Z,86.041,86.169,85.903,86.04,86.076,86.196,85.934,86.061
2025-02-20T16:00:00Z,86.039,86.178,86.008,86.096,86.063,86.204,86.036,86.123
2025-02-20T17:00:00Z,86.094,86.233,86.07,86.111,86.123,86.262,86.097,86.143
2025-02-20T18:00:00Z,86.111,86.255,86.111,86.249,86.143,86.283,86.143,86.279
2025-02-20T19:00:00Z,86.244,86.348,86.239,86.301,86.275,86.379,86.269,86.329
2025-02-20T20:00:00Z,86.307,86.321,86.222,86.251,86.332,86.349,86.251,86.277
2025-02-20T21:00:00Z,86.249,86.254,86.18,86.186,86.277,86.284,86.223,86.239
2025-02-20T22:00:00Z,86.137,86.206,86.044,86.097,86.337,86.337,86.174,86.198
2025-02-20T23:00:00Z,86.107,86.279,86.076,86.156,86.192,86.306,86.117,86.184
2025-02-21T00:00:00Z,86.154,86.377,86.14,86.366,86.184,86.406,86.171,86.394
2025-02-21T01:00:00Z,86.358,86.626,86.329,86.571,86.386,86.656,86.359,86.599
2025-02-21T02:00:00Z,86.574,86.888,86.54,86.813,86.602,86.914,86.568,86.843
2025-02-21T03:00:00Z,86.813,86.827,86.626,86.697,86.841,86.856,86.654,86.726
2025-02-21T04:00:00Z,86.702,86.704,86.57,86.656,86.727,86.734,86.599,86.688
2025-02-21T05:00:00Z,86.655,86.713,86.588,86.594,86.688,86.744,86.615,86.622
2025-02-21T06:00:00Z,86.593,86.691,86.575,86.631,86.62,86.72,86.603,86.654
2025-02-21T07:00:00Z,86.633,86.783,86.6,86.735,86.654,86.807,86.629,86.766
2025-02-21T08:00:00Z,86.738,86.802,86.574,86.612,86.767,86.832,86.602,86.64
2025-02-21T09:00:00Z,86.618,86.631,86.492,86.613,86.646,86.656,86.516,86.643
2025-02-21T10:00:00Z,86.616,86.639,86.559,86.572,86.644,86.67,86.585,86.604
2025-02-21T11:00:00Z,86.572,86.596,86.495,86.507,86.601,86.626,86.521,86.533
2025-02-21T12:00:00Z,86.507,86.589,86.505,86.575,86.532,86.619,86.531,86.605
2025-02-21T13:00:00Z,86.577,86.625,86.493,86.576,86.605,86.653,86.518,86.602
2025-02-21T14:00:00Z,86.574,86.604,86.279,86.279,86.602,86.63,86.313,86.337
2025-02-21T15:00:00Z,86.285,86.306,85.931,85.978,86.356,86.356,85.958,86.007
2025-02-21T16:00:00Z,85.979,86.026,85.891,85.952,86.007,86.051,85.919,85.98
2025-02-21T17:00:00Z,85.949,85.977,85.736,85.756,85.98,86.005,85.767,85.79
2025-02-21T18:00:00Z,85.758,85.758,85.541,85.583,85.791,85.791,85.574,85.615
2025-02-21T19:00:00Z,85.581,85.594,85.441,85.509,85.611,85.622,85.474,85.536
2025-02-21T20:00:00Z,85.505,85.632,85.499,85.627,85.535,85.661,85.527,85.656
2025-02-21T21:00:00Z,85.628,85.712,85.603,85.688,85.656,85.784,85.64,85.772
2025-02-23T22:00:00Z,85.587,85.842,85.587,85.718,85.787,85.976,85.767,85.87
2025-02-23T23:00:00Z,85.721,85.927,85.72,85.872,85.87,85.96,85.756,85.909
2025-02-24T00:00:00Z,85.872,85.877,85.649,85.664,85.908,85.909,85.675,85.692
2025-02-24T01:00:00Z,85.664,85.842,85.604,85.818,85.69,85.872,85.634,85.848
2025-02-24T02:00:00Z,85.821,86.116,85.816,86.026,85.851,86.145,85.844,86.053
2025-02-24T03:00:00Z,86.024,86.136,85.901,85.937,86.051,86.161,85.931,85.964
2025-02-24T04:00:00Z,85.939,85.994,85.918,85.925,85.964,86.023,85.942,85.956
2025-02-24T05:00:00Z,85.925,86.047,85.905,85.995,85.955,86.075,85.936,86.022
2025-02-24T06:00:00Z,85.997,86.084,85.943,86.075,86.024,86.113,85.971,86.105
2025-02-24T07:00:00Z,86.071,86.087,85.811,85.938,86.101,86.114,85.839,85.966
2025-02-24T08:00:00Z,85.943,85.971,85.753,85.891,85.968,85.999,85.779,85.916
2025-02-24T09:00:00Z,85.891,86.004,85.865,85.922,85.917,86.03,85.887,85.945
2025-02-24T10:00:00Z,85.922,85.972,85.85,85.96,85.948,85.999,85.876,85.987
2025-02-24T11:00:00Z,85.96,86.052,85.928,86.01,85.988,86.084,85.954,86.037
2025-02-24T12:00:00Z,86.01,86.063,85.96,86.046,86.035,86.094,85.988,86.074
2025-02-24T13:00:00Z,86.047,86.148,85.987,86.066,86.071,86.174,86.013,86.088
2025-02-24T14:00:00Z,86.066,86.107,85.601,85.617,86.089,86.13,85.627,85.642
2025-02-24T15:00:00Z,85.618,85.767,85.559,85.702,85.645,85.795,85.585,85.731
2025-02-24T16:00:00Z,85.703,86.009,85.7,85.901,85.731,86.037,85.728,85.926
2025-02-24T17:00:00Z,85.901,86.002,85.875,85.891,85.925,86.027,85.898,85.924
2025-02-24T18:00:00Z,85.891,85.94,85.844,85.926,85.924,85.968,85.872,85.953
2025-02-24T19:00:00Z,85.93,86.028,85.874,85.922,85.957,86.056,85.901,85.953
2025-02-24T20:00:00Z,85.92,85.93,85.745,85.798,85.95,85.962,85.776,85.825
2025-02-24T21:00:00Z,85.797,85.834,85.774,85.805,85.825,85.871,85.806,85.848
2025-02-24T22:00:00Z,85.726,85.803,85.682,85.779,85.902,85.917,85.822,85.87
2025-02-24T23:00:00Z,85.768,85.881,85.751,85.825,85.859,85.912,85.805,85.854
2025-02-25T00:00:00Z,85.829,85.988,85.829,85.946,85.855,86.013,85.855,85.974
2025-02-25T01:00:00Z,85.95,86.021,85.898,85.922,85.978,86.049,85.923,85.951
2025-02-25T02:00:00Z,85.926,85.951,85.849,85.886,85.951,85.978,85.877,85.911
2025-02-25T03:00:00Z,85.886,85.954,85.77,85.783,85.91,85.983,85.8,85.81
2025-02-25T04:00:00Z,85.78,85.834,85.684,85.742,85.81,85.859,85.714,85.771
2025-02-25T05:00:00Z,85.747,85.904,85.729,85.884,85.771,85.934,85.757,85.914
2025-02-25T06:00:00Z,85.884,85.936,85.824,85.858,85.913,85.965,85.856,85.886
2025-02-25T07:00:00Z,85.856,85.874,85.438,85.452,85.883,85.901,85.463,85.478
2025-02-25T08:00:00Z,85.452,85.608,85.389,85.543,85.48,85.635,85.418,85.568
2025-02-25T09:00:00Z,85.543,85.671,85.475,85.479,85.567,85.7,85.502,85.505
2025-02-25T10:00:00Z,85.479,85.563,85.438,85.483,85.503,85.587,85.463,85.51
2025-02-25T11:00:00Z,85.486,85.716,85.47,85.704,85.513,85.741,85.494,85.732
2025-02-25T12:00:00Z,85.7,85.701,85.524,85.64,85.729,85.732,85.552,85.664
2025-02-25T13:00:00Z,85.64,85.744,85.551,85.563,85.662,85.772,85.576,85.591
2025-02-25T14:00:00Z,85.564,85.596,85.323,85.335,85.593,85.624,85.353,85.379
2025-02-25T15:00:00Z,85.331,85.337,84.916,85.184,85.38,85.381,84.944,85.205
2025-02-25T16:00:00Z,85.183,85.222,84.978,85.196,85.206,85.248,85.004,85.224
2025-02-25T17:00:00Z,85.196,85.208,85.026,85.183,85.223,85.24,85.054,85.215
2025-02-25T18:00:00Z,85.183,85.367,85.183,85.285,85.215,85.397,85.215,85.315
2025-02-25T19:00:00Z,85.283,85.302,85.2,85.257,85.312,85.334,85.231,85.286
2025-02-25T20:00:00Z,85.256,85.31,85.192,85.214,85.283,85.343,85.22,85.241
2025-02-25T21:00:00Z,85.212,85.311,85.202,85.295,85.241,85.354,85.234,85.335
2025-02-25T22:00:00Z,85.301,85.384,85.172,85.384,85.342,85.431,85.34,85.431
2025-02-25T23:00:00Z,85.385,85.439,85.3,85.391,85.431,85.474,85.33,85.424
2025-02-26T00:00:00Z,85.392,85.405,85.171,85.239,85.422,85.436,85.201,85.265
2025-02-26T01:00:00Z,85.239,85.315,85.08,85.314,85.266,85.343,85.114,85.336
2025-02-26T02:00:00Z,85.317,85.416,85.258,85.402,85.339,85.444,85.289,85.428
2025-02-26T03:00:00Z,85.399,85.453,85.27,85.318,85.427,85.478,85.299,85.342
2025-02-26T04:00:00Z,85.313,85.416,85.259,85.338,85.34,85.442,85.282,85.364
2025-02-26T05:00:00Z,85.336,85.428,85.259,85.277,85.362,85.456,85.289,85.308
2025-02-26T06:00:00Z,85.279,85.439,85.263,85.403,85.308,85.462,85.288,85.43
2025-02-26T07:00:00Z,85.405,85.437,85.316,85.352,85.433,85.464,85.342,85.378
2025-02-26T08:00:00Z,85.351,85.371,85.202,85.266,85.378,85.397,85.227,85.29
2025-02-26T09:00:00Z,85.267,85.295,85.196,85.21,85.293,85.323,85.22,85.237
2025-02-26T10:00:00Z,85.212,85.23,85.131,85.224,85.237,85.258,85.155,85.253
2025-02-26T11:00:00Z,85.222,85.223,85.128,85.176,85.25,85.25,85.154,85.203
2025-02-26T12:00:00Z,85.176,85.191,85.04,85.111,85.201,85.215,85.066,85.138
2025-02-26T13:00:00Z,85.111,85.148,85.056,85.108,85.14,85.176,85.078,85.135
2025-02-26T14:00:00Z,85.11,85.282,84.975,85.215,85.137,85.31,84.997,85.259
2025-02-26T15:00:00Z,85.221,85.328,85.196,85.259,85.259,85.356,85.222,85.283
2025-02-26T16:00:00Z,85.259,85.293,85.117,85.13,85.281,85.318,85.145,85.156
2025-02-26T17:00:00Z,85.132,85.281,85.036,85.063,85.156,85.312,85.064,85.091
2025-02-26T18:00:00Z,85.063,85.095,84.77,84.839,85.091,85.122,84.797,84.867
2025-02-26T19:00:00Z,84.837,84.883,84.718,84.788,84.865,84.909,84.747,84.814
2025-02-26T20:00:00Z,84.792,84.841,84.717,84.823,84.819,84.868,84.746,84.849
2025-02-26T21:00:00Z,84.826,84.913,84.775,84.861,84.854,84.942,84.804,84.924
2025-02-26T22:00:00Z,84.835,84.917,84.772,84.799,84.974,85.031,84.899,84.899
2025-02-26T23:00:00Z,84.8,84.879,84.767,84.821,84.889,84.922,84.796,84.849
2025-02-27T00:00:00Z,84.824,84.938,84.728,84.909,84.852,84.969,84.761,84.938
2025-02-27T01:00:00Z,84.911,85.063,84.858,85.039,84.941,85.089,84.884,85.067
2025-02-27T02:00:00Z,85.043,85.068,84.876,84.893,85.072,85.092,84.903,84.921
2025-02-27T03:00:00Z,84.897,84.983,84.808,84.814,84.923,85.007,84.835,84.841
2025-02-27T04:00:00Z,84.812,84.825,84.602,84.621,84.84,84.852,84.624,84.645
2025-02-27T05:00:00Z,84.621,84.8,84.619,84.792,84.646,84.826,84.643,84.82
2025-02-27T06:00:00Z,84.794,84.881,84.776,84.811,84.819,84.907,84.8,84.837
2025-02-27T07:00:00Z,84.817,84.908,84.761,84.832,84.843,84.932,84.788,84.856
2025-02-27T08:00:00Z,84.834,85.091,84.76,85.086,84.857,85.118,84.785,85.109
2025-02-27T09:00:00Z,85.086,85.253,85.029,85.193,85.11,85.281,85.056,85.216
2025-02-27T10:00:00Z,85.193,85.234,85.11,85.147,85.217,85.259,85.136,85.171
2025-02-27T11:00:00Z,85.147,85.207,85.051,85.098,85.169,85.229,85.08,85.125
2025-02-27T12:00:00Z,85.097,85.129,84.973,85.036,85.125,85.158,84.997,85.062
2025-02-27T13:00:00Z,85.037,85.055,84.673,84.726,85.061,85.156,84.7,84.753
2025-02-27T14:00:00Z,84.725,84.886,84.504,84.573,84.753,84.914,84.531,84.601
2025-02-27T15:00:00Z,84.573,84.739,84.435,84.646,84.603,84.766,84.461,84.674
2025-02-27T16:00:00Z,84.647,84.706,84.508,84.559,84.672,84.735,84.533,84.583
2025-02-27T17:00:00Z,84.56,84.634,84.525,84.553,84.583,84.664,84.551,84.586
2025-02-27T18:00:00Z,84.553,84.756,84.549,84.741,84.586,84.784,84.577,84.772
2025-02-27T19:00:00Z,84.747,84.75,84.404,84.454,84.775,84.779,84.432,84.48
2025-02-27T20:00:00Z,84.454,84.462,84.271,84.319,84.479,84.487,84.297,84.345
2025-02-27T21:00:00Z,84.321,84.354,84.258,84.33,84.347,84.387,84.284,84.379
2025-02-27T22:00:00Z,84.34,84.34,84.22,84.251,84.39,84.49,84.313,84.319
2025-02-27T23:00:00Z,84.256,84.434,84.186,84.427,84.308,84.469,84.222,84.458
2025-02-28T00:00:00Z,84.423,84.461,83.983,84.0,84.453,84.493,84.01,84.027
2025-02-28T01:00:00Z,84.005,84.097,83.788,83.792,84.033,84.126,83.818,83.822
2025-02-28T02:00:00Z,83.792,83.874,83.646,83.816,83.821,83.901,83.678,83.846
2025-02-28T03:00:00Z,83.82,83.868,83.745,83.801,83.848,83.895,83.769,83.829
2025-02-28T04:00:00Z,83.805,83.862,83.734,83.772,83.832,83.886,83.761,83.8
2025-02-28T05:00:00Z,83.769,83.95,83.762,83.903,83.797,83.979,83.788,83.931
2025-02-28T06:00:00Z,83.903,84.039,83.861,84.009,83.932,84.058,83.889,84.038
2025-02-28T07:00:00Z,84.009,84.313,83.949,84.244,84.036,84.341,83.977,84.271
2025-02-28T08:00:00Z,84.245,84.435,84.182,84.344,84.269,84.464,84.209,84.372
2025-02-28T09:00:00Z,84.348,84.417,84.106,84.147,84.372,84.444,84.132,84.172
2025-02-28T10:00:00Z,84.144,84.208,84.119,84.186,84.17,84.235,84.142,84.21
2025-02-28T11:00:00Z,84.188,84.273,84.147,84.252,84.21,84.293,84.172,84.274
2025-02-28T12:00:00Z,84.252,84.424,84.25,84.395,84.273,84.451,84.271,84.423
2025-02-28T13:00:00Z,84.398,84.574,84.369,84.389,84.428,84.601,84.397,84.414
2025-02-28T14:00:00Z,84.389,84.486,84.162,84.377,84.416,84.513,84.19,84.402
2025-02-28T15:00:00Z,84.374,84.593,84.279,84.427,84.399,84.619,84.304,84.451
2025-02-28T16:00:00Z,84.424,84.465,84.119,84.345,84.451,84.493,84.145,84.372
2025-02-28T17:00:00Z,84.343,84.357,84.138,84.158,84.372,84.387,84.164,84.183
2025-02-28T18:00:00Z,84.155,84.226,83.977,83.984,84.178,84.258,84.004,84.016
2025-02-28T19:00:00Z,83.985,84.191,83.967,84.123,84.016,84.219,83.997,84.151
2025-02-28T20:00:00Z,84.125,84.254,84.086,84.206,84.153,84.281,84.112,84.239
2025-02-28T21:00:00Z,84.208,84.282,84.182,84.272,84.241,84.352,84.212,84.352
2025-03-02T22:00:00Z,84.324,84.404,84.324,84.374,84.524,84.548,84.444,84.451
2025-03-02T23:00:00Z,84.371,84.669,84.37,84.504,84.436,84.696,84.424,84.53
2025-03-03T00:00:00Z,84.505,84.548,84.361,84.377,84.529,84.574,84.389,84.403
2025-03-03T01:00:00Z,84.377,84.548,84.307,84.383,84.409,84.573,84.333,84.409
2025-03-03T02:00:00Z,84.386,84.398,84.28,84.349,84.411,84.424,84.31,84.375
2025-03-03T03:00:00Z,84.346,84.363,84.139,84.272,84.373,84.388,84.165,84.299
2025-03-03T04:00:00Z,84.272,84.319,84.208,84.213,84.295,84.347,84.237,84.24
2025-03-03T05:00:00Z,84.21,84.316,84.208,84.252,84.24,84.342,84.234,84.279
2025-03-03T06:00:00Z,84.252,84.27,84.127,84.218,84.28,84.294,84.155,84.246
2025-03-03T07:00:00Z,84.224,84.302,84.103,84.105,84.249,84.327,84.129,84.132
2025-03-03T08:00:00Z,84.105,84.156,83.977,84.101,84.13,84.183,84.005,84.128
2025-03-03T09:00:00Z,84.104,84.331,84.063,84.301,84.131,84.361,84.086,84.331
2025-03-03T10:00:00Z,84.305,84.556,84.29,84.532,84.331,84.583,84.318,84.558
2025-03-03T11:00:00Z,84.532,84.747,84.504,84.739,84.556,84.773,84.525,84.76
2025-03-03T12:00:00Z,84.739,84.861,84.712,84.811,84.759,84.888,84.742,84.835
2025-03-03T13:00:00Z,84.81,84.852,84.71,84.74,84.835,84.878,84.734,84.765
2025-03-03T14:00:00Z,84.74,84.842,84.688,84.708,84.766,84.867,84.716,84.764
2025-03-03T15:00:00Z,84.698,84.732,84.453,84.514,84.77,84.775,84.481,84.54
2025-03-03T16:00:00Z,84.517,84.637,84.47,84.596,84.543,84.663,84.492,84.621
2025-03-03T17:00:00Z,84.587,84.706,84.553,84.624,84.615,84.733,84.578,84.653
2025-03-03T18:00:00Z,84.624,84.645,84.433,84.476,84.653,84.68,84.458,84.503
2025-03-03T19:00:00Z,84.475,84.566,84.3,84.375,84.503,84.594,84.324,84.401
2025-03-03T20:00:00Z,84.374,84.381,83.546,83.883,84.401,84.406,83.573,83.908
2025-03-03T21:00:00Z,83.884,84.049,83.877,83.942,83.908,84.078,83.904,83.986
2025-03-03T22:00:00Z,83.855,83.987,83.849,83.928,84.055,84.109,83.982,84.057
2025-03-03T23:00:00Z,83.936,84.012,83.687,83.783,84.057,84.063,83.714,83.809
2025-03-04T00:00:00Z,83.79,83.924,83.507,83.677,83.817,83.956,83.531,83.703
2025-03-04T01:00:00Z,83.677,83.737,83.454,83.567,83.705,83.766,83.478,83.591
2025-03-04T02:00:00Z,83.566,83.77,83.505,83.633,83.588,83.801,83.533,83.662
2025-03-04T03:00:00Z,83.632,83.709,83.521,83.565,83.659,83.735,83.55,83.589
2025-03-04T04:00:00Z,83.564,83.572,83.426,83.538,83.589,83.602,83.451,83.565
2025-03-04T05:00:00Z,83.539,83.76,83.412,83.744,83.565,83.788,83.448,83.772
2025-03-04T06:00:00Z,83.746,83.873,83.681,83.855,83.773,83.896,83.71,83.882
2025-03-04T07:00:00Z,83.861,83.938,83.608,83.782,83.888,83.965,83.634,83.808
2025-03-04T08:00:00Z,83.782,83.958,83.547,83.762,83.806,83.983,83.574,83.786
2025-03-04T09:00:00Z,83.759,83.883,83.658,83.828,83.784,83.911,83.681,83.855
2025-03-04T10:00:00Z,83.829,83.829,83.673,83.709,83.852,83.852,83.695,83.734
2025-03-04T11:00:00Z,83.709,83.747,83.491,83.607,83.732,83.771,83.515,83.635
2025-03-04T12:00:00Z,83.603,83.662,83.499,83.574,83.633,83.69,83.527,83.596
2025-03-04T13:00:00Z,83.57,83.662,83.431,83.443,83.594,83.691,83.457,83.47
2025-03-04T14:00:00Z,83.443,83.68,83.326,83.33,83.469,83.71,83.353,83.358
2025-03-04T15:00:00Z,83.329,83.491,83.136,83.341,83.356,83.515,83.162,83.366
2025-03-04T16:00:00Z,83.341,83.663,83.228,83.607,83.367,83.689,83.251,83.631
2025-03-04T17:00:00Z,83.607,83.719,83.537,83.586,83.632,83.747,83.566,83.616
2025-03-04T18:00:00Z,83.586,83.961,83.586,83.939,83.616,83.989,83.616,83.967
2025-03-04T19:00:00Z,83.939,84.279,83.929,84.253,83.966,84.305,83.958,84.279
2025-03-04T20:00:00Z,84.249,84.552,84.152,84.203,84.276,84.583,84.181,84.231
2025-03-04T21:00:00Z,84.202,84.893,84.185,84.828,84.231,84.921,84.214,84.869
2025-03-04T22:00:00Z,84.733,84.777,84.625,84.716,84.933,84.937,84.785,84.81
2025-03-04T23:00:00Z,84.718,85.001,84.716,84.797,84.803,85.035,84.747,84.822
2025-03-05T00:00:00Z,84.791,84.796,84.459,84.736,84.82,84.824,84.487,84.761
2025-03-05T01:00:00Z,84.737,84.998,84.696,84.767,84.763,85.029,84.724,84.79
2025-03-05T02:00:00Z,84.768,84.769,84.497,84.501,84.79,84.791,84.528,84.532
2025-03-05T03:00:00Z,84.498,84.713,84.396,84.698,84.528,84.739,84.425,84.725
2025-03-05T04:00:00Z,84.699,84.72,84.567,84.589,84.725,84.748,84.595,84.617
2025-03-05T05:00:00Z,84.59,84.683,84.5,84.583,84.617,84.709,84.532,84.612
2025-03-05T06:00:00Z,84.583,84.734,84.531,84.674,84.609,84.761,84.559,84.701
2025-03-05T07:00:00Z,84.681,84.904,84.612,84.682,84.703,84.926,84.638,84.706
2025-03-05T08:00:00Z,84.685,84.866,84.59,84.729,84.709,84.895,84.613,84.757
2025-03-05T09:00:00Z,84.732,84.885,84.684,84.825,84.758,84.912,84.712,84.852
2025-03-05T10:00:00Z,84.828,84.924,84.748,84.834,84.855,84.945,84.776,84.86
2025-03-05T11:00:00Z,84.836,84.924,84.776,84.854,84.86,84.947,84.802,84.879
2025-03-05T12:00:00Z,84.856,84.965,84.808,84.899,84.883,84.992,84.835,84.926
2025-03-05T13:00:00Z,84.901,85.046,84.709,84.845,84.928,85.072,84.739,84.873
2025-03-05T14:00:00Z,84.85,84.922,84.734,84.742,84.877,84.96,84.762,84.801
2025-03-05T15:00:00Z,84.801,85.168,84.635,84.89,84.879,85.198,84.666,84.917
2025-03-05T16:00:00Z,84.887,84.986,84.652,84.878,84.915,85.023,84.673,84.909
2025-03-05T17:00:00Z,84.88,85.087,84.803,85.045,84.91,85.115,84.83,85.075
2025-03-05T18:00:00Z,85.045,85.128,84.863,85.05,85.075,85.154,84.898,85.077
2025-03-05T19:00:00Z,85.048,85.256,85.037,85.188,85.075,85.284,85.064,85.215
2025-03-05T20:00:00Z,85.187,85.279,85.158,85.272,85.215,85.305,85.185,85.299
2025-03-05T21:00:00Z,85.269,85.304,85.208,85.222,85.296,85.331,85.246,85.28
2025-03-05T22:00:00Z,85.198,85.215,85.143,85.183,85.269,85.345,85.223,85.265
2025-03-05T23:00:00Z,85.185,85.324,85.153,85.264,85.258,85.355,85.212,85.295
2025-03-06T00:00:00Z,85.262,85.481,85.244,85.312,85.292,85.506,85.271,85.335
2025-03-06T01:00:00Z,85.311,85.568,85.284,85.523,85.336,85.595,85.311,85.554
2025-03-06T02:00:00Z,85.522,85.604,85.432,85.562,85.552,85.633,85.46,85.586
2025-03-06T03:00:00Z,85.562,85.568,85.435,85.502,85.585,85.595,85.463,85.53
2025-03-06T04:00:00Z,85.504,85.623,85.475,85.597,85.532,85.649,85.505,85.626
2025-03-06T05:00:00Z,85.597,85.602,85.392,85.396,85.624,85.626,85.421,85.424
2025-03-06T06:00:00Z,85.403,85.455,85.292,85.322,85.431,85.482,85.32,85.348
2025-03-06T07:00:00Z,85.327,85.351,85.01,85.015,85.352,85.373,85.034,85.043
2025-03-06T08:00:00Z,85.015,85.12,84.881,84.984,85.041,85.148,84.907,85.012
2025-03-06T09:00:00Z,84.982,84.982,84.63,84.788,85.008,85.008,84.658,84.817
2025-03-06T10:00:00Z,84.789,84.909,84.693,84.774,84.817,84.936,84.722,84.8
2025-03-06T11:00:00Z,84.771,84.837,84.681,84.797,84.796,84.866,84.709,84.824
2025-03-06T12:00:00Z,84.798,84.839,84.649,84.665,84.824,84.863,84.678,84.693
2025-03-06T13:00:00Z,84.665,84.768,84.515,84.566,84.692,84.799,84.548,84.596
2025-03-06T14:00:00Z,84.565,84.837,84.516,84.715,84.593,84.866,84.547,84.745
2025-03-06T15:00:00Z,84.714,85.207,84.69,85.177,84.746,85.235,84.722,85.205
2025-03-06T16:00:00Z,85.181,85.396,85.01,85.015,85.208,85.427,85.039,85.043
2025-03-06T17:00:00Z,85.014,85.106,84.786,84.942,85.041,85.135,84.818,84.974
2025-03-06T18:00:00Z,84.942,84.987,84.75,84.797,84.974,85.017,84.774,84.824
2025-03-06T19:00:00Z,84.797,84.912,84.65,84.759,84.823,84.94,84.68,84.785
2025-03-06T20:00:00Z,84.759,84.865,84.698,84.735,84.786,84.887,84.727,84.76
2025-03-06T21:00:00Z,84.738,84.863,84.728,84.838,84.763,84.905,84.754,84.886
2025-03-06T22:00:00Z,84.833,84.84,84.616,84.782,84.886,84.997,84.71,84.89
2025-03-06T23:00:00Z,84.781,84.963,84.775,84.96,84.859,84.994,84.854,84.989
2025-03-07T00:00:00Z,84.958,84.963,84.706,84.836,84.987,84.995,84.736,84.864
2025-03-07T01:00:00Z,84.838,84.92,84.706,84.743,84.865,84.95,84.736,84.771
2025-03-07T02:00:00Z,84.745,84.769,84.431,84.437,84.772,84.798,84.458,84.462
2025-03-07T03:00:00Z,84.439,84.469,84.354,84.377,84.463,84.501,84.385,84.401
2025-03-07T04:00:00Z,84.378,84.426,84.274,84.406,84.401,84.453,84.3,84.43
2025-03-07T05:00:00Z,84.405,84.441,84.227,84.227,84.431,84.462,84.257,84.257
2025-03-07T06:00:00Z,84.229,84.34,84.153,84.282,84.257,84.368,84.183,84.307
2025-03-07T07:00:00Z,84.286,84.542,84.273,84.457,84.306,84.568,84.3,84.484
2025-03-07T08:00:00Z,84.459,84.595,84.31,84.381,84.483,84.62,84.335,84.409
2025-03-07T09:00:00Z,84.381,84.532,84.354,84.432,84.408,84.561,84.379,84.457
2025-03-07T10:00:00Z,84.432,84.46,84.348,84.442,84.458,84.485,84.373,84.469
2025-03-07T11:00:00Z,84.438,84.465,84.331,84.356,84.466,84.49,84.355,84.384
2025-03-07T12:00:00Z,84.361,84.48,84.3,84.369,84.387,84.508,84.326,84.39
2025-03-07T13:00:00Z,84.364,84.538,83.978,84.003,84.386,84.584,84.003,84.036
2025-03-07T14:00:00Z,84.005,84.37,83.837,84.277,84.036,84.396,83.862,84.301
2025-03-07T15:00:00Z,84.273,84.474,84.014,84.321,84.298,84.5,84.041,84.351
2025-03-07T16:00:00Z,84.321,84.329,83.871,83.974,84.346,84.356,83.897,84.002
2025-03-07T17:00:00Z,83.982,84.167,83.764,84.02,84.011,84.195,83.791,84.048
2025-03-07T18:00:00Z,84.023,84.364,84.008,84.351,84.053,84.393,84.037,84.379
2025-03-07T19:00:00Z,84.351,84.575,84.296,84.504,84.378,84.601,84.323,84.53
2025-03-07T20:00:00Z,84.507,84.593,84.462,84.512,84.534,84.617,84.488,84.534
2025-03-07T21:00:00Z,84.514,84.544,84.455,84.5,84.534,84.64,84.479,84.58
2025-03-09T21:00:00Z,84.331,84.411,84.259,84.292,84.462,84.558,84.459,84.492
2025-03-09T22:00:00Z,84.332,84.368,84.173,84.177,84.392,84.465,84.2,84.204
2025-03-09T23:00:00Z,84.173,84.32,84.12,84.235,84.199,84.348,84.152,84.267
2025-03-10T00:00:00Z,84.234,84.271,84.089,84.183,84.264,84.303,84.117,84.212
2025-03-10T01:00:00Z,84.182,84.344,84.112,84.315,84.212,84.37,84.138,84.341
2025-03-10T02:00:00Z,84.31,84.4,84.2,84.264,84.333,84.429,84.229,84.29
2025-03-10T03:00:00Z,84.264,84.405,84.156,84.324,84.289,84.431,84.185,84.346
2025-03-10T04:00:00Z,84.325,84.373,84.291,84.336,84.346,84.397,84.32,84.364
2025-03-10T05:00:00Z,84.336,84.511,84.333,84.352,84.363,84.538,84.363,84.381
2025-03-10T06:00:00Z,84.354,84.58,84.339,84.536,84.381,84.602,84.366,84.563
2025-03-10T07:00:00Z,84.538,84.633,84.447,84.564,84.566,84.657,84.475,84.584
2025-03-10T08:00:00Z,84.569,84.599,84.252,84.29,84.587,84.627,84.28,84.317
2025-03-10T09:00:00Z,84.286,84.594,84.265,84.499,84.311,84.621,84.292,84.524
2025-03-10T10:00:00Z,84.5,84.561,84.243,84.243,84.524,84.588,84.265,84.266
2025-03-10T11:00:00Z,84.241,84.39,84.133,84.365,84.266,84.419,84.155,84.387
2025-03-10T12:00:00Z,84.369,84.409,84.191,84.342,84.39,84.432,84.22,84.368
2025-03-10T13:00:00Z,84.343,84.43,84.223,84.3,84.368,84.457,84.243,84.322
2025-03-10T14:00:00Z,84.298,84.298,83.96,84.083,84.323,84.323,83.986,84.108
2025-03-10T15:00:00Z,84.082,84.376,84.079,84.213,84.108,84.402,84.105,84.238
2025-03-10T16:00:00Z,84.213,84.308,84.175,84.216,84.237,84.334,84.197,84.243
2025-03-10T17:00:00Z,84.215,84.251,84.042,84.051,84.241,84.276,84.071,84.083
2025-03-10T18:00:00Z,84.051,84.091,83.821,83.824,84.083,84.121,83.849,83.852
2025-03-10T19:00:00Z,83.822,84.067,83.684,83.915,83.848,84.094,83.707,83.943
2025-03-10T20:00:00Z,83.914,83.987,83.828,83.898,83.943,84.017,83.855,83.936
2025-03-10T21:00:00Z,83.889,83.898,83.79,83.813,83.975,83.991,83.921,83.986
2025-03-10T22:00:00Z,83.811,83.884,83.596,83.596,83.994,83.999,83.621,83.621
2025-03-10T23:00:00Z,83.593,83.753,83.482,83.745,83.621,83.782,83.512,83.775
2025-03-11T00:00:00Z,83.747,83.747,83.38,83.51,83.775,83.775,83.407,83.535
2025-03-11T01:00:00Z,83.508,83.548,83.296,83.492,83.535,83.577,83.327,83.522
2025-03-11T02:00:00Z,83.49,83.875,83.47,83.635,83.523,83.905,83.499,83.664
2025-03-11T03:00:00Z,83.635,83.767,83.633,83.731,83.663,83.795,83.66,83.759
2025-03-11T04:00:00Z,83.732,83.789,83.65,83.692,83.756,83.816,83.679,83.719
2025-03-11T05:00:00Z,83.692,83.697,83.589,83.623,83.717,83.72,83.619,83.653
2025-03-11T06:00:00Z,83.62,83.806,83.591,83.681,83.651,83.825,83.621,83.709
2025-03-11T07:00:00Z,83.68,83.813,83.644,83.772,83.71,83.838,83.672,83.796
2025-03-11T08:00:00Z,83.77,84.031,83.735,84.011,83.792,84.057,83.76,84.035
2025-03-11T09:00:00Z,84.011,84.172,84.0,84.12,84.037,84.195,84.023,84.145
2025-03-11T10:00:00Z,84.12,84.176,84.07,84.111,84.143,84.2,84.094,84.13
2025-03-11T11:00:00Z,84.111,84.237,84.026,84.195,84.133,84.264,84.053,84.22
2025-03-11T12:00:00Z,84.189,84.389,84.09,84.309,84.214,84.421,84.117,84.334
2025-03-11T13:00:00Z,84.308,84.534,84.278,84.366,84.337,84.561,84.304,84.45
2025-03-11T14:00:00Z,84.368,84.577,83.85,83.933,84.45,84.609,83.877,83.965
2025-03-11T15:00:00Z,83.932,84.33,83.888,84.197,83.961,84.353,83.915,84.224
2025-03-11T16:00:00Z,84.194,84.233,84.047,84.06,84.221,84.26,84.073,84.087
2025-03-11T17:00:00Z,84.059,84.06,83.85,83.995,84.087,84.087,83.88,84.024
2025-03-11T18:00:00Z,83.995,84.641,83.995,84.559,84.024,84.671,84.024,84.582
2025-03-11T19:00:00Z,84.557,84.622,84.396,84.439,84.581,84.649,84.425,84.47
2025-03-11T20:00:00Z,84.441,84.48,84.389,84.442,84.471,84.509,84.419,84.487
2025-03-11T21:00:00Z,84.438,84.444,84.255,84.338,84.504,84.572,84.426,84.467
2025-03-11T22:00:00Z,84.324,84.527,84.319,84.505,84.491,84.556,84.448,84.533
2025-03-11T23:00:00Z,84.507,84.569,84.432,84.545,84.534,84.596,84.461,84.574
2025-03-12T00:00:00Z,84.544,84.644,84.422,84.548,84.574,84.669,84.453,84.578
2025-03-12T01:00:00Z,84.548,84.561,84.39,84.5,84.576,84.591,84.416,84.523
2025-03-12T02:00:00Z,84.499,84.508,84.401,84.433,84.523,84.535,84.43,84.461
2025-03-12T03:00:00Z,84.43,84.495,84.326,84.405,84.459,84.522,84.354,84.433
2025-03-12T04:00:00Z,84.408,84.563,84.399,84.5,84.437,84.59,84.428,84.528
2025-03-12T05:00:00Z,84.501,84.571,84.463,84.479,84.528,84.6,84.49,84.506
2025-03-12T06:00:00Z,84.48,84.589,84.42,84.557,84.506,84.619,84.448,84.585
2025-03-12T07:00:00Z,84.558,84.831,84.506,84.803,84.585,84.856,84.531,84.828
2025-03-12T08:00:00Z,84.802,84.837,84.629,84.812,84.83,84.866,84.655,84.838
2025-03-12T09:00:00Z,84.814,84.94,84.771,84.828,84.838,84.963,84.797,84.857
2025-03-12T10:00:00Z,84.829,84.94,84.783,84.898,84.855,84.968,84.81,84.922
2025-03-12T11:00:00Z,84.9,84.986,84.829,84.86,84.924,85.011,84.856,84.883
2025-03-12T12:00:00Z,84.857,85.121,84.771,85.094,84.879,85.181,84.799,85.126
2025-03-12T13:00:00Z,85.095,85.156,84.735,84.814,85.126,85.183,84.76,84.841
2025-03-12T14:00:00Z,84.814,84.869,84.576,84.724,84.839,84.896,84.599,84.75
2025-03-12T15:00:00Z,84.722,84.95,84.663,84.856,84.75,84.976,84.692,84.884
2025-03-12T16:00:00Z,84.855,85.019,84.826,84.89,84.879,85.045,84.853,84.914
2025-03-12T17:00:00Z,84.892,85.015,84.785,84.806,84.914,85.042,84.812,84.832
2025-03-12T18:00:00Z,84.806,84.992,84.772,84.929,84.832,85.019,84.798,84.955
2025-03-12T19:00:00Z,84.93,84.976,84.866,84.942,84.955,85.004,84.894,84.971
2025-03-12T20:00:00Z,84.942,84.98,84.904,84.907,84.97,85.009,84.941,84.964
2025-03-12T21:00:00Z,84.873,84.912,84.771,84.883,85.007,85.022,84.946,84.992
2025-03-12T22:00:00Z,84.895,85.011,84.831,84.98,84.97,85.046,84.938,85.002
2025-03-12T23:00:00Z,84.98,85.067,84.916,85.067,85.004,85.101,84.945,85.101
2025-03-13T00:00:00Z,85.07,85.155,84.974,84.976,85.104,85.182,85.002,85.003
2025-03-13T01:00:00Z,84.976,85.077,84.925,84.925,85.005,85.108,84.952,84.953
2025-03-13T02:00:00Z,84.927,85.027,84.92,84.979,84.953,85.057,84.948,85.007
2025-03-13T03:00:00Z,84.978,85.032,84.82,84.831,85.005,85.063,84.85,84.857
2025-03-13T04:00:00Z,84.828,84.868,84.677,84.686,84.856,84.896,84.704,84.709
2025-03-13T05:00:00Z,84.685,84.699,84.516,84.531,84.709,84.727,84.542,84.56
2025-03-13T06:00:00Z,84.531,84.561,84.287,84.381,84.559,84.589,84.313,84.408
2025-03-13T07:00:00Z,84.381,84.458,84.285,84.33,84.407,84.483,84.311,84.359
2025-03-13T08:00:00Z,84.333,84.466,84.269,84.383,84.359,84.493,84.298,84.411
2025-03-13T09:00:00Z,84.383,84.473,84.332,84.467,84.407,84.498,84.358,84.493
2025-03-13T10:00:00Z,84.468,84.489,84.382,84.434,84.492,84.515,84.407,84.46
2025-03-13T11:00:00Z,84.434,84.446,84.246,84.303,84.461,84.472,84.27,84.326
2025-03-13T12:00:00Z,84.3,84.437,84.182,84.283,84.323,84.487,84.207,84.306
2025-03-13T13:00:00Z,84.286,84.379,84.21,84.263,84.311,84.405,84.236,84.291
2025-03-13T14:00:00Z,84.263,84.467,84.226,84.392,84.292,84.491,84.251,84.42
2025-03-13T15:00:00Z,84.394,84.476,84.282,84.295,84.42,84.501,84.31,84.322
2025-03-13T16:00:00Z,84.294,84.397,84.214,84.24,84.322,84.423,84.241,84.266
2025-03-13T17:00:00Z,84.237,84.255,84.002,84.087,84.264,84.283,84.032,84.115
2025-03-13T18:00:00Z,84.087,84.307,84.087,84.25,84.115,84.334,84.115,84.278
2025-03-13T19:00:00Z,84.248,84.285,84.161,84.192,84.276,84.316,84.186,84.225
2025-03-13T20:00:00Z,84.194,84.284,84.166,84.172,84.227,84.309,84.201,84.216
2025-03-13T21:00:00Z,84.205,84.205,84.085,84.138,84.265,84.284,84.206,84.274
2025-03-13T22:00:00Z,84.135,84.367,84.135,84.323,84.265,84.389,84.243,84.349
2025-03-13T23:00:00Z,84.318,84.364,84.268,84.342,84.346,84.394,84.3,84.371
2025-03-14T00:00:00Z,84.341,84.59,84.27,84.535,84.36,84.619,84.296,84.564
2025-03-14T01:00:00Z,84.535,84.683,84.517,84.583,84.566,84.714,84.547,84.617
2025-03-14T02:00:00Z,84.584,84.605,84.512,84.557,84.617,84.638,84.539,84.583
2025-03-14T03:00:00Z,84.557,84.697,84.55,84.677,84.581,84.725,84.579,84.704
2025-03-14T04:00:00Z,84.677,84.786,84.652,84.771,84.705,84.815,84.681,84.798
2025-03-14T05:00:00Z,84.776,84.917,84.768,84.817,84.803,84.944,84.793,84.842
2025-03-14T06:00:00Z,84.818,84.996,84.798,84.946,84.842,85.023,84.828,84.971
2025-03-14T07:00:00Z,84.946,85.182,84.884,85.115,84.973,85.209,84.909,85.14
2025-03-14T08:00:00Z,85.112,85.292,85.038,85.273,85.137,85.319,85.064,85.298
2025-03-14T09:00:00Z,85.276,85.292,85.149,85.186,85.298,85.318,85.175,85.215
2025-03-14T10:00:00Z,85.186,85.245,84.996,85.136,85.214,85.272,85.023,85.161
2025-03-14T11:00:00Z,85.139,85.213,85.043,85.161,85.163,85.238,85.067,85.185
2025-03-14T12:00:00Z,85.162,85.366,85.142,85.301,85.188,85.393,85.165,85.324
2025-03-14T13:00:00Z,85.298,85.407,85.196,85.309,85.322,85.435,85.221,85.376
2025-03-14T14:00:00Z,85.302,85.455,85.13,85.235,85.393,85.482,85.157,85.262
2025-03-14T15:00:00Z,85.235,85.333,85.196,85.237,85.263,85.361,85.223,85.262
2025-03-14T16:00:00Z,85.237,85.261,85.091,85.231,85.263,85.286,85.12,85.26
2025-03-14T17:00:00Z,85.227,85.316,85.225,85.278,85.259,85.342,85.254,85.307
2025-03-14T18:00:00Z,85.279,85.384,85.276,85.35,85.309,85.41,85.308,85.377
2025-03-14T19:00:00Z,85.348,85.477,85.325,85.461,85.376,85.505,85.356,85.489
2025-03-14T20:00:00Z,85.454,85.525,85.343,85.416,85.483,85.559,85.448,85.492
2025-03-16T21:00:00Z,85.387,85.496,85.369,85.384,85.563,85.661,85.532,85.544
2025-03-16T22:00:00Z,85.387,85.697,85.386,85.472,85.553,85.727,85.488,85.499
2025-03-16T23:00:00Z,85.475,85.549,85.411,85.457,85.502,85.577,85.44,85.484
2025-03-17T00:00:00Z,85.459,85.618,85.354,85.566,85.486,85.646,85.383,85.592
2025-03-17T01:00:00Z,85.566,85.649,85.513,85.578,85.591,85.677,85.543,85.606
2025-03-17T02:00:00Z,85.575,85.617,85.524,85.583,85.603,85.645,85.552,85.611
2025-03-17T03:00:00Z,85.582,85.658,85.521,85.645,85.609,85.684,85.548,85.677
2025-03-17T04:00:00Z,85.646,85.822,85.646,85.814,85.677,85.849,85.676,85.842
2025-03-17T05:00:00Z,85.817,85.824,85.682,85.755,85.845,85.854,85.707,85.782
2025-03-17T06:00:00Z,85.757,85.843,85.689,85.822,85.787,85.873,85.717,85.845
2025-03-17T07:00:00Z,85.826,85.927,85.799,85.852,85.849,85.952,85.826,85.875
2025-03-17T08:00:00Z,85.868,86.004,85.771,85.973,85.884,86.031,85.8,86.003
2025-03-17T09:00:00Z,85.975,86.0,85.832,85.911,86.003,86.023,85.858,85.938
2025-03-17T10:00:00Z,85.911,86.011,85.878,85.895,85.937,86.036,85.9,85.921
2025-03-17T11:00:00Z,85.896,85.969,85.833,85.92,85.921,85.995,85.86,85.944
2025-03-17T12:00:00Z,85.92,86.147,85.822,86.107,85.948,86.177,85.916,86.136
2025-03-17T13:00:00Z,86.109,86.412,86.094,86.264,86.138,86.435,86.122,86.291
2025-03-17T14:00:00Z,86.262,86.359,86.129,86.189,86.291,86.379,86.156,86.216
2025-03-17T15:00:00Z,86.19,86.349,86.18,86.291,86.214,86.374,86.205,86.318
2025-03-17T16:00:00Z,86.292,86.496,86.28,86.49,86.318,86.521,86.306,86.516
2025-03-17T17:00:00Z,86.488,86.727,86.461,86.702,86.516,86.754,86.487,86.73
2025-03-17T18:00:00Z,86.702,86.889,86.678,86.871,86.73,86.914,86.702,86.897
2025-03-17T19:00:00Z,86.872,86.884,86.81,86.812,86.9,86.911,86.835,86.84
2025-03-17T20:00:00Z,86.816,86.876,86.746,86.815,86.842,86.903,86.773,86.862
2025-03-17T21:00:00Z,86.737,86.791,86.686,86.725,86.929,86.929,86.804,86.824
2025-03-17T22:00:00Z,86.729,86.997,86.729,86.995,86.795,87.024,86.795,87.021
2025-03-17T23:00:00Z,86.997,87.026,86.925,86.98,87.021,87.053,86.954,87.002
2025-03-18T00:00:00Z,86.977,87.037,86.907,87.031,87.002,87.066,86.94,87.059
2025-03-18T01:00:00Z,87.034,87.161,86.971,87.003,87.062,87.191,86.999,87.032
2025-03-18T02:00:00Z,87.003,87.144,86.984,87.096,87.033,87.172,87.009,87.123
2025-03-18T03:00:00Z,87.097,87.11,86.984,87.01,87.122,87.138,87.012,87.035
2025-03-18T04:00:00Z,87.01,87.068,86.97,87.006,87.04,87.094,86.998,87.035
2025-03-18T05:00:00Z,87.011,87.101,86.993,87.101,87.039,87.132,87.02,87.13
2025-03-18T06:00:00Z,87.103,87.184,87.047,87.153,87.132,87.211,87.072,87.177
2025-03-18T07:00:00Z,87.153,87.281,87.139,87.236,87.176,87.307,87.163,87.263
2025-03-18T08:00:00Z,87.238,87.359,87.227,87.284,87.263,87.388,87.253,87.307
2025-03-18T09:00:00Z,87.284,87.299,87.21,87.245,87.309,87.326,87.234,87.267
2025-03-18T10:00:00Z,87.246,87.26,87.029,87.053,87.273,87.282,87.055,87.078
2025-03-18T11:00:00Z,87.057,87.081,86.977,87.049,87.081,87.107,86.999,87.077
2025-03-18T12:00:00Z,87.047,87.153,86.999,87.082,87.074,87.181,87.027,87.11
2025-03-18T13:00:00Z,87.082,87.153,86.88,86.927,87.109,87.181,86.907,86.954
2025-03-18T14:00:00Z,86.925,86.935,86.765,86.824,86.951,86.961,86.792,86.852
2025-03-18T15:00:00Z,86.827,86.908,86.711,86.841,86.854,86.934,86.737,86.865
2025-03-18T16:00:00Z,86.84,86.97,86.752,86.864,86.863,86.997,86.776,86.892
2025-03-18T17:00:00Z,86.875,86.901,86.758,86.823,86.896,86.93,86.774,86.853
2025-03-18T18:00:00Z,86.823,86.823,86.665,86.79,86.853,86.853,86.691,86.819
2025-03-18T19:00:00Z,86.788,86.833,86.732,86.829,86.817,86.864,86.76,86.856
2025-03-18T20:00:00Z,86.837,86.899,86.823,86.831,86.864,86.931,86.85,86.9
2025-03-18T21:00:00Z,86.809,86.828,86.729,86.736,86.977,86.977,86.878,86.901
2025-03-18T22:00:00Z,86.735,86.926,86.734,86.921,86.851,86.956,86.839,86.948
2025-03-18T23:00:00Z,86.922,86.958,86.86,86.934,86.95,86.99,86.886,86.962
2025-03-19T00:00:00Z,86.935,87.034,86.853,87.01,86.962,87.062,86.882,87.036
2025-03-19T01:00:00Z,87.009,87.021,86.876,86.887,87.037,87.048,86.905,86.915
2025-03-19T02:00:00Z,86.888,86.97,86.768,86.894,86.915,87.007,86.805,86.925
2025-03-19T03:00:00Z,86.891,86.914,86.764,86.779,86.927,86.944,86.794,86.807
2025-03-19T04:00:00Z,86.78,86.904,86.74,86.858,86.807,86.929,86.766,86.885
2025-03-19T05:00:00Z,86.858,87.056,86.858,87.056,86.887,87.085,86.887,87.085
2025-03-19T06:00:00Z,87.055,87.165,86.878,86.909,87.082,87.192,86.904,86.938
2025-03-19T07:00:00Z,86.917,86.917,86.303,86.405,86.938,86.941,86.335,86.434
2025-03-19T08:00:00Z,86.408,86.684,86.402,86.573,86.437,86.711,86.432,86.601
2025-03-19T09:00:00Z,86.572,86.699,86.463,86.681,86.598,86.726,86.486,86.706
2025-03-19T10:00:00Z,86.679,86.689,86.564,86.647,86.707,86.713,86.589,86.671
2025-03-19T11:00:00Z,86.647,86.803,86.641,86.767,86.67,86.826,86.668,86.794
2025-03-19T12:00:00Z,86.766,86.788,86.628,86.703,86.791,86.814,86.651,86.73
2025-03-19T13:00:00Z,86.703,86.749,86.626,86.72,86.728,86.775,86.653,86.748
2025-03-19T14:00:00Z,86.722,86.813,86.669,86.682,86.748,86.841,86.696,86.711
2025-03-19T15:00:00Z,86.682,86.772,86.639,86.743,86.709,86.799,86.667,86.77
2025-03-19T16:00:00Z,86.741,86.777,86.675,86.727,86.769,86.804,86.701,86.751
2025-03-19T17:00:00Z,86.728,86.73,86.564,86.608,86.753,86.756,86.592,86.641
2025-03-19T18:00:00Z,86.608,86.649,86.3,86.422,86.641,86.676,86.328,86.454
2025-03-19T19:00:00Z,86.419,86.585,86.367,86.418,86.452,86.612,86.39,86.456
2025-03-19T20:00:00Z,86.418,86.482,86.386,86.461,86.454,86.511,86.414,86.49
2025-03-19T21:00:00Z,86.45,86.663,86.367,86.537,86.554,86.753,86.487,86.629
2025-03-19T22:00:00Z,86.554,86.619,86.416,86.422,86.645,86.655,86.442,86.449
2025-03-19T23:00:00Z,86.424,86.486,86.343,86.379,86.451,86.513,86.374,86.407
2025-03-20T00:00:00Z,86.378,86.383,86.012,86.051,86.407,86.411,86.04,86.08
2025-03-20T01:00:00Z,86.046,86.056,85.811,85.895,86.073,86.085,85.844,85.925
2025-03-20T02:00:00Z,85.899,86.007,85.809,85.934,85.928,86.034,85.836,85.962
2025-03-20T03:00:00Z,85.936,86.042,85.877,85.987,85.962,86.069,85.904,86.014
2025-03-20T04:00:00Z,85.987,86.0,85.919,85.944,86.016,86.027,85.945,85.97
2025-03-20T05:00:00Z,85.941,85.943,85.813,85.842,85.969,85.974,85.838,85.866
2025-03-20T06:00:00Z,85.84,85.84,85.682,85.682,85.866,85.866,85.708,85.708
2025-03-20T07:00:00Z,85.682,85.755,85.586,85.744,85.702,85.783,85.614,85.767
2025-03-20T08:00:00Z,85.743,85.796,85.511,85.55,85.767,85.82,85.538,85.576
2025-03-20T09:00:00Z,85.548,85.616,85.38,85.466,85.575,85.641,85.409,85.493
2025-03-20T10:00:00Z,85.464,85.475,85.129,85.276,85.49,85.502,85.157,85.303
2025-03-20T11:00:00Z,85.274,85.299,85.136,85.157,85.299,85.324,85.16,85.184
2025-03-20T12:00:00Z,85.156,85.322,85.106,85.207,85.186,85.35,85.127,85.232
2025-03-20T13:00:00Z,85.208,85.295,85.025,85.264,85.232,85.321,85.053,85.295
2025-03-20T14:00:00Z,85.265,85.475,85.265,85.361,85.295,85.501,85.295,85.385
2025-03-20T15:00:00Z,85.358,85.614,85.341,85.567,85.385,85.639,85.364,85.595
2025-03-20T16:00:00Z,85.567,85.656,85.439,85.441,85.594,85.681,85.463,85.466
2025-03-20T17:00:00Z,85.441,85.549,85.422,85.521,85.468,85.575,85.446,85.546
2025-03-20T18:00:00Z,85.521,85.687,85.5,85.641,85.546,85.714,85.528,85.668
2025-03-20T19:00:00Z,85.641,85.733,85.63,85.693,85.667,85.759,85.657,85.72
2025-03-20T20:00:00Z,85.694,85.707,85.617,85.653,85.72,85.733,85.644,85.686
2025-03-20T21:00:00Z,85.617,85.634,85.51,85.573,85.709,85.735,85.639,85.683
2025-03-20T22:00:00Z,85.577,85.687,85.569,85.611,85.649,85.715,85.625,85.64
2025-03-20T23:00:00Z,85.611,85.667,85.567,85.604,85.639,85.693,85.596,85.628
2025-03-21T00:00:00Z,85.604,85.872,85.587,85.849,85.629,85.902,85.614,85.877
2025-03-21T01:00:00Z,85.849,85.944,85.773,85.853,85.874,85.968,85.8,85.883
2025-03-21T02:00:00Z,85.852,85.859,85.724,85.781,85.881,85.889,85.752,85.809
2025-03-21T03:00:00Z,85.781,85.836,85.69,85.799,85.807,85.862,85.713,85.827
2025-03-21T04:00:00Z,85.799,85.937,85.799,85.887,85.825,85.966,85.825,85.913
2025-03-21T05:00:00Z,85.88,86.016,85.874,85.988,85.905,86.045,85.9,86.017
2025-03-21T06:00:00Z,85.99,86.102,85.976,86.09,86.016,86.132,85.999,86.118
2025-03-21T07:00:00Z,86.094,86.133,85.914,85.964,86.122,86.158,85.937,85.991
2025-03-21T08:00:00Z,85.964,86.113,85.883,86.081,85.99,86.138,85.904,86.107
2025-03-21T09:00:00Z,86.083,86.083,85.928,85.943,86.109,86.109,85.956,85.968
2025-03-21T10:00:00Z,85.946,86.013,85.857,85.892,85.971,86.036,85.884,85.918
2025-03-21T11:00:00Z,85.892,85.915,85.744,85.765,85.917,85.941,85.767,85.788
2025-03-21T12:00:00Z,85.762,85.834,85.56,85.564,85.786,85.86,85.583,85.587
2025-03-21T13:00:00Z,85.564,85.601,85.429,85.559,85.586,85.625,85.454,85.586
2025-03-21T14:00:00Z,85.561,85.658,85.484,85.537,85.587,85.685,85.512,85.564
2025-03-21T15:00:00Z,85.539,85.554,85.196,85.35,85.567,85.581,85.223,85.372
2025-03-21T16:00:00Z,85.351,85.61,85.307,85.595,85.372,85.64,85.337,85.622
2025-03-21T17:00:00Z,85.595,85.663,85.516,85.583,85.624,85.693,85.542,85.61
2025-03-21T18:00:00Z,85.581,85.623,85.543,85.562,85.607,85.652,85.574,85.589
2025-03-21T19:00:00Z,85.556,85.637,85.512,85.629,85.584,85.665,85.54,85.656
2025-03-21T20:00:00Z,85.629,85.629,85.532,85.552,85.655,85.696,85.588,85.622
2025-03-23T21:00:00Z,85.544,85.657,85.544,85.626,85.709,85.824,85.698,85.755
2025-03-23T22:00:00Z,85.633,85.879,85.633,85.831,85.745,85.916,85.704,85.859
2025-03-23T23:00:00Z,85.834,85.988,85.77,85.964,85.86,86.013,85.804,85.99
2025-03-24T00:00:00Z,85.967,86.068,85.913,86.045,85.992,86.091,85.935,86.071
2025-03-24T01:00:00Z,86.041,86.061,85.873,85.875,86.068,86.087,85.901,85.903
2025-03-24T02:00:00Z,85.874,85.885,85.8,85.813,85.903,85.911,85.823,85.836
2025-03-24T03:00:00Z,85.813,85.905,85.665,85.704,85.837,85.93,85.693,85.73
2025-03-24T04:00:00Z,85.706,85.707,85.621,85.696,85.731,85.732,85.648,85.721
2025-03-24T05:00:00Z,85.696,85.726,85.582,85.613,85.72,85.751,85.61,85.641
2025-03-24T06:00:00Z,85.614,85.75,85.612,85.735,85.641,85.778,85.639,85.759
2025-03-24T07:00:00Z,85.735,85.901,85.714,85.783,85.76,85.927,85.738,85.808
2025-03-24T08:00:00Z,85.783,85.929,85.749,85.769,85.807,85.953,85.774,85.793
2025-03-24T09:00:00Z,85.77,85.939,85.754,85.865,85.795,85.964,85.779,85.89
2025-03-24T10:00:00Z,85.867,85.948,85.846,85.897,85.89,85.976,85.871,85.922
2025-03-24T11:00:00Z,85.895,85.94,85.844,85.844,85.922,85.966,85.872,85.874
2025-03-24T12:00:00Z,85.848,85.883,85.729,85.772,85.876,85.909,85.755,85.798
2025-03-24T13:00:00Z,85.772,85.952,85.699,85.915,85.797,85.976,85.726,85.939
2025-03-24T14:00:00Z,85.917,86.172,85.892,86.131,85.941,86.197,85.917,86.159
2025-03-24T15:00:00Z,86.135,86.222,86.065,86.193,86.161,86.249,86.097,86.216
2025-03-24T16:00:00Z,86.193,86.21,85.974,86.015,86.217,86.233,86.0,86.042
2025-03-24T17:00:00Z,86.015,86.055,85.95,86.028,86.043,86.098,85.976,86.059
2025-03-24T18:00:00Z,86.028,86.204,85.958,86.143,86.059,86.231,85.986,86.173
2025-03-24T19:00:00Z,86.147,86.23,86.136,86.222,86.176,86.257,86.163,86.252
2025-03-24T20:00:00Z,86.22,86.321,86.214,86.297,86.245,86.346,86.241,86.339
2025-03-24T21:00:00Z,86.299,86.316,86.134,86.227,86.335,86.443,86.302,86.336
2025-03-24T22:00:00Z,86.223,86.308,86.221,86.273,86.321,86.348,86.281,86.301
2025-03-24T23:00:00Z,86.276,86.355,86.253,86.33,86.303,86.382,86.281,86.359
2025-03-25T00:00:00Z,86.336,86.38,86.256,86.347,86.365,86.409,86.286,86.375
2025-03-25T01:00:00Z,86.346,86.371,86.21,86.245,86.376,86.398,86.238,86.272
2025-03-25T02:00:00Z,86.244,86.264,86.179,86.254,86.273,86.292,86.207,86.279
2025-03-25T03:00:00Z,86.251,86.283,86.164,86.18,86.279,86.311,86.192,86.208
2025-03-25T04:00:00Z,86.18,86.215,86.113,86.145,86.209,86.239,86.14,86.171
2025-03-25T05:00:00Z,86.147,86.187,86.12,86.12,86.172,86.214,86.146,86.147
2025-03-25T06:00:00Z,86.123,86.179,86.082,86.135,86.15,86.207,86.109,86.161
2025-03-25T07:00:00Z,86.137,86.194,86.054,86.171,86.163,86.22,86.079,86.196
2025-03-25T08:00:00Z,86.172,86.194,86.014,86.07,86.198,86.219,86.04,86.093
2025-03-25T09:00:00Z,86.066,86.194,86.038,86.141,86.09,86.221,86.062,86.167
2025-03-25T10:00:00Z,86.136,86.267,86.107,86.258,86.162,86.29,86.135,86.282
2025-03-25T11:00:00Z,86.258,86.298,86.191,86.254,86.283,86.326,86.219,86.277
2025-03-25T12:00:00Z,86.254,86.268,86.098,86.176,86.279,86.295,86.124,86.204
2025-03-25T13:00:00Z,86.174,86.189,85.985,85.985,86.201,86.213,86.025,86.085
2025-03-25T14:00:00Z,85.986,86.018,85.853,85.924,86.08,86.104,85.88,85.946
2025-03-25T15:00:00Z,85.925,85.971,85.81,85.896,85.949,85.996,85.833,85.92
2025-03-25T16:00:00Z,85.894,85.945,85.88,85.921,85.92,85.971,85.906,85.948
2025-03-25T17:00:00Z,85.925,86.002,85.878,85.913,85.952,86.028,85.903,85.942
2025-03-25T18:00:00Z,85.913,85.914,85.826,85.863,85.942,85.942,85.853,85.89
2025-03-25T19:00:00Z,85.863,85.944,85.835,85.895,85.889,85.971,85.864,85.923
2025-03-25T20:00:00Z,85.895,85.922,85.87,85.922,85.922,85.957,85.896,85.957
2025-03-25T21:00:00Z,85.851,85.932,85.788,85.893,86.041,86.098,85.967,86.005
2025-03-25T22:00:00Z,85.893,85.979,85.893,85.935,86.006,86.014,85.946,85.966
2025-03-25T23:00:00Z,85.936,85.969,85.895,85.946,85.968,85.996,85.923,85.972
2025-03-26T00:00:00Z,85.946,86.008,85.867,85.92,85.973,86.035,85.892,85.946
2025-03-26T01:00:00Z,85.921,86.112,85.779,86.068,85.946,86.139,85.807,86.096
2025-03-26T02:00:00Z,86.07,86.343,86.036,86.331,86.096,86.367,86.064,86.357
2025-03-26T03:00:00Z,86.329,86.48,86.32,86.423,86.356,86.506,86.346,86.45
2025-03-26T04:00:00Z,86.425,86.51,86.421,86.497,86.451,86.536,86.447,86.525
2025-03-26T05:00:00Z,86.499,86.569,86.464,86.492,86.526,86.595,86.491,86.521
2025-03-26T06:00:00Z,86.494,86.622,86.494,86.528,86.521,86.649,86.521,86.556
2025-03-26T07:00:00Z,86.532,86.608,86.502,86.515,86.559,86.632,86.528,86.541
2025-03-26T08:00:00Z,86.521,86.524,86.317,86.379,86.545,86.549,86.341,86.405
2025-03-26T09:00:00Z,86.381,86.53,86.339,86.406,86.408,86.551,86.365,86.433
2025-03-26T10:00:00Z,86.404,86.528,86.378,86.491,86.432,86.552,86.404,86.515
2025-03-26T11:00:00Z,86.49,86.515,86.412,86.419,86.515,86.541,86.44,86.445
2025-03-26T12:00:00Z,86.416,86.507,86.31,86.465,86.442,86.536,86.336,86.494
2025-03-26T13:00:00Z,86.465,86.541,86.346,86.355,86.493,86.569,86.371,86.377
2025-03-26T14:00:00Z,86.352,86.542,86.335,86.518,86.372,86.566,86.359,86.544
2025-03-26T15:00:00Z,86.516,86.647,86.365,86.5,86.544,86.674,86.391,86.526
2025-03-26T16:00:00Z,86.503,86.503,86.313,86.417,86.525,86.525,86.339,86.443
2025-03-26T17:00:00Z,86.416,86.472,86.071,86.153,86.443,86.5,86.101,86.188
2025-03-26T18:00:00Z,86.153,86.255,86.085,86.086,86.188,86.285,86.113,86.113
2025-03-26T19:00:00Z,86.085,86.197,86.045,86.172,86.113,86.222,86.073,86.198
2025-03-26T20:00:00Z,86.17,86.233,86.139,86.217,86.197,86.268,86.165,86.257
2025-03-26T21:00:00Z,86.221,86.273,86.098,86.134,86.326,86.47,86.212,86.243
2025-03-26T22:00:00Z,86.136,86.226,85.88,85.88,86.236,86.262,85.906,85.908
2025-03-26T23:00:00Z,85.88,86.032,85.873,86.021,85.907,86.057,85.9,86.048
2025-03-27T00:00:00Z,86.017,86.208,86.007,86.148,86.045,86.234,86.034,86.175
2025-03-27T01:00:00Z,86.149,86.238,85.953,86.005,86.175,86.266,85.981,86.033
2025-03-27T02:00:00Z,86.008,86.269,85.994,86.182,86.035,86.294,86.025,86.208
2025-03-27T03:00:00Z,86.181,86.214,86.099,86.107,86.208,86.24,86.123,86.134
2025-03-27T04:00:00Z,86.109,86.247,86.101,86.233,86.137,86.274,86.126,86.259
2025-03-27T05:00:00Z,86.232,86.311,86.108,86.179,86.259,86.337,86.135,86.206
2025-03-27T06:00:00Z,86.171,86.477,86.171,86.407,86.197,86.508,86.197,86.435
2025-03-27T07:00:00Z,86.411,86.418,86.245,86.357,86.438,86.441,86.272,86.381
2025-03-27T08:00:00Z,86.358,86.566,86.333,86.563,86.381,86.592,86.359,86.588
2025-03-27T09:00:00Z,86.56,86.645,86.56,86.631,86.588,86.672,86.588,86.659
2025-03-27T10:00:00Z,86.636,86.685,86.571,86.675,86.665,86.711,86.597,86.701
2025-03-27T11:00:00Z,86.675,86.779,86.642,86.779,86.703,86.806,86.67,86.806
2025-03-27T12:00:00Z,86.781,86.817,86.575,86.584,86.807,86.842,86.602,86.612
2025-03-27T13:00:00Z,86.586,86.594,86.385,86.549,86.61,86.62,86.411,86.574
2025-03-27T14:00:00Z,86.542,86.745,86.465,86.722,86.57,86.77,86.492,86.75
2025-03-27T15:00:00Z,86.725,86.768,86.624,86.74,86.752,86.795,86.651,86.767
2025-03-27T16:00:00Z,86.741,86.855,86.678,86.686,86.769,86.881,86.703,86.71
2025-03-27T17:00:00Z,86.685,86.859,86.662,86.685,86.71,86.886,86.69,86.717
2025-03-27T18:00:00Z,86.685,86.757,86.656,86.656,86.717,86.786,86.684,86.684
2025-03-27T19:00:00Z,86.656,86.737,86.616,86.628,86.686,86.761,86.647,86.657
2025-03-27T20:00:00Z,86.626,86.666,86.608,86.644,86.657,86.72,86.638,86.72
2025-03-27T21:00:00Z,86.619,86.68,86.612,86.618,86.745,86.757,86.687,86.704
2025-03-27T22:00:00Z,86.62,86.679,86.598,86.61,86.689,86.744,86.632,86.64
2025-03-27T23:00:00Z,86.61,86.626,86.45,86.504,86.641,86.657,86.481,86.532
2025-03-28T00:00:00Z,86.506,86.608,86.442,86.472,86.531,86.634,86.47,86.496
2025-03-28T01:00:00Z,86.47,86.478,86.225,86.25,86.495,86.504,86.251,86.277
2025-03-28T02:00:00Z,86.257,86.309,86.233,86.274,86.285,86.338,86.259,86.301
2025-03-28T03:00:00Z,86.273,86.278,86.124,86.175,86.301,86.306,86.153,86.204
2025-03-28T04:00:00Z,86.171,86.263,86.122,86.192,86.202,86.29,86.15,86.221
2025-03-28T05:00:00Z,86.193,86.236,86.153,86.167,86.221,86.262,86.18,86.195
2025-03-28T06:00:00Z,86.172,86.206,86.018,86.027,86.2,86.233,86.044,86.055
2025-03-28T07:00:00Z,86.033,86.106,86.003,86.015,86.059,86.13,86.029,86.041
2025-03-28T08:00:00Z,86.014,86.114,85.979,86.078,86.041,86.139,86.007,86.103
2025-03-28T09:00:00Z,86.078,86.154,86.023,86.096,86.105,86.177,86.05,86.122
2025-03-28T10:00:00Z,86.099,86.224,86.055,86.136,86.125,86.251,86.078,86.161
2025-03-28T11:00:00Z,86.136,86.207,86.117,86.183,86.16,86.234,86.14,86.209
2025-03-28T12:00:00Z,86.187,86.286,86.126,86.238,86.21,86.314,86.15,86.265
2025-03-28T13:00:00Z,86.238,86.392,86.141,86.222,86.264,86.424,86.168,86.267
2025-03-28T14:00:00Z,86.221,86.226,85.787,85.888,86.268,86.268,85.817,85.917
2025-03-28T15:00:00Z,85.885,86.124,85.864,86.059,85.914,86.152,85.891,86.085
2025-03-28T16:00:00Z,86.059,86.087,85.836,85.877,86.083,86.115,85.863,85.901
2025-03-28T17:00:00Z,85.878,85.883,85.665,85.754,85.901,85.911,85.693,85.78
2025-03-28T18:00:00Z,85.753,85.838,85.656,85.678,85.78,85.869,85.679,85.701
2025-03-28T19:00:00Z,85.675,85.718,85.544,85.558,85.703,85.745,85.575,85.586
2025-03-28T20:00:00Z,85.561,85.685,85.488,85.6,85.589,85.725,85.512,85.684
2025-03-30T21:00:00Z,85.564,85.588,85.33,85.345,85.764,85.783,85.417,85.432
2025-03-30T22:00:00Z,85.343,85.397,85.176,85.239,85.432,85.516,85.2,85.261
2025-03-30T23:00:00Z,85.237,85.367,85.023,85.36,85.261,85.398,85.051,85.392
2025-03-31T00:00:00Z,85.36,85.375,84.941,85.167,85.393,85.406,84.969,85.19
2025-03-31T01:00:00Z,85.17,85.346,85.072,85.154,85.193,85.373,85.094,85.181
2025-03-31T02:00:00Z,85.151,85.166,84.952,85.003,85.179,85.188,84.98,85.032
2025-03-31T03:00:00Z,85.003,85.025,84.875,84.991,85.03,85.053,84.904,85.018
2025-03-31T04:00:00Z,84.99,85.114,84.935,85.057,85.018,85.142,84.963,85.085
2025-03-31T05:00:00Z,85.059,85.228,85.049,85.089,85.087,85.254,85.073,85.114
2025-03-31T06:00:00Z,85.087,85.188,84.958,85.162,85.111,85.212,84.982,85.188
2025-03-31T07:00:00Z,85.158,85.218,84.91,84.989,85.183,85.242,84.934,85.014
2025-03-31T08:00:00Z,84.984,85.022,84.759,84.786,85.012,85.048,84.785,84.811
2025-03-31T09:00:00Z,84.783,84.872,84.735,84.809,84.81,84.897,84.758,84.835
2025-03-31T10:00:00Z,84.811,84.946,84.759,84.909,84.837,84.974,84.786,84.934
2025-03-31T11:00:00Z,84.911,84.974,84.821,84.932,84.934,85.001,84.841,84.958
2025-03-31T12:00:00Z,84.932,84.943,84.803,84.812,84.959,84.968,84.825,84.838
2025-03-31T13:00:00Z,84.809,84.899,84.635,84.783,84.835,84.923,84.661,84.808
2025-03-31T14:00:00Z,84.783,84.838,84.634,84.668,84.81,84.863,84.661,84.692
2025-03-31T15:00:00Z,84.668,84.976,84.668,84.891,84.693,85.0,84.692,84.919
2025-03-31T16:00:00Z,84.891,85.079,84.865,84.978,84.92,85.106,84.893,85.006
2025-03-31T17:00:00Z,84.973,85.139,84.97,85.045,85.001,85.166,84.998,85.079
2025-03-31T18:00:00Z,85.045,85.266,85.045,85.191,85.079,85.293,85.079,85.219
2025-03-31T19:00:00Z,85.193,85.221,85.084,85.119,85.219,85.248,85.109,85.143
2025-03-31T20:00:00Z,85.12,85.148,85.097,85.132,85.143,85.18,85.122,85.17
2025-03-31T21:00:00Z,85.053,85.151,85.053,85.073,85.206,85.217,85.172,85.21
2025-03-31T22:00:00Z,85.069,85.149,84.98,85.011,85.181,85.199,85.008,85.038
2025-03-31T23:00:00Z,85.007,85.162,84.957,84.988,85.034,85.19,84.987,85.017
2025-04-01T00:00:00Z,84.988,85.029,84.847,84.91,85.018,85.057,84.872,84.938
2025-04-01T01:00:00Z,84.901,84.98,84.739,84.948,84.93,85.006,84.765,84.973
2025-04-01T02:00:00Z,84.948,85.077,84.925,85.046,84.975,85.107,84.952,85.076
2025-04-01T03:00:00Z,85.049,85.099,84.874,84.894,85.078,85.126,84.906,84.919
2025-04-01T04:00:00Z,84.889,85.067,84.852,85.053,84.915,85.095,84.875,85.08
2025-04-01T05:00:00Z,85.055,85.116,84.986,84.992,85.082,85.144,85.011,85.016
2025-04-01T06:00:00Z,84.987,85.149,84.91,85.071,85.012,85.174,84.936,85.097
2025-04-01T07:00:00Z,85.069,85.069,84.81,84.869,85.093,85.095,84.837,84.893
2025-04-01T08:00:00Z,84.87,84.995,84.82,84.985,84.893,85.019,84.844,85.012
2025-04-01T09:00:00Z,84.985,85.091,84.941,85.001,85.009,85.118,84.964,85.027
2025-04-01T10:00:00Z,85.001,85.024,84.744,84.772,85.025,85.049,84.771,84.793
2025-04-01T11:00:00Z,84.774,84.8,84.574,84.648,84.798,84.825,84.596,84.676
2025-04-01T12:00:00Z,84.644,84.857,84.643,84.807,84.671,84.884,84.669,84.833
2025-04-01T13:00:00Z,84.812,84.942,84.793,84.826,84.839,84.967,84.819,84.893
2025-04-01T14:00:00Z,84.78,85.149,84.706,85.086,84.893,85.174,84.731,85.113
2025-04-01T15:00:00Z,85.089,85.233,85.044,85.179,85.116,85.26,85.071,85.204
2025-04-01T16:00:00Z,85.178,85.359,85.065,85.168,85.204,85.385,85.096,85.196
2025-04-01T17:00:00Z,85.178,85.21,85.085,85.114,85.207,85.24,85.112,85.14
2025-04-01T18:00:00Z,85.114,85.114,84.916,84.981,85.14,85.14,84.943,85.008
2025-04-01T19:00:00Z,84.982,85.253,84.981,85.251,85.007,85.28,85.007,85.278
2025-04-01T20:00:00Z,85.251,85.29,85.171,85.263,85.277,85.324,85.197,85.301
2025-04-01T21:00:00Z,85.267,85.285,85.144,85.277,85.303,85.423,85.286,85.342
2025-04-01T22:00:00Z,85.268,85.579,85.268,85.508,85.342,85.607,85.336,85.532
2025-04-01T23:00:00Z,85.504,85.592,85.43,85.523,85.531,85.617,85.459,85.556
2025-04-02T00:00:00Z,85.524,85.582,85.429,85.449,85.553,85.608,85.455,85.477
2025-04-02T01:00:00Z,85.447,85.673,85.428,85.647,85.479,85.7,85.453,85.675
2025-04-02T02:00:00Z,85.647,85.744,85.611,85.663,85.677,85.769,85.632,85.688
2025-04-02T03:00:00Z,85.663,85.72,85.64,85.656,85.685,85.748,85.667,85.683
2025-04-02T04:00:00Z,85.653,85.803,85.636,85.753,85.681,85.83,85.66,85.782
2025-04-02T05:00:00Z,85.757,85.767,85.689,85.752,85.786,85.796,85.717,85.778
2025-04-02T06:00:00Z,85.748,85.978,85.704,85.743,85.776,85.999,85.728,85.768
2025-04-02T07:00:00Z,85.744,85.874,85.668,85.849,85.767,85.901,85.694,85.875
2025-04-02T08:00:00Z,85.852,85.896,85.766,85.89,85.877,85.923,85.792,85.918
2025-04-02T09:00:00Z,85.893,85.959,85.817,85.865,85.918,85.983,85.848,85.891
2025-04-02T10:00:00Z,85.864,85.874,85.666,85.74,85.892,85.899,85.694,85.767
2025-04-02T11:00:00Z,85.741,85.759,85.681,85.718,85.767,85.785,85.705,85.744
2025-04-02T12:00:00Z,85.721,85.724,85.575,85.705,85.745,85.783,85.601,85.732
2025-04-02T13:00:00Z,85.705,85.908,85.636,85.831,85.728,85.936,85.665,85.875
2025-04-02T14:00:00Z,85.827,86.005,85.768,85.928,85.869,86.034,85.794,85.954
2025-04-02T15:00:00Z,85.923,86.104,85.875,86.069,85.951,86.132,85.901,86.095
2025-04-02T16:00:00Z,86.068,86.141,86.032,86.12,86.095,86.171,86.058,86.145
2025-04-02T17:00:00Z,86.118,86.207,86.056,86.061,86.145,86.235,86.085,86.092
2025-04-02T18:00:00Z,86.061,86.076,85.914,85.945,86.092,86.104,85.947,85.976
2025-04-02T19:00:00Z,85.946,86.112,85.946,86.044,85.976,86.138,85.976,86.09
2025-04-02T20:00:00Z,86.043,86.751,85.276,85.69,86.088,86.781,85.328,85.792
2025-04-02T21:00:00Z,85.752,85.752,84.799,84.98,85.86,85.86,84.919,85.18
2025-04-02T22:00:00Z,84.953,85.008,84.242,84.653,85.134,85.2,84.292,84.686
2025-04-02T23:00:00Z,84.657,84.755,84.463,84.666,84.691,84.784,84.498,84.699
2025-04-03T00:00:00Z,84.667,85.007,84.563,84.778,84.697,85.038,84.594,84.806
2025-04-03T01:00:00Z,84.779,84.944,84.653,84.674,84.809,84.977,84.685,84.705
2025-04-03T02:00:00Z,84.674,84.845,84.604,84.843,84.704,84.873,84.637,84.87
2025-04-03T03:00:00Z,84.846,84.864,84.42,84.464,84.873,84.892,84.449,84.493
2025-04-03T04:00:00Z,84.464,84.591,84.386,84.557,84.491,84.626,84.418,84.588
2025-04-03T05:00:00Z,84.558,84.793,84.558,84.63,84.588,84.822,84.588,84.656
2025-04-03T06:00:00Z,84.628,85.001,84.581,84.806,84.656,85.031,84.608,84.835
2025-04-03T07:00:00Z,84.808,85.1,84.789,84.942,84.837,85.128,84.82,84.971
2025-04-03T08:00:00Z,84.938,85.158,84.916,85.085,84.972,85.185,84.944,85.112
2025-04-03T09:00:00Z,85.081,85.111,84.891,85.057,85.11,85.141,84.916,85.083
2025-04-03T10:00:00Z,85.059,85.252,85.016,85.155,85.086,85.283,85.046,85.182
2025-04-03T11:00:00Z,85.16,85.21,85.054,85.056,85.187,85.237,85.078,85.082
2025-04-03T12:00:00Z,85.048,85.186,84.905,85.047,85.075,85.215,84.933,85.076
2025-04-03T13:00:00Z,85.044,85.221,84.869,84.876,85.073,85.251,84.989,85.076
2025-04-03T14:00:00Z,84.968,85.2,84.766,84.937,85.08,85.226,84.792,84.96
2025-04-03T15:00:00Z,84.934,85.082,84.845,84.885,84.958,85.103,84.868,84.917
2025-04-03T16:00:00Z,84.886,85.108,84.874,84.912,84.914,85.133,84.904,84.937
2025-04-03T17:00:00Z,84.912,84.921,84.731,84.767,84.94,84.95,84.761,84.799
2025-04-03T18:00:00Z,84.767,84.923,84.638,84.923,84.799,84.953,84.664,84.953
2025-04-03T19:00:00Z,84.923,84.947,84.547,84.574,84.952,84.975,84.573,84.601
2025-04-03T20:00:00Z,84.572,84.652,84.493,84.61,84.603,84.68,84.523,84.655
2025-04-03T21:00:00Z,84.578,84.638,84.392,84.462,84.743,84.784,84.551,84.57
2025-04-03T22:00:00Z,84.461,84.624,84.254,84.364,84.562,84.66,84.288,84.393
2025-04-03T23:00:00Z,84.361,84.642,84.329,84.632,84.39,84.671,84.361,84.66
2025-04-04T00:00:00Z,84.633,84.73,84.442,84.517,84.659,84.759,84.471,84.545
2025-04-04T01:00:00Z,84.517,84.71,84.353,84.375,84.544,84.74,84.383,84.405
2025-04-04T02:00:00Z,84.38,84.424,83.873,83.902,84.408,84.457,83.904,83.926
2025-04-04T03:00:00Z,83.901,83.908,83.469,83.507,83.926,83.938,83.498,83.537
2025-04-04T04:00:00Z,83.508,83.537,83.06,83.116,83.541,83.568,83.088,83.143
2025-04-04T05:00:00Z,83.115,83.541,83.083,83.525,83.143,83.568,83.111,83.553
2025-04-04T06:00:00Z,83.524,83.634,83.419,83.48,83.549,83.661,83.444,83.504
2025-04-04T07:00:00Z,83.477,83.506,83.08,83.207,83.502,83.53,83.108,83.234
2025-04-04T08:00:00Z,83.204,83.403,83.149,83.297,83.233,83.43,83.18,83.326
2025-04-04T09:00:00Z,83.3,83.403,83.108,83.243,83.327,83.432,83.136,83.267
2025-04-04T10:00:00Z,83.241,83.302,82.097,82.152,83.267,83.333,82.123,82.185
2025-04-04T11:00:00Z,82.153,82.383,81.343,82.025,82.184,82.412,81.376,82.052
2025-04-04T12:00:00Z,82.019,82.25,81.713,82.138,82.044,82.288,81.769,82.172
2025-04-04T13:00:00Z,82.14,82.456,81.668,82.0,82.174,82.489,81.697,82.027
2025-04-04T14:00:00Z,81.995,82.151,81.08,81.665,82.024,82.177,81.104,81.692
2025-04-04T15:00:00Z,81.665,82.221,81.194,81.598,81.689,82.251,81.223,81.63
2025-04-04T16:00:00Z,81.602,81.885,81.449,81.699,81.631,81.912,81.481,81.726
2025-04-04T17:00:00Z,81.702,82.278,81.519,82.198,81.727,82.312,81.546,82.23
2025-04-04T18:00:00Z,82.201,82.404,81.696,81.907,82.233,82.426,81.722,81.937
2025-04-04T19:00:00Z,81.907,82.359,81.897,82.021,81.938,82.387,81.924,82.054
2025-04-04T20:00:00Z,82.026,82.264,81.973,82.228,82.059,82.353,82.005,82.312
2025-04-06T21:00:00Z,81.032,81.216,80.968,81.163,81.231,81.359,81.141,81.294
2025-04-06T22:00:00Z,81.148,81.184,80.284,80.552,81.294,81.294,80.347,80.61
2025-04-06T23:00:00Z,80.552,80.855,80.452,80.555,80.617,80.919,80.494,80.593
2025-04-07T00:00:00Z,80.561,80.977,80.309,80.971,80.599,81.006,80.341,81.002
2025-04-07T01:00:00Z,80.973,81.67,80.896,81.481,81.002,81.704,80.927,81.511
2025-04-07T02:00:00Z,81.487,81.703,81.352,81.553,81.517,81.732,81.377,81.579
2025-04-07T03:00:00Z,81.554,81.7,81.443,81.637,81.581,81.733,81.472,81.666
2025-04-07T04:00:00Z,81.638,81.711,81.165,81.234,81.666,81.744,81.195,81.258
2025-04-07T05:00:00Z,81.235,81.865,80.993,81.092,81.258,81.895,81.024,81.12
2025-04-07T06:00:00Z,81.095,81.208,80.672,80.948,81.116,81.235,80.699,80.975
2025-04-07T07:00:00Z,80.951,81.46,80.859,81.369,80.978,81.486,80.889,81.395
2025-04-07T08:00:00Z,81.37,81.566,81.29,81.343,81.398,81.589,81.316,81.365
2025-04-07T09:00:00Z,81.339,81.545,80.985,81.374,81.361,81.574,81.013,81.404
2025-04-07T10:00:00Z,81.375,82.07,81.372,81.653,81.404,82.101,81.402,81.683
2025-04-07T11:00:00Z,81.66,81.861,81.526,81.704,81.689,81.889,81.554,81.735
2025-04-07T12:00:00Z,81.702,82.558,81.645,82.45,81.736,82.591,81.675,82.481
2025-04-07T13:00:00Z,82.447,82.447,81.832,82.232,82.479,82.479,81.861,82.266
2025-04-07T14:00:00Z,82.227,83.308,81.735,81.853,82.262,83.37,81.779,81.883
2025-04-07T15:00:00Z,81.852,82.149,81.307,81.882,81.885,82.183,81.365,81.913
2025-04-07T16:00:00Z,81.884,81.884,81.464,81.498,81.913,81.921,81.492,81.538
2025-04-07T17:00:00Z,81.502,82.173,81.496,82.081,81.535,82.211,81.528,82.113
2025-04-07T18:00:00Z,82.087,82.132,81.674,81.741,82.118,82.162,81.71,81.774
2025-04-07T19:00:00Z,81.741,81.894,81.55,81.805,81.774,81.926,81.586,81.84
2025-04-07T20:00:00Z,81.804,81.985,81.792,81.828,81.843,82.076,81.824,81.984
2025-04-07T21:00:00Z,81.817,81.962,81.817,81.857,81.94,82.136,81.94,81.984
2025-04-07T22:00:00Z,81.864,82.06,81.858,81.878,81.981,82.113,81.892,81.908
2025-04-07T23:00:00Z,81.879,81.997,81.735,81.808,81.911,82.029,81.767,81.837
2025-04-08T00:00:00Z,81.794,82.154,81.682,81.799,81.823,82.183,81.711,81.831
2025-04-08T01:00:00Z,81.8,82.2,81.619,82.166,81.83,82.23,81.652,82.193
2025-04-08T02:00:00Z,82.162,82.284,82.07,82.143,82.19,82.313,82.097,82.171
2025-04-08T03:00:00Z,82.146,82.247,82.082,82.215,82.173,82.277,82.112,82.244
2025-04-08T04:00:00Z,82.211,82.838,82.202,82.834,82.245,82.867,82.235,82.863
2025-04-08T05:00:00Z,82.829,82.842,82.491,82.76,82.861,82.874,82.527,82.788
2025-04-08T06:00:00Z,82.757,82.757,82.532,82.593,82.783,82.784,82.563,82.621
2025-04-08T07:00:00Z,82.593,82.736,82.36,82.474,82.619,82.77,82.388,82.501
2025-04-08T08:00:00Z,82.475,82.622,82.274,82.571,82.499,82.65,82.302,82.596
2025-04-08T09:00:00Z,82.568,82.579,82.227,82.248,82.593,82.602,82.256,82.276
2025-04-08T10:00:00Z,82.246,82.351,82.091,82.095,82.273,82.38,82.117,82.121
2025-04-08T11:00:00Z,82.099,82.297,82.017,82.251,82.125,82.33,82.043,82.281
2025-04-08T12:00:00Z,82.254,82.49,82.148,82.391,82.284,82.515,82.176,82.416
2025-04-08T13:00:00Z,82.391,82.746,82.29,82.733,82.417,82.777,82.32,82.759
2025-04-08T14:00:00Z,82.731,82.918,82.166,82.233,82.759,82.943,82.192,82.258
2025-04-08T15:00:00Z,82.229,82.33,81.748,81.948,82.256,82.358,81.78,81.974
2025-04-08T16:00:00Z,81.949,82.026,81.408,81.419,81.974,82.052,81.438,81.446
2025-04-08T17:00:00Z,81.43,81.579,81.128,81.475,81.456,81.612,81.164,81.503
2025-04-08T18:00:00Z,81.479,81.558,81.167,81.234,81.507,81.599,81.194,81.26
2025-04-08T19:00:00Z,81.234,81.234,80.725,81.004,81.26,81.26,80.754,81.032
2025-04-08T20:00:00Z,81.007,81.089,80.764,80.92,81.033,81.113,80.793,80.964
2025-04-08T21:00:00Z,80.919,80.919,80.781,80.828,80.976,81.059,80.971,80.999
2025-04-08T22:00:00Z,80.818,80.887,80.538,80.595,80.985,80.997,80.571,80.624
2025-04-08T23:00:00Z,80.589,80.602,80.196,80.413,80.621,80.63,80.223,80.442
2025-04-09T00:00:00Z,80.415,80.456,79.796,80.34,80.444,80.486,79.827,80.372
2025-04-09T01:00:00Z,80.34,80.668,80.308,80.484,80.371,80.694,80.335,80.616
2025-04-09T02:00:00Z,80.489,80.967,80.489,80.579,80.616,80.997,80.562,80.606
2025-04-09T03:00:00Z,80.58,80.794,80.294,80.338,80.609,80.824,80.321,80.366
2025-04-09T04:00:00Z,80.33,80.501,79.969,80.356,80.358,80.532,79.996,80.39
2025-04-09T05:00:00Z,80.357,80.484,80.245,80.348,80.39,80.515,80.276,80.379
2025-04-09T06:00:00Z,80.347,80.766,80.34,80.423,80.379,80.796,80.373,80.456
2025-04-09T07:00:00Z,80.422,80.983,80.295,80.947,80.45,81.016,80.327,80.978
2025-04-09T08:00:00Z,80.946,81.081,80.571,80.794,80.979,81.111,80.6,80.822
2025-04-09T09:00:00Z,80.79,80.922,80.593,80.707,80.817,80.948,80.625,80.733
2025-04-09T10:00:00Z,80.709,81.082,80.587,80.876,80.733,81.113,80.614,80.912
2025-04-09T11:00:00Z,80.874,80.883,80.222,80.305,80.913,80.922,80.248,80.335
2025-04-09T12:00:00Z,80.302,80.603,80.18,80.528,80.332,80.638,80.21,80.555
2025-04-09T13:00:00Z,80.531,81.076,80.347,81.017,80.556,81.106,80.395,81.044
2025-04-09T14:00:00Z,81.016,81.106,80.242,80.331,81.042,81.131,80.272,80.358
2025-04-09T15:00:00Z,80.331,80.657,80.301,80.646,80.357,80.689,80.324,80.67
2025-04-09T16:00:00Z,80.649,80.827,80.611,80.724,80.674,80.854,80.64,80.759
2025-04-09T17:00:00Z,80.722,82.977,80.543,82.872,80.752,83.059,80.56,83.059
2025-04-09T18:00:00Z,82.872,83.769,82.872,83.289,83.057,83.812,82.993,83.34
2025-04-09T19:00:00Z,83.289,83.752,83.176,83.386,83.34,83.786,83.219,83.425
2025-04-09T20:00:00Z,83.385,83.397,83.186,83.336,83.422,83.48,83.244,83.428
2025-04-09T21:00:00Z,83.342,83.342,83.089,83.168,83.472,83.472,83.247,83.335
2025-04-09T22:00:00Z,83.144,83.468,83.136,83.223,83.344,83.524,83.174,83.266
2025-04-09T23:00:00Z,83.223,83.305,83.05,83.069,83.27,83.346,83.08,83.098
2025-04-10T00:00:00Z,83.066,83.254,82.743,82.805,83.096,83.285,82.775,82.839
2025-04-10T01:00:00Z,82.804,83.013,82.625,82.741,82.841,83.042,82.655,82.773
2025-04-10T02:00:00Z,82.741,83.116,82.675,83.062,82.774,83.145,82.703,83.091
2025-04-10T03:00:00Z,83.053,83.525,83.029,83.477,83.081,83.552,83.057,83.503
2025-04-10T04:00:00Z,83.482,83.523,83.285,83.492,83.507,83.549,83.311,83.52
2025-04-10T05:00:00Z,83.494,83.659,83.402,83.534,83.522,83.686,83.428,83.564
2025-04-10T06:00:00Z,83.541,83.832,83.474,83.748,83.57,83.862,83.504,83.779
2025-04-10T07:00:00Z,83.751,83.758,82.924,83.09,83.781,83.788,82.955,83.118
2025-04-10T08:00:00Z,83.091,83.111,82.769,82.99,83.12,83.14,82.797,83.02
2025-04-10T09:00:00Z,82.982,83.185,82.825,82.903,83.012,83.216,82.854,82.934
2025-04-10T10:00:00Z,82.907,83.07,82.769,82.807,82.936,83.1,82.8,82.838
2025-04-10T11:00:00Z,82.81,83.012,82.766,82.992,82.841,83.043,82.799,83.022
2025-04-10T12:00:00Z,82.994,83.102,82.764,82.955,83.023,83.227,82.796,82.981
2025-04-10T13:00:00Z,82.957,83.061,82.605,82.621,82.983,83.09,82.631,82.649
2025-04-10T14:00:00Z,82.618,83.028,82.421,83.025,82.643,83.055,82.449,83.052
2025-04-10T15:00:00Z,83.024,83.203,82.464,82.562,83.052,83.233,82.493,82.593
2025-04-10T16:00:00Z,82.563,82.784,82.202,82.737,82.593,82.808,82.233,82.765
2025-04-10T17:00:00Z,82.735,83.247,82.603,83.188,82.761,83.282,82.631,83.221
2025-04-10T18:00:00Z,83.187,83.364,83.018,83.17,83.222,83.394,83.048,83.208
2025-04-10T19:00:00Z,83.17,83.235,82.835,83.021,83.208,83.27,82.862,83.046
2025-04-10T20:00:00Z,83.021,83.227,82.871,82.879,83.045,83.258,82.909,82.922
2025-04-10T21:00:00Z,82.88,82.906,82.791,82.791,82.919,83.102,82.919,82.987
2025-04-10T22:00:00Z,82.822,82.964,82.776,82.828,83.011,83.072,82.811,82.863
2025-04-10T23:00:00Z,82.824,82.887,82.567,82.595,82.859,82.919,82.598,82.631
2025-04-11T00:00:00Z,82.596,82.665,82.241,82.495,82.631,82.696,82.27,82.523
2025-04-11T01:00:00Z,82.495,83.024,82.428,82.927,82.527,83.055,82.463,82.956
2025-04-11T02:00:00Z,82.921,83.242,82.696,83.103,82.95,83.27,82.728,83.135
2025-04-11T03:00:00Z,83.105,83.147,82.836,82.969,83.139,83.181,82.867,82.995
2025-04-11T04:00:00Z,82.97,83.04,82.392,82.409,82.995,83.067,82.426,82.44
2025-04-11T05:00:00Z,82.41,82.977,82.397,82.896,82.442,83.006,82.428,82.923
2025-04-11T06:00:00Z,82.894,83.102,82.845,82.9,82.925,83.131,82.874,82.928
2025-04-11T07:00:00Z,82.898,82.976,82.67,82.772,82.927,83.004,82.707,82.799
2025-04-11T08:00:00Z,82.777,82.833,82.436,82.736,82.804,82.865,82.467,82.77
2025-04-11T09:00:00Z,82.732,82.923,82.589,82.866,82.762,82.956,82.62,82.898
2025-04-11T10:00:00Z,82.861,83.002,82.636,82.887,82.892,83.038,82.665,82.923
2025-04-11T11:00:00Z,82.887,82.995,82.685,82.698,82.921,83.028,82.717,82.734
2025-04-11T12:00:00Z,82.7,83.083,82.687,82.948,82.736,83.116,82.72,82.981
2025-04-11T13:00:00Z,82.95,83.585,82.698,82.964,82.983,83.62,82.728,83.118
2025-04-11T14:00:00Z,82.967,83.211,82.713,83.138,83.118,83.246,82.739,83.167
2025-04-11T15:00:00Z,83.138,83.239,82.907,83.181,83.166,83.271,82.94,83.212
2025-04-11T16:00:00Z,83.18,83.462,83.083,83.379,83.21,83.493,83.114,83.41
2025-04-11T17:00:00Z,83.382,83.71,83.336,83.679,83.413,83.742,83.372,83.71
2025-04-11T18:00:00Z,83.682,83.792,83.608,83.675,83.713,83.827,83.639,83.706
2025-04-11T19:00:00Z,83.672,83.813,83.643,83.685,83.708,83.844,83.679,83.727
2025-04-11T20:00:00Z,83.687,83.717,83.488,83.54,83.725,83.751,83.599,83.644
2025-04-13T21:00:00Z,83.691,83.918,83.691,83.819,83.891,84.096,83.881,84.011
2025-04-13T22:00:00Z,83.816,84.026,83.625,83.731,84.016,84.133,83.664,83.767
2025-04-13T23:00:00Z,83.733,84.016,83.647,83.828,83.764,84.057,83.682,83.859
2025-04-14T00:00:00Z,83.828,83.916,83.486,83.497,83.86,83.95,83.515,83.527
2025-04-14T01:00:00Z,83.501,83.618,83.241,83.303,83.528,83.648,83.269,83.331
2025-04-14T02:00:00Z,83.307,83.605,83.237,83.574,83.335,83.635,83.264,83.604
2025-04-14T03:00:00Z,83.571,83.609,83.42,83.561,83.601,83.639,83.452,83.594
2025-04-14T04:00:00Z,83.562,83.752,83.469,83.721,83.59,83.785,83.52,83.751
2025-04-14T05:00:00Z,83.724,83.907,83.55,83.573,83.755,83.937,83.578,83.6
2025-04-14T06:00:00Z,83.574,83.897,83.495,83.809,83.6,83.924,83.524,83.838
2025-04-14T07:00:00Z,83.806,84.066,83.668,84.036,83.836,84.096,83.696,84.062
2025-04-14T08:00:00Z,84.037,84.198,83.989,84.079,84.062,84.226,84.012,84.106
2025-04-14T09:00:00Z,84.079,84.15,83.926,83.991,84.107,84.175,83.956,84.016
2025-04-14T10:00:00Z,83.991,84.142,83.956,84.006,84.019,84.17,83.982,84.034
2025-04-14T11:00:00Z,84.012,84.122,83.902,83.968,84.04,84.147,83.928,83.994
2025-04-14T12:00:00Z,83.966,84.089,83.832,83.971,83.993,84.122,83.863,84.002
2025-04-14T13:00:00Z,83.971,84.123,83.895,84.114,83.999,84.154,83.923,84.14
2025-04-14T14:00:00Z,84.114,84.321,84.079,84.266,84.143,84.351,84.105,84.294
2025-04-14T15:00:00Z,84.263,84.295,83.841,83.847,84.294,84.328,83.869,83.876
2025-04-14T16:00:00Z,83.847,84.044,83.751,83.967,83.879,84.078,83.777,83.998
2025-04-14T17:00:00Z,83.969,84.116,83.914,84.066,84.001,84.148,83.948,84.094
2025-04-14T18:00:00Z,84.062,84.171,84.05,84.083,84.088,84.206,84.079,84.111
2025-04-14T19:00:00Z,84.083,84.233,84.054,84.137,84.111,84.259,84.089,84.168
2025-04-14T20:00:00Z,84.142,84.168,84.002,84.008,84.172,84.197,84.041,84.1
2025-04-14T21:00:00Z,84.016,84.03,83.853,83.879,84.1,84.158,84.006,84.03
2025-04-14T22:00:00Z,83.879,84.12,83.879,84.054,83.969,84.151,83.966,84.083
2025-04-14T23:00:00Z,84.054,84.194,83.962,83.981,84.081,84.222,83.989,84.008
2025-04-15T00:00:00Z,83.984,84.452,83.983,84.434,84.008,84.481,84.008,84.46
2025-04-15T01:00:00Z,84.432,84.594,84.401,84.445,84.46,84.627,84.428,84.473
2025-04-15T02:00:00Z,84.443,84.662,84.343,84.564,84.473,84.688,84.374,84.592
2025-04-15T03:00:00Z,84.566,84.637,84.451,84.589,84.593,84.668,84.479,84.617
2025-04-15T04:00:00Z,84.588,84.794,84.58,84.704,84.618,84.824,84.608,84.734
2025-04-15T05:00:00Z,84.7,84.772,84.468,84.493,84.728,84.802,84.497,84.519
2025-04-15T06:00:00Z,84.488,84.737,84.347,84.709,84.514,84.768,84.374,84.737
2025-04-15T07:00:00Z,84.707,84.887,84.695,84.768,84.737,84.916,84.725,84.794
2025-04-15T08:00:00Z,84.771,84.777,84.328,84.398,84.795,84.802,84.355,84.422
2025-04-15T09:00:00Z,84.399,84.508,84.283,84.469,84.422,84.536,84.308,84.496
2025-04-15T10:00:00Z,84.467,84.641,84.443,84.605,84.493,84.669,84.468,84.627
2025-04-15T11:00:00Z,84.606,84.731,84.524,84.63,84.626,84.758,84.549,84.656
2025-04-15T12:00:00Z,84.632,84.759,84.58,84.751,84.656,84.792,84.612,84.784
2025-04-15T13:00:00Z,84.753,85.018,84.728,84.892,84.787,85.044,84.76,84.915
2025-04-15T14:00:00Z,84.895,84.929,84.582,84.628,84.92,84.953,84.608,84.656
2025-04-15T15:00:00Z,84.633,84.745,84.526,84.632,84.656,84.771,84.552,84.659
2025-04-15T16:00:00Z,84.635,84.75,84.46,84.511,84.661,84.778,84.487,84.537
2025-04-15T17:00:00Z,84.508,84.584,84.45,84.491,84.534,84.611,84.477,84.516
2025-04-15T18:00:00Z,84.488,84.488,84.349,84.426,84.516,84.516,84.377,84.456
2025-04-15T19:00:00Z,84.426,84.482,84.394,84.408,84.456,84.51,84.416,84.429
2025-04-15T20:00:00Z,84.407,84.467,84.363,84.429,84.433,84.519,84.393,84.504
2025-04-15T21:00:00Z,84.408,84.496,84.255,84.255,84.488,84.696,84.39,84.39
2025-04-15T22:00:00Z,84.255,84.397,84.154,84.38,84.381,84.447,84.216,84.416
2025-04-15T23:00:00Z,84.381,84.455,84.242,84.332,84.411,84.486,84.273,84.364
2025-04-16T00:00:00Z,84.327,84.394,84.091,84.19,84.36,84.424,84.121,84.219
2025-04-16T01:00:00Z,84.198,84.352,84.185,84.222,84.228,84.381,84.215,84.253
2025-04-16T02:00:00Z,84.224,84.276,84.073,84.145,84.253,84.305,84.104,84.174
2025-04-16T03:00:00Z,84.149,84.236,84.106,84.212,84.179,84.262,84.134,84.242
2025-04-16T04:00:00Z,84.215,84.396,84.181,84.395,84.245,84.427,84.211,84.424
2025-04-16T05:00:00Z,84.396,84.401,84.114,84.169,84.424,84.43,84.145,84.198
2025-04-16T06:00:00Z,84.17,84.279,84.109,84.23,84.196,84.307,84.136,84.257
2025-04-16T07:00:00Z,84.234,84.322,83.996,84.046,84.26,84.349,84.026,84.074
2025-04-16T08:00:00Z,84.048,84.615,83.992,84.398,84.074,84.665,84.018,84.427
2025-04-16T09:00:00Z,84.402,84.494,84.329,84.396,84.428,84.524,84.358,84.43
2025-04-16T10:00:00Z,84.397,84.467,84.278,84.389,84.428,84.493,84.305,84.416
2025-04-16T11:00:00Z,84.392,84.411,84.292,84.323,84.419,84.437,84.32,84.35
2025-04-16T12:00:00Z,84.32,84.373,84.091,84.171,84.349,84.424,84.126,84.204
2025-04-16T13:00:00Z,84.169,84.191,84.068,84.147,84.202,84.222,84.089,84.172
2025-04-16T14:00:00Z,84.146,84.306,84.043,84.301,84.172,84.334,84.071,84.327
2025-04-16T15:00:00Z,84.302,84.599,84.288,84.462,84.33,84.625,84.316,84.489
2025-04-16T16:00:00Z,84.462,84.488,84.429,84.434,84.488,84.516,84.459,84.462
2025-04-16T17:00:00Z,84.435,84.521,84.084,84.097,84.462,84.551,84.115,84.127
2025-04-16T18:00:00Z,84.1,84.254,84.091,84.164,84.13,84.285,84.121,84.198
2025-04-16T19:00:00Z,84.164,84.236,83.924,84.223,84.198,84.262,83.954,84.249
2025-04-16T20:00:00Z,84.22,84.302,84.104,84.109,84.245,84.331,84.147,84.188
2025-04-16T21:00:00Z,84.067,84.111,83.937,84.044,84.263,84.297,84.048,84.141
2025-04-16T22:00:00Z,84.042,84.299,83.997,84.203,84.138,84.327,84.09,84.232
2025-04-16T23:00:00Z,84.203,84.296,84.095,84.205,84.233,84.333,84.118,84.242
2025-04-17T00:00:00Z,84.211,84.548,84.149,84.396,84.242,84.58,84.176,84.432
2025-04-17T01:00:00Z,84.397,84.447,84.257,84.351,84.432,84.477,84.283,84.381
2025-04-17T02:00:00Z,84.356,84.447,84.268,84.37,84.385,84.479,84.3,84.397
2025-04-17T03:00:00Z,84.375,84.395,84.292,84.3,84.405,84.424,84.321,84.327
2025-04-17T04:00:00Z,84.301,84.344,84.252,84.284,84.327,84.376,84.282,84.316
2025-04-17T05:00:00Z,84.286,84.338,84.18,84.305,84.317,84.37,84.212,84.334
2025-04-17T06:00:00Z,84.305,84.326,84.171,84.2,84.332,84.352,84.196,84.23
2025-04-17T07:00:00Z,84.205,84.539,84.163,84.525,84.234,84.568,84.189,84.552
2025-04-17T08:00:00Z,84.525,84.601,84.465,84.519,84.555,84.631,84.495,84.545
2025-04-17T09:00:00Z,84.519,84.657,84.496,84.597,84.546,84.685,84.524,84.627
2025-04-17T10:00:00Z,84.6,84.625,84.479,84.557,84.628,84.655,84.505,84.585
2025-04-17T11:00:00Z,84.555,84.653,84.535,84.64,84.585,84.683,84.562,84.667
2025-04-17T12:00:00Z,84.637,84.805,84.588,84.798,84.664,84.833,84.624,84.828
2025-04-17T13:00:00Z,84.795,84.879,84.638,84.807,84.825,84.903,84.666,84.834
2025-04-17T14:00:00Z,84.804,84.844,84.652,84.699,84.829,84.867,84.68,84.726
2025-04-17T15:00:00Z,84.702,84.928,84.691,84.908,84.729,84.953,84.72,84.938
2025-04-17T16:00:00Z,84.914,85.096,84.882,85.023,84.941,85.123,84.91,85.049
2025-04-17T17:00:00Z,85.027,85.096,84.928,85.093,85.052,85.124,84.956,85.118
2025-04-17T18:00:00Z,85.093,85.219,85.053,85.086,85.119,85.247,85.078,85.119
2025-04-17T19:00:00Z,85.086,85.086,84.986,85.002,85.119,85.119,85.015,85.032
2025-04-17T20:00:00Z,85.002,85.063,84.987,85.044,85.033,85.116,85.018,85.101
2025-04-17T21:00:00Z,85.0,85.0,84.851,84.893,85.092,85.125,85.015,85.084
2025-04-17T22:00:00Z,84.865,84.922,84.857,84.896,85.065,85.096,84.964,85.043
2025-04-17T23:00:00Z,84.896,85.019,84.853,84.935,85.023,85.152,84.992,85.028
2025-04-18T00:00:00Z,84.935,84.995,84.79,84.984,85.026,85.097,84.946,85.048
2025-04-18T01:00:00Z,84.98,84.996,84.834,84.843,85.048,85.068,84.918,84.918
2025-04-18T02:00:00Z,84.848,84.896,84.373,84.445,84.92,84.987,84.458,84.481
2025-04-18T03:00:00Z,84.445,84.505,84.306,84.423,84.482,84.568,84.355,84.477
2025-04-18T04:00:00Z,84.423,84.492,84.401,84.467,84.476,84.554,84.462,84.525
2025-04-18T05:00:00Z,84.467,84.474,84.292,84.4,84.527,84.54,84.384,84.494
2025-04-18T06:00:00Z,84.393,84.488,84.25,84.468,84.494,84.609,84.38,84.584
2025-04-18T07:00:00Z,84.469,84.614,84.33,84.376,84.594,84.692,84.4,84.423
2025-04-18T08:00:00Z,84.374,84.384,84.308,84.345,84.424,84.496,84.38,84.388
2025-04-18T09:00:00Z,84.332,84.449,84.312,84.423,84.386,84.561,84.378,84.502
2025-04-18T10:00:00Z,84.423,84.492,84.34,84.373,84.507,84.571,84.437,84.468
2025-04-18T11:00:00Z,84.36,84.419,84.33,84.382,84.473,84.501,84.413,84.473
2025-04-18T12:00:00Z,84.378,84.404,84.317,84.384,84.478,84.492,84.424,84.471
2025-04-18T13:00:00Z,84.392,84.412,84.339,84.4,84.472,84.5,84.418,84.484
2025-04-18T14:00:00Z,84.4,84.413,84.313,84.359,84.488,84.512,84.412,84.436
2025-04-18T15:00:00Z,84.364,84.368,84.308,84.33,84.44,84.461,84.381,84.412
2025-04-18T16:00:00Z,84.329,84.351,84.253,84.32,84.412,84.417,84.332,84.407
2025-04-18T17:00:00Z,84.32,84.409,84.274,84.398,84.413,84.571,84.38,84.472
2025-04-18T18:00:00Z,84.398,84.417,84.297,84.348,84.482,84.56,84.407,84.423
2025-04-18T19:00:00Z,84.325,84.364,84.258,84.28,84.425,84.553,84.404,84.456
2025-04-18T20:00:00Z,84.28,84.392,84.271,84.348,84.46,84.576,84.422,84.492
2025-04-20T21:00:00Z,84.348,84.348,84.348,84.348,84.492,84.492,84.492,84.492
2025-04-20T22:00:00Z,84.56,84.564,84.179,84.337,84.752,84.752,84.268,84.375
2025-04-20T23:00:00Z,84.335,84.4,84.236,84.367,84.376,84.434,84.279,84.4
2025-04-21T00:00:00Z,84.364,84.367,84.114,84.145,84.396,84.396,84.142,84.175
2025-04-21T01:00:00Z,84.147,84.181,84.051,84.108,84.176,84.208,84.078,84.133
2025-04-21T02:00:00Z,84.106,84.179,84.008,84.168,84.133,84.204,84.034,84.193
2025-04-21T03:00:00Z,84.166,84.499,84.134,84.469,84.192,84.529,84.157,84.498
2025-04-21T04:00:00Z,84.471,84.515,84.352,84.416,84.5,84.546,84.381,84.442
2025-04-21T05:00:00Z,84.419,84.602,84.357,84.539,84.444,84.63,84.385,84.568
2025-04-21T06:00:00Z,84.538,84.577,84.419,84.451,84.565,84.603,84.447,84.477
2025-04-21T07:00:00Z,84.454,84.575,84.374,84.523,84.48,84.61,84.406,84.553
2025-04-21T08:00:00Z,84.522,84.597,84.499,84.551,84.551,84.627,84.526,84.582
2025-04-21T09:00:00Z,84.548,84.631,84.498,84.534,84.581,84.665,84.528,84.566
2025-04-21T10:00:00Z,84.533,84.694,84.514,84.689,84.566,84.721,84.541,84.716
2025-04-21T11:00:00Z,84.691,84.759,84.576,84.605,84.716,84.785,84.599,84.63
2025-04-21T12:00:00Z,84.603,84.761,84.515,84.701,84.63,84.789,84.54,84.727
2025-04-21T13:00:00Z,84.698,84.753,84.533,84.541,84.724,84.78,84.562,84.569
2025-04-21T14:00:00Z,84.538,84.66,84.447,84.604,84.566,84.686,84.472,84.632
2025-04-21T15:00:00Z,84.602,84.615,84.442,84.465,84.629,84.642,84.469,84.489
2025-04-21T16:00:00Z,84.47,84.576,84.461,84.502,84.493,84.602,84.488,84.528
2025-04-21T17:00:00Z,84.501,84.514,84.346,84.355,84.529,84.54,84.372,84.38
2025-04-21T18:00:00Z,84.358,84.468,84.294,84.398,84.383,84.494,84.324,84.429
2025-04-21T19:00:00Z,84.398,84.548,84.398,84.513,84.429,84.575,84.429,84.539
2025-04-21T20:00:00Z,84.513,84.581,84.448,84.482,84.542,84.609,84.479,84.544
2025-04-21T21:00:00Z,84.409,84.509,84.333,84.333,84.605,84.625,84.482,84.482
2025-04-21T22:00:00Z,84.335,84.488,84.335,84.4,84.439,84.556,84.4,84.427
2025-04-21T23:00:00Z,84.404,84.525,84.391,84.513,84.43,84.555,84.42,84.541
2025-04-22T00:00:00Z,84.513,84.674,84.256,84.331,84.539,84.703,84.291,84.358
2025-04-22T01:00:00Z,84.335,84.535,84.335,84.451,84.362,84.562,84.362,84.477
2025-04-22T02:00:00Z,84.453,84.52,84.386,84.43,84.481,84.546,84.414,84.455
2025-04-22T03:00:00Z,84.427,84.435,84.268,84.353,84.451,84.461,84.293,84.378
2025-04-22T04:00:00Z,84.355,84.402,84.307,84.391,84.381,84.429,84.337,84.421
2025-04-22T05:00:00Z,84.39,84.424,84.213,84.289,84.419,84.452,84.243,84.316
2025-04-22T06:00:00Z,84.287,84.372,84.164,84.241,84.313,84.397,84.192,84.27
2025-04-22T07:00:00Z,84.247,84.35,84.219,84.251,84.275,84.376,84.246,84.279
2025-04-22T08:00:00Z,84.255,84.435,84.24,84.367,84.28,84.461,84.265,84.386
2025-04-22T09:00:00Z,84.367,84.401,84.259,84.333,84.387,84.427,84.286,84.359
2025-04-22T10:00:00Z,84.33,84.344,84.188,84.197,84.356,84.37,84.213,84.223
2025-04-22T11:00:00Z,84.2,84.218,84.038,84.076,84.225,84.245,84.065,84.102
2025-04-22T12:00:00Z,84.076,84.225,84.057,84.196,84.104,84.25,84.085,84.22
2025-04-22T13:00:00Z,84.195,84.377,84.143,84.349,84.22,84.402,84.164,84.378
2025-04-22T14:00:00Z,84.35,84.421,84.28,84.373,84.377,84.446,84.309,84.401
2025-04-22T15:00:00Z,84.37,84.459,84.247,84.409,84.399,84.484,84.272,84.435
2025-04-22T16:00:00Z,84.409,84.674,84.387,84.607,84.436,84.701,84.414,84.633
2025-04-22T17:00:00Z,84.596,84.715,84.352,84.445,84.621,84.741,84.382,84.474
2025-04-22T18:00:00Z,84.445,84.611,84.444,84.548,84.473,84.638,84.472,84.584
2025-04-22T19:00:00Z,84.548,84.6,84.404,84.466,84.584,84.626,84.433,84.491
2025-04-22T20:00:00Z,84.466,84.517,84.39,84.39,84.493,84.541,84.417,84.441
2025-04-22T21:00:00Z,84.388,84.909,84.3,84.888,84.439,85.109,84.439,85.088
2025-04-22T22:00:00Z,85.044,85.124,84.796,85.073,85.096,85.161,84.838,85.107
2025-04-22T23:00:00Z,85.077,85.133,84.926,84.997,85.111,85.17,84.957,85.029
2025-04-23T00:00:00Z,84.999,85.079,84.921,84.972,85.027,85.108,84.949,85.0
2025-04-23T01:00:00Z,84.964,85.061,84.636,84.714,84.991,85.089,84.67,84.742
2025-04-23T02:00:00Z,84.714,84.757,84.613,84.692,84.744,84.787,84.64,84.725
2025-04-23T03:00:00Z,84.692,84.89,84.633,84.87,84.723,84.914,84.662,84.892
2025-04-23T04:00:00Z,84.871,84.951,84.792,84.859,84.895,84.978,84.821,84.888
2025-04-23T05:00:00Z,84.857,84.981,84.727,84.971,84.886,85.007,84.753,84.997
2025-04-23T06:00:00Z,84.974,85.043,84.854,84.917,85.0,85.07,84.88,84.941
2025-04-23T07:00:00Z,84.917,84.941,84.708,84.867,84.943,84.967,84.734,84.897
2025-04-23T08:00:00Z,84.869,84.915,84.721,84.82,84.898,84.941,84.747,84.847
2025-04-23T09:00:00Z,84.824,85.049,84.798,85.02,84.852,85.073,84.824,85.046
2025-04-23T10:00:00Z,85.018,85.034,84.854,84.978,85.046,85.06,84.88,85.004
2025-04-23T11:00:00Z,84.974,85.022,84.773,84.791,85.0,85.049,84.802,84.816
2025-04-23T12:00:00Z,84.795,85.054,84.74,85.026,84.82,85.083,84.765,85.052
2025-04-23T13:00:00Z,85.03,85.532,84.982,85.311,85.056,85.587,85.008,85.362
2025-04-23T14:00:00Z,85.322,85.447,85.088,85.304,85.369,85.474,85.119,85.331
2025-04-23T15:00:00Z,85.307,85.388,84.881,85.015,85.334,85.428,84.911,85.045
2025-04-23T16:00:00Z,85.013,85.233,84.914,85.195,85.045,85.259,84.942,85.224
2025-04-23T17:00:00Z,85.191,85.386,85.117,85.334,85.224,85.411,85.145,85.361
2025-04-23T18:00:00Z,85.334,85.456,85.322,85.387,85.364,85.48,85.353,85.417
2025-04-23T19:00:00Z,85.387,85.387,85.188,85.273,85.417,85.417,85.218,85.303
2025-04-23T20:00:00Z,85.273,85.324,85.205,85.208,85.304,85.352,85.254,85.284
2025-04-23T21:00:00Z,85.208,85.208,84.976,85.047,85.276,85.343,85.104,85.189
2025-04-23T22:00:00Z,85.051,85.156,85.009,85.134,85.166,85.216,85.102,85.165
2025-04-23T23:00:00Z,85.132,85.253,85.098,85.181,85.16,85.281,85.126,85.209
2025-04-24T00:00:00Z,85.18,85.308,84.978,85.026,85.207,85.338,85.006,85.054
2025-04-24T01:00:00Z,85.026,85.12,84.871,84.886,85.056,85.147,84.901,84.914
2025-04-24T02:00:00Z,84.883,85.106,84.798,85.106,84.914,85.135,84.827,85.135
2025-04-24T03:00:00Z,85.107,85.12,84.925,85.015,85.135,85.148,84.953,85.044
2025-04-24T04:00:00Z,85.016,85.064,84.936,84.973,85.044,85.088,84.964,84.999
2025-04-24T05:00:00Z,84.973,85.049,84.803,84.832,85.004,85.076,84.83,84.858
2025-04-24T06:00:00Z,84.834,85.102,84.831,85.047,84.86,85.13,84.857,85.073
2025-04-24T07:00:00Z,85.049,85.166,85.014,85.13,85.075,85.192,85.042,85.156
2025-04-24T08:00:00Z,85.131,85.248,85.084,85.189,85.156,85.274,85.11,85.217
2025-04-24T09:00:00Z,85.19,85.262,85.089,85.104,85.217,85.287,85.113,85.13
2025-04-24T10:00:00Z,85.104,85.19,85.09,85.141,85.131,85.215,85.114,85.166
2025-04-24T11:00:00Z,85.14,85.195,85.085,85.16,85.166,85.225,85.114,85.185
2025-04-24T12:00:00Z,85.16,85.243,85.004,85.045,85.186,85.281,85.03,85.066
2025-04-24T13:00:00Z,85.042,85.198,85.034,85.17,85.068,85.228,85.06,85.202
2025-04-24T14:00:00Z,85.167,85.304,85.122,85.27,85.196,85.331,85.15,85.301
2025-04-24T15:00:00Z,85.27,85.38,85.267,85.333,85.3,85.411,85.297,85.358
2025-04-24T16:00:00Z,85.335,85.496,85.319,85.472,85.358,85.523,85.347,85.498
2025-04-24T17:00:00Z,85.475,85.497,85.404,85.462,85.5,85.523,85.432,85.487
2025-04-24T18:00:00Z,85.462,85.504,85.417,85.475,85.485,85.532,85.445,85.51
2025-04-24T19:00:00Z,85.475,85.547,85.4,85.535,85.51,85.572,85.429,85.563
2025-04-24T20:00:00Z,85.533,85.579,85.47,85.484,85.56,85.607,85.502,85.56
2025-04-24T21:00:00Z,85.476,85.495,85.392,85.413,85.56,85.664,85.56,85.602
2025-04-24T22:00:00Z,85.412,85.63,85.412,85.546,85.612,85.689,85.561,85.575
2025-04-24T23:00:00Z,85.546,85.617,85.513,85.526,85.574,85.647,85.541,85.554
2025-04-25T00:00:00Z,85.528,85.676,85.518,85.622,85.555,85.704,85.546,85.65
2025-04-25T01:00:00Z,85.624,85.654,85.498,85.518,85.652,85.684,85.528,85.546
2025-04-25T02:00:00Z,85.516,85.574,85.483,85.565,85.544,85.602,85.511,85.593
2025-04-25T03:00:00Z,85.573,85.997,85.557,85.976,85.6,86.031,85.589,86.009
2025-04-25T04:00:00Z,85.974,86.054,85.838,85.852,86.007,86.083,85.867,85.881
2025-04-25T05:00:00Z,85.852,85.917,85.673,85.696,85.882,85.947,85.7,85.727
2025-04-25T06:00:00Z,85.699,85.767,85.633,85.728,85.729,85.79,85.66,85.754
2025-04-25T07:00:00Z,85.724,85.937,85.578,85.653,85.75,85.968,85.608,85.68
2025-04-25T08:00:00Z,85.656,85.743,85.471,85.52,85.681,85.768,85.498,85.548
2025-04-25T09:00:00Z,85.523,85.528,85.331,85.458,85.549,85.555,85.358,85.484
2025-04-25T10:00:00Z,85.455,85.558,85.286,85.334,85.483,85.587,85.314,85.363
2025-04-25T11:00:00Z,85.338,85.423,85.279,85.383,85.367,85.452,85.304,85.405
2025-04-25T12:00:00Z,85.385,85.447,85.353,85.418,85.405,85.474,85.379,85.444
2025-04-25T13:00:00Z,85.421,85.672,85.397,85.599,85.446,85.699,85.423,85.652
2025-04-25T14:00:00Z,85.579,85.882,85.579,85.834,85.696,85.912,85.639,85.86
2025-04-25T15:00:00Z,85.834,85.854,85.723,85.768,85.859,85.881,85.753,85.794
2025-04-25T16:00:00Z,85.768,85.81,85.721,85.783,85.798,85.839,85.755,85.812
2025-04-25T17:00:00Z,85.782,85.848,85.518,85.592,85.812,85.875,85.544,85.616
2025-04-25T18:00:00Z,85.592,85.721,85.56,85.693,85.617,85.746,85.585,85.72
2025-04-25T19:00:00Z,85.689,85.701,85.627,85.672,85.716,85.729,85.655,85.703
2025-04-25T20:00:00Z,85.67,85.751,85.595,85.632,85.7,85.789,85.67,85.712
2025-04-27T21:00:00Z,85.57,85.625,85.57,85.58,85.728,85.799,85.728,85.78
2025-04-27T22:00:00Z,85.563,85.736,85.563,85.598,85.763,85.8,85.623,85.628
2025-04-27T23:00:00Z,85.595,85.61,85.529,85.568,85.626,85.64,85.555,85.597
2025-04-28T00:00:00Z,85.569,85.576,85.407,85.421,85.599,85.608,85.44,85.45
2025-04-28T01:00:00Z,85.419,85.538,85.393,85.455,85.448,85.564,85.42,85.484
2025-04-28T02:00:00Z,85.465,85.566,85.439,85.463,85.494,85.595,85.465,85.487
2025-04-28T03:00:00Z,85.463,85.55,85.372,85.491,85.488,85.578,85.398,85.517
2025-04-28T04:00:00Z,85.492,85.644,85.488,85.518,85.519,85.67,85.516,85.544
2025-04-28T05:00:00Z,85.519,85.67,85.499,85.624,85.546,85.697,85.526,85.646
2025-04-28T06:00:00Z,85.624,85.666,85.445,85.499,85.645,85.692,85.472,85.526
2025-04-28T07:00:00Z,85.502,85.517,85.248,85.248,85.527,85.545,85.272,85.272
2025-04-28T08:00:00Z,85.246,85.303,85.162,85.233,85.272,85.334,85.192,85.26
2025-04-28T09:00:00Z,85.231,85.426,85.225,85.373,85.257,85.449,85.251,85.4
2025-04-28T10:00:00Z,85.371,85.416,85.317,85.336,85.399,85.444,85.345,85.361
2025-04-28T11:00:00Z,85.335,85.352,85.235,85.244,85.363,85.379,85.26,85.275
2025-04-28T12:00:00Z,85.248,85.331,85.219,85.249,85.28,85.356,85.248,85.278
2025-04-28T13:00:00Z,85.251,85.367,85.234,85.264,85.281,85.396,85.263,85.292
2025-04-28T14:00:00Z,85.264,85.395,85.184,85.377,85.293,85.422,85.21,85.405
2025-04-28T15:00:00Z,85.374,85.399,85.065,85.089,85.403,85.422,85.093,85.116
2025-04-28T16:00:00Z,85.087,85.11,84.923,84.948,85.113,85.135,84.951,84.976
2025-04-28T17:00:00Z,84.945,84.953,84.77,84.873,84.976,84.98,84.799,84.9
2025-04-28T18:00:00Z,84.873,84.951,84.812,84.812,84.898,84.978,84.843,84.847
2025-04-28T19:00:00Z,84.812,84.953,84.776,84.915,84.847,84.978,84.806,84.944
2025-04-28T20:00:00Z,84.921,84.948,84.871,84.9,84.946,84.98,84.9,84.948
2025-04-28T21:00:00Z,84.828,84.897,84.808,84.897,85.028,85.044,84.967,84.979
2025-04-28T22:00:00Z,84.906,84.992,84.891,84.953,84.98,85.027,84.919,84.981
2025-04-28T23:00:00Z,84.955,84.973,84.874,84.88,84.981,84.999,84.902,84.905
2025-04-29T00:00:00Z,84.88,84.881,84.703,84.795,84.906,84.907,84.729,84.822
2025-04-29T01:00:00Z,84.794,84.952,84.764,84.944,84.82,84.981,84.791,84.97
2025-04-29T02:00:00Z,84.946,85.089,84.855,84.876,84.973,85.119,84.882,84.9
2025-04-29T03:00:00Z,84.875,84.877,84.747,84.793,84.9,84.905,84.773,84.82
2025-04-29T04:00:00Z,84.792,84.844,84.745,84.8,84.82,84.875,84.772,84.829
2025-04-29T05:00:00Z,84.798,84.833,84.684,84.812,84.828,84.86,84.713,84.841
2025-04-29T06:00:00Z,84.811,85.025,84.803,84.944,84.838,85.051,84.83,84.972
2025-04-29T07:00:00Z,84.946,85.106,84.905,85.09,84.974,85.133,84.932,85.118
2025-04-29T08:00:00Z,85.098,85.105,84.977,85.066,85.118,85.129,85.003,85.096
2025-04-29T09:00:00Z,85.065,85.104,85.01,85.02,85.094,85.13,85.041,85.048
2025-04-29T10:00:00Z,85.02,85.072,84.852,84.856,85.047,85.099,84.878,84.879
2025-04-29T11:00:00Z,84.856,84.931,84.814,84.92,84.881,84.957,84.84,84.946
2025-04-29T12:00:00Z,84.918,84.969,84.746,84.746,84.943,84.994,84.775,84.775
2025-04-29T13:00:00Z,84.748,84.754,84.411,84.447,84.778,84.783,84.435,84.507
2025-04-29T14:00:00Z,84.413,84.48,84.2,84.442,84.588,84.588,84.224,84.468
2025-04-29T15:00:00Z,84.444,84.542,84.389,84.492,84.468,84.568,84.415,84.517
2025-04-29T16:00:00Z,84.493,84.572,84.372,84.396,84.515,84.6,84.4,84.423
2025-04-29T17:00:00Z,84.393,84.579,84.376,84.561,84.42,84.606,84.403,84.583
2025-04-29T18:00:00Z,84.561,84.563,84.473,84.497,84.584,84.589,84.5,84.526
2025-04-29T19:00:00Z,84.497,84.54,84.448,84.479,84.526,84.568,84.473,84.506
2025-04-29T20:00:00Z,84.481,84.545,84.363,84.396,84.509,84.575,84.4,84.44
2025-04-29T21:00:00Z,84.398,84.398,84.284,84.328,84.46,84.579,84.374,84.482
2025-04-29T22:00:00Z,84.343,84.448,84.324,84.384,84.467,84.492,84.388,84.415
2025-04-29T23:00:00Z,84.387,84.483,84.373,84.467,84.413,84.512,84.401,84.494
2025-04-30T00:00:00Z,84.456,84.485,84.386,84.436,84.482,84.513,84.413,84.463
2025-04-30T01:00:00Z,84.436,84.581,84.394,84.455,84.461,84.614,84.42,84.483
2025-04-30T02:00:00Z,84.452,84.551,84.369,84.436,84.479,84.578,84.398,84.463
2025-04-30T03:00:00Z,84.431,84.517,84.362,84.505,84.457,84.545,84.389,84.533
2025-04-30T04:00:00Z,84.508,84.596,84.485,84.557,84.536,84.622,84.509,84.579
2025-04-30T05:00:00Z,84.557,84.701,84.539,84.693,84.58,84.729,84.564,84.72
2025-04-30T06:00:00Z,84.692,84.797,84.604,84.66,84.72,84.827,84.633,84.686
2025-04-30T07:00:00Z,84.663,84.681,84.494,84.597,84.688,84.706,84.521,84.621
2025-04-30T08:00:00Z,84.602,84.642,84.511,84.577,84.625,84.668,84.539,84.603
2025-04-30T09:00:00Z,84.576,84.805,84.57,84.79,84.599,84.832,84.596,84.814
2025-04-30T10:00:00Z,84.789,84.801,84.654,84.69,84.814,84.826,84.679,84.715
2025-04-30T11:00:00Z,84.687,84.74,84.637,84.675,84.712,84.767,84.663,84.7
2025-04-30T12:00:00Z,84.674,84.68,84.318,84.402,84.698,84.762,84.345,84.428
2025-04-30T13:00:00Z,84.405,84.508,84.205,84.236,84.43,84.536,84.234,84.283
2025-04-30T14:00:00Z,84.236,84.798,84.198,84.632,84.281,84.822,84.237,84.658
2025-04-30T15:00:00Z,84.628,84.72,84.553,84.592,84.653,84.745,84.582,84.615
2025-04-30T16:00:00Z,84.591,84.686,84.531,84.617,84.615,84.709,84.554,84.643
2025-04-30T17:00:00Z,84.615,84.806,84.564,84.742,84.64,84.834,84.59,84.768
2025-04-30T18:00:00Z,84.739,84.967,84.709,84.78,84.765,84.994,84.737,84.812
2025-04-30T19:00:00Z,84.78,84.918,84.742,84.826,84.812,84.95,84.771,84.855
2025-04-30T20:00:00Z,84.828,84.961,84.787,84.804,84.857,84.99,84.835,84.876
2025-04-30T21:00:00Z,84.804,84.844,84.738,84.791,84.884,85.004,84.884,84.991
2025-04-30T22:00:00Z,84.821,84.975,84.821,84.909,84.967,85.008,84.893,84.942
2025-04-30T23:00:00Z,84.908,84.973,84.805,84.885,84.942,85.002,84.835,84.914
2025-05-01T00:00:00Z,84.89,85.02,84.862,85.001,84.918,85.051,84.889,85.037
2025-05-01T01:00:00Z,85.001,85.007,84.916,84.99,85.036,85.04,84.944,85.017
2025-05-01T02:00:00Z,84.992,85.161,84.961,85.083,85.019,85.187,84.989,85.112
2025-05-01T03:00:00Z,85.082,85.446,85.007,85.381,85.113,85.479,85.051,85.408
2025-05-01T04:00:00Z,85.384,85.504,85.37,85.477,85.412,85.533,85.398,85.507
2025-05-01T05:00:00Z,85.48,85.53,85.343,85.384,85.51,85.56,85.369,85.41
2025-05-01T06:00:00Z,85.386,85.788,85.373,85.784,85.413,85.815,85.402,85.812
2025-05-01T07:00:00Z,85.782,85.791,85.505,85.524,85.81,85.822,85.535,85.551
2025-05-01T08:00:00Z,85.525,85.583,85.455,85.486,85.549,85.613,85.484,85.516
2025-05-01T09:00:00Z,85.487,85.54,85.412,85.422,85.518,85.566,85.445,85.45
2025-05-01T10:00:00Z,85.421,85.568,85.355,85.547,85.451,85.598,85.386,85.578
2025-05-01T11:00:00Z,85.547,85.638,85.465,85.592,85.577,85.67,85.495,85.619
2025-05-01T12:00:00Z,85.592,85.706,85.403,85.616,85.62,85.736,85.443,85.648
2025-05-01T13:00:00Z,85.615,85.732,85.446,85.446,85.644,85.76,85.563,85.646
2025-05-01T14:00:00Z,85.544,85.935,85.476,85.87,85.736,85.966,85.636,85.901
2025-05-01T15:00:00Z,85.867,85.968,85.787,85.816,85.897,85.994,85.816,85.842
2025-05-01T16:00:00Z,85.819,85.834,85.735,85.817,85.843,85.862,85.762,85.846
2025-05-01T17:00:00Z,85.818,85.919,85.8,85.851,85.846,85.946,85.829,85.88
2025-05-01T18:00:00Z,85.853,86.082,85.84,86.079,85.88,86.11,85.87,86.106
2025-05-01T19:00:00Z,86.079,86.079,85.949,85.96,86.106,86.106,85.975,85.988
2025-05-01T20:00:00Z,85.956,85.983,85.834,85.846,85.984,86.005,85.864,85.903
2025-05-01T21:00:00Z,85.845,85.845,85.755,85.764,85.908,86.033,85.865,85.909
2025-05-01T22:00:00Z,85.784,85.868,85.773,85.823,85.984,85.984,85.805,85.851
2025-05-01T23:00:00Z,85.825,86.013,85.825,85.963,85.851,86.043,85.851,85.993
2025-05-02T00:00:00Z,85.965,86.42,85.94,86.409,85.996,86.449,85.967,86.431
2025-05-02T01:00:00Z,86.409,86.429,86.095,86.134,86.44,86.458,86.13,86.162
2025-05-02T02:00:00Z,86.134,86.275,86.115,86.19,86.16,86.303,86.141,86.221
2025-05-02T03:00:00Z,86.195,86.221,86.097,86.138,86.223,86.251,86.127,86.168
2025-05-02T04:00:00Z,86.133,86.243,86.033,86.238,86.163,86.273,86.063,86.266
2025-05-02T05:00:00Z,86.24,86.24,86.124,86.155,86.267,86.267,86.151,86.183
2025-05-02T06:00:00Z,86.153,86.213,85.986,86.151,86.18,86.239,86.011,86.173
2025-05-02T07:00:00Z,86.149,86.268,85.913,85.919,86.171,86.296,85.945,85.948
2025-05-02T08:00:00Z,85.924,85.954,85.778,85.809,85.951,85.981,85.805,85.837
2025-05-02T09:00:00Z,85.809,85.958,85.774,85.925,85.834,85.988,85.803,85.953
2025-05-02T10:00:00Z,85.927,85.967,85.866,85.91,85.953,85.996,85.898,85.938
2025-05-02T11:00:00Z,85.908,85.958,85.795,85.878,85.939,85.986,85.82,85.904
2025-05-02T12:00:00Z,85.876,86.12,85.73,86.061,85.903,86.15,85.825,86.086
2025-05-02T13:00:00Z,86.06,86.089,85.793,85.849,86.086,86.118,85.821,85.891
2025-05-02T14:00:00Z,85.851,86.111,85.805,86.003,85.891,86.141,85.836,86.032
2025-05-02T15:00:00Z,86.004,86.086,85.932,86.036,86.032,86.114,85.962,86.066
2025-05-02T16:00:00Z,86.039,86.238,86.023,86.098,86.067,86.268,86.053,86.124
2025-05-02T17:00:00Z,86.098,86.123,86.01,86.071,86.127,86.151,86.038,86.1
2025-05-02T18:00:00Z,86.072,86.22,86.054,86.177,86.099,86.25,86.083,86.206
2025-05-02T19:00:00Z,86.176,86.268,86.102,86.186,86.206,86.295,86.131,86.219
2025-05-02T20:00:00Z,86.192,86.269,86.088,86.148,86.223,86.301,86.152,86.232
2025-05-04T21:00:00Z,85.863,86.134,85.863,86.045,86.063,86.334,86.063,86.22
2025-05-04T22:00:00Z,86.045,86.246,85.937,86.229,86.213,86.275,86.082,86.25
2025-05-04T23:00:00Z,86.224,86.246,86.043,86.048,86.247,86.274,86.073,86.082
2025-05-05T00:00:00Z,86.048,86.08,85.951,86.03,86.08,86.113,85.979,86.056
2025-05-05T01:00:00Z,86.029,86.261,86.007,86.18,86.056,86.291,86.036,86.209
2025-05-05T02:00:00Z,86.18,86.239,86.108,86.218,86.208,86.268,86.137,86.246
2025-05-05T03:00:00Z,86.218,86.224,86.113,86.115,86.247,86.253,86.137,86.145
2025-05-05T04:00:00Z,86.115,86.147,86.035,86.112,86.146,86.175,86.067,86.14
2025-05-05T05:00:00Z,86.116,86.32,86.111,86.292,86.144,86.35,86.14,86.318
2025-05-05T06:00:00Z,86.298,86.343,86.133,86.17,86.321,86.368,86.158,86.195
2025-05-05T07:00:00Z,86.17,86.216,86.046,86.068,86.197,86.243,86.071,86.095
2025-05-05T08:00:00Z,86.068,86.115,85.98,85.99,86.096,86.143,86.01,86.019
2025-05-05T09:00:00Z,85.997,86.117,85.981,86.083,86.025,86.147,86.01,86.117
2025-05-05T10:00:00Z,86.085,86.099,86.032,86.078,86.113,86.128,86.057,86.106
2025-05-05T11:00:00Z,86.079,86.158,86.058,86.09,86.111,86.188,86.085,86.117
2025-05-05T12:00:00Z,86.093,86.181,86.04,86.048,86.12,86.21,86.067,86.078
2025-05-05T13:00:00Z,86.047,86.091,85.804,85.806,86.078,86.119,85.906,85.949
2025-05-05T14:00:00Z,85.928,86.065,85.877,86.027,85.949,86.144,85.906,86.055
2025-05-05T15:00:00Z,86.024,86.029,85.848,85.974,86.055,86.057,85.875,86.0
2025-05-05T16:00:00Z,85.977,86.027,85.942,85.969,86.004,86.054,85.969,85.997
2025-05-05T17:00:00Z,85.972,85.977,85.884,85.91,86.0,86.003,85.912,85.938
2025-05-05T18:00:00Z,85.908,85.922,85.825,85.827,85.936,85.949,85.855,85.857
2025-05-05T19:00:00Z,85.827,85.882,85.729,85.755,85.857,85.907,85.759,85.782
2025-05-05T20:00:00Z,85.754,85.773,85.7,85.715,85.78,85.8,85.727,85.779
2025-05-05T21:00:00Z,85.73,85.798,85.633,85.694,85.779,85.908,85.779,85.837
2025-05-05T22:00:00Z,85.696,85.753,85.65,85.672,85.818,85.818,85.685,85.7
2025-05-05T23:00:00Z,85.677,85.706,85.572,85.647,85.701,85.734,85.602,85.674
2025-05-06T00:00:00Z,85.65,85.697,85.543,85.646,85.676,85.727,85.568,85.676
2025-05-06T01:00:00Z,85.646,85.794,85.634,85.713,85.678,85.824,85.663,85.74
2025-05-06T02:00:00Z,85.713,85.797,85.639,85.773,85.738,85.825,85.667,85.802
2025-05-06T03:00:00Z,85.771,85.837,85.69,85.831,85.799,85.864,85.723,85.858
2025-05-06T04:00:00Z,85.832,85.975,85.817,85.951,85.86,86.001,85.849,85.98
2025-05-06T05:00:00Z,85.952,86.003,85.818,85.862,85.98,86.03,85.846,85.886
2025-05-06T06:00:00Z,85.859,85.953,85.827,85.934,85.885,85.978,85.853,85.961
2025-05-06T07:00:00Z,85.931,85.971,85.707,85.787,85.959,85.997,85.732,85.811
2025-05-06T08:00:00Z,85.79,85.805,85.497,85.563,85.813,85.832,85.526,85.588
2025-05-06T09:00:00Z,85.564,85.57,85.44,85.518,85.59,85.598,85.469,85.547
2025-05-06T10:00:00Z,85.522,85.563,85.498,85.528,85.549,85.587,85.524,85.553
2025-05-06T11:00:00Z,85.526,85.572,85.392,85.429,85.552,85.598,85.416,85.456
2025-05-06T12:00:00Z,85.426,85.479,85.327,85.338,85.452,85.506,85.35,85.363
2025-05-06T13:00:00Z,85.34,85.453,85.255,85.354,85.364,85.477,85.28,85.377
2025-05-06T14:00:00Z,85.357,85.675,85.322,85.633,85.378,85.695,85.349,85.654
2025-05-06T15:00:00Z,85.635,85.781,85.591,85.683,85.653,85.807,85.619,85.71
2025-05-06T16:00:00Z,85.68,85.803,85.597,85.623,85.706,85.829,85.624,85.652
2025-05-06T17:00:00Z,85.627,85.656,85.479,85.498,85.654,85.682,85.503,85.524
2025-05-06T18:00:00Z,85.501,85.605,85.498,85.566,85.527,85.63,85.522,85.604
2025-05-06T19:00:00Z,85.566,85.623,85.515,85.57,85.604,85.653,85.547,85.603
2025-05-06T20:00:00Z,85.572,85.62,85.503,85.525,85.604,85.649,85.531,85.569
2025-05-06T21:00:00Z,85.541,85.591,85.456,85.534,85.583,85.726,85.583,85.656
2025-05-06T22:00:00Z,85.536,86.169,85.536,86.088,85.612,86.207,85.608,86.123
2025-05-06T23:00:00Z,86.09,86.165,85.982,86.013,86.124,86.206,86.013,86.044
2025-05-07T00:00:00Z,86.017,86.12,85.822,85.984,86.048,86.145,85.849,86.014
2025-05-07T01:00:00Z,85.987,86.019,85.761,85.841,86.016,86.039,85.79,85.867
2025-05-07T02:00:00Z,85.84,85.887,85.726,85.825,85.865,85.915,85.755,85.855
2025-05-07T03:00:00Z,85.824,85.93,85.806,85.907,85.852,85.958,85.835,85.934
2025-05-07T04:00:00Z,85.906,86.01,85.893,85.956,85.931,86.04,85.919,85.986
2025-05-07T05:00:00Z,85.957,85.964,85.837,85.925,85.988,85.994,85.866,85.95
2025-05-07T06:00:00Z,85.925,85.963,85.764,85.773,85.949,85.992,85.791,85.802
2025-05-07T07:00:00Z,85.771,85.996,85.739,85.944,85.798,86.026,85.766,85.972
2025-05-07T08:00:00Z,85.946,86.053,85.881,85.882,85.974,86.082,85.909,85.91
2025-05-07T09:00:00Z,85.879,85.905,85.736,85.756,85.907,85.93,85.764,85.783
2025-05-07T10:00:00Z,85.756,85.827,85.71,85.822,85.781,85.853,85.736,85.847
2025-05-07T11:00:00Z,85.821,85.866,85.797,85.823,85.847,85.891,85.823,85.849
2025-05-07T12:00:00Z,85.825,85.866,85.703,85.763,85.852,85.892,85.729,85.791
2025-05-07T13:00:00Z,85.761,85.785,85.614,85.776,85.788,85.811,85.642,85.801
2025-05-07T14:00:00Z,85.767,85.772,85.656,85.738,85.792,85.798,85.681,85.764
2025-05-07T15:00:00Z,85.735,85.737,85.616,85.72,85.761,85.764,85.643,85.743
2025-05-07T16:00:00Z,85.718,85.733,85.601,85.681,85.743,85.759,85.627,85.708
2025-05-07T17:00:00Z,85.682,85.687,85.511,85.511,85.708,85.713,85.541,85.671
2025-05-07T18:00:00Z,85.472,85.745,85.329,85.543,85.67,85.773,85.36,85.567
2025-05-07T19:00:00Z,85.543,85.59,85.264,85.457,85.567,85.62,85.294,85.486
2025-05-07T20:00:00Z,85.455,85.474,85.345,85.379,85.48,85.503,85.376,85.452
2025-05-07T21:00:00Z,85.346,85.398,85.276,85.39,85.546,85.571,85.457,85.501
2025-05-07T22:00:00Z,85.414,85.477,85.36,85.427,85.494,85.542,85.42,85.46
2025-05-07T23:00:00Z,85.431,85.451,85.354,85.425,85.463,85.48,85.382,85.457
2025-05-08T00:00:00Z,85.42,85.596,85.36,85.566,85.456,85.622,85.387,85.594
2025-05-08T01:00:00Z,85.567,85.619,85.476,85.54,85.596,85.65,85.505,85.57
2025-05-08T02:00:00Z,85.543,85.75,85.543,85.696,85.573,85.778,85.573,85.725
2025-05-08T03:00:00Z,85.698,85.782,85.674,85.681,85.727,85.809,85.701,85.709
2025-05-08T04:00:00Z,85.677,85.813,85.665,85.784,85.704,85.843,85.691,85.81
2025-05-08T05:00:00Z,85.784,85.841,85.654,85.723,85.811,85.867,85.685,85.752
2025-05-08T06:00:00Z,85.72,85.767,85.532,85.557,85.748,85.795,85.561,85.584
2025-05-08T07:00:00Z,85.552,85.602,85.46,85.521,85.579,85.628,85.488,85.546
2025-05-08T08:00:00Z,85.521,85.797,85.501,85.72,85.55,85.826,85.527,85.745
2025-05-08T09:00:00Z,85.721,85.818,85.702,85.721,85.748,85.857,85.729,85.75
2025-05-08T10:00:00Z,85.724,85.892,85.718,85.812,85.753,85.912,85.743,85.839
2025-05-08T11:00:00Z,85.812,85.834,85.627,85.688,85.838,85.863,85.655,85.717
2025-05-08T12:00:00Z,85.692,85.831,85.676,85.792,85.719,85.867,85.701,85.818
2025-05-08T13:00:00Z,85.791,85.85,85.661,85.822,85.818,85.875,85.692,85.851
2025-05-08T14:00:00Z,85.826,86.03,85.801,85.899,85.854,86.052,85.827,85.927
2025-05-08T15:00:00Z,85.898,86.182,85.839,86.121,85.927,86.211,85.868,86.148
2025-05-08T16:00:00Z,86.118,86.196,86.07,86.172,86.145,86.223,86.093,86.198
2025-05-08T17:00:00Z,86.17,86.187,86.077,86.084,86.198,86.218,86.104,86.11
2025-05-08T18:00:00Z,86.083,86.134,86.068,86.075,86.11,86.16,86.095,86.107
2025-05-08T19:00:00Z,86.075,86.262,86.065,86.12,86.107,86.29,86.093,86.15
2025-05-08T20:00:00Z,86.12,86.173,86.078,86.139,86.149,86.204,86.107,86.184
2025-05-08T21:00:00Z,86.044,86.089,86.008,86.089,86.21,86.263,86.155,86.217
2025-05-08T22:00:00Z,86.097,86.152,86.035,86.135,86.193,86.224,86.07,86.162
2025-05-08T23:00:00Z,86.138,86.172,86.08,86.096,86.166,86.201,86.112,86.125
2025-05-09T00:00:00Z,86.094,86.142,85.822,85.84,86.122,86.168,85.849,85.866
2025-05-09T01:00:00Z,85.844,85.871,85.754,85.799,85.87,85.897,85.782,85.824
2025-05-09T02:00:00Z,85.799,85.836,85.677,85.76,85.826,85.864,85.703,85.791
2025-05-09T03:00:00Z,85.76,85.865,85.72,85.844,85.789,85.893,85.746,85.872
2025-05-09T04:00:00Z,85.842,85.852,85.729,85.803,85.87,85.879,85.757,85.832
2025-05-09T05:00:00Z,85.799,85.825,85.733,85.764,85.828,85.853,85.759,85.791
2025-05-09T06:00:00Z,85.765,85.778,85.6,85.603,85.791,85.8,85.627,85.628
2025-05-09T07:00:00Z,85.6,85.755,85.547,85.678,85.626,85.781,85.575,85.707
2025-05-09T08:00:00Z,85.677,85.692,85.576,85.643,85.705,85.72,85.605,85.669
2025-05-09T09:00:00Z,85.647,85.672,85.49,85.573,85.671,85.7,85.517,85.599
2025-05-09T10:00:00Z,85.576,85.593,85.497,85.534,85.602,85.619,85.52,85.558
2025-05-09T11:00:00Z,85.534,85.615,85.424,85.523,85.556,85.642,85.453,85.55
2025-05-09T12:00:00Z,85.525,85.703,85.504,85.661,85.552,85.728,85.53,85.689
2025-05-09T13:00:00Z,85.663,85.795,85.654,85.78,85.689,85.829,85.682,85.811
2025-05-09T14:00:00Z,85.784,85.872,85.636,85.683,85.812,85.906,85.666,85.707
2025-05-09T15:00:00Z,85.683,85.904,85.655,85.895,85.708,85.935,85.685,85.925
2025-05-09T16:00:00Z,85.896,85.903,85.824,85.881,85.925,85.933,85.853,85.913
2025-05-09T17:00:00Z,85.878,85.974,85.864,85.904,85.91,86.004,85.893,85.934
2025-05-09T18:00:00Z,85.905,85.923,85.849,85.903,85.934,85.953,85.882,85.935
2025-05-09T19:00:00Z,85.903,85.947,85.895,85.916,85.936,85.979,85.924,85.947
2025-05-09T20:00:00Z,85.914,85.94,85.808,85.88,85.943,86.03,85.878,85.956
2025-05-11T21:00:00Z,86.499,86.529,86.359,86.437,86.699,86.729,86.559,86.631
2025-05-11T22:00:00Z,86.443,86.544,86.236,86.295,86.618,86.662,86.287,86.336
2025-05-11T23:00:00Z,86.298,86.405,86.233,86.294,86.338,86.44,86.277,86.33
2025-05-12T00:00:00Z,86.295,86.464,86.2,86.389,86.333,86.498,86.231,86.425
2025-05-12T01:00:00Z,86.391,86.696,86.382,86.522,86.427,86.734,86.419,86.559
2025-05-12T02:00:00Z,86.521,86.53,86.267,86.421,86.559,86.567,86.3,86.455
2025-05-12T03:00:00Z,86.421,86.491,86.398,86.447,86.454,86.52,86.43,86.482
2025-05-12T04:00:00Z,86.447,86.522,86.396,86.467,86.479,86.553,86.432,86.503
2025-05-12T05:00:00Z,86.472,86.621,86.462,86.587,86.506,86.651,86.492,86.616
2025-05-12T06:00:00Z,86.588,86.624,86.478,86.508,86.618,86.656,86.512,86.532
2025-05-12T07:00:00Z,86.508,87.048,86.501,86.989,86.533,87.081,86.521,87.025
2025-05-12T08:00:00Z,86.988,87.107,86.824,87.013,87.025,87.137,86.859,87.043
2025-05-12T09:00:00Z,87.014,87.215,86.938,87.185,87.046,87.245,86.969,87.217
2025-05-12T10:00:00Z,87.187,87.191,86.996,87.012,87.219,87.221,87.028,87.048
2025-05-12T11:00:00Z,87.016,87.078,86.92,86.958,87.052,87.111,86.958,86.989
2025-05-12T12:00:00Z,86.954,87.081,86.939,87.0,86.987,87.109,86.975,87.028
2025-05-12T13:00:00Z,87.001,87.146,86.974,87.062,87.028,87.176,87.007,87.095
2025-05-12T14:00:00Z,87.067,87.126,86.918,86.935,87.096,87.157,86.953,86.967
2025-05-12T15:00:00Z,86.936,86.964,86.769,86.807,86.967,86.995,86.803,86.834
2025-05-12T16:00:00Z,86.802,86.962,86.781,86.938,86.834,86.993,86.818,86.969
2025-05-12T17:00:00Z,86.937,86.959,86.862,86.868,86.97,86.991,86.897,86.903
2025-05-12T18:00:00Z,86.869,86.908,86.819,86.847,86.903,86.938,86.85,86.877
2025-05-12T19:00:00Z,86.847,86.933,86.819,86.897,86.877,86.97,86.856,86.934
2025-05-12T20:00:00Z,86.9,86.952,86.869,86.889,86.938,86.988,86.9,86.945
2025-05-12T21:00:00Z,86.805,86.849,86.772,86.818,87.005,87.012,86.907,87.008
2025-05-12T22:00:00Z,86.809,86.926,86.806,86.896,86.973,86.976,86.863,86.933
2025-05-12T23:00:00Z,86.897,86.973,86.865,86.876,86.933,87.009,86.906,86.914
2025-05-13T00:00:00Z,86.873,86.891,86.487,86.497,86.913,86.924,86.518,86.528
2025-05-13T01:00:00Z,86.497,86.597,86.488,86.549,86.527,86.632,86.524,86.576
2025-05-13T02:00:00Z,86.548,86.848,86.548,86.825,86.576,86.881,86.576,86.858
2025-05-13T03:00:00Z,86.827,86.897,86.795,86.855,86.859,86.928,86.829,86.887
2025-05-13T04:00:00Z,86.854,87.025,86.849,86.965,86.884,87.057,86.883,86.998
2025-05-13T05:00:00Z,86.967,87.068,86.947,87.027,86.998,87.101,86.979,87.055
2025-05-13T06:00:00Z,87.033,87.233,86.993,87.204,87.06,87.263,87.026,87.234
2025-05-13T07:00:00Z,87.208,87.234,87.068,87.084,87.239,87.264,87.097,87.115
2025-05-13T08:00:00Z,87.087,87.118,87.014,87.116,87.118,87.152,87.047,87.15
2025-05-13T09:00:00Z,87.119,87.232,87.094,87.214,87.152,87.263,87.124,87.245
2025-05-13T10:00:00Z,87.215,87.325,87.146,87.279,87.245,87.356,87.181,87.309
2025-05-13T11:00:00Z,87.278,87.302,87.222,87.247,87.311,87.335,87.257,87.279
2025-05-13T12:00:00Z,87.245,87.493,87.195,87.488,87.278,87.526,87.258,87.52
2025-05-13T13:00:00Z,87.488,87.488,87.269,87.298,87.522,87.524,87.295,87.329
2025-05-13T14:00:00Z,87.301,87.707,87.296,87.645,87.33,87.741,87.325,87.674
2025-05-13T15:00:00Z,87.644,87.713,87.583,87.693,87.677,87.747,87.62,87.724
2025-05-13T16:00:00Z,87.693,87.708,87.564,87.607,87.727,87.741,87.597,87.64
2025-05-13T17:00:00Z,87.606,87.694,87.606,87.643,87.64,87.727,87.636,87.675
2025-05-13T18:00:00Z,87.639,87.664,87.559,87.592,87.672,87.693,87.591,87.629
2025-05-13T19:00:00Z,87.592,87.631,87.481,87.52,87.629,87.664,87.512,87.552
2025-05-13T20:00:00Z,87.522,87.589,87.502,87.536,87.552,87.621,87.532,87.588
2025-05-13T21:00:00Z,87.458,87.498,87.404,87.442,87.658,87.697,87.572,87.604
2025-05-13T22:00:00Z,87.449,87.552,87.448,87.496,87.617,87.62,87.491,87.537
2025-05-13T23:00:00Z,87.492,87.598,87.485,87.55,87.533,87.639,87.529,87.586
2025-05-14T00:00:00Z,87.555,87.673,87.515,87.577,87.587,87.703,87.552,87.613
2025-05-14T01:00:00Z,87.578,87.584,87.345,87.494,87.613,87.619,87.391,87.53
2025-05-14T02:00:00Z,87.494,87.533,87.398,87.51,87.529,87.563,87.433,87.545
2025-05-14T03:00:00Z,87.512,87.539,87.399,87.44,87.545,87.571,87.429,87.467
2025-05-14T04:00:00Z,87.44,87.498,87.262,87.283,87.468,87.526,87.3,87.313
2025-05-14T05:00:00Z,87.283,87.419,87.245,87.317,87.32,87.455,87.277,87.353
2025-05-14T06:00:00Z,87.321,87.376,87.257,87.336,87.357,87.409,87.292,87.369
2025-05-14T07:00:00Z,87.338,87.44,87.282,87.435,87.371,87.473,87.313,87.469
2025-05-14T08:00:00Z,87.436,87.444,87.088,87.145,87.469,87.477,87.128,87.178
2025-05-14T09:00:00Z,87.144,87.158,86.867,86.955,87.175,87.19,86.902,86.99
2025-05-14T10:00:00Z,86.956,86.965,86.808,86.835,86.988,87.0,86.84,86.864
2025-05-14T11:00:00Z,86.835,86.93,86.774,86.914,86.862,86.962,86.808,86.949
2025-05-14T12:00:00Z,86.917,86.965,86.817,86.866,86.95,86.998,86.852,86.898
2025-05-14T13:00:00Z,86.866,86.893,86.575,86.663,86.902,86.928,86.608,86.692
2025-05-14T14:00:00Z,86.661,86.782,86.577,86.703,86.694,86.82,86.609,86.737
2025-05-14T15:00:00Z,86.703,86.706,86.547,86.683,86.739,86.741,86.579,86.715
2025-05-14T16:00:00Z,86.682,86.779,86.583,86.63,86.716,86.816,86.618,86.661
2025-05-14T17:00:00Z,86.63,86.635,86.508,86.595,86.663,86.664,86.54,86.629
2025-05-14T18:00:00Z,86.602,86.62,86.491,86.496,86.629,86.651,86.533,86.533
2025-05-14T19:00:00Z,86.496,86.579,86.481,86.544,86.533,86.616,86.511,86.574
2025-05-14T20:00:00Z,86.542,86.551,86.504,86.508,86.576,86.588,86.542,86.56
2025-05-14T21:00:00Z,86.519,86.638,86.287,86.444,86.564,86.838,86.416,86.589
2025-05-14T22:00:00Z,86.459,86.528,86.445,86.461,86.575,86.587,86.488,86.504
2025-05-14T23:00:00Z,86.458,86.474,86.27,86.447,86.501,86.52,86.309,86.484
2025-05-15T00:00:00Z,86.449,86.516,86.224,86.234,86.487,86.551,86.261,86.274
2025-05-15T01:00:00Z,86.234,86.43,86.228,86.378,86.275,86.484,86.271,86.411
2025-05-15T02:00:00Z,86.376,86.435,86.313,86.35,86.408,86.463,86.349,86.391
2025-05-15T03:00:00Z,86.35,86.369,86.212,86.258,86.39,86.405,86.248,86.294
2025-05-15T04:00:00Z,86.257,86.258,86.037,86.074,86.292,86.292,86.074,86.103
2025-05-15T05:00:00Z,86.073,86.133,85.915,86.04,86.103,86.167,85.949,86.075
2025-05-15T06:00:00Z,86.037,86.167,85.919,86.0,86.077,86.201,85.949,86.029
2025-05-15T07:00:00Z,85.999,86.055,85.861,85.883,86.031,86.092,85.89,85.909
2025-05-15T08:00:00Z,85.885,85.955,85.825,85.855,85.912,85.988,85.865,85.887
2025-05-15T09:00:00Z,85.856,85.922,85.826,85.876,85.889,85.952,85.858,85.906
2025-05-15T10:00:00Z,85.876,85.876,85.741,85.8,85.905,85.905,85.774,85.829
2025-05-15T11:00:00Z,85.797,85.824,85.674,85.801,85.828,85.854,85.71,85.835
2025-05-15T12:00:00Z,85.802,85.842,85.5,85.753,85.834,85.881,85.612,85.786
2025-05-15T13:00:00Z,85.751,85.775,85.539,85.604,85.786,85.808,85.578,85.641
2025-05-15T14:00:00Z,85.606,85.682,85.459,85.56,85.639,85.709,85.495,85.591
2025-05-15T15:00:00Z,85.558,85.563,85.399,85.498,85.594,85.602,85.442,85.532
2025-05-15T16:00:00Z,85.504,85.539,85.411,85.49,85.532,85.566,85.442,85.526
2025-05-15T17:00:00Z,85.493,85.558,85.479,85.526,85.526,85.589,85.514,85.558
2025-05-15T18:00:00Z,85.525,85.566,85.48,85.552,85.559,85.598,85.515,85.59
2025-05-15T19:00:00Z,85.552,85.552,85.475,85.537,85.59,85.59,85.506,85.574
2025-05-15T20:00:00Z,85.537,85.612,85.513,85.592,85.572,85.668,85.551,85.649
2025-05-15T21:00:00Z,85.463,85.553,85.452,85.496,85.663,85.712,85.59,85.668
2025-05-15T22:00:00Z,85.505,85.582,85.436,85.453,85.645,85.645,85.478,85.501
2025-05-15T23:00:00Z,85.453,85.537,85.442,85.473,85.498,85.574,85.481,85.508
2025-05-16T00:00:00Z,85.473,85.481,85.066,85.117,85.509,85.519,85.102,85.152
2025-05-16T01:00:00Z,85.117,85.278,85.051,85.245,85.153,85.308,85.084,85.279
2025-05-16T02:00:00Z,85.247,85.653,85.202,85.627,85.279,85.689,85.236,85.671
2025-05-16T03:00:00Z,85.629,85.78,85.577,85.697,85.673,85.816,85.609,85.737
2025-05-16T04:00:00Z,85.697,85.859,85.652,85.778,85.734,85.893,85.694,85.815
2025-05-16T05:00:00Z,85.781,85.908,85.754,85.845,85.817,85.938,85.788,85.876
2025-05-16T06:00:00Z,85.851,85.903,85.678,85.698,85.881,85.94,85.717,85.729
2025-05-16T07:00:00Z,85.696,85.9,85.627,85.882,85.729,85.929,85.662,85.912
2025-05-16T08:00:00Z,85.886,85.92,85.82,85.839,85.912,85.95,85.854,85.864
2025-05-16T09:00:00Z,85.838,85.952,85.803,85.928,85.864,85.984,85.831,85.963
2025-05-16T10:00:00Z,85.928,85.942,85.852,85.909,85.961,85.975,85.886,85.946
2025-05-16T11:00:00Z,85.909,85.935,85.846,85.913,85.944,85.968,85.878,85.942
2025-05-16T12:00:00Z,85.91,85.925,85.759,85.783,85.941,85.957,85.792,85.817
2025-05-16T13:00:00Z,85.784,85.82,85.711,85.741,85.813,85.856,85.738,85.823
2025-05-16T14:00:00Z,85.756,85.919,85.716,85.759,85.813,85.954,85.751,85.792
2025-05-16T15:00:00Z,85.761,85.771,85.655,85.708,85.796,85.804,85.684,85.739
2025-05-16T16:00:00Z,85.711,85.734,85.658,85.72,85.743,85.764,85.692,85.755
2025-05-16T17:00:00Z,85.723,85.79,85.698,85.715,85.755,85.823,85.731,85.746
2025-05-16T18:00:00Z,85.715,85.768,85.688,85.76,85.748,85.808,85.721,85.797
2025-05-16T19:00:00Z,85.762,85.791,85.732,85.769,85.797,85.828,85.766,85.798
2025-05-16T20:00:00Z,85.769,85.796,85.56,85.629,85.797,85.833,85.636,85.695
2025-05-18T21:00:00Z,85.493,85.493,85.314,85.41,85.658,85.658,85.506,85.61
2025-05-18T22:00:00Z,85.457,85.511,85.368,85.479,85.612,85.612,85.432,85.512
2025-05-18T23:00:00Z,85.476,85.603,85.444,85.474,85.511,85.631,85.477,85.516
2025-05-19T00:00:00Z,85.476,85.512,85.323,85.375,85.516,85.548,85.356,85.406
2025-05-19T01:00:00Z,85.374,85.502,85.324,85.479,85.406,85.532,85.358,85.507
2025-05-19T02:00:00Z,85.479,85.599,85.461,85.579,85.509,85.634,85.493,85.615
2025-05-19T03:00:00Z,85.577,85.578,85.488,85.527,85.612,85.614,85.527,85.562
2025-05-19T04:00:00Z,85.527,85.566,85.49,85.508,85.563,85.601,85.532,85.549
2025-05-19T05:00:00Z,85.509,85.514,85.359,85.389,85.548,85.555,85.387,85.42
2025-05-19T06:00:00Z,85.389,85.545,85.363,85.463,85.421,85.577,85.396,85.495
2025-05-19T07:00:00Z,85.462,85.508,85.338,85.402,85.496,85.543,85.374,85.435
2025-05-19T08:00:00Z,85.402,85.468,85.354,85.46,85.432,85.5,85.385,85.492
2025-05-19T09:00:00Z,85.459,85.634,85.425,85.624,85.49,85.668,85.454,85.657
2025-05-19T10:00:00Z,85.627,85.638,85.547,85.619,85.659,85.673,85.576,85.652
2025-05-19T11:00:00Z,85.618,85.752,85.606,85.7,85.652,85.786,85.639,85.732
2025-05-19T12:00:00Z,85.698,85.717,85.586,85.631,85.733,85.749,85.616,85.662
2025-05-19T13:00:00Z,85.635,85.773,85.593,85.706,85.666,85.807,85.623,85.746
2025-05-19T14:00:00Z,85.706,85.888,85.696,85.824,85.748,85.92,85.728,85.856
2025-05-19T15:00:00Z,85.827,85.952,85.818,85.889,85.857,85.983,85.851,85.922
2025-05-19T16:00:00Z,85.89,85.94,85.869,85.872,85.924,85.973,85.902,85.907
2025-05-19T17:00:00Z,85.871,85.914,85.85,85.852,85.903,85.951,85.879,85.889
2025-05-19T18:00:00Z,85.852,85.858,85.815,85.818,85.883,85.889,85.847,85.858
2025-05-19T19:00:00Z,85.818,85.863,85.765,85.856,85.858,85.898,85.801,85.893
2025-05-19T20:00:00Z,85.857,85.903,85.812,85.873,85.89,85.956,85.85,85.938
2025-05-19T21:00:00Z,85.802,85.87,85.766,85.805,85.978,86.014,85.93,85.974
2025-05-19T22:00:00Z,85.813,85.952,85.759,85.904,85.929,85.998,85.923,85.942
2025-05-19T23:00:00Z,85.906,85.966,85.873,85.932,85.943,86.003,85.908,85.968
2025-05-20T00:00:00Z,85.936,86.167,85.913,86.023,85.974,86.202,85.952,86.058
2025-05-20T01:00:00Z,86.02,86.027,85.722,85.771,86.054,86.067,85.76,85.808
2025-05-20T02:00:00Z,85.772,85.916,85.673,85.864,85.807,85.959,85.708,85.904
2025-05-20T03:00:00Z,85.86,85.906,85.729,85.744,85.901,85.938,85.765,85.783
2025-05-20T04:00:00Z,85.745,85.745,85.592,85.675,85.783,85.783,85.633,85.716
2025-05-20T05:00:00Z,85.674,85.766,85.36,85.409,85.714,85.805,85.394,85.442
2025-05-20T06:00:00Z,85.407,85.551,85.372,85.508,85.442,85.588,85.408,85.543
2025-05-20T07:00:00Z,85.504,85.579,85.4,85.4,85.537,85.612,85.428,85.434
2025-05-20T08:00:00Z,85.401,85.529,85.378,85.509,85.436,85.561,85.409,85.538
2025-05-20T09:00:00Z,85.509,85.553,85.462,85.472,85.539,85.585,85.491,85.501
2025-05-20T10:00:00Z,85.467,85.505,85.374,85.417,85.504,85.541,85.404,85.446
2025-05-20T11:00:00Z,85.417,85.496,85.362,85.419,85.447,85.531,85.396,85.45
2025-05-20T12:00:00Z,85.417,85.447,85.315,85.443,85.447,85.479,85.347,85.476
2025-05-20T13:00:00Z,85.44,85.601,85.436,85.549,85.472,85.632,85.467,85.578
2025-05-20T14:00:00Z,85.548,85.553,85.389,85.447,85.578,85.586,85.422,85.479
2025-05-20T15:00:00Z,85.451,85.5,85.353,85.483,85.481,85.534,85.383,85.513
2025-05-20T16:00:00Z,85.483,85.697,85.432,85.679,85.516,85.727,85.462,85.707
2025-05-20T17:00:00Z,85.681,85.722,85.604,85.61,85.707,85.752,85.636,85.64
2025-05-20T18:00:00Z,85.61,85.628,85.439,85.489,85.638,85.658,85.471,85.526
2025-05-20T19:00:00Z,85.489,85.551,85.422,85.547,85.526,85.589,85.46,85.586
2025-05-20T20:00:00Z,85.549,85.599,85.521,85.597,85.586,85.645,85.56,85.641
2025-05-20T21:00:00Z,85.502,85.629,85.445,85.527,85.702,85.829,85.634,85.66
2025-05-20T22:00:00Z,85.526,85.604,85.352,85.555,85.609,85.677,85.404,85.605
2025-05-20T23:00:00Z,85.553,85.585,85.514,85.527,85.603,85.623,85.548,85.563
2025-05-21T00:00:00Z,85.528,85.676,85.456,85.603,85.563,85.71,85.484,85.64
2025-05-21T01:00:00Z,85.603,85.675,85.554,85.58,85.639,85.706,85.589,85.616
2025-05-21T02:00:00Z,85.58,85.643,85.408,85.423,85.617,85.678,85.444,85.457
2025-05-21T03:00:00Z,85.42,85.548,85.409,85.501,85.455,85.581,85.444,85.536
2025-05-21T04:00:00Z,85.501,85.538,85.428,85.507,85.537,85.575,85.463,85.541
2025-05-21T05:00:00Z,85.508,85.55,85.345,85.358,85.54,85.58,85.372,85.388
2025-05-21T06:00:00Z,85.364,85.482,85.361,85.435,85.39,85.515,85.39,85.473
2025-05-21T07:00:00Z,85.439,85.454,85.322,85.41,85.472,85.488,85.356,85.443
2025-05-21T08:00:00Z,85.408,85.467,85.383,85.425,85.441,85.502,85.413,85.455
2025-05-21T09:00:00Z,85.42,85.462,85.321,85.357,85.448,85.494,85.351,85.388
2025-05-21T10:00:00Z,85.358,85.42,85.261,85.31,85.391,85.451,85.295,85.346
2025-05-21T11:00:00Z,85.313,85.409,85.3,85.315,85.346,85.443,85.34,85.348
2025-05-21T12:00:00Z,85.313,85.416,85.309,85.361,85.342,85.447,85.341,85.388
2025-05-21T13:00:00Z,85.356,85.484,85.337,85.435,85.39,85.515,85.371,85.467
2025-05-21T14:00:00Z,85.44,85.612,85.436,85.574,85.473,85.638,85.467,85.601
2025-05-21T15:00:00Z,85.571,85.689,85.562,85.68,85.601,85.721,85.592,85.711
2025-05-21T16:00:00Z,85.679,85.734,85.642,85.646,85.712,85.763,85.674,85.681
2025-05-21T17:00:00Z,85.647,85.676,85.276,85.392,85.681,85.709,85.309,85.425
2025-05-21T18:00:00Z,85.389,85.451,85.336,85.374,85.424,85.485,85.37,85.41
2025-05-21T19:00:00Z,85.374,85.403,85.239,85.253,85.41,85.442,85.274,85.292
2025-05-21T20:00:00Z,85.254,85.289,85.213,85.268,85.291,85.34,85.252,85.328
2025-05-21T21:00:00Z,85.269,85.297,85.16,85.198,85.332,85.497,85.3,85.398
2025-05-21T22:00:00Z,85.194,85.609,85.194,85.446,85.338,85.656,85.306,85.491
2025-05-21T23:00:00Z,85.448,85.472,85.22,85.236,85.491,85.508,85.254,85.273
2025-05-22T00:00:00Z,85.236,85.292,84.955,85.121,85.271,85.32,84.99,85.153
2025-05-22T01:00:00Z,85.121,85.202,84.882,84.917,85.155,85.234,84.917,84.954
2025-05-22T02:00:00Z,84.918,84.961,84.832,84.877,84.954,84.994,84.865,84.91
2025-05-22T03:00:00Z,84.875,84.928,84.797,84.911,84.909,84.961,84.83,84.943
2025-05-22T04:00:00Z,84.912,85.008,84.895,84.993,84.943,85.042,84.93,85.027
2025-05-22T05:00:00Z,84.992,85.008,84.882,84.943,85.029,85.04,84.913,84.975
2025-05-22T06:00:00Z,84.943,84.943,84.771,84.888,84.972,84.973,84.801,84.923
2025-05-22T07:00:00Z,84.885,84.947,84.739,84.808,84.922,84.977,84.776,84.84
2025-05-22T08:00:00Z,84.805,84.925,84.762,84.797,84.834,84.954,84.794,84.827
2025-05-22T09:00:00Z,84.799,84.801,84.654,84.699,84.828,84.832,84.688,84.733
2025-05-22T10:00:00Z,84.701,84.774,84.593,84.733,84.734,84.807,84.627,84.763
2025-05-22T11:00:00Z,84.732,84.889,84.623,84.657,84.765,84.922,84.654,84.688
2025-05-22T12:00:00Z,84.66,84.827,84.603,84.809,84.691,84.858,84.638,84.84
2025-05-22T13:00:00Z,84.81,84.891,84.675,84.869,84.839,84.926,84.702,84.907
2025-05-22T14:00:00Z,84.863,84.955,84.817,84.863,84.905,84.993,84.848,84.895
2025-05-22T15:00:00Z,84.86,84.987,84.842,84.966,84.892,85.017,84.872,84.995
2025-05-22T16:00:00Z,84.963,85.1,84.954,84.992,84.996,85.131,84.985,85.025
2025-05-22T17:00:00Z,84.988,85.123,84.973,85.096,85.021,85.156,85.005,85.129
2025-05-22T18:00:00Z,85.094,85.13,85.036,85.062,85.125,85.157,85.07,85.094
2025-05-22T19:00:00Z,85.062,85.062,84.901,84.933,85.094,85.094,84.933,84.968
2025-05-22T20:00:00Z,84.933,84.939,84.826,84.921,84.967,84.98,84.865,84.977
2025-05-22T21:00:00Z,84.856,84.951,84.811,84.86,85.056,85.114,85.006,85.058
2025-05-22T22:00:00Z,84.9,84.948,84.794,84.825,85.053,85.053,84.843,84.864
2025-05-22T23:00:00Z,84.827,84.861,84.772,84.827,84.863,84.898,84.811,84.862
2025-05-23T00:00:00Z,84.829,84.948,84.805,84.929,84.865,84.983,84.837,84.964
2025-05-23T01:00:00Z,84.926,85.003,84.87,84.881,84.961,85.037,84.901,84.908
2025-05-23T02:00:00Z,84.882,84.898,84.807,84.858,84.908,84.933,84.839,84.889
2025-05-23T03:00:00Z,84.859,84.914,84.808,84.84,84.885,84.95,84.84,84.875
2025-05-23T04:00:00Z,84.837,84.924,84.816,84.865,84.875,84.956,84.854,84.901
2025-05-23T05:00:00Z,84.862,84.924,84.851,84.876,84.898,84.956,84.887,84.914
2025-05-23T06:00:00Z,84.876,84.912,84.804,84.858,84.915,84.949,84.838,84.889
2025-05-23T07:00:00Z,84.857,85.184,84.854,85.164,84.889,85.217,84.885,85.188
2025-05-23T08:00:00Z,85.165,85.214,85.131,85.16,85.193,85.251,85.163,85.19
2025-05-23T09:00:00Z,85.16,85.352,85.156,85.337,85.194,85.385,85.187,85.37
2025-05-23T10:00:00Z,85.337,85.407,85.327,85.381,85.372,85.442,85.365,85.414
2025-05-23T11:00:00Z,85.379,85.43,84.819,84.894,85.414,85.462,84.856,84.925
2025-05-23T12:00:00Z,84.896,85.017,84.678,85.001,84.931,85.044,84.714,85.033
2025-05-23T13:00:00Z,84.999,85.066,84.87,84.974,85.032,85.098,84.905,85.014
2025-05-23T14:00:00Z,84.975,85.296,84.969,85.201,85.013,85.324,85.0,85.23
2025-05-23T15:00:00Z,85.197,85.275,85.164,85.191,85.227,85.31,85.192,85.219
2025-05-23T16:00:00Z,85.193,85.379,85.189,85.314,85.222,85.409,85.217,85.348
2025-05-23T17:00:00Z,85.314,85.403,85.292,85.338,85.347,85.432,85.325,85.367
2025-05-23T18:00:00Z,85.337,85.368,85.253,85.302,85.365,85.396,85.282,85.335
2025-05-23T19:00:00Z,85.304,85.333,85.275,85.314,85.335,85.366,85.31,85.341
2025-05-23T20:00:00Z,85.316,85.347,85.276,85.3,85.343,85.387,85.328,85.375
2025-05-25T21:00:00Z,85.221,85.251,85.129,85.203,85.421,85.421,85.297,85.403
2025-05-25T22:00:00Z,85.213,85.644,85.213,85.541,85.357,85.7,85.341,85.583
2025-05-25T23:00:00Z,85.536,85.65,85.521,85.565,85.578,85.689,85.566,85.601
2025-05-26T00:00:00Z,85.565,85.606,85.452,85.458,85.6,85.644,85.484,85.491
2025-05-26T01:00:00Z,85.457,85.772,85.431,85.77,85.491,85.808,85.46,85.807
2025-05-26T02:00:00Z,85.766,85.804,85.679,85.74,85.807,85.844,85.719,85.768
2025-05-26T03:00:00Z,85.737,85.842,85.707,85.771,85.768,85.876,85.744,85.807
2025-05-26T04:00:00Z,85.768,85.894,85.74,85.85,85.804,85.931,85.772,85.882
2025-05-26T05:00:00Z,85.849,85.938,85.783,85.899,85.88,85.973,85.817,85.933
2025-05-26T06:00:00Z,85.899,86.034,85.889,85.987,85.931,86.065,85.925,86.022
2025-05-26T07:00:00Z,85.988,86.013,85.906,85.963,86.021,86.049,85.945,85.997
2025-05-26T08:00:00Z,85.961,86.01,85.887,85.979,85.999,86.04,85.916,86.018
2025-05-26T09:00:00Z,85.982,85.994,85.868,85.886,86.018,86.027,85.896,85.919
2025-05-26T10:00:00Z,85.888,85.961,85.88,85.919,85.921,85.991,85.91,85.954
2025-05-26T11:00:00Z,85.917,85.95,85.892,85.927,85.953,85.98,85.926,85.965
2025-05-26T12:00:00Z,85.928,85.944,85.9,85.926,85.967,85.978,85.931,85.957
2025-05-26T13:00:00Z,85.925,85.949,85.877,85.879,85.957,85.982,85.907,85.909
2025-05-26T14:00:00Z,85.878,85.884,85.771,85.818,85.909,85.914,85.804,85.848
2025-05-26T15:00:00Z,85.815,85.831,85.749,85.785,85.844,85.861,85.788,85.814
2025-05-26T16:00:00Z,85.785,85.791,85.666,85.673,85.815,85.824,85.704,85.71
2025-05-26T17:00:00Z,85.672,85.68,85.626,85.661,85.71,85.714,85.66,85.695
2025-05-26T18:00:00Z,85.662,85.676,85.634,85.646,85.695,85.709,85.673,85.683
2025-05-26T19:00:00Z,85.646,85.66,85.63,85.657,85.683,85.697,85.665,85.695
2025-05-26T20:00:00Z,85.657,85.689,85.643,85.665,85.693,85.736,85.687,85.727
2025-05-26T21:00:00Z,85.616,85.616,85.52,85.533,85.816,85.816,85.653,85.66
2025-05-26T22:00:00Z,85.535,85.643,85.493,85.557,85.627,85.702,85.58,85.594
2025-05-26T23:00:00Z,85.555,85.585,85.476,85.481,85.596,85.622,85.508,85.512
2025-05-27T00:00:00Z,85.477,85.497,85.347,85.408,85.508,85.533,85.378,85.443
2025-05-27T01:00:00Z,85.408,85.41,85.277,85.295,85.441,85.442,85.313,85.326
2025-05-27T02:00:00Z,85.291,85.291,85.169,85.242,85.322,85.322,85.2,85.274
2025-05-27T03:00:00Z,85.246,85.311,85.218,85.292,85.278,85.351,85.258,85.325
2025-05-27T04:00:00Z,85.29,85.423,85.289,85.393,85.326,85.455,85.324,85.433
2025-05-27T05:00:00Z,85.394,85.706,85.393,85.69,85.433,85.741,85.432,85.722
2025-05-27T06:00:00Z,85.692,85.803,85.642,85.744,85.729,85.838,85.683,85.776
2025-05-27T07:00:00Z,85.748,85.822,85.657,85.676,85.778,85.853,85.698,85.703
2025-05-27T08:00:00Z,85.676,85.774,85.648,85.713,85.702,85.801,85.677,85.744
2025-05-27T09:00:00Z,85.711,85.829,85.681,85.745,85.744,85.862,85.711,85.776
2025-05-27T10:00:00Z,85.743,85.836,85.674,85.767,85.775,85.873,85.706,85.798
2025-05-27T11:00:00Z,85.765,85.86,85.72,85.806,85.798,85.891,85.757,85.835
2025-05-27T12:00:00Z,85.806,85.953,85.742,85.942,85.836,85.984,85.773,85.975
2025-05-27T13:00:00Z,85.939,85.943,85.8,85.831,85.972,85.974,85.833,85.891
2025-05-27T14:00:00Z,85.833,85.954,85.783,85.843,85.891,85.988,85.817,85.869
2025-05-27T15:00:00Z,85.844,85.847,85.729,85.781,85.872,85.875,85.762,85.811
2025-05-27T16:00:00Z,85.778,85.88,85.758,85.86,85.809,85.91,85.79,85.889
2025-05-27T17:00:00Z,85.86,85.86,85.788,85.826,85.891,85.891,85.818,85.862
2025-05-27T18:00:00Z,85.827,85.836,85.77,85.797,85.864,85.87,85.801,85.829
2025-05-27T19:00:00Z,85.797,85.816,85.776,85.812,85.829,85.852,85.812,85.846
2025-05-27T20:00:00Z,85.817,85.861,85.778,85.822,85.85,85.899,85.809,85.866
2025-05-27T21:00:00Z,85.745,85.899,85.66,85.747,85.945,86.099,85.86,85.874
2025-05-27T22:00:00Z,85.747,85.827,85.747,85.756,85.871,85.889,85.787,85.796
2025-05-27T23:00:00Z,85.753,85.819,85.715,85.719,85.795,85.859,85.746,85.75
2025-05-28T00:00:00Z,85.714,85.716,85.537,85.675,85.746,85.748,85.574,85.708
2025-05-28T01:00:00Z,85.676,85.938,85.46,85.553,85.708,85.981,85.497,85.714
2025-05-28T02:00:00Z,85.544,86.086,85.439,86.032,85.714,86.119,85.618,86.072
2025-05-28T03:00:00Z,86.035,86.378,86.018,86.254,86.072,86.416,86.046,86.286
2025-05-28T04:00:00Z,86.251,86.266,85.872,85.89,86.284,86.303,85.91,85.924
2025-05-28T05:00:00Z,85.885,86.033,85.829,85.99,85.923,86.073,85.86,86.025
2025-05-28T06:00:00Z,85.993,86.139,85.866,86.129,86.026,86.169,85.9,86.159
2025-05-28T07:00:00Z,86.132,86.162,86.011,86.033,86.159,86.187,86.044,86.063
2025-05-28T08:00:00Z,86.035,86.074,85.937,86.055,86.062,86.105,85.969,86.077
2025-05-28T09:00:00Z,86.052,86.153,86.017,86.087,86.078,86.184,86.046,86.116
2025-05-28T10:00:00Z,86.089,86.137,86.024,86.091,86.116,86.17,86.054,86.115
2025-05-28T11:00:00Z,86.091,86.113,85.998,86.11,86.117,86.144,86.029,86.138
2025-05-28T12:00:00Z,86.11,86.154,86.035,86.056,86.135,86.183,86.062,86.088
2025-05-28T13:00:00Z,86.059,86.24,86.026,86.176,86.089,86.272,86.056,86.213
2025-05-28T14:00:00Z,86.176,86.3,86.149,86.287,86.207,86.334,86.182,86.315
2025-05-28T15:00:00Z,86.285,86.334,86.234,86.297,86.317,86.37,86.268,86.328
2025-05-28T16:00:00Z,86.298,86.369,86.285,86.306,86.328,86.405,86.318,86.341
2025-05-28T17:00:00Z,86.304,86.388,86.3,86.354,86.341,86.415,86.336,86.398
2025-05-28T18:00:00Z,86.342,86.407,86.285,86.315,86.394,86.433,86.318,86.35
2025-05-28T19:00:00Z,86.315,86.34,86.263,86.291,86.35,86.38,86.301,86.325
2025-05-28T20:00:00Z,86.293,86.403,86.252,86.391,86.326,86.462,86.291,86.449
2025-05-28T21:00:00Z,86.307,86.346,86.277,86.3,86.489,86.489,86.385,86.448
2025-05-28T22:00:00Z,86.301,86.536,86.296,86.53,86.45,86.577,86.409,86.574
2025-05-28T23:00:00Z,86.527,86.896,86.518,86.767,86.57,86.93,86.557,86.798
2025-05-29T00:00:00Z,86.767,86.962,86.763,86.957,86.795,87.001,86.793,86.997
2025-05-29T01:00:00Z,86.956,86.999,86.479,86.57,86.994,87.038,86.513,86.612
2025-05-29T02:00:00Z,86.572,86.58,86.387,86.478,86.614,86.623,86.429,86.512
2025-05-29T03:00:00Z,86.476,86.567,86.395,86.527,86.512,86.61,86.427,86.559
2025-05-29T04:00:00Z,86.53,86.592,86.467,86.581,86.561,86.623,86.5,86.612
2025-05-29T05:00:00Z,86.577,86.703,86.49,86.598,86.61,86.736,86.522,86.637
2025-05-29T06:00:00Z,86.604,86.796,86.562,86.629,86.64,86.831,86.586,86.664
2025-05-29T07:00:00Z,86.632,86.735,86.576,86.653,86.664,86.769,86.608,86.686
2025-05-29T08:00:00Z,86.653,86.679,86.546,86.555,86.688,86.711,86.576,86.588
2025-05-29T09:00:00Z,86.56,86.651,86.528,86.637,86.591,86.686,86.559,86.667
2025-05-29T10:00:00Z,86.636,86.652,86.508,86.543,86.667,86.682,86.534,86.574
2025-05-29T11:00:00Z,86.547,86.55,86.402,86.446,86.577,86.581,86.439,86.483
2025-05-29T12:00:00Z,86.448,86.524,86.352,86.461,86.481,86.6,86.395,86.493
2025-05-29T13:00:00Z,86.461,86.473,86.151,86.183,86.494,86.505,86.182,86.223
2025-05-29T14:00:00Z,86.178,86.301,86.146,86.289,86.217,86.334,86.176,86.321
2025-05-29T15:00:00Z,86.284,86.302,86.079,86.121,86.317,86.337,86.116,86.154
2025-05-29T16:00:00Z,86.118,86.219,86.085,86.2,86.15,86.248,86.122,86.229
2025-05-29T17:00:00Z,86.199,86.209,86.127,86.137,86.229,86.24,86.164,86.17
2025-05-29T18:00:00Z,86.134,86.185,86.121,86.131,86.17,86.213,86.158,86.172
2025-05-29T19:00:00Z,86.131,86.171,86.102,86.138,86.172,86.202,86.136,86.176
2025-05-29T20:00:00Z,86.141,86.145,85.993,86.009,86.177,86.185,86.033,86.073
2025-05-29T21:00:00Z,86.01,86.065,85.926,85.928,86.073,86.265,86.073,86.128
2025-05-29T22:00:00Z,85.955,86.109,85.942,86.015,86.155,86.156,86.005,86.059
2025-05-29T23:00:00Z,86.011,86.114,85.886,85.886,86.059,86.15,85.914,85.915
2025-05-30T00:00:00Z,85.886,86.044,85.827,85.996,85.913,86.079,85.857,86.029
2025-05-30T01:00:00Z,85.997,86.019,85.757,85.809,86.027,86.054,85.79,85.843
2025-05-30T02:00:00Z,85.808,85.85,85.723,85.802,85.841,85.885,85.757,85.834
2025-05-30T03:00:00Z,85.799,85.85,85.773,85.788,85.831,85.881,85.808,85.82
2025-05-30T04:00:00Z,85.786,85.845,85.726,85.816,85.819,85.882,85.756,85.851
2025-05-30T05:00:00Z,85.817,86.039,85.814,85.968,85.853,86.074,85.85,86.007
2025-05-30T06:00:00Z,85.971,86.048,85.806,85.823,86.007,86.074,85.842,85.857
2025-05-30T07:00:00Z,85.821,85.864,85.715,85.792,85.857,85.894,85.746,85.822
2025-05-30T08:00:00Z,85.797,85.831,85.701,85.707,85.827,85.858,85.729,85.733
2025-05-30T09:00:00Z,85.707,85.789,85.663,85.75,85.735,85.816,85.689,85.787
2025-05-30T10:00:00Z,85.75,85.767,85.668,85.709,85.789,85.799,85.699,85.731
2025-05-30T11:00:00Z,85.712,85.765,85.653,85.67,85.735,85.796,85.686,85.701
2025-05-30T12:00:00Z,85.673,85.701,85.429,85.641,85.701,85.735,85.465,85.669
2025-05-30T13:00:00Z,85.643,85.734,85.611,85.662,85.672,85.769,85.642,85.73
2025-05-30T14:00:00Z,85.661,86.162,85.647,86.109,85.733,86.194,85.677,86.138
2025-05-30T15:00:00Z,86.111,86.132,85.989,86.057,86.134,86.159,86.023,86.087
2025-05-30T16:00:00Z,86.059,86.063,85.743,85.772,86.091,86.098,85.775,85.805
2025-05-30T17:00:00Z,85.77,85.943,85.759,85.891,85.803,85.974,85.792,85.921
2025-05-30T18:00:00Z,85.896,85.991,85.873,85.922,85.927,86.02,85.907,85.963
2025-05-30T19:00:00Z,85.923,85.992,85.922,85.93,85.963,86.021,85.96,85.969
2025-05-30T20:00:00Z,85.927,85.971,85.871,85.883,85.968,86.055,85.937,85.961
2025-06-01T21:00:00Z,85.781,85.866,85.663,85.852,85.981,86.066,85.863,86.052
2025-06-01T22:00:00Z,85.724,85.957,85.724,85.922,85.924,85.997,85.861,85.969
2025-06-01T23:00:00Z,85.924,85.964,85.873,85.881,85.97,85.995,85.9,85.911
2025-06-02T00:00:00Z,85.878,86.071,85.862,86.008,85.909,86.111,85.901,86.044
2025-06-02T01:00:00Z,86.009,86.174,85.993,86.009,86.046,86.214,86.028,86.041
2025-06-02T02:00:00Z,86.007,86.225,85.999,86.118,86.039,86.256,86.034,86.156
2025-06-02T03:00:00Z,86.118,86.144,85.997,86.008,86.154,86.179,86.031,86.04
2025-06-02T04:00:00Z,86.013,86.067,85.99,86.037,86.045,86.099,86.023,86.07
2025-06-02T05:00:00Z,86.04,86.084,85.926,85.965,86.072,86.113,85.954,85.993
2025-06-02T06:00:00Z,85.968,86.007,85.87,85.983,85.995,86.037,85.898,86.016
2025-06-02T07:00:00Z,85.981,86.129,85.976,86.021,86.014,86.157,86.007,86.052
2025-06-02T08:00:00Z,86.021,86.072,85.919,85.953,86.051,86.103,85.953,85.987
2025-06-02T09:00:00Z,85.952,86.032,85.935,86.024,85.987,86.06,85.964,86.055
2025-06-02T10:00:00Z,86.027,86.04,85.929,85.931,86.055,86.073,85.96,85.965
2025-06-02T11:00:00Z,85.932,85.95,85.779,85.836,85.965,85.983,85.814,85.865
2025-06-02T12:00:00Z,85.837,85.986,85.826,85.951,85.867,86.018,85.86,85.986
2025-06-02T13:00:00Z,85.955,85.981,85.856,85.916,85.99,86.023,85.886,86.023
2025-06-02T14:00:00Z,85.852,86.102,85.791,86.085,86.052,86.134,85.824,86.116
2025-06-02T15:00:00Z,86.084,86.172,86.073,86.122,86.12,86.202,86.107,86.153
2025-06-02T16:00:00Z,86.119,86.162,86.044,86.082,86.151,86.196,86.078,86.119
2025-06-02T17:00:00Z,86.079,86.103,86.054,86.092,86.118,86.141,86.088,86.124
2025-06-02T18:00:00Z,86.092,86.168,86.042,86.162,86.122,86.203,86.074,86.198
2025-06-02T19:00:00Z,86.162,86.213,86.141,86.21,86.198,86.248,86.174,86.244
2025-06-02T20:00:00Z,86.206,86.232,86.104,86.11,86.24,86.265,86.152,86.155
2025-06-02T21:00:00Z,85.991,86.067,85.965,86.012,86.191,86.201,86.102,86.122
2025-06-02T22:00:00Z,86.012,86.094,85.985,86.016,86.118,86.137,86.046,86.058
2025-06-02T23:00:00Z,86.015,86.139,86.001,86.125,86.056,86.18,86.038,86.158
2025-06-03T00:00:00Z,86.128,86.394,86.123,86.351,86.16,86.427,86.155,86.383
2025-06-03T01:00:00Z,86.352,86.519,86.295,86.423,86.383,86.555,86.33,86.46
2025-06-03T02:00:00Z,86.421,86.48,86.009,86.04,86.457,86.513,86.046,86.073
2025-06-03T03:00:00Z,86.037,86.166,86.009,86.087,86.071,86.199,86.043,86.119
2025-06-03T04:00:00Z,86.085,86.096,85.927,85.96,86.117,86.127,85.959,85.992
2025-06-03T05:00:00Z,85.96,85.994,85.774,85.891,85.994,86.027,85.806,85.921
2025-06-03T06:00:00Z,85.893,85.904,85.642,85.749,85.922,85.934,85.675,85.782
2025-06-03T07:00:00Z,85.749,85.767,85.554,85.671,85.783,85.799,85.583,85.696
2025-06-03T08:00:00Z,85.669,85.696,85.526,85.646,85.694,85.725,85.557,85.682
2025-06-03T09:00:00Z,85.643,85.828,85.615,85.78,85.677,85.859,85.652,85.81
2025-06-03T10:00:00Z,85.78,85.82,85.727,85.78,85.808,85.85,85.758,85.814
2025-06-03T11:00:00Z,85.78,85.869,85.756,85.807,85.815,85.899,85.785,85.837
2025-06-03T12:00:00Z,85.805,85.957,85.773,85.957,85.835,85.989,85.8,85.989
2025-06-03T13:00:00Z,85.957,86.141,85.957,86.05,85.988,86.177,85.988,86.169
2025-06-03T14:00:00Z,86.053,86.416,86.036,86.313,86.173,86.449,86.163,86.34
2025-06-03T15:00:00Z,86.313,86.363,86.264,86.318,86.342,86.396,86.296,86.347
2025-06-03T16:00:00Z,86.312,86.402,86.312,86.357,86.342,86.44,86.342,86.396
2025-06-03T17:00:00Z,86.356,86.433,86.35,86.362,86.391,86.464,86.383,86.393
2025-06-03T18:00:00Z,86.36,86.386,86.299,86.385,86.396,86.426,86.336,86.426
2025-06-03T19:00:00Z,86.385,86.422,86.355,86.399,86.426,86.456,86.394,86.436
2025-06-03T20:00:00Z,86.399,86.413,86.319,86.319,86.435,86.45,86.387,86.407
2025-06-03T21:00:00Z,86.331,86.331,86.08,86.26,86.395,86.498,86.28,86.373
2025-06-03T22:00:00Z,86.26,86.446,86.26,86.391,86.365,86.493,86.365,86.438
2025-06-03T23:00:00Z,86.387,86.428,86.331,86.349,86.434,86.458,86.363,86.386
2025-06-04T00:00:00Z,86.346,86.435,86.271,86.411,86.383,86.471,86.306,86.445
2025-06-04T01:00:00Z,86.411,86.503,86.252,86.315,86.442,86.539,86.289,86.353
2025-06-04T02:00:00Z,86.315,86.451,86.3,86.376,86.354,86.489,86.336,86.408
2025-06-04T03:00:00Z,86.375,86.449,86.363,86.445,86.408,86.482,86.397,86.479
2025-06-04T04:00:00Z,86.447,86.498,86.415,86.483,86.479,86.533,86.452,86.521
2025-06-04T05:00:00Z,86.488,86.529,86.442,86.459,86.523,86.556,86.471,86.494
2025-06-04T06:00:00Z,86.459,86.508,86.34,86.412,86.492,86.542,86.377,86.445
2025-06-04T07:00:00Z,86.412,86.503,86.354,86.466,86.443,86.536,86.384,86.494
2025-06-04T08:00:00Z,86.468,86.551,86.435,86.508,86.498,86.577,86.469,86.543
2025-06-04T09:00:00Z,86.511,86.642,86.485,86.601,86.542,86.672,86.517,86.63
2025-06-04T10:00:00Z,86.605,86.733,86.579,86.703,86.634,86.769,86.606,86.74
2025-06-04T11:00:00Z,86.706,86.808,86.654,86.745,86.74,86.842,86.686,86.775
2025-06-04T12:00:00Z,86.743,86.764,86.398,86.444,86.774,86.795,86.43,86.48
2025-06-04T13:00:00Z,86.445,86.552,86.396,86.396,86.479,86.584,86.45,86.584
2025-06-04T14:00:00Z,86.386,86.424,86.237,86.316,86.586,86.586,86.278,86.347
2025-06-04T15:00:00Z,86.316,86.344,86.085,86.17,86.344,86.375,86.119,86.202
2025-06-04T16:00:00Z,86.17,86.184,86.073,86.101,86.201,86.212,86.104,86.127
2025-06-04T17:00:00Z,86.1,86.17,86.079,86.165,86.127,86.2,86.108,86.196
2025-06-04T18:00:00Z,86.165,86.174,86.12,86.126,86.195,86.203,86.15,86.158
2025-06-04T19:00:00Z,86.126,86.145,86.082,86.093,86.158,86.181,86.116,86.124
2025-06-04T20:00:00Z,86.088,86.094,85.963,85.991,86.118,86.128,86.009,86.045
2025-06-04T21:00:00Z,85.965,86.029,85.951,85.964,86.118,86.198,86.076,86.099
2025-06-04T22:00:00Z,85.964,86.1,85.964,86.075,86.095,86.136,86.045,86.109
2025-06-04T23:00:00Z,86.077,86.079,85.956,85.988,86.105,86.118,85.994,86.017
2025-06-05T00:00:00Z,85.988,86.186,85.986,86.093,86.02,86.217,86.017,86.127
2025-06-05T01:00:00Z,86.096,86.256,86.094,86.202,86.129,86.295,86.129,86.239
2025-06-05T02:00:00Z,86.2,86.262,86.111,86.239,86.234,86.295,86.15,86.274
2025-06-05T03:00:00Z,86.239,86.298,86.17,86.214,86.275,86.327,86.203,86.247
2025-06-05T04:00:00Z,86.212,86.267,86.162,86.261,86.245,86.299,86.197,86.292
2025-06-05T05:00:00Z,86.263,86.334,86.209,86.267,86.295,86.363,86.241,86.299
2025-06-05T06:00:00Z,86.267,86.389,86.25,86.374,86.298,86.422,86.279,86.403
2025-06-05T07:00:00Z,86.375,86.543,86.36,86.482,86.4,86.577,86.386,86.509
2025-06-05T08:00:00Z,86.484,86.553,86.451,86.53,86.511,86.588,86.475,86.563
2025-06-05T09:00:00Z,86.532,86.618,86.516,86.584,86.564,86.651,86.548,86.617
2025-06-05T10:00:00Z,86.586,86.628,86.545,86.547,86.617,86.658,86.578,86.581
2025-06-05T11:00:00Z,86.547,86.652,86.535,86.606,86.58,86.681,86.568,86.636
2025-06-05T12:00:00Z,86.608,86.915,86.47,86.789,86.636,86.966,86.512,86.823
2025-06-05T13:00:00Z,86.792,86.959,86.684,86.754,86.823,86.996,86.718,86.783
2025-06-05T14:00:00Z,86.754,87.001,86.715,86.878,86.784,87.038,86.749,86.907
2025-06-05T15:00:00Z,86.88,86.961,86.832,86.922,86.907,86.995,86.868,86.954
2025-06-05T16:00:00Z,86.922,86.97,86.712,86.722,86.955,87.002,86.747,86.761
2025-06-05T17:00:00Z,86.722,86.915,86.709,86.852,86.759,86.948,86.749,86.89
2025-06-05T18:00:00Z,86.852,86.864,86.667,86.752,86.889,86.896,86.701,86.788
2025-06-05T19:00:00Z,86.752,86.802,86.625,86.726,86.788,86.836,86.657,86.762
2025-06-05T20:00:00Z,86.723,86.768,86.617,86.636,86.758,86.8,86.655,86.683
2025-06-05T21:00:00Z,86.546,86.579,86.52,86.557,86.746,86.755,86.693,86.745
2025-06-05T22:00:00Z,86.576,86.663,86.54,86.657,86.753,86.753,86.597,86.688
2025-06-05T23:00:00Z,86.655,86.736,86.641,86.709,86.69,86.773,86.67,86.743
2025-06-06T00:00:00Z,86.713,86.896,86.713,86.848,86.749,86.928,86.749,86.875
2025-06-06T01:00:00Z,86.847,86.927,86.78,86.788,86.876,86.956,86.808,86.819
2025-06-06T02:00:00Z,86.789,86.817,86.698,86.778,86.819,86.849,86.727,86.813
2025-06-06T03:00:00Z,86.778,86.87,86.734,86.842,86.812,86.898,86.767,86.871
2025-06-06T04:00:00Z,86.843,86.995,86.841,86.981,86.874,87.028,86.87,87.009
2025-06-06T05:00:00Z,86.983,86.983,86.893,86.913,87.008,87.012,86.924,86.946
2025-06-06T06:00:00Z,86.907,87.011,86.866,86.936,86.94,87.039,86.894,86.966
2025-06-06T07:00:00Z,86.935,87.022,86.877,86.914,86.968,87.054,86.911,86.95
2025-06-06T08:00:00Z,86.914,86.914,86.746,86.791,86.948,86.948,86.779,86.825
2025-06-06T09:00:00Z,86.792,86.938,86.752,86.878,86.825,86.97,86.783,86.912
2025-06-06T10:00:00Z,86.877,86.943,86.834,86.929,86.909,86.98,86.863,86.959
2025-06-06T11:00:00Z,86.933,87.001,86.912,86.923,86.963,87.036,86.946,86.951
2025-06-06T12:00:00Z,86.921,87.174,86.867,87.117,86.951,87.295,86.93,87.153
2025-06-06T13:00:00Z,87.116,87.22,87.044,87.156,87.154,87.253,87.067,87.188
2025-06-06T14:00:00Z,87.15,87.252,87.104,87.113,87.186,87.284,87.137,87.145
2025-06-06T15:00:00Z,87.113,87.199,87.038,87.173,87.139,87.233,87.07,87.208
2025-06-06T16:00:00Z,87.174,87.191,87.08,87.112,87.208,87.22,87.117,87.145
2025-06-06T17:00:00Z,87.11,87.177,87.089,87.161,87.143,87.212,87.12,87.196
2025-06-06T18:00:00Z,87.16,87.229,87.158,87.209,87.196,87.261,87.192,87.243
2025-06-06T19:00:00Z,87.206,87.212,87.129,87.136,87.24,87.246,87.161,87.172
2025-06-06T20:00:00Z,87.135,87.198,87.063,87.111,87.169,87.234,87.159,87.193
2025-06-08T21:00:00Z,87.123,87.14,86.999,87.084,87.203,87.305,87.199,87.284
2025-06-08T22:00:00Z,87.092,87.176,87.087,87.146,87.292,87.292,87.13,87.191
2025-06-08T23:00:00Z,87.147,87.184,87.113,87.113,87.191,87.218,87.149,87.151
2025-06-09T00:00:00Z,87.111,87.228,87.045,87.2,87.149,87.257,87.08,87.237
2025-06-09T01:00:00Z,87.203,87.263,87.131,87.191,87.239,87.295,87.166,87.228
2025-06-09T02:00:00Z,87.185,87.226,87.109,87.163,87.22,87.258,87.151,87.193
2025-06-09T03:00:00Z,87.161,87.223,87.127,87.198,87.189,87.258,87.158,87.23
2025-06-09T04:00:00Z,87.2,87.2,87.097,87.141,87.231,87.232,87.133,87.173
2025-06-09T05:00:00Z,87.14,87.223,87.118,87.162,87.173,87.254,87.146,87.197
2025-06-09T06:00:00Z,87.167,87.227,87.108,87.171,87.199,87.253,87.139,87.201
2025-06-09T07:00:00Z,87.174,87.25,87.117,87.171,87.203,87.284,87.148,87.2
2025-06-09T08:00:00Z,87.174,87.36,87.16,87.32,87.204,87.39,87.192,87.353
2025-06-09T09:00:00Z,87.323,87.352,87.245,87.32,87.357,87.382,87.28,87.353
2025-06-09T10:00:00Z,87.321,87.344,87.236,87.281,87.355,87.375,87.271,87.315
2025-06-09T11:00:00Z,87.28,87.436,87.259,87.4,87.315,87.468,87.294,87.425
2025-06-09T12:00:00Z,87.402,87.407,87.295,87.355,87.429,87.438,87.326,87.383
2025-06-09T13:00:00Z,87.356,87.407,87.3,87.35,87.385,87.437,87.333,87.383
2025-06-09T14:00:00Z,87.351,87.431,87.341,87.394,87.383,87.464,87.372,87.423
2025-06-09T15:00:00Z,87.394,87.459,87.38,87.407,87.424,87.486,87.408,87.432
2025-06-09T16:00:00Z,87.406,87.411,87.359,87.376,87.433,87.442,87.395,87.413
2025-06-09T17:00:00Z,87.379,87.415,87.356,87.411,87.413,87.445,87.389,87.44
2025-06-09T18:00:00Z,87.411,87.532,87.392,87.519,87.441,87.564,87.425,87.556
2025-06-09T19:00:00Z,87.519,87.519,87.439,87.465,87.556,87.556,87.472,87.497
2025-06-09T20:00:00Z,87.469,87.475,87.407,87.422,87.501,87.508,87.444,87.472
2025-06-09T21:00:00Z,87.335,87.335,87.279,87.286,87.535,87.535,87.458,87.486
2025-06-09T22:00:00Z,87.276,87.47,87.276,87.45,87.461,87.52,87.441,87.482
2025-06-09T23:00:00Z,87.444,87.478,87.416,87.437,87.476,87.51,87.452,87.469
2025-06-10T00:00:00Z,87.435,87.551,87.433,87.476,87.466,87.579,87.465,87.507
2025-06-10T01:00:00Z,87.476,87.576,87.467,87.523,87.506,87.608,87.496,87.553
2025-06-10T02:00:00Z,87.525,87.657,87.477,87.525,87.552,87.69,87.507,87.554
2025-06-10T03:00:00Z,87.528,87.681,87.445,87.679,87.555,87.716,87.482,87.713
2025-06-10T04:00:00Z,87.678,87.717,87.621,87.662,87.713,87.751,87.656,87.695
2025-06-10T05:00:00Z,87.661,87.681,87.226,87.342,87.695,87.719,87.262,87.378
2025-06-10T06:00:00Z,87.344,87.388,87.221,87.237,87.377,87.417,87.25,87.265
2025-06-10T07:00:00Z,87.238,87.388,87.195,87.308,87.265,87.416,87.227,87.339
2025-06-10T08:00:00Z,87.308,87.426,87.23,87.415,87.341,87.458,87.265,87.449
2025-06-10T09:00:00Z,87.413,87.512,87.34,87.482,87.448,87.544,87.372,87.508
2025-06-10T10:00:00Z,87.482,87.546,87.432,87.448,87.509,87.576,87.464,87.475
2025-06-10T11:00:00Z,87.448,87.495,87.409,87.483,87.473,87.529,87.44,87.514
2025-06-10T12:00:00Z,87.482,87.51,87.4,87.452,87.514,87.541,87.425,87.482
2025-06-10T13:00:00Z,87.452,87.546,87.44,87.518,87.483,87.577,87.47,87.545
2025-06-10T14:00:00Z,87.517,87.626,87.508,87.542,87.542,87.65,87.536,87.573
2025-06-10T15:00:00Z,87.545,87.575,87.414,87.552,87.575,87.602,87.445,87.587
2025-06-10T16:00:00Z,87.551,87.614,87.535,87.591,87.587,87.647,87.565,87.621
2025-06-10T17:00:00Z,87.591,87.598,87.548,87.55,87.618,87.626,87.576,87.584
2025-06-10T18:00:00Z,87.55,87.587,87.496,87.566,87.582,87.621,87.528,87.601
2025-06-10T19:00:00Z,87.566,87.65,87.555,87.634,87.601,87.682,87.59,87.675
2025-06-10T20:00:00Z,87.635,87.682,87.601,87.659,87.675,87.725,87.642,87.706
2025-06-10T21:00:00Z,87.593,87.635,87.553,87.59,87.793,87.802,87.716,87.79
2025-06-10T22:00:00Z,87.598,87.759,87.598,87.759,87.798,87.814,87.692,87.79
2025-06-10T23:00:00Z,87.758,87.9,87.672,87.757,87.79,87.935,87.71,87.783
2025-06-11T00:00:00Z,87.752,87.769,87.546,87.626,87.778,87.798,87.585,87.662
2025-06-11T01:00:00Z,87.627,87.682,87.476,87.486,87.664,87.719,87.508,87.518
2025-06-11T02:00:00Z,87.486,87.573,87.372,87.388,87.517,87.609,87.403,87.421
2025-06-11T03:00:00Z,87.387,87.509,87.332,87.502,87.421,87.539,87.369,87.535
2025-06-11T04:00:00Z,87.502,87.557,87.457,87.489,87.531,87.595,87.497,87.53
2025-06-11T05:00:00Z,87.492,87.579,87.484,87.488,87.532,87.614,87.521,87.523
2025-06-11T06:00:00Z,87.487,87.559,87.453,87.514,87.52,87.591,87.485,87.545
2025-06-11T07:00:00Z,87.514,87.588,87.469,87.526,87.546,87.618,87.499,87.557
2025-06-11T08:00:00Z,87.526,87.544,87.46,87.504,87.558,87.572,87.488,87.528
2025-06-11T09:00:00Z,87.503,87.582,87.447,87.569,87.528,87.616,87.481,87.6
2025-06-11T10:00:00Z,87.57,87.584,87.509,87.533,87.597,87.617,87.539,87.562
2025-06-11T11:00:00Z,87.532,87.588,87.488,87.57,87.562,87.615,87.516,87.599
2025-06-11T12:00:00Z,87.57,87.71,87.392,87.577,87.596,87.762,87.483,87.611
2025-06-11T13:00:00Z,87.574,87.625,87.445,87.611,87.609,87.655,87.478,87.644
2025-06-11T14:00:00Z,87.615,87.641,87.45,87.456,87.645,87.672,87.486,87.486
2025-06-11T15:00:00Z,87.452,87.491,87.31,87.338,87.487,87.522,87.339,87.365
2025-06-11T16:00:00Z,87.339,87.389,87.25,87.371,87.368,87.421,87.288,87.406
2025-06-11T17:00:00Z,87.37,87.431,87.314,87.314,87.403,87.46,87.343,87.343
2025-06-11T18:00:00Z,87.31,87.316,87.05,87.16,87.339,87.346,87.083,87.2
2025-06-11T19:00:00Z,87.16,87.171,87.056,87.135,87.2,87.208,87.095,87.172
2025-06-11T20:00:00Z,87.136,87.18,87.104,87.125,87.171,87.215,87.154,87.173
2025-06-11T21:00:00Z,87.097,87.098,87.008,87.054,87.241,87.251,87.168,87.184
2025-06-11T22:00:00Z,87.093,87.121,87.01,87.038,87.157,87.183,87.046,87.074
2025-06-11T23:00:00Z,87.04,87.069,86.972,87.009,87.075,87.106,87.005,87.043
2025-06-12T00:00:00Z,87.012,87.066,86.85,86.877,87.045,87.101,86.883,86.915
2025-06-12T01:00:00Z,86.878,86.902,86.549,86.693,86.915,86.938,86.588,86.725
2025-06-12T02:00:00Z,86.695,86.742,86.636,86.667,86.723,86.776,86.669,86.701
2025-06-12T03:00:00Z,86.668,86.917,86.663,86.884,86.7,86.952,86.69,86.915
2025-06-12T04:00:00Z,86.883,86.929,86.812,86.833,86.915,86.964,86.846,86.866
2025-06-12T05:00:00Z,86.833,86.87,86.756,86.816,86.87,86.899,86.802,86.848
2025-06-12T06:00:00Z,86.812,86.864,86.628,86.632,86.845,86.892,86.658,86.662
2025-06-12T07:00:00Z,86.631,86.726,86.505,86.511,86.663,86.757,86.538,86.546
2025-06-12T08:00:00Z,86.511,86.772,86.497,86.752,86.545,86.804,86.531,86.783
2025-06-12T09:00:00Z,86.753,86.818,86.699,86.699,86.783,86.85,86.729,86.731
2025-06-12T10:00:00Z,86.7,86.838,86.679,86.834,86.731,86.868,86.71,86.862
2025-06-12T11:00:00Z,86.831,87.011,86.796,86.916,86.86,87.048,86.825,86.946
2025-06-12T12:00:00Z,86.923,87.004,86.849,86.867,86.952,87.074,86.879,86.901
2025-06-12T13:00:00Z,86.867,86.898,86.779,86.87,86.899,86.935,86.811,86.904
2025-06-12T14:00:00Z,86.869,87.155,86.869,87.139,86.904,87.183,86.903,87.167
2025-06-12T15:00:00Z,87.138,87.225,87.031,87.06,87.168,87.255,87.061,87.084
2025-06-12T16:00:00Z,87.059,87.108,86.998,87.039,87.085,87.14,87.039,87.076
2025-06-12T17:00:00Z,87.038,87.068,86.984,86.993,87.072,87.102,87.015,87.022
2025-06-12T18:00:00Z,86.995,87.032,86.975,87.002,87.024,87.064,87.004,87.041
2025-06-12T19:00:00Z,87.002,87.049,86.998,87.044,87.041,87.081,87.032,87.076
2025-06-12T20:00:00Z,87.046,87.087,87.022,87.059,87.078,87.122,87.058,87.105
2025-06-12T21:00:00Z,87.01,87.081,86.973,86.999,87.141,87.281,87.124,87.199
2025-06-12T22:00:00Z,87.023,87.083,86.99,87.011,87.133,87.133,87.027,87.043
2025-06-12T23:00:00Z,87.012,87.016,86.768,86.774,87.043,87.051,86.8,86.808
2025-06-13T00:00:00Z,86.778,86.825,85.857,86.015,86.808,86.861,85.893,86.047
2025-06-13T01:00:00Z,86.016,86.364,85.821,86.303,86.049,86.4,85.86,86.334
2025-06-13T02:00:00Z,86.303,86.502,86.109,86.176,86.332,86.536,86.141,86.206
2025-06-13T03:00:00Z,86.172,86.56,86.141,86.444,86.204,86.594,86.17,86.469
2025-06-13T04:00:00Z,86.444,86.456,86.283,86.289,86.47,86.488,86.32,86.327
2025-06-13T05:00:00Z,86.289,86.434,86.245,86.274,86.328,86.465,86.276,86.307
2025-06-13T06:00:00Z,86.27,86.406,86.247,86.373,86.301,86.441,86.28,86.406
2025-06-13T07:00:00Z,86.376,86.543,86.296,86.463,86.407,86.58,86.324,86.496
2025-06-13T08:00:00Z,86.465,86.602,86.444,86.535,86.497,86.636,86.475,86.566
2025-06-13T09:00:00Z,86.535,86.628,86.509,86.601,86.568,86.657,86.542,86.634
2025-06-13T10:00:00Z,86.602,86.614,86.488,86.581,86.634,86.646,86.522,86.614
2025-06-13T11:00:00Z,86.579,86.735,86.546,86.554,86.614,86.767,86.577,86.583
2025-06-13T12:00:00Z,86.554,86.688,86.538,86.68,86.582,86.721,86.566,86.714
2025-06-13T13:00:00Z,86.677,86.779,86.621,86.689,86.712,86.811,86.649,86.761
2025-06-13T14:00:00Z,86.688,86.966,86.662,86.877,86.755,86.999,86.698,86.91
2025-06-13T15:00:00Z,86.877,86.995,86.855,86.912,86.911,87.029,86.887,86.946
2025-06-13T16:00:00Z,86.91,86.981,86.879,86.944,86.945,87.008,86.915,86.975
2025-06-13T17:00:00Z,86.942,86.944,86.809,86.827,86.974,86.975,86.841,86.858
2025-06-13T18:00:00Z,86.829,86.863,86.506,86.623,86.859,86.894,86.537,86.655
2025-06-13T19:00:00Z,86.621,86.669,86.549,86.658,86.655,86.703,86.581,86.693
2025-06-13T20:00:00Z,86.655,86.707,86.584,86.679,86.688,86.827,86.624,86.765
2025-06-15T21:00:00Z,86.479,86.828,86.464,86.696,86.679,86.98,86.664,86.896
2025-06-15T22:00:00Z,86.683,86.953,86.663,86.835,86.883,87.021,86.733,86.895
2025-06-15T23:00:00Z,86.835,87.013,86.815,86.979,86.893,87.051,86.874,87.014
2025-06-16T00:00:00Z,86.976,87.034,86.916,86.934,87.012,87.066,86.952,86.967
2025-06-16T01:00:00Z,86.935,86.939,86.719,86.871,86.966,86.973,86.757,86.904
2025-06-16T02:00:00Z,86.869,86.953,86.791,86.884,86.907,86.991,86.823,86.916
2025-06-16T03:00:00Z,86.883,86.919,86.706,86.818,86.913,86.953,86.74,86.851
2025-06-16T04:00:00Z,86.818,86.872,86.754,86.791,86.852,86.905,86.789,86.824
2025-06-16T05:00:00Z,86.79,86.856,86.775,86.819,86.825,86.888,86.809,86.85
2025-06-16T06:00:00Z,86.818,86.985,86.73,86.962,86.85,87.016,86.761,86.991
2025-06-16T07:00:00Z,86.96,87.083,86.901,86.916,86.991,87.112,86.928,86.945
2025-06-16T08:00:00Z,86.913,87.111,86.906,87.103,86.943,87.137,86.938,87.133
2025-06-16T09:00:00Z,87.104,87.135,87.032,87.072,87.133,87.171,87.062,87.102
2025-06-16T10:00:00Z,87.067,87.105,87.035,87.047,87.099,87.135,87.065,87.076
2025-06-16T11:00:00Z,87.045,87.24,87.02,87.225,87.075,87.272,87.049,87.256
2025-06-16T12:00:00Z,87.225,87.351,87.213,87.287,87.254,87.383,87.24,87.317
2025-06-16T13:00:00Z,87.289,87.366,87.193,87.333,87.316,87.4,87.225,87.364
2025-06-16T14:00:00Z,87.337,87.525,87.287,87.483,87.366,87.559,87.318,87.515
2025-06-16T15:00:00Z,87.487,87.54,87.432,87.494,87.516,87.568,87.459,87.524
2025-06-16T16:00:00Z,87.495,87.671,87.494,87.623,87.524,87.703,87.523,87.652
2025-06-16T17:00:00Z,87.623,87.694,87.582,87.641,87.653,87.726,87.607,87.673
2025-06-16T18:00:00Z,87.641,87.767,87.636,87.752,87.672,87.8,87.666,87.785
2025-06-16T19:00:00Z,87.752,87.753,87.673,87.712,87.785,87.785,87.706,87.737
2025-06-16T20:00:00Z,87.712,87.733,87.633,87.68,87.741,87.765,87.667,87.753
2025-06-16T21:00:00Z,87.647,87.647,87.472,87.536,87.733,87.811,87.672,87.736
2025-06-16T22:00:00Z,87.533,87.718,87.487,87.528,87.713,87.789,87.522,87.56
2025-06-16T23:00:00Z,87.522,87.67,87.478,87.527,87.56,87.705,87.514,87.561
2025-06-17T00:00:00Z,87.531,87.781,87.499,87.757,87.563,87.811,87.534,87.793
2025-06-17T01:00:00Z,87.757,87.77,87.607,87.732,87.795,87.805,87.642,87.764
2025-06-17T02:00:00Z,87.732,87.886,87.678,87.858,87.762,87.928,87.715,87.891
2025-06-17T03:00:00Z,87.861,87.87,87.697,87.736,87.892,87.914,87.742,87.778
2025-06-17T04:00:00Z,87.736,87.748,87.582,87.685,87.776,87.787,87.618,87.719
2025-06-17T05:00:00Z,87.688,87.736,87.628,87.662,87.721,87.77,87.666,87.696
2025-06-17T06:00:00Z,87.67,87.872,87.654,87.869,87.705,87.903,87.686,87.902
2025-06-17T07:00:00Z,87.871,87.963,87.657,87.683,87.902,87.997,87.689,87.712
2025-06-17T08:00:00Z,87.687,87.929,87.648,87.877,87.714,87.956,87.676,87.911
2025-06-17T09:00:00Z,87.879,87.982,87.752,87.756,87.914,88.01,87.785,87.785
2025-06-17T10:00:00Z,87.757,87.848,87.752,87.811,87.788,87.884,87.782,87.841
2025-06-17T11:00:00Z,87.814,87.869,87.726,87.788,87.843,87.902,87.759,87.822
2025-06-17T12:00:00Z,87.789,87.884,87.687,87.75,87.825,87.916,87.763,87.783
2025-06-17T13:00:00Z,87.753,87.976,87.736,87.922,87.781,88.008,87.768,87.953
2025-06-17T14:00:00Z,87.929,87.971,87.704,87.748,87.961,88.003,87.737,87.779
2025-06-17T15:00:00Z,87.749,87.803,87.645,87.766,87.782,87.837,87.674,87.798
2025-06-17T16:00:00Z,87.769,87.813,87.594,87.62,87.799,87.845,87.629,87.652
2025-06-17T17:00:00Z,87.615,87.655,87.351,87.395,87.649,87.686,87.386,87.426
2025-06-17T18:00:00Z,87.395,87.427,87.267,87.362,87.425,87.458,87.295,87.403
2025-06-17T19:00:00Z,87.362,87.379,87.297,87.308,87.403,87.415,87.334,87.341
2025-06-17T20:00:00Z,87.307,87.348,87.265,87.346,87.342,87.405,87.301,87.401
2025-06-17T21:00:00Z,87.339,87.388,87.211,87.323,87.393,87.588,87.356,87.523
2025-06-17T22:00:00Z,87.371,87.457,87.269,87.329,87.523,87.523,87.312,87.373
2025-06-17T23:00:00Z,87.329,87.466,87.3,87.462,87.37,87.498,87.341,87.491
2025-06-18T00:00:00Z,87.461,87.537,87.365,87.443,87.494,87.57,87.401,87.478
2025-06-18T01:00:00Z,87.445,87.534,87.4,87.413,87.478,87.568,87.438,87.443
2025-06-18T02:00:00Z,87.407,87.471,87.341,87.411,87.443,87.502,87.38,87.448
2025-06-18T03:00:00Z,87.405,87.442,87.362,87.382,87.441,87.476,87.392,87.415
2025-06-18T04:00:00Z,87.382,87.471,87.321,87.47,87.413,87.498,87.348,87.498
2025-06-18T05:00:00Z,87.471,87.497,87.382,87.418,87.498,87.527,87.41,87.45
2025-06-18T06:00:00Z,87.415,87.511,87.375,87.39,87.451,87.543,87.404,87.426
2025-06-18T07:00:00Z,87.389,87.462,87.319,87.335,87.426,87.495,87.35,87.365
2025-06-18T08:00:00Z,87.335,87.438,87.316,87.325,87.369,87.467,87.346,87.357
2025-06-18T09:00:00Z,87.324,87.394,87.293,87.344,87.357,87.426,87.325,87.373
2025-06-18T10:00:00Z,87.347,87.365,87.106,87.124,87.375,87.397,87.134,87.158
2025-06-18T11:00:00Z,87.126,87.273,87.118,87.247,87.158,87.303,87.152,87.28
2025-06-18T12:00:00Z,87.247,87.311,87.211,87.285,87.278,87.339,87.243,87.31
2025-06-18T13:00:00Z,87.286,87.317,87.133,87.262,87.313,87.348,87.165,87.298
2025-06-18T14:00:00Z,87.262,87.49,87.215,87.41,87.296,87.518,87.246,87.441
2025-06-18T15:00:00Z,87.413,87.444,87.344,87.349,87.441,87.474,87.376,87.383
2025-06-18T16:00:00Z,87.348,87.397,87.3,87.322,87.38,87.43,87.333,87.356
2025-06-18T17:00:00Z,87.322,87.367,87.268,87.31,87.353,87.399,87.305,87.39
2025-06-18T18:00:00Z,87.358,87.423,87.225,87.337,87.558,87.558,87.327,87.37
2025-06-18T19:00:00Z,87.337,87.444,87.315,87.384,87.37,87.478,87.352,87.423
2025-06-18T20:00:00Z,87.385,87.466,87.382,87.423,87.423,87.505,87.419,87.486
2025-06-18T21:00:00Z,87.419,87.419,87.28,87.371,87.481,87.576,87.424,87.571
2025-06-18T22:00:00Z,87.365,87.468,87.28,87.405,87.545,87.545,87.378,87.441
2025-06-18T23:00:00Z,87.395,87.456,87.352,87.358,87.442,87.492,87.389,87.391
2025-06-19T00:00:00Z,87.356,87.378,87.178,87.18,87.392,87.414,87.215,87.218
2025-06-19T01:00:00Z,87.179,87.183,86.923,86.985,87.219,87.219,86.952,87.026
2025-06-19T02:00:00Z,86.984,87.059,86.824,86.993,87.022,87.099,86.856,87.025
2025-06-19T03:00:00Z,86.991,87.061,86.952,86.96,87.025,87.099,86.985,86.992
2025-06-19T04:00:00Z,86.956,87.008,86.916,86.947,86.989,87.046,86.955,86.979
2025-06-19T05:00:00Z,86.942,86.95,86.643,86.67,86.973,86.982,86.673,86.702
2025-06-19T06:00:00Z,86.67,86.741,86.631,86.739,86.701,86.773,86.669,86.771
2025-06-19T07:00:00Z,86.739,86.875,86.707,86.775,86.769,86.908,86.739,86.797
2025-06-19T08:00:00Z,86.775,86.96,86.73,86.924,86.798,86.995,86.762,86.951
2025-06-19T09:00:00Z,86.924,86.973,86.86,86.881,86.953,87.003,86.891,86.909
2025-06-19T10:00:00Z,86.879,87.04,86.861,87.013,86.909,87.067,86.894,87.041
2025-06-19T11:00:00Z,87.012,87.14,86.961,87.1,87.041,87.173,86.994,87.128
2025-06-19T12:00:00Z,87.101,87.118,86.888,86.902,87.128,87.146,86.92,86.935
2025-06-19T13:00:00Z,86.902,86.963,86.792,86.838,86.934,86.994,86.82,86.872
2025-06-19T14:00:00Z,86.837,86.923,86.775,86.903,86.87,86.953,86.806,86.934
2025-06-19T15:00:00Z,86.906,86.959,86.874,86.893,86.934,86.99,86.91,86.929
2025-06-19T16:00:00Z,86.893,86.958,86.87,86.907,86.928,86.991,86.9,86.936
2025-06-19T17:00:00Z,86.906,87.036,86.906,87.036,86.937,87.068,86.937,87.064
2025-06-19T18:00:00Z,87.036,87.072,87.011,87.055,87.065,87.106,87.044,87.087
2025-06-19T19:00:00Z,87.055,87.122,87.048,87.12,87.087,87.161,87.081,87.158
2025-06-19T20:00:00Z,87.115,87.133,87.071,87.131,87.159,87.199,87.114,87.199
2025-06-19T21:00:00Z,87.132,87.132,86.96,87.048,87.201,87.269,87.16,87.248
2025-06-19T22:00:00Z,87.062,87.225,87.062,87.19,87.239,87.269,87.151,87.235
2025-06-19T23:00:00Z,87.188,87.232,87.098,87.125,87.233,87.267,87.135,87.158
2025-06-20T00:00:00Z,87.122,87.221,87.087,87.178,87.158,87.253,87.124,87.21
2025-06-20T01:00:00Z,87.18,87.224,87.035,87.04,87.212,87.263,87.071,87.075
2025-06-20T02:00:00Z,87.041,87.094,87.001,87.027,87.077,87.131,87.038,87.061
2025-06-20T03:00:00Z,87.028,87.234,87.011,87.213,87.061,87.269,87.045,87.253
2025-06-20T04:00:00Z,87.214,87.305,87.178,87.271,87.253,87.336,87.212,87.302
2025-06-20T05:00:00Z,87.27,87.368,87.215,87.36,87.304,87.399,87.25,87.39
2025-06-20T06:00:00Z,87.36,87.373,87.106,87.138,87.392,87.403,87.134,87.171
2025-06-20T07:00:00Z,87.137,87.197,87.078,87.178,87.171,87.23,87.116,87.211
2025-06-20T08:00:00Z,87.178,87.197,87.089,87.112,87.21,87.229,87.124,87.142
2025-06-20T09:00:00Z,87.114,87.2,87.094,87.171,87.144,87.231,87.124,87.201
2025-06-20T10:00:00Z,87.174,87.182,87.111,87.127,87.203,87.211,87.144,87.157
2025-06-20T11:00:00Z,87.127,87.279,87.084,87.218,87.159,87.308,87.115,87.248
2025-06-20T12:00:00Z,87.22,87.274,87.17,87.226,87.249,87.305,87.202,87.259
2025-06-20T13:00:00Z,87.226,87.283,87.124,87.14,87.258,87.309,87.155,87.176
2025-06-20T14:00:00Z,87.142,87.201,86.966,87.117,87.173,87.229,86.999,87.147
2025-06-20T15:00:00Z,87.118,87.171,87.041,87.065,87.15,87.204,87.071,87.094
2025-06-20T16:00:00Z,87.062,87.143,87.047,87.113,87.097,87.178,87.082,87.145
2025-06-20T17:00:00Z,87.109,87.143,87.045,87.119,87.143,87.172,87.076,87.154
2025-06-20T18:00:00Z,87.119,87.17,87.096,87.124,87.156,87.203,87.128,87.164
2025-06-20T19:00:00Z,87.124,87.206,87.111,87.182,87.165,87.24,87.144,87.222
2025-06-20T20:00:00Z,87.18,87.204,87.059,87.139,87.221,87.298,87.135,87.229
2025-06-22T21:00:00Z,87.178,87.25,87.007,87.012,87.351,87.45,87.193,87.212
2025-06-22T22:00:00Z,87.088,87.229,86.744,87.176,87.288,87.291,86.841,87.224
2025-06-22T23:00:00Z,87.18,87.264,87.126,87.144,87.226,87.296,87.163,87.18
2025-06-23T00:00:00Z,87.143,87.263,87.07,87.173,87.181,87.303,87.109,87.207
2025-06-23T01:00:00Z,87.177,87.281,87.086,87.188,87.21,87.317,87.123,87.229
2025-06-23T02:00:00Z,87.191,87.223,86.995,87.005,87.228,87.26,87.027,87.033
2025-06-23T03:00:00Z,87.005,87.048,86.799,86.874,87.031,87.083,86.828,86.909
2025-06-23T04:00:00Z,86.876,87.071,86.87,87.027,86.909,87.107,86.904,87.056
2025-06-23T05:00:00Z,87.024,87.187,87.011,87.129,87.052,87.226,87.045,87.163
2025-06-23T06:00:00Z,87.129,87.289,87.118,87.255,87.161,87.324,87.155,87.289
2025-06-23T07:00:00Z,87.255,87.355,87.198,87.33,87.29,87.388,87.23,87.363
2025-06-23T08:00:00Z,87.33,87.379,87.249,87.271,87.362,87.412,87.28,87.299
2025-06-23T09:00:00Z,87.274,87.302,87.044,87.096,87.301,87.332,87.074,87.129
2025-06-23T10:00:00Z,87.092,87.166,87.041,87.124,87.122,87.202,87.072,87.156
2025-06-23T11:00:00Z,87.126,87.15,86.893,87.034,87.157,87.177,86.926,87.067
2025-06-23T12:00:00Z,87.037,87.071,86.849,86.925,87.068,87.102,86.878,86.959
2025-06-23T13:00:00Z,86.928,87.11,86.848,87.099,86.961,87.144,86.883,87.139
2025-06-23T14:00:00Z,87.099,87.179,87.011,87.119,87.14,87.209,87.043,87.149
2025-06-23T15:00:00Z,87.118,87.149,86.964,86.971,87.149,87.182,86.997,87.001
2025-06-23T16:00:00Z,86.971,87.055,86.801,86.929,87.004,87.09,86.838,86.963
2025-06-23T17:00:00Z,86.93,87.27,86.911,87.215,86.965,87.304,86.943,87.249
2025-06-23T18:00:00Z,87.216,87.304,87.154,87.291,87.251,87.342,87.19,87.331
2025-06-23T19:00:00Z,87.291,87.313,87.233,87.303,87.331,87.347,87.267,87.338
2025-06-23T20:00:00Z,87.305,87.348,87.273,87.328,87.337,87.385,87.305,87.373
2025-06-23T21:00:00Z,87.216,87.281,87.173,87.223,87.416,87.469,87.338,87.411
2025-06-23T22:00:00Z,87.246,87.383,87.203,87.339,87.396,87.449,87.279,87.382
2025-06-23T23:00:00Z,87.341,87.475,87.323,87.441,87.383,87.508,87.359,87.472
2025-06-24T00:00:00Z,87.445,87.469,87.283,87.303,87.476,87.5,87.314,87.332
2025-06-24T01:00:00Z,87.301,87.38,87.208,87.314,87.332,87.41,87.24,87.35
2025-06-24T02:00:00Z,87.314,87.432,87.206,87.428,87.351,87.465,87.238,87.461
2025-06-24T03:00:00Z,87.428,87.446,87.262,87.326,87.46,87.48,87.297,87.36
2025-06-24T04:00:00Z,87.325,87.468,87.291,87.453,87.361,87.5,87.325,87.49
2025-06-24T05:00:00Z,87.453,87.462,87.325,87.374,87.491,87.498,87.36,87.405
2025-06-24T06:00:00Z,87.37,87.549,87.337,87.543,87.402,87.578,87.361,87.575
2025-06-24T07:00:00Z,87.547,87.566,87.299,87.375,87.575,87.597,87.34,87.408
2025-06-24T08:00:00Z,87.374,87.406,87.233,87.374,87.409,87.44,87.268,87.404
2025-06-24T09:00:00Z,87.375,87.587,87.371,87.437,87.404,87.616,87.401,87.465
2025-06-24T10:00:00Z,87.433,87.522,87.395,87.489,87.462,87.553,87.425,87.52
2025-06-24T11:00:00Z,87.487,87.537,87.413,87.421,87.52,87.571,87.444,87.453
2025-06-24T12:00:00Z,87.423,87.473,87.302,87.326,87.452,87.507,87.331,87.358
2025-06-24T13:00:00Z,87.325,87.376,87.159,87.159,87.36,87.41,87.206,87.235
2025-06-24T14:00:00Z,87.153,87.3,87.087,87.167,87.245,87.331,87.121,87.196
2025-06-24T15:00:00Z,87.168,87.264,87.102,87.126,87.196,87.299,87.132,87.158
2025-06-24T16:00:00Z,87.126,87.162,87.082,87.107,87.159,87.191,87.115,87.137
2025-06-24T17:00:00Z,87.107,87.157,87.042,87.136,87.135,87.186,87.078,87.163
2025-06-24T18:00:00Z,87.134,87.142,87.051,87.06,87.163,87.172,87.085,87.098
2025-06-24T19:00:00Z,87.06,87.084,86.992,87.003,87.098,87.121,87.033,87.046
2025-06-24T20:00:00Z,87.002,87.044,86.947,87.021,87.044,87.08,86.983,87.073
2025-06-24T21:00:00Z,87.006,87.022,86.906,86.934,87.149,87.153,87.106,87.134
2025-06-24T22:00:00Z,86.923,87.047,86.916,87.034,87.123,87.132,87.016,87.07
2025-06-24T23:00:00Z,87.035,87.115,86.979,87.106,87.072,87.147,87.016,87.139
2025-06-25T00:00:00Z,87.106,87.282,87.054,87.193,87.14,87.32,87.088,87.229
2025-06-25T01:00:00Z,87.193,87.265,87.091,87.183,87.228,87.299,87.126,87.21
2025-06-25T02:00:00Z,87.182,87.343,87.137,87.343,87.21,87.374,87.171,87.372
2025-06-25T03:00:00Z,87.344,87.488,87.327,87.391,87.374,87.522,87.356,87.424
2025-06-25T04:00:00Z,87.391,87.415,87.314,87.37,87.423,87.45,87.349,87.4
2025-06-25T05:00:00Z,87.368,87.46,87.363,87.385,87.4,87.494,87.398,87.414
2025-06-25T06:00:00Z,87.384,87.53,87.364,87.494,87.415,87.563,87.392,87.527
2025-06-25T07:00:00Z,87.495,87.611,87.465,87.515,87.527,87.637,87.494,87.542
2025-06-25T08:00:00Z,87.516,87.652,87.443,87.625,87.542,87.686,87.472,87.658
2025-06-25T09:00:00Z,87.624,87.665,87.551,87.649,87.658,87.696,87.581,87.675
2025-06-25T10:00:00Z,87.649,87.732,87.607,87.715,87.678,87.761,87.639,87.743
2025-06-25T11:00:00Z,87.719,87.767,87.691,87.711,87.747,87.798,87.717,87.744
2025-06-25T12:00:00Z,87.713,87.737,87.632,87.701,87.747,87.766,87.658,87.735
2025-06-25T13:00:00Z,87.702,87.779,87.675,87.716,87.735,87.813,87.705,87.757
2025-06-25T14:00:00Z,87.715,87.778,87.654,87.709,87.771,87.808,87.687,87.741
2025-06-25T15:00:00Z,87.708,87.715,87.591,87.618,87.741,87.745,87.625,87.648
2025-06-25T16:00:00Z,87.618,87.679,87.613,87.661,87.646,87.711,87.642,87.693
2025-06-25T17:00:00Z,87.661,87.683,87.599,87.655,87.694,87.711,87.629,87.686
2025-06-25T18:00:00Z,87.659,87.673,87.605,87.625,87.689,87.702,87.637,87.665
2025-06-25T19:00:00Z,87.625,87.665,87.619,87.66,87.665,87.7,87.648,87.69
2025-06-25T20:00:00Z,87.661,87.703,87.639,87.679,87.69,87.745,87.668,87.725
2025-06-25T21:00:00Z,87.6,87.661,87.566,87.6,87.8,87.8,87.735,87.765
2025-06-25T22:00:00Z,87.596,87.733,87.596,87.722,87.74,87.772,87.692,87.759
2025-06-25T23:00:00Z,87.733,87.749,87.667,87.708,87.759,87.786,87.706,87.74
2025-06-26T00:00:00Z,87.704,87.751,87.501,87.503,87.736,87.78,87.533,87.537
2025-06-26T01:00:00Z,87.501,87.503,87.322,87.431,87.535,87.535,87.354,87.459
2025-06-26T02:00:00Z,87.424,87.675,87.392,87.633,87.455,87.714,87.426,87.669
2025-06-26T03:00:00Z,87.634,87.747,87.621,87.742,87.669,87.778,87.661,87.772
2025-06-26T04:00:00Z,87.741,87.762,87.544,87.576,87.772,87.792,87.574,87.604
2025-06-26T05:00:00Z,87.578,87.586,87.463,87.501,87.605,87.617,87.499,87.535
2025-06-26T06:00:00Z,87.501,87.505,87.292,87.32,87.533,87.535,87.321,87.35
2025-06-26T07:00:00Z,87.318,87.331,87.147,87.209,87.35,87.363,87.178,87.238
2025-06-26T08:00:00Z,87.207,87.38,87.172,87.327,87.237,87.412,87.204,87.36
2025-06-26T09:00:00Z,87.324,87.359,87.213,87.319,87.356,87.387,87.247,87.346
2025-06-26T10:00:00Z,87.319,87.391,87.294,87.363,87.345,87.419,87.327,87.395
2025-06-26T11:00:00Z,87.363,87.394,87.323,87.342,87.397,87.424,87.354,87.373
2025-06-26T12:00:00Z,87.345,87.452,87.304,87.381,87.374,87.483,87.345,87.411
2025-06-26T13:00:00Z,87.385,87.491,87.335,87.478,87.415,87.522,87.364,87.517
2025-06-26T14:00:00Z,87.485,87.635,87.451,87.559,87.519,87.666,87.478,87.587
2025-06-26T15:00:00Z,87.557,87.593,87.499,87.561,87.587,87.621,87.523,87.59
2025-06-26T16:00:00Z,87.562,87.575,87.468,87.518,87.592,87.604,87.495,87.55
2025-06-26T17:00:00Z,87.517,87.554,87.484,87.529,87.547,87.577,87.519,87.558
2025-06-26T18:00:00Z,87.528,87.586,87.51,87.541,87.556,87.618,87.538,87.578
2025-06-26T19:00:00Z,87.541,87.548,87.466,87.504,87.578,87.582,87.497,87.538
2025-06-26T20:00:00Z,87.503,87.503,87.415,87.431,87.538,87.538,87.469,87.481
2025-06-26T21:00:00Z,87.371,87.418,87.317,87.365,87.571,87.607,87.517,87.536
2025-06-26T22:00:00Z,87.356,87.596,87.354,87.542,87.502,87.634,87.482,87.577
2025-06-26T23:00:00Z,87.539,87.663,87.478,87.643,87.574,87.698,87.513,87.679
2025-06-27T00:00:00Z,87.643,87.777,87.641,87.743,87.68,87.811,87.673,87.776
2025-06-27T01:00:00Z,87.741,87.79,87.558,87.565,87.776,87.825,87.595,87.599
2025-06-27T02:00:00Z,87.561,87.634,87.513,87.623,87.595,87.67,87.549,87.644
2025-06-27T03:00:00Z,87.623,87.678,87.602,87.626,87.646,87.712,87.637,87.658
2025-06-27T04:00:00Z,87.626,87.634,87.566,87.568,87.657,87.671,87.601,87.603
2025-06-27T05:00:00Z,87.573,87.6,87.493,87.571,87.606,87.635,87.529,87.602
2025-06-27T06:00:00Z,87.573,87.613,87.517,87.587,87.601,87.642,87.551,87.619
2025-06-27T07:00:00Z,87.587,87.75,87.561,87.674,87.616,87.782,87.596,87.702
2025-06-27T08:00:00Z,87.679,87.711,87.622,87.681,87.709,87.741,87.656,87.709
2025-06-27T09:00:00Z,87.684,87.695,87.523,87.649,87.714,87.722,87.553,87.681
2025-06-27T10:00:00Z,87.65,87.68,87.54,87.548,87.681,87.708,87.564,87.579
2025-06-27T11:00:00Z,87.546,87.651,87.531,87.604,87.578,87.681,87.562,87.631
2025-06-27T12:00:00Z,87.602,87.682,87.525,87.66,87.629,87.716,87.573,87.693
2025-06-27T13:00:00Z,87.658,87.71,87.597,87.601,87.694,87.743,87.626,87.638
2025-06-27T14:00:00Z,87.602,87.796,87.562,87.743,87.654,87.824,87.596,87.774
2025-06-27T15:00:00Z,87.741,87.745,87.636,87.699,87.774,87.778,87.668,87.732
2025-06-27T16:00:00Z,87.697,87.704,87.636,87.678,87.732,87.738,87.666,87.708
2025-06-27T17:00:00Z,87.675,87.71,87.469,87.529,87.704,87.739,87.501,87.561
2025-06-27T18:00:00Z,87.531,87.543,87.389,87.464,87.562,87.577,87.421,87.496
2025-06-27T19:00:00Z,87.461,87.603,87.455,87.597,87.492,87.636,87.487,87.629
2025-06-27T20:00:00Z,87.595,87.619,87.506,87.571,87.627,87.739,87.584,87.661
2025-06-29T21:00:00Z,87.276,87.461,87.276,87.424,87.476,87.661,87.476,87.624
2025-06-29T22:00:00Z,87.418,87.645,87.397,87.589,87.618,87.692,87.593,87.629
2025-06-29T23:00:00Z,87.586,87.638,87.563,87.59,87.629,87.668,87.602,87.62
2025-06-30T00:00:00Z,87.59,87.76,87.58,87.675,87.622,87.794,87.617,87.716
2025-06-30T01:00:00Z,87.677,87.755,87.539,87.566,87.717,87.782,87.569,87.593
2025-06-30T02:00:00Z,87.564,87.567,87.416,87.471,87.593,87.596,87.446,87.509
2025-06-30T03:00:00Z,87.472,87.502,87.45,87.457,87.506,87.533,87.483,87.488
2025-06-30T04:00:00Z,87.453,87.463,87.384,87.418,87.485,87.494,87.417,87.449
2025-06-30T05:00:00Z,87.415,87.545,87.388,87.531,87.448,87.571,87.418,87.561
2025-06-30T06:00:00Z,87.531,87.549,87.438,87.499,87.56,87.578,87.468,87.528
2025-06-30T07:00:00Z,87.499,87.499,87.277,87.396,87.525,87.525,87.31,87.426
2025-06-30T08:00:00Z,87.397,87.473,87.351,87.448,87.426,87.501,87.382,87.481
2025-06-30T09:00:00Z,87.447,87.525,87.395,87.407,87.476,87.558,87.428,87.432
2025-06-30T10:00:00Z,87.409,87.427,87.327,87.394,87.434,87.459,87.356,87.42
2025-06-30T11:00:00Z,87.392,87.497,87.388,87.483,87.42,87.527,87.417,87.511
2025-06-30T12:00:00Z,87.482,87.577,87.44,87.524,87.511,87.609,87.473,87.553
2025-06-30T13:00:00Z,87.523,87.593,87.448,87.565,87.553,87.625,87.48,87.601
2025-06-30T14:00:00Z,87.566,87.729,87.504,87.675,87.601,87.76,87.537,87.708
2025-06-30T15:00:00Z,87.675,87.792,87.588,87.788,87.706,87.825,87.619,87.819
2025-06-30T16:00:00Z,87.786,87.827,87.75,87.816,87.819,87.858,87.784,87.844
2025-06-30T17:00:00Z,87.813,87.849,87.727,87.78,87.846,87.878,87.762,87.809
2025-06-30T18:00:00Z,87.777,87.872,87.773,87.867,87.806,87.906,87.803,87.899
2025-06-30T19:00:00Z,87.867,87.874,87.757,87.771,87.899,87.904,87.782,87.799
2025-06-30T20:00:00Z,87.764,87.793,87.73,87.77,87.793,87.84,87.759,87.831
2025-06-30T21:00:00Z,87.656,87.73,87.647,87.671,87.856,87.886,87.817,87.83
2025-06-30T22:00:00Z,87.681,87.753,87.657,87.707,87.839,87.87,87.734,87.746
2025-06-30T23:00:00Z,87.709,87.72,87.57,87.582,87.746,87.756,87.603,87.613
2025-07-01T00:00:00Z,87.579,87.581,87.458,87.465,87.612,87.614,87.492,87.495
2025-07-01T01:00:00Z,87.461,87.481,87.347,87.427,87.492,87.516,87.385,87.457
2025-07-01T02:00:00Z,87.431,87.473,87.347,87.47,87.46,87.506,87.377,87.503
2025-07-01T03:00:00Z,87.47,87.561,87.42,87.558,87.504,87.589,87.453,87.589
2025-07-01T04:00:00Z,87.562,87.667,87.537,87.575,87.593,87.699,87.569,87.603
2025-07-01T05:00:00Z,87.572,87.618,87.545,87.555,87.603,87.647,87.575,87.591
2025-07-01T06:00:00Z,87.556,87.638,87.497,87.611,87.594,87.668,87.528,87.643
2025-07-01T07:00:00Z,87.611,87.659,87.412,87.443,87.641,87.686,87.443,87.477
2025-07-01T08:00:00Z,87.445,87.479,87.307,87.463,87.474,87.509,87.338,87.489
2025-07-01T09:00:00Z,87.46,87.48,87.357,87.379,87.488,87.511,87.386,87.409
2025-07-01T10:00:00Z,87.379,87.462,87.352,87.414,87.408,87.493,87.379,87.447
2025-07-01T11:00:00Z,87.415,87.415,87.229,87.238,87.447,87.449,87.257,87.264
2025-07-01T12:00:00Z,87.236,87.309,87.203,87.268,87.264,87.335,87.234,87.296
2025-07-01T13:00:00Z,87.265,87.367,87.204,87.204,87.296,87.401,87.255,87.317
2025-07-01T14:00:00Z,87.203,87.428,87.197,87.38,87.322,87.459,87.281,87.41
2025-07-01T15:00:00Z,87.377,87.424,87.297,87.378,87.407,87.456,87.328,87.41
2025-07-01T16:00:00Z,87.379,87.457,87.372,87.399,87.409,87.487,87.404,87.428
2025-07-01T17:00:00Z,87.401,87.482,87.389,87.473,87.428,87.511,87.418,87.501
2025-07-01T18:00:00Z,87.474,87.556,87.473,87.527,87.501,87.586,87.501,87.566
2025-07-01T19:00:00Z,87.527,87.558,87.417,87.55,87.566,87.592,87.445,87.585
2025-07-01T20:00:00Z,87.55,87.556,87.386,87.394,87.586,87.595,87.424,87.437
2025-07-01T21:00:00Z,87.387,87.389,87.316,87.372,87.462,87.589,87.457,87.496
2025-07-01T22:00:00Z,87.411,87.496,87.372,87.464,87.471,87.536,87.452,87.508
2025-07-01T23:00:00Z,87.461,87.505,87.417,87.435,87.504,87.542,87.45,87.468
2025-07-02T00:00:00Z,87.432,87.652,87.425,87.577,87.467,87.683,87.46,87.613
2025-07-02T01:00:00Z,87.574,87.631,87.477,87.528,87.611,87.667,87.511,87.558
2025-07-02T02:00:00Z,87.527,87.551,87.489,87.524,87.559,87.581,87.519,87.555
2025-07-02T03:00:00Z,87.524,87.582,87.5,87.574,87.553,87.615,87.538,87.609
2025-07-02T04:00:00Z,87.571,87.629,87.537,87.588,87.605,87.665,87.568,87.622
2025-07-02T05:00:00Z,87.588,87.674,87.551,87.588,87.623,87.707,87.586,87.622
2025-07-02T06:00:00Z,87.584,87.606,87.512,87.514,87.619,87.634,87.541,87.543
2025-07-02T07:00:00Z,87.518,87.567,87.457,87.46,87.544,87.594,87.487,87.495
2025-07-02T08:00:00Z,87.46,87.461,87.383,87.458,87.493,87.496,87.41,87.486
2025-07-02T09:00:00Z,87.459,87.602,87.444,87.521,87.486,87.635,87.476,87.551
2025-07-02T10:00:00Z,87.523,87.529,87.362,87.387,87.551,87.562,87.397,87.415
2025-07-02T11:00:00Z,87.387,87.453,87.354,87.36,87.421,87.483,87.382,87.384
2025-07-02T12:00:00Z,87.36,87.363,87.012,87.101,87.386,87.406,87.044,87.128
2025-07-02T13:00:00Z,87.101,87.242,87.098,87.167,87.132,87.275,87.129,87.197
2025-07-02T14:00:00Z,87.168,87.411,87.111,87.38,87.197,87.438,87.144,87.411
2025-07-02T15:00:00Z,87.381,87.413,87.287,87.333,87.409,87.44,87.319,87.359
2025-07-02T16:00:00Z,87.336,87.388,87.295,87.35,87.362,87.417,87.323,87.382
2025-07-02T17:00:00Z,87.353,87.413,87.341,87.368,87.384,87.442,87.373,87.394
2025-07-02T18:00:00Z,87.368,87.473,87.366,87.401,87.392,87.501,87.392,87.438
2025-07-02T19:00:00Z,87.401,87.487,87.401,87.487,87.438,87.516,87.438,87.516
2025-07-02T20:00:00Z,87.487,87.488,87.419,87.443,87.515,87.518,87.452,87.508
2025-07-02T21:00:00Z,87.418,87.461,87.335,87.335,87.618,87.661,87.512,87.535
2025-07-02T22:00:00Z,87.333,87.485,87.318,87.47,87.455,87.534,87.449,87.51
2025-07-02T23:00:00Z,87.471,87.471,87.344,87.37,87.51,87.512,87.378,87.404
2025-07-03T00:00:00Z,87.373,87.425,87.306,87.42,87.403,87.46,87.34,87.447
2025-07-03T01:00:00Z,87.415,87.425,87.265,87.316,87.441,87.456,87.294,87.344
2025-07-03T02:00:00Z,87.314,87.323,87.239,87.264,87.34,87.349,87.267,87.299
2025-07-03T03:00:00Z,87.268,87.296,87.248,87.256,87.303,87.321,87.276,87.283
2025-07-03T04:00:00Z,87.251,87.299,87.229,87.299,87.278,87.327,87.259,87.326
2025-07-03T05:00:00Z,87.299,87.333,87.259,87.324,87.329,87.363,87.292,87.357
2025-07-03T06:00:00Z,87.324,87.401,87.293,87.341,87.355,87.427,87.321,87.369
2025-07-03T07:00:00Z,87.338,87.411,87.33,87.379,87.369,87.436,87.362,87.407
2025-07-03T08:00:00Z,87.381,87.446,87.371,87.423,87.41,87.473,87.397,87.448
2025-07-03T09:00:00Z,87.426,87.44,87.311,87.334,87.451,87.468,87.342,87.361
2025-07-03T10:00:00Z,87.333,87.347,87.286,87.325,87.359,87.374,87.312,87.352
2025-07-03T11:00:00Z,87.323,87.379,87.27,87.28,87.351,87.406,87.299,87.306
2025-07-03T12:00:00Z,87.274,87.639,87.118,87.592,87.3,87.672,87.244,87.622
2025-07-03T13:00:00Z,87.589,87.851,87.543,87.81,87.62,87.944,87.574,87.944
2025-07-03T14:00:00Z,87.777,87.947,87.777,87.878,87.976,87.978,87.859,87.907
2025-07-03T15:00:00Z,87.88,87.943,87.832,87.935,87.906,87.975,87.86,87.964
2025-07-03T16:00:00Z,87.934,88.022,87.926,88.003,87.964,88.053,87.951,88.026
2025-07-03T17:00:00Z,88.002,88.041,87.974,87.985,88.027,88.066,88.003,88.012
2025-07-03T18:00:00Z,87.981,87.986,87.954,87.97,88.007,88.013,87.979,88.008
2025-07-03T19:00:00Z,87.97,87.973,87.915,87.941,88.008,88.008,87.952,87.98
2025-07-03T20:00:00Z,87.948,87.972,87.908,87.935,87.982,88.012,87.942,87.987
2025-07-03T21:00:00Z,87.872,87.933,87.853,87.925,88.072,88.089,87.984,88.01
2025-07-03T22:00:00Z,87.939,87.969,87.867,87.923,88.009,88.039,87.948,87.959
2025-07-03T23:00:00Z,87.927,88.004,87.913,87.952,87.963,88.034,87.951,87.979
2025-07-04T00:00:00Z,87.948,88.008,87.839,87.894,87.976,88.042,87.874,87.924
2025-07-04T01:00:00Z,87.894,87.938,87.794,87.801,87.927,87.964,87.824,87.831
2025-07-04T02:00:00Z,87.804,87.845,87.737,87.763,87.833,87.87,87.766,87.789
2025-07-04T03:00:00Z,87.764,87.774,87.671,87.71,87.791,87.801,87.703,87.742
2025-07-04T04:00:00Z,87.71,87.718,87.553,87.657,87.741,87.748,87.585,87.683
2025-07-04T05:00:00Z,87.656,87.734,87.604,87.614,87.684,87.762,87.63,87.641
2025-07-04T06:00:00Z,87.61,87.697,87.553,87.617,87.637,87.727,87.586,87.645
2025-07-04T07:00:00Z,87.612,87.69,87.451,87.511,87.641,87.713,87.48,87.538
2025-07-04T08:00:00Z,87.511,87.569,87.501,87.529,87.539,87.599,87.531,87.559
2025-07-04T09:00:00Z,87.527,87.569,87.474,87.507,87.558,87.589,87.507,87.533
2025-07-04T10:00:00Z,87.506,87.564,87.475,87.5,87.533,87.592,87.502,87.529
2025-07-04T11:00:00Z,87.5,87.547,87.49,87.537,87.53,87.575,87.521,87.565
2025-07-04T12:00:00Z,87.534,87.542,87.461,87.47,87.562,87.569,87.489,87.5
2025-07-04T13:00:00Z,87.468,87.524,87.464,87.495,87.501,87.551,87.495,87.523
2025-07-04T14:00:00Z,87.492,87.539,87.433,87.462,87.52,87.567,87.463,87.488
2025-07-04T15:00:00Z,87.462,87.51,87.431,87.494,87.489,87.538,87.459,87.522
2025-07-04T16:00:00Z,87.496,87.509,87.46,87.472,87.523,87.537,87.49,87.504
2025-07-04T17:00:00Z,87.473,87.488,87.445,87.455,87.509,87.522,87.481,87.499
2025-07-04T18:00:00Z,87.457,87.491,87.456,87.47,87.499,87.52,87.498,87.505
2025-07-04T19:00:00Z,87.463,87.507,87.445,87.463,87.504,87.601,87.499,87.54
2025-07-04T20:00:00Z,87.454,87.549,87.348,87.453,87.538,87.68,87.508,87.653
2025-07-06T21:00:00Z,87.461,87.55,87.423,87.489,87.661,87.75,87.597,87.617
2025-07-06T22:00:00Z,87.48,87.571,87.414,87.479,87.68,87.68,87.484,87.505
2025-07-06T23:00:00Z,87.48,87.526,87.363,87.397,87.507,87.554,87.398,87.431
2025-07-07T00:00:00Z,87.4,87.406,87.149,87.188,87.433,87.437,87.18,87.217
2025-07-07T01:00:00Z,87.187,87.207,87.061,87.183,87.217,87.242,87.094,87.212
2025-07-07T02:00:00Z,87.181,87.292,87.134,87.206,87.21,87.32,87.156,87.235
2025-07-07T03:00:00Z,87.206,87.25,87.153,87.172,87.236,87.278,87.188,87.204
2025-07-07T04:00:00Z,87.172,87.215,87.104,87.124,87.201,87.243,87.134,87.15
2025-07-07T05:00:00Z,87.121,87.237,87.083,87.191,87.15,87.269,87.12,87.214
2025-07-07T06:00:00Z,87.186,87.211,87.091,87.17,87.212,87.24,87.118,87.201
2025-07-07T07:00:00Z,87.172,87.239,87.133,87.184,87.203,87.268,87.167,87.21
2025-07-07T08:00:00Z,87.182,87.227,87.043,87.075,87.205,87.258,87.067,87.098
2025-07-07T09:00:00Z,87.075,87.228,87.032,87.222,87.1,87.257,87.057,87.249
2025-07-07T10:00:00Z,87.22,87.269,87.201,87.218,87.247,87.298,87.232,87.244
2025-07-07T11:00:00Z,87.221,87.311,87.186,87.283,87.247,87.339,87.216,87.31
2025-07-07T12:00:00Z,87.284,87.379,87.243,87.297,87.31,87.407,87.269,87.328
2025-07-07T13:00:00Z,87.297,87.634,87.282,87.621,87.325,87.663,87.31,87.649
2025-07-07T14:00:00Z,87.621,87.697,87.569,87.684,87.648,87.721,87.597,87.712
2025-07-07T15:00:00Z,87.685,87.714,87.645,87.684,87.715,87.739,87.669,87.71
2025-07-07T16:00:00Z,87.685,87.756,87.524,87.574,87.71,87.782,87.553,87.598
2025-07-07T17:00:00Z,87.572,87.761,87.537,87.604,87.599,87.798,87.566,87.638
2025-07-07T18:00:00Z,87.604,87.735,87.559,87.735,87.636,87.778,87.588,87.778
2025-07-07T19:00:00Z,87.735,87.735,87.588,87.633,87.778,87.778,87.624,87.661
2025-07-07T20:00:00Z,87.628,87.634,87.484,87.516,87.656,87.662,87.526,87.555
2025-07-07T21:00:00Z,87.483,87.53,87.435,87.525,87.683,87.707,87.562,87.664
2025-07-07T22:00:00Z,87.525,87.599,87.481,87.542,87.659,87.659,87.52,87.57
2025-07-07T23:00:00Z,87.542,87.691,87.542,87.624,87.573,87.718,87.573,87.655
2025-07-08T00:00:00Z,87.623,87.857,87.608,87.825,87.653,87.892,87.639,87.856
2025-07-08T01:00:00Z,87.824,87.944,87.783,87.862,87.859,87.979,87.811,87.891
2025-07-08T02:00:00Z,87.864,87.942,87.826,87.869,87.89,87.972,87.856,87.901
2025-07-08T03:00:00Z,87.869,87.944,87.831,87.832,87.899,87.978,87.86,87.86
2025-07-08T04:00:00Z,87.838,88.051,87.757,87.827,87.866,88.094,87.791,87.863
2025-07-08T05:00:00Z,87.827,87.895,87.769,87.878,87.862,87.928,87.798,87.906
2025-07-08T06:00:00Z,87.88,88.003,87.843,87.926,87.908,88.031,87.869,87.953
2025-07-08T07:00:00Z,87.925,88.03,87.88,87.998,87.951,88.056,87.906,88.026
2025-07-08T08:00:00Z,87.994,88.033,87.955,87.988,88.022,88.063,87.983,88.014
2025-07-08T09:00:00Z,87.986,88.03,87.921,87.925,88.012,88.06,87.948,87.952
2025-07-08T10:00:00Z,87.925,88.02,87.92,88.01,87.951,88.048,87.945,88.036
2025-07-08T11:00:00Z,88.013,88.203,88.009,88.12,88.037,88.23,88.034,88.148
2025-07-08T12:00:00Z,88.121,88.144,88.025,88.14,88.147,88.172,88.052,88.167
2025-07-08T13:00:00Z,88.141,88.146,87.985,87.985,88.167,88.172,88.015,88.016
2025-07-08T14:00:00Z,87.984,87.989,87.833,87.906,88.014,88.015,87.862,87.934
2025-07-08T15:00:00Z,87.907,88.028,87.899,87.961,87.931,88.054,87.926,87.987
2025-07-08T16:00:00Z,87.962,87.997,87.839,87.964,87.989,88.022,87.87,87.992
2025-07-08T17:00:00Z,87.962,88.088,87.951,88.052,87.99,88.12,87.978,88.08
2025-07-08T18:00:00Z,88.052,88.065,87.975,87.98,88.078,88.093,88.003,88.019
2025-07-08T19:00:00Z,87.98,87.98,87.871,87.89,88.019,88.019,87.897,87.919
2025-07-08T20:00:00Z,87.886,87.903,87.852,87.877,87.914,87.945,87.879,87.914
2025-07-08T21:00:00Z,87.82,87.881,87.789,87.803,88.02,88.028,87.929,87.972
2025-07-08T22:00:00Z,87.831,87.955,87.82,87.915,87.986,88.02,87.921,87.946
2025-07-08T23:00:00Z,87.912,88.021,87.912,88.003,87.942,88.055,87.942,88.03
2025-07-09T00:00:00Z,88.003,88.016,87.902,87.936,88.031,88.051,87.933,87.965
2025-07-09T01:00:00Z,87.939,88.137,87.895,87.987,87.971,88.187,87.925,88.187
2025-07-09T02:00:00Z,87.997,88.326,87.918,88.038,88.197,88.352,87.949,88.07
2025-07-09T03:00:00Z,88.04,88.058,87.924,88.033,88.072,88.088,87.957,88.062
2025-07-09T04:00:00Z,88.035,88.29,88.022,88.232,88.061,88.314,88.048,88.262
2025-07-09T05:00:00Z,88.232,88.284,88.174,88.196,88.263,88.315,88.2,88.222
2025-07-09T06:00:00Z,88.197,88.232,88.086,88.189,88.222,88.258,88.115,88.215
2025-07-09T07:00:00Z,88.189,88.221,87.94,87.999,88.214,88.245,87.967,88.023
2025-07-09T08:00:00Z,87.996,88.045,87.919,87.996,88.021,88.072,87.946,88.021
2025-07-09T09:00:00Z,87.992,88.003,87.938,87.972,88.019,88.032,87.96,87.995
2025-07-09T10:00:00Z,87.969,87.976,87.821,87.846,87.995,87.998,87.846,87.875
2025-07-09T11:00:00Z,87.85,87.892,87.785,87.785,87.878,87.918,87.811,87.811
2025-07-09T12:00:00Z,87.782,87.847,87.735,87.814,87.809,87.873,87.762,87.841
2025-07-09T13:00:00Z,87.812,87.903,87.749,87.854,87.84,87.929,87.778,87.881
2025-07-09T14:00:00Z,87.854,87.894,87.741,87.756,87.882,87.92,87.768,87.781
2025-07-09T15:00:00Z,87.753,87.81,87.729,87.774,87.779,87.838,87.76,87.799
2025-07-09T16:00:00Z,87.77,87.793,87.705,87.728,87.797,87.821,87.735,87.759
2025-07-09T17:00:00Z,87.73,87.8,87.698,87.698,87.759,87.832,87.732,87.755
2025-07-09T18:00:00Z,87.699,87.804,87.689,87.746,87.757,87.84,87.718,87.784
2025-07-09T19:00:00Z,87.746,87.837,87.746,87.817,87.784,87.871,87.784,87.845
2025-07-09T20:00:00Z,87.821,87.866,87.719,87.725,87.85,87.9,87.762,87.778
2025-07-09T21:00:00Z,87.728,87.804,87.696,87.75,87.928,87.998,87.864,87.904
2025-07-09T22:00:00Z,87.786,87.807,87.703,87.73,87.897,87.897,87.747,87.769
2025-07-09T23:00:00Z,87.724,87.751,87.616,87.637,87.762,87.787,87.647,87.666
2025-07-10T00:00:00Z,87.634,87.682,87.545,87.563,87.663,87.709,87.575,87.593
2025-07-10T01:00:00Z,87.562,87.613,87.539,87.612,87.591,87.644,87.57,87.644
2025-07-10T02:00:00Z,87.614,87.775,87.613,87.762,87.647,87.804,87.646,87.793
2025-07-10T03:00:00Z,87.762,87.847,87.751,87.808,87.795,87.873,87.785,87.837
2025-07-10T04:00:00Z,87.807,87.852,87.769,87.818,87.833,87.886,87.799,87.848
2025-07-10T05:00:00Z,87.822,87.89,87.806,87.847,87.851,87.918,87.838,87.875
2025-07-10T06:00:00Z,87.849,87.979,87.844,87.884,87.871,88.003,87.869,87.913
2025-07-10T07:00:00Z,87.884,88.065,87.857,87.965,87.914,88.091,87.888,87.991
2025-07-10T08:00:00Z,87.969,88.014,87.947,87.991,87.994,88.04,87.971,88.015
2025-07-10T09:00:00Z,87.994,88.058,87.977,87.977,88.015,88.081,88.003,88.003
2025-07-10T10:00:00Z,87.975,88.039,87.966,88.004,88.0,88.065,87.991,88.029
2025-07-10T11:00:00Z,88.0,88.037,87.91,87.924,88.025,88.061,87.934,87.948
2025-07-10T12:00:00Z,87.925,88.017,87.881,87.964,87.95,88.101,87.925,87.991
2025-07-10T13:00:00Z,87.96,88.007,87.872,87.943,87.987,88.035,87.895,87.967
2025-07-10T14:00:00Z,87.948,88.079,87.946,87.974,87.972,88.105,87.971,87.999
2025-07-10T15:00:00Z,87.972,88.173,87.967,88.145,87.998,88.198,87.99,88.17
2025-07-10T16:00:00Z,88.139,88.226,88.134,88.182,88.164,88.251,88.161,88.208
2025-07-10T17:00:00Z,88.176,88.19,88.125,88.125,88.202,88.215,88.15,88.15
2025-07-10T18:00:00Z,88.123,88.166,88.113,88.157,88.147,88.191,88.138,88.19
2025-07-10T19:00:00Z,88.157,88.21,88.144,88.205,88.19,88.235,88.17,88.23
2025-07-10T20:00:00Z,88.203,88.247,88.166,88.239,88.228,88.288,88.193,88.276
2025-07-10T21:00:00Z,88.181,88.235,88.093,88.19,88.336,88.347,88.226,88.339
2025-07-10T22:00:00Z,88.211,88.307,88.199,88.301,88.293,88.332,88.273,88.327
2025-07-10T23:00:00Z,88.305,88.362,88.288,88.348,88.331,88.388,88.314,88.376
2025-07-11T00:00:00Z,88.345,88.383,87.969,88.162,88.372,88.409,87.995,88.188
2025-07-11T01:00:00Z,88.163,88.54,88.136,88.484,88.19,88.57,88.162,88.51
2025-07-11T02:00:00Z,88.486,88.613,88.444,88.458,88.513,88.639,88.467,88.487
2025-07-11T03:00:00Z,88.46,88.501,88.424,88.48,88.489,88.526,88.45,88.505
2025-07-11T04:00:00Z,88.479,88.497,88.382,88.453,88.505,88.529,88.422,88.487
2025-07-11T05:00:00Z,88.454,88.487,88.289,88.313,88.492,88.524,88.316,88.34
2025-07-11T06:00:00Z,88.312,88.393,88.273,88.371,88.338,88.418,88.299,88.396
2025-07-11T07:00:00Z,88.37,88.465,88.344,88.453,88.394,88.487,88.368,88.479
2025-07-11T08:00:00Z,88.456,88.483,88.294,88.35,88.482,88.507,88.317,88.374
2025-07-11T09:00:00Z,88.349,88.457,88.303,88.422,88.372,88.485,88.33,88.449
2025-07-11T10:00:00Z,88.424,88.5,88.364,88.378,88.451,88.526,88.391,88.404
2025-07-11T11:00:00Z,88.379,88.436,88.362,88.407,88.404,88.461,88.387,88.431
2025-07-11T12:00:00Z,88.401,88.406,88.239,88.364,88.425,88.432,88.264,88.389
2025-07-11T13:00:00Z,88.361,88.48,88.337,88.436,88.386,88.505,88.361,88.461
2025-07-11T14:00:00Z,88.439,88.593,88.401,88.458,88.465,88.618,88.427,88.481
2025-07-11T15:00:00Z,88.458,88.555,88.45,88.499,88.483,88.579,88.475,88.523
2025-07-11T16:00:00Z,88.496,88.557,88.445,88.512,88.52,88.582,88.469,88.536
2025-07-11T17:00:00Z,88.509,88.562,88.507,88.551,88.533,88.586,88.532,88.577
2025-07-11T18:00:00Z,88.554,88.607,88.534,88.587,88.58,88.635,88.561,88.614
2025-07-11T19:00:00Z,88.585,88.59,88.484,88.489,88.612,88.616,88.509,88.515
2025-07-11T20:00:00Z,88.487,88.568,88.457,88.526,88.513,88.625,88.485,88.601
2025-07-13T21:00:00Z,88.26,88.354,88.144,88.145,88.46,88.554,88.344,88.345
2025-07-13T22:00:00Z,88.15,88.468,88.15,88.454,88.35,88.497,88.329,88.481
2025-07-13T23:00:00Z,88.455,88.494,88.35,88.45,88.483,88.521,88.377,88.476
2025-07-14T00:00:00Z,88.448,88.482,88.229,88.263,88.475,88.509,88.256,88.289
2025-07-14T01:00:00Z,88.268,88.334,87.973,88.087,88.291,88.358,88.001,88.115
2025-07-14T02:00:00Z,88.085,88.165,88.009,88.136,88.113,88.19,88.034,88.162
2025-07-14T03:00:00Z,88.139,88.213,88.105,88.182,88.164,88.238,88.134,88.211
2025-07-14T04:00:00Z,88.187,88.213,88.082,88.134,88.216,88.239,88.11,88.159
2025-07-14T05:00:00Z,88.132,88.276,88.115,88.134,88.157,88.3,88.143,88.161
2025-07-14T06:00:00Z,88.133,88.179,88.041,88.072,88.158,88.204,88.065,88.096
2025-07-14T07:00:00Z,88.076,88.276,88.005,88.269,88.1,88.301,88.031,88.294
2025-07-14T08:00:00Z,88.274,88.276,88.17,88.209,88.298,88.301,88.196,88.235
2025-07-14T09:00:00Z,88.212,88.235,88.165,88.222,88.238,88.259,88.188,88.247
2025-07-14T10:00:00Z,88.223,88.271,88.181,88.211,88.246,88.295,88.202,88.236
2025-07-14T11:00:00Z,88.211,88.316,88.211,88.282,88.235,88.342,88.235,88.309
2025-07-14T12:00:00Z,88.279,88.279,88.131,88.192,88.305,88.305,88.157,88.218
2025-07-14T13:00:00Z,88.189,88.222,88.14,88.199,88.216,88.248,88.166,88.225
2025-07-14T14:00:00Z,88.203,88.205,88.112,88.139,88.228,88.23,88.139,88.165
2025-07-14T15:00:00Z,88.141,88.294,88.134,88.181,88.163,88.322,88.158,88.206
2025-07-14T16:00:00Z,88.184,88.235,88.156,88.219,88.209,88.26,88.181,88.246
2025-07-14T17:00:00Z,88.222,88.273,88.196,88.224,88.249,88.299,88.221,88.248
2025-07-14T18:00:00Z,88.228,88.3,88.222,88.272,88.252,88.327,88.247,88.308
2025-07-14T19:00:00Z,88.272,88.293,88.223,88.241,88.308,88.319,88.249,88.266
2025-07-14T20:00:00Z,88.246,88.271,88.206,88.211,88.271,88.296,88.245,88.254
2025-07-14T21:00:00Z,88.118,88.229,88.111,88.179,88.318,88.39,88.279,88.285
2025-07-14T22:00:00Z,88.191,88.261,88.169,88.242,88.285,88.288,88.237,88.27
2025-07-14T23:00:00Z,88.246,88.284,88.222,88.226,88.275,88.312,88.249,88.251
2025-07-15T00:00:00Z,88.219,88.365,88.207,88.218,88.244,88.392,88.235,88.243
2025-07-15T01:00:00Z,88.216,88.436,88.195,88.384,88.241,88.462,88.221,88.411
2025-07-15T02:00:00Z,88.386,88.418,88.207,88.226,88.417,88.444,88.232,88.251
2025-07-15T03:00:00Z,88.221,88.271,88.184,88.256,88.246,88.296,88.212,88.281
2025-07-15T04:00:00Z,88.259,88.287,88.225,88.241,88.284,88.313,88.255,88.269
2025-07-15T05:00:00Z,88.241,88.301,88.229,88.278,88.267,88.326,88.257,88.305
2025-07-15T06:00:00Z,88.277,88.385,88.266,88.36,88.303,88.41,88.291,88.385
2025-07-15T07:00:00Z,88.358,88.542,88.326,88.541,88.383,88.566,88.35,88.564
2025-07-15T08:00:00Z,88.538,88.602,88.486,88.533,88.563,88.629,88.51,88.557
2025-07-15T09:00:00Z,88.531,88.603,88.479,88.566,88.553,88.628,88.504,88.591
2025-07-15T10:00:00Z,88.572,88.661,88.557,88.637,88.597,88.686,88.581,88.664
2025-07-15T11:00:00Z,88.636,88.669,88.6,88.625,88.664,88.693,88.627,88.65
2025-07-15T12:00:00Z,88.624,88.76,88.566,88.71,88.65,88.87,88.618,88.736
2025-07-15T13:00:00Z,88.709,88.892,88.636,88.673,88.734,88.918,88.66,88.698
2025-07-15T14:00:00Z,88.67,88.709,88.505,88.541,88.696,88.734,88.53,88.564
2025-07-15T15:00:00Z,88.541,88.557,88.459,88.487,88.566,88.58,88.483,88.512
2025-07-15T16:00:00Z,88.488,88.515,88.426,88.46,88.51,88.538,88.454,88.486
2025-07-15T17:00:00Z,88.464,88.541,88.457,88.525,88.49,88.567,88.482,88.551
2025-07-15T18:00:00Z,88.525,88.571,88.505,88.518,88.549,88.595,88.53,88.55
2025-07-15T19:00:00Z,88.518,88.546,88.433,88.443,88.55,88.572,88.459,88.466
2025-07-15T20:00:00Z,88.443,88.477,88.415,88.461,88.464,88.521,88.441,88.504
2025-07-15T21:00:00Z,88.453,88.522,88.448,88.475,88.653,88.722,88.556,88.56
2025-07-15T22:00:00Z,88.476,88.533,88.463,88.522,88.555,88.561,88.501,88.551
2025-07-15T23:00:00Z,88.522,88.599,88.52,88.573,88.55,88.626,88.55,88.599
2025-07-16T00:00:00Z,88.578,88.836,88.543,88.799,88.603,88.863,88.57,88.825
2025-07-16T01:00:00Z,88.801,88.822,88.562,88.597,88.828,88.849,88.59,88.624
2025-07-16T02:00:00Z,88.603,88.62,88.51,88.534,88.629,88.645,88.537,88.557
2025-07-16T03:00:00Z,88.532,88.631,88.53,88.603,88.557,88.656,88.555,88.63
2025-07-16T04:00:00Z,88.601,88.709,88.572,88.602,88.629,88.734,88.597,88.627
2025-07-16T05:00:00Z,88.606,88.622,88.525,88.529,88.629,88.649,88.55,88.557
2025-07-16T06:00:00Z,88.529,88.598,88.437,88.452,88.556,88.623,88.46,88.476
2025-07-16T07:00:00Z,88.447,88.524,88.399,88.519,88.472,88.55,88.424,88.545
2025-07-16T08:00:00Z,88.521,88.533,88.393,88.433,88.545,88.563,88.418,88.458
2025-07-16T09:00:00Z,88.436,88.443,88.271,88.351,88.46,88.466,88.296,88.377
2025-07-16T10:00:00Z,88.354,88.392,88.299,88.375,88.38,88.418,88.321,88.399
2025-07-16T11:00:00Z,88.372,88.379,88.305,88.375,88.396,88.404,88.329,88.4
2025-07-16T12:00:00Z,88.379,88.385,88.249,88.312,88.404,88.52,88.304,88.334
2025-07-16T13:00:00Z,88.308,88.321,88.106,88.117,88.334,88.345,88.129,88.14
2025-07-16T14:00:00Z,88.116,88.135,87.865,87.929,88.14,88.16,87.901,87.954
2025-07-16T15:00:00Z,87.932,88.0,87.514,87.942,87.957,88.071,87.578,87.981
2025-07-16T16:00:00Z,87.937,88.044,87.914,87.98,87.976,88.066,87.939,88.005
2025-07-16T17:00:00Z,87.983,88.003,87.77,87.785,88.009,88.029,87.798,87.811
2025-07-16T18:00:00Z,87.78,87.845,87.736,87.816,87.81,87.871,87.761,87.853
2025-07-16T19:00:00Z,87.816,87.889,87.816,87.863,87.853,87.914,87.853,87.887
2025-07-16T20:00:00Z,87.861,87.918,87.845,87.871,87.887,87.986,87.867,87.953
2025-07-16T21:00:00Z,87.863,87.92,87.812,87.812,87.953,88.12,87.953,88.012
2025-07-16T22:00:00Z,87.808,87.931,87.808,87.899,88.008,88.008,87.877,87.928
2025-07-16T23:00:00Z,87.892,88.019,87.845,87.959,87.921,88.048,87.872,87.987
2025-07-17T00:00:00Z,87.963,88.067,87.942,88.038,87.99,88.094,87.97,88.068
2025-07-17T01:00:00Z,88.044,88.159,87.94,88.027,88.074,88.186,87.968,88.053
2025-07-17T02:00:00Z,88.024,88.037,87.791,87.815,88.05,88.062,87.819,87.84
2025-07-17T03:00:00Z,87.819,88.031,87.767,87.997,87.844,88.057,87.792,88.024
2025-07-17T04:00:00Z,88.0,88.004,87.941,87.974,88.027,88.03,87.967,88.001
2025-07-17T05:00:00Z,87.977,88.046,87.972,87.99,88.004,88.073,88.0,88.016
2025-07-17T06:00:00Z,87.994,88.061,87.901,87.922,88.018,88.085,87.926,87.949
2025-07-17T07:00:00Z,87.924,87.964,87.846,87.957,87.951,87.99,87.87,87.983
2025-07-17T08:00:00Z,87.959,88.094,87.942,88.029,87.985,88.12,87.967,88.056
2025-07-17T09:00:00Z,88.027,88.1,87.984,88.042,88.053,88.124,88.01,88.066
2025-07-17T10:00:00Z,88.04,88.071,87.927,87.927,88.064,88.095,87.954,87.954
2025-07-17T11:00:00Z,87.928,87.933,87.864,87.891,87.953,87.958,87.889,87.918
2025-07-17T12:00:00Z,87.883,88.054,87.876,87.99,87.909,88.089,87.904,88.017
2025-07-17T13:00:00Z,87.991,88.019,87.815,88.004,88.019,88.044,87.84,88.029
2025-07-17T14:00:00Z,88.002,88.019,87.838,87.899,88.027,88.043,87.863,87.923
2025-07-17T15:00:00Z,87.899,88.08,87.894,88.058,87.924,88.105,87.919,88.083
2025-07-17T16:00:00Z,88.063,88.073,88.012,88.036,88.088,88.097,88.038,88.061
2025-07-17T17:00:00Z,88.031,88.081,88.028,88.065,88.057,88.108,88.056,88.09
2025-07-17T18:00:00Z,88.065,88.141,88.063,88.1,88.089,88.167,88.088,88.128
2025-07-17T19:00:00Z,88.1,88.126,88.081,88.108,88.128,88.15,88.107,88.134
2025-07-17T20:00:00Z,88.105,88.132,88.082,88.113,88.131,88.171,88.106,88.168
2025-07-17T21:00:00Z,88.042,88.118,88.041,88.055,88.242,88.273,88.195,88.254
2025-07-17T22:00:00Z,88.055,88.148,88.055,88.106,88.243,88.243,88.108,88.135
2025-07-17T23:00:00Z,88.105,88.223,88.102,88.216,88.132,88.248,88.13,88.242
2025-07-18T00:00:00Z,88.213,88.443,88.179,88.443,88.239,88.468,88.204,88.468
2025-07-18T01:00:00Z,88.446,88.489,88.409,88.426,88.471,88.515,88.434,88.451
2025-07-18T02:00:00Z,88.428,88.548,88.355,88.539,88.454,88.574,88.381,88.565
2025-07-18T03:00:00Z,88.539,88.594,88.498,88.522,88.563,88.619,88.523,88.55
2025-07-18T04:00:00Z,88.517,88.529,88.467,88.502,88.545,88.555,88.496,88.53
2025-07-18T05:00:00Z,88.501,88.542,88.462,88.529,88.528,88.568,88.492,88.554
2025-07-18T06:00:00Z,88.528,88.612,88.471,88.578,88.551,88.637,88.497,88.603
2025-07-18T07:00:00Z,88.579,88.665,88.544,88.651,88.605,88.688,88.569,88.674
2025-07-18T08:00:00Z,88.655,88.663,88.59,88.628,88.678,88.687,88.614,88.655
2025-07-18T09:00:00Z,88.631,88.729,88.616,88.721,88.656,88.754,88.642,88.745
2025-07-18T10:00:00Z,88.725,88.736,88.618,88.732,88.749,88.761,88.642,88.755
2025-07-18T11:00:00Z,88.73,88.76,88.672,88.712,88.754,88.786,88.7,88.738
2025-07-18T12:00:00Z,88.712,88.751,88.673,88.702,88.739,88.776,88.703,88.725
2025-07-18T13:00:00Z,88.701,88.793,88.682,88.746,88.725,88.823,88.708,88.818
2025-07-18T14:00:00Z,88.74,88.797,88.68,88.705,88.844,88.844,88.709,88.732
2025-07-18T15:00:00Z,88.705,88.781,88.66,88.769,88.733,88.807,88.687,88.795
2025-07-18T16:00:00Z,88.774,88.782,88.684,88.695,88.8,88.808,88.707,88.721
2025-07-18T17:00:00Z,88.697,88.706,88.658,88.681,88.724,88.73,88.685,88.708
2025-07-18T18:00:00Z,88.684,88.707,88.666,88.675,88.712,88.733,88.693,88.702
2025-07-18T19:00:00Z,88.683,88.687,88.639,88.664,88.71,88.713,88.667,88.691
2025-07-18T20:00:00Z,88.663,88.694,88.627,88.663,88.691,88.818,88.656,88.745
2025-07-20T21:00:00Z,88.291,88.391,88.118,88.337,88.422,88.562,88.318,88.537
2025-07-20T22:00:00Z,88.348,88.64,88.288,88.361,88.493,88.673,88.314,88.388
2025-07-20T23:00:00Z,88.359,88.4,88.243,88.344,88.386,88.427,88.271,88.372
2025-07-21T00:00:00Z,88.343,88.346,88.106,88.178,88.373,88.374,88.132,88.203
2025-07-21T01:00:00Z,88.182,88.303,88.177,88.263,88.208,88.331,88.202,88.289
2025-07-21T02:00:00Z,88.261,88.311,88.234,88.299,88.287,88.338,88.259,88.325
2025-07-21T03:00:00Z,88.297,88.367,88.297,88.315,88.323,88.393,88.323,88.342
2025-07-21T04:00:00Z,88.321,88.363,88.315,88.336,88.348,88.389,88.342,88.361
2025-07-21T05:00:00Z,88.338,88.364,88.29,88.319,88.362,88.389,88.316,88.343
2025-07-21T06:00:00Z,88.323,88.344,88.144,88.209,88.348,88.369,88.168,88.235
2025-07-21T07:00:00Z,88.208,88.329,88.169,88.201,88.235,88.355,88.193,88.225
2025-07-21T08:00:00Z,88.198,88.226,88.079,88.186,88.222,88.25,88.105,88.21
2025-07-21T09:00:00Z,88.188,88.197,88.082,88.087,88.213,88.221,88.106,88.111
2025-07-21T10:00:00Z,88.09,88.124,88.049,88.079,88.114,88.152,88.074,88.103
2025-07-21T11:00:00Z,88.081,88.106,88.045,88.092,88.105,88.132,88.069,88.117
2025-07-21T12:00:00Z,88.093,88.098,88.009,88.051,88.117,88.121,88.033,88.073
2025-07-21T13:00:00Z,88.051,88.104,87.981,87.99,88.075,88.127,88.005,88.014
2025-07-21T14:00:00Z,87.99,88.105,87.969,88.066,88.012,88.131,87.997,88.091
2025-07-21T15:00:00Z,88.063,88.123,88.007,88.014,88.087,88.148,88.032,88.041
2025-07-21T16:00:00Z,88.012,88.04,87.905,87.979,88.039,88.066,87.93,88.005
2025-07-21T17:00:00Z,87.975,88.016,87.952,87.964,88.0,88.042,87.978,87.989
2025-07-21T18:00:00Z,87.964,88.033,87.948,88.024,87.988,88.057,87.972,88.054
2025-07-21T19:00:00Z,88.024,88.024,87.937,87.956,88.054,88.054,87.963,87.981
2025-07-21T20:00:00Z,87.953,87.995,87.903,87.912,87.98,88.017,87.945,87.95
2025-07-21T21:00:00Z,87.881,87.917,87.755,87.862,88.081,88.117,87.907,87.946
2025-07-21T22:00:00Z,87.864,87.954,87.864,87.954,87.939,87.98,87.92,87.98
2025-07-21T23:00:00Z,87.957,88.051,87.939,87.969,87.983,88.078,87.966,87.992
2025-07-22T00:00:00Z,87.971,88.079,87.838,87.894,87.996,88.105,87.862,87.921
2025-07-22T01:00:00Z,87.896,88.01,87.883,87.931,87.923,88.035,87.91,87.957
2025-07-22T02:00:00Z,87.933,87.962,87.895,87.908,87.958,87.988,87.92,87.936
2025-07-22T03:00:00Z,87.904,87.964,87.868,87.939,87.931,87.99,87.893,87.965
2025-07-22T04:00:00Z,87.936,88.018,87.913,87.96,87.962,88.045,87.938,87.986
2025-07-22T05:00:00Z,87.954,87.994,87.896,87.92,87.981,88.018,87.924,87.945
2025-07-22T06:00:00Z,87.92,87.963,87.86,87.864,87.943,87.987,87.886,87.89
2025-07-22T07:00:00Z,87.864,87.968,87.747,87.749,87.889,87.993,87.773,87.776
2025-07-22T08:00:00Z,87.752,87.874,87.709,87.749,87.779,87.897,87.736,87.773
2025-07-22T09:00:00Z,87.747,87.789,87.692,87.756,87.773,87.813,87.717,87.781
2025-07-22T10:00:00Z,87.758,87.801,87.743,87.76,87.782,87.828,87.767,87.782
2025-07-22T11:00:00Z,87.76,87.804,87.641,87.693,87.784,87.829,87.663,87.717
2025-07-22T12:00:00Z,87.695,87.737,87.523,87.553,87.717,87.761,87.55,87.58
2025-07-22T13:00:00Z,87.552,87.663,87.455,87.506,87.578,87.689,87.483,87.537
2025-07-22T14:00:00Z,87.506,87.701,87.431,87.701,87.536,87.726,87.456,87.726
2025-07-22T15:00:00Z,87.702,87.831,87.686,87.803,87.726,87.855,87.711,87.827
2025-07-22T16:00:00Z,87.807,87.9,87.805,87.866,87.83,87.925,87.829,87.891
2025-07-22T17:00:00Z,87.864,87.927,87.858,87.897,87.889,87.952,87.882,87.918
2025-07-22T18:00:00Z,87.895,87.918,87.853,87.903,87.918,87.943,87.88,87.935
2025-07-22T19:00:00Z,87.903,87.971,87.88,87.954,87.935,87.995,87.907,87.978
2025-07-22T20:00:00Z,87.958,88.024,87.947,87.991,87.982,88.052,87.972,88.025
2025-07-22T21:00:00Z,87.986,87.986,87.773,87.815,88.02,88.099,87.96,88.011
2025-07-22T22:00:00Z,87.813,88.019,87.813,87.992,87.955,88.045,87.955,88.019
2025-07-22T23:00:00Z,87.99,88.164,87.826,88.011,88.017,88.191,87.858,88.041
2025-07-23T00:00:00Z,88.016,88.037,87.756,87.938,88.046,88.067,87.785,87.966
2025-07-23T01:00:00Z,87.94,88.066,87.899,88.035,87.968,88.094,87.93,88.06
2025-07-23T02:00:00Z,88.038,88.33,87.935,88.147,88.063,88.359,87.962,88.173
2025-07-23T03:00:00Z,88.146,88.285,88.106,88.24,88.173,88.31,88.13,88.265
2025-07-23T04:00:00Z,88.244,88.441,88.244,88.379,88.27,88.467,88.27,88.41
2025-07-23T05:00:00Z,88.377,88.555,88.355,88.51,88.409,88.581,88.383,88.536
2025-07-23T06:00:00Z,88.51,88.559,88.255,88.436,88.535,88.587,88.289,88.462
2025-07-23T07:00:00Z,88.438,88.509,88.414,88.502,88.465,88.536,88.44,88.526
2025-07-23T08:00:00Z,88.495,88.631,88.455,88.528,88.518,88.657,88.482,88.557
2025-07-23T09:00:00Z,88.527,88.559,88.393,88.452,88.554,88.581,88.417,88.478
2025-07-23T10:00:00Z,88.45,88.511,88.398,88.433,88.476,88.533,88.423,88.459
2025-07-23T11:00:00Z,88.431,88.436,88.318,88.353,88.457,88.463,88.346,88.377
2025-07-23T12:00:00Z,88.351,88.434,88.325,88.34,88.377,88.459,88.35,88.366
2025-07-23T13:00:00Z,88.34,88.514,88.307,88.452,88.367,88.54,88.339,88.484
2025-07-23T14:00:00Z,88.454,88.455,88.319,88.406,88.484,88.484,88.344,88.432
2025-07-23T15:00:00Z,88.409,88.552,88.285,88.468,88.436,88.583,88.31,88.492
2025-07-23T16:00:00Z,88.463,88.529,88.327,88.355,88.488,88.556,88.352,88.38
2025-07-23T17:00:00Z,88.359,88.468,88.354,88.444,88.384,88.494,88.379,88.469
2025-07-23T18:00:00Z,88.442,88.497,88.411,88.478,88.467,88.521,88.439,88.512
2025-07-23T19:00:00Z,88.478,88.539,88.478,88.524,88.512,88.564,88.503,88.551
2025-07-23T20:00:00Z,88.526,88.545,88.494,88.503,88.553,88.607,88.519,88.589
2025-07-23T21:00:00Z,88.474,88.479,88.372,88.425,88.674,88.674,88.536,88.625
2025-07-23T22:00:00Z,88.403,88.551,88.394,88.526,88.603,88.635,88.52,88.556
2025-07-23T23:00:00Z,88.528,88.551,88.446,88.489,88.558,88.577,88.473,88.516
2025-07-24T00:00:00Z,88.492,88.534,88.428,88.506,88.519,88.563,88.453,88.531
2025-07-24T01:00:00Z,88.501,88.528,88.271,88.294,88.527,88.556,88.3,88.321
2025-07-24T02:00:00Z,88.291,88.435,88.288,88.417,88.318,88.46,88.316,88.443
2025-07-24T03:00:00Z,88.415,88.463,88.336,88.353,88.441,88.493,88.367,88.379
2025-07-24T04:00:00Z,88.356,88.404,88.307,88.391,88.382,88.431,88.338,88.42
2025-07-24T05:00:00Z,88.393,88.46,88.362,88.41,88.42,88.485,88.387,88.437
2025-07-24T06:00:00Z,88.402,88.485,88.402,88.428,88.427,88.51,88.427,88.454
2025-07-24T07:00:00Z,88.43,88.569,88.398,88.547,88.453,88.594,88.424,88.572
2025-07-24T08:00:00Z,88.547,88.751,88.502,88.735,88.571,88.776,88.527,88.76
2025-07-24T09:00:00Z,88.736,88.736,88.648,88.68,88.76,88.76,88.673,88.705
2025-07-24T10:00:00Z,88.677,88.691,88.559,88.561,88.702,88.716,88.585,88.586
2025-07-24T11:00:00Z,88.561,88.652,88.542,88.629,88.588,88.674,88.565,88.655
2025-07-24T12:00:00Z,88.63,88.756,88.618,88.697,88.653,88.783,88.643,88.725
2025-07-24T13:00:00Z,88.703,88.747,88.574,88.58,88.73,88.774,88.601,88.613
2025-07-24T14:00:00Z,88.581,88.726,88.562,88.723,88.611,88.752,88.585,88.749
2025-07-24T15:00:00Z,88.722,88.748,88.657,88.731,88.749,88.773,88.68,88.757
2025-07-24T16:00:00Z,88.731,88.739,88.626,88.701,88.755,88.763,88.651,88.726
2025-07-24T17:00:00Z,88.698,88.704,88.648,88.689,88.724,88.73,88.673,88.714
2025-07-24T18:00:00Z,88.691,88.748,88.682,88.747,88.715,88.779,88.708,88.779
2025-07-24T19:00:00Z,88.747,88.747,88.657,88.659,88.779,88.779,88.681,88.684
2025-07-24T20:00:00Z,88.657,88.664,88.554,88.595,88.682,88.69,88.581,88.654
2025-07-24T21:00:00Z,88.555,88.659,88.542,88.659,88.755,88.789,88.65,88.763
2025-07-24T22:00:00Z,88.659,88.723,88.647,88.68,88.709,88.756,88.681,88.709
2025-07-24T23:00:00Z,88.684,88.75,88.667,88.717,88.712,88.777,88.693,88.744
2025-07-25T00:00:00Z,88.717,88.876,88.712,88.828,88.743,88.903,88.739,88.853
2025-07-25T01:00:00Z,88.829,88.884,88.782,88.795,88.855,88.911,88.809,88.821
2025-07-25T02:00:00Z,88.797,88.838,88.763,88.787,88.823,88.864,88.792,88.813
2025-07-25T03:00:00Z,88.785,88.805,88.711,88.731,88.812,88.83,88.739,88.755
2025-07-25T04:00:00Z,88.729,88.754,88.547,88.567,88.755,88.78,88.574,88.593
2025-07-25T05:00:00Z,88.57,88.69,88.516,88.541,88.596,88.718,88.544,88.568
2025-07-25T06:00:00Z,88.537,88.611,88.507,88.587,88.563,88.634,88.531,88.609
2025-07-25T07:00:00Z,88.583,88.623,88.518,88.592,88.607,88.65,88.544,88.619
2025-07-25T08:00:00Z,88.589,88.817,88.586,88.792,88.615,88.844,88.613,88.817
2025-07-25T09:00:00Z,88.789,88.865,88.753,88.858,88.814,88.888,88.778,88.882
2025-07-25T10:00:00Z,88.855,88.869,88.793,88.848,88.878,88.896,88.818,88.873
2025-07-25T11:00:00Z,88.845,88.867,88.8,88.814,88.87,88.892,88.823,88.836
2025-07-25T12:00:00Z,88.812,88.822,88.746,88.766,88.836,88.846,88.767,88.791
2025-07-25T13:00:00Z,88.763,88.791,88.64,88.717,88.79,88.818,88.669,88.745
2025-07-25T14:00:00Z,88.719,88.804,88.673,88.742,88.747,88.832,88.698,88.768
2025-07-25T15:00:00Z,88.742,88.771,88.687,88.746,88.767,88.797,88.712,88.771
2025-07-25T16:00:00Z,88.742,88.805,88.714,88.793,88.766,88.829,88.739,88.818
2025-07-25T17:00:00Z,88.791,88.807,88.761,88.769,88.815,88.834,88.787,88.795
2025-07-25T18:00:00Z,88.769,88.78,88.735,88.743,88.794,88.805,88.76,88.768
2025-07-25T19:00:00Z,88.741,88.787,88.724,88.784,88.765,88.81,88.746,88.81
2025-07-25T20:00:00Z,88.781,88.837,88.767,88.814,88.808,88.889,88.792,88.881
2025-07-27T21:00:00Z,88.758,88.804,88.716,88.803,88.958,88.958,88.903,88.923
2025-07-27T22:00:00Z,88.814,88.962,88.814,88.962,88.922,88.999,88.887,88.997
2025-07-27T23:00:00Z,88.959,89.01,88.925,88.933,88.995,89.037,88.953,88.958
2025-07-28T00:00:00Z,88.934,89.025,88.916,88.954,88.96,89.054,88.952,88.981
2025-07-28T01:00:00Z,88.956,89.001,88.876,88.907,88.983,89.027,88.905,88.934
2025-07-28T02:00:00Z,88.905,89.053,88.879,88.987,88.933,89.079,88.907,89.013
2025-07-28T03:00:00Z,88.985,89.001,88.806,88.829,89.011,89.027,88.83,88.857
2025-07-28T04:00:00Z,88.831,88.831,88.754,88.794,88.859,88.859,88.779,88.821
2025-07-28T05:00:00Z,88.8,88.849,88.764,88.825,88.825,88.875,88.791,88.851
2025-07-28T06:00:00Z,88.83,88.893,88.796,88.796,88.854,88.918,88.822,88.822
2025-07-28T07:00:00Z,88.792,88.803,88.557,88.568,88.819,88.829,88.583,88.593
2025-07-28T08:00:00Z,88.571,88.635,88.511,88.596,88.595,88.66,88.533,88.621
2025-07-28T09:00:00Z,88.591,88.668,88.566,88.668,88.616,88.693,88.59,88.693
2025-07-28T10:00:00Z,88.671,88.751,88.625,88.699,88.696,88.775,88.652,88.72
2025-07-28T11:00:00Z,88.696,88.733,88.58,88.599,88.718,88.757,88.606,88.625
2025-07-28T12:00:00Z,88.597,88.637,88.554,88.598,88.622,88.662,88.579,88.625
2025-07-28T13:00:00Z,88.597,88.611,88.487,88.564,88.627,88.635,88.512,88.589
2025-07-28T14:00:00Z,88.563,88.679,88.554,88.659,88.587,88.703,88.578,88.684
2025-07-28T15:00:00Z,88.657,88.728,88.64,88.651,88.683,88.754,88.664,88.675
2025-07-28T16:00:00Z,88.652,88.674,88.618,88.659,88.675,88.699,88.641,88.684
2025-07-28T17:00:00Z,88.66,88.672,88.585,88.631,88.686,88.695,88.609,88.66
2025-07-28T18:00:00Z,88.632,88.684,88.613,88.652,88.66,88.71,88.639,88.689
2025-07-28T19:00:00Z,88.652,88.692,88.614,88.69,88.689,88.72,88.638,88.717
2025-07-28T20:00:00Z,88.687,88.702,88.639,88.639,88.714,88.729,88.678,88.717
2025-07-28T21:00:00Z,88.591,88.662,88.568,88.651,88.791,88.792,88.727,88.755
2025-07-28T22:00:00Z,88.659,88.736,88.659,88.696,88.745,88.771,88.715,88.723
2025-07-28T23:00:00Z,88.691,88.738,88.635,88.648,88.719,88.763,88.661,88.675
2025-07-29T00:00:00Z,88.652,88.682,88.533,88.645,88.678,88.709,88.557,88.671
2025-07-29T01:00:00Z,88.654,88.722,88.598,88.677,88.68,88.75,88.626,88.703
2025-07-29T02:00:00Z,88.678,88.721,88.576,88.623,88.705,88.748,88.603,88.649
2025-07-29T03:00:00Z,88.62,88.631,88.488,88.522,88.647,88.656,88.513,88.548
2025-07-29T04:00:00Z,88.522,88.576,88.507,88.539,88.547,88.602,88.533,88.564
2025-07-29T05:00:00Z,88.537,88.543,88.451,88.493,88.562,88.569,88.477,88.518
2025-07-29T06:00:00Z,88.494,88.5,88.368,88.38,88.518,88.524,88.393,88.404
2025-07-29T07:00:00Z,88.382,88.449,88.37,88.376,88.406,88.473,88.395,88.398
2025-07-29T08:00:00Z,88.376,88.537,88.331,88.519,88.399,88.559,88.357,88.543
2025-07-29T09:00:00Z,88.522,88.576,88.469,88.506,88.545,88.601,88.496,88.531
2025-07-29T10:00:00Z,88.503,88.519,88.438,88.473,88.528,88.546,88.463,88.499
2025-07-29T11:00:00Z,88.474,88.507,88.417,88.44,88.499,88.533,88.443,88.465
2025-07-29T12:00:00Z,88.437,88.453,88.368,88.401,88.463,88.479,88.394,88.429
2025-07-29T13:00:00Z,88.401,88.432,88.362,88.401,88.432,88.458,88.388,88.447
2025-07-29T14:00:00Z,88.397,88.454,88.347,88.347,88.454,88.506,88.372,88.372
2025-07-29T15:00:00Z,88.347,88.467,88.329,88.436,88.373,88.492,88.353,88.462
2025-07-29T16:00:00Z,88.434,88.458,88.387,88.421,88.46,88.483,88.411,88.446
2025-07-29T17:00:00Z,88.429,88.452,88.375,88.394,88.454,88.48,88.403,88.42
2025-07-29T18:00:00Z,88.392,88.476,88.391,88.406,88.418,88.502,88.415,88.442
2025-07-29T19:00:00Z,88.406,88.438,88.376,88.435,88.442,88.465,88.405,88.463
2025-07-29T20:00:00Z,88.438,88.446,88.371,88.383,88.466,88.473,88.404,88.414
2025-07-29T21:00:00Z,88.326,88.336,88.291,88.336,88.526,88.526,88.483,88.484
2025-07-29T22:00:00Z,88.331,88.437,88.331,88.375,88.488,88.493,88.396,88.403
2025-07-29T23:00:00Z,88.379,88.417,88.35,88.367,88.406,88.444,88.375,88.392
2025-07-30T00:00:00Z,88.365,88.446,88.317,88.329,88.391,88.472,88.345,88.354
2025-07-30T01:00:00Z,88.329,88.382,88.221,88.361,88.356,88.411,88.252,88.388
2025-07-30T02:00:00Z,88.366,88.373,88.307,88.326,88.393,88.398,88.335,88.353
2025-07-30T03:00:00Z,88.324,88.331,88.243,88.272,88.352,88.357,88.27,88.298
2025-07-30T04:00:00Z,88.274,88.343,88.269,88.307,88.3,88.368,88.295,88.335
2025-07-30T05:00:00Z,88.308,88.308,88.178,88.241,88.337,88.337,88.204,88.269
2025-07-30T06:00:00Z,88.24,88.282,88.144,88.175,88.267,88.306,88.168,88.2
2025-07-30T07:00:00Z,88.169,88.209,88.139,88.204,88.194,88.236,88.163,88.227
2025-07-30T08:00:00Z,88.208,88.224,88.096,88.144,88.232,88.249,88.121,88.168
2025-07-30T09:00:00Z,88.14,88.17,88.101,88.169,88.168,88.195,88.126,88.195
2025-07-30T10:00:00Z,88.172,88.2,88.129,88.129,88.197,88.224,88.154,88.154
2025-07-30T11:00:00Z,88.127,88.181,88.092,88.174,88.152,88.207,88.117,88.199
2025-07-30T12:00:00Z,88.17,88.255,88.044,88.205,88.195,88.28,88.118,88.231
2025-07-30T13:00:00Z,88.2,88.237,88.11,88.137,88.226,88.263,88.135,88.165
2025-07-30T14:00:00Z,88.137,88.17,88.044,88.141,88.163,88.197,88.068,88.167
2025-07-30T15:00:00Z,88.14,88.158,88.062,88.103,88.164,88.183,88.087,88.129
2025-07-30T16:00:00Z,88.106,88.137,88.085,88.09,88.131,88.163,88.108,88.113
2025-07-30T17:00:00Z,88.09,88.174,88.004,88.004,88.114,88.226,88.108,88.204
2025-07-30T18:00:00Z,87.994,88.167,87.969,88.018,88.194,88.272,87.997,88.053
2025-07-30T19:00:00Z,88.018,88.028,87.894,88.003,88.053,88.055,87.919,88.032
2025-07-30T20:00:00Z,88.003,88.16,87.991,88.092,88.033,88.187,88.016,88.159
2025-07-30T21:00:00Z,88.066,88.105,88.055,88.091,88.23,88.268,88.156,88.172
2025-07-30T22:00:00Z,88.103,88.185,88.089,88.16,88.17,88.215,88.121,88.189
2025-07-30T23:00:00Z,88.163,88.217,88.125,88.139,88.192,88.245,88.156,88.166
2025-07-31T00:00:00Z,88.137,88.222,88.101,88.165,88.162,88.242,88.127,88.193
2025-07-31T01:00:00Z,88.174,88.18,87.961,87.986,88.202,88.207,87.983,88.015
2025-07-31T02:00:00Z,87.983,88.066,87.898,88.004,88.009,88.099,87.931,88.033
2025-07-31T03:00:00Z,88.004,88.013,87.849,87.977,88.034,88.046,87.875,88.005
2025-07-31T04:00:00Z,87.985,88.222,87.979,88.216,88.011,88.25,88.006,88.244
2025-07-31T05:00:00Z,88.215,88.228,88.135,88.203,88.242,88.255,88.158,88.228
2025-07-31T06:00:00Z,88.208,88.368,88.155,88.291,88.232,88.395,88.179,88.318
2025-07-31T07:00:00Z,88.291,88.594,88.248,88.441,88.317,88.62,88.276,88.466
2025-07-31T08:00:00Z,88.438,88.499,88.354,88.473,88.467,88.527,88.379,88.499
2025-07-31T09:00:00Z,88.477,88.556,88.438,88.538,88.503,88.581,88.463,88.564
2025-07-31T10:00:00Z,88.535,88.559,88.403,88.472,88.56,88.584,88.427,88.497
2025-07-31T11:00:00Z,88.468,88.586,88.422,88.542,88.494,88.611,88.446,88.568
2025-07-31T12:00:00Z,88.546,88.651,88.398,88.608,88.573,88.677,88.529,88.635
2025-07-31T13:00:00Z,88.61,88.721,88.573,88.7,88.635,88.747,88.598,88.725
2025-07-31T14:00:00Z,88.706,88.828,88.664,88.794,88.731,88.852,88.689,88.821
2025-07-31T15:00:00Z,88.792,88.867,88.661,88.737,88.819,88.891,88.686,88.764
2025-07-31T16:00:00Z,88.738,88.861,88.726,88.83,88.764,88.883,88.753,88.855
2025-07-31T17:00:00Z,88.828,88.83,88.674,88.723,88.855,88.855,88.699,88.748
2025-07-31T18:00:00Z,88.727,88.885,88.722,88.849,88.752,88.912,88.746,88.882
2025-07-31T19:00:00Z,88.849,88.882,88.798,88.804,88.882,88.907,88.821,88.828
2025-07-31T20:00:00Z,88.805,88.846,88.745,88.75,88.831,88.871,88.792,88.801
2025-07-31T21:00:00Z,88.728,88.738,88.677,88.695,88.928,88.935,88.791,88.842
2025-07-31T22:00:00Z,88.699,88.809,88.678,88.767,88.847,88.888,88.715,88.8
2025-07-31T23:00:00Z,88.765,88.815,88.717,88.771,88.798,88.846,88.748,88.797
2025-08-01T00:00:00Z,88.766,88.798,88.671,88.773,88.792,88.824,88.698,88.798
2025-08-01T01:00:00Z,88.769,88.843,88.648,88.671,88.795,88.871,88.675,88.697
2025-08-01T02:00:00Z,88.673,88.705,88.552,88.584,88.7,88.728,88.579,88.609
2025-08-01T03:00:00Z,88.587,88.664,88.56,88.56,88.612,88.689,88.585,88.585
2025-08-01T04:00:00Z,88.554,88.609,88.542,88.566,88.582,88.634,88.567,88.591
2025-08-01T05:00:00Z,88.564,88.581,88.426,88.491,88.59,88.606,88.452,88.516
2025-08-01T06:00:00Z,88.492,88.53,88.434,88.457,88.516,88.555,88.46,88.482
2025-08-01T07:00:00Z,88.461,88.477,88.281,88.323,88.486,88.499,88.305,88.348
2025-08-01T08:00:00Z,88.322,88.386,88.276,88.313,88.349,88.411,88.303,88.338
2025-08-01T09:00:00Z,88.311,88.343,88.131,88.22,88.336,88.368,88.156,88.244
2025-08-01T10:00:00Z,88.222,88.236,88.153,88.168,88.247,88.26,88.176,88.191
2025-08-01T11:00:00Z,88.167,88.253,88.167,88.251,88.191,88.278,88.191,88.275
2025-08-01T12:00:00Z,88.249,88.268,87.939,87.996,88.274,88.452,87.985,88.021
2025-08-01T13:00:00Z,87.992,87.994,87.425,87.488,88.018,88.023,87.45,87.543
2025-08-01T14:00:00Z,87.389,87.59,87.257,87.407,87.539,87.616,87.311,87.432
2025-08-01T15:00:00Z,87.41,87.506,87.31,87.488,87.432,87.532,87.334,87.512
2025-08-01T16:00:00Z,87.483,87.506,87.251,87.273,87.508,87.53,87.277,87.3
2025-08-01T17:00:00Z,87.274,87.302,87.054,87.155,87.3,87.327,87.079,87.179
2025-08-01T18:00:00Z,87.151,87.246,87.079,87.124,87.176,87.272,87.105,87.15
2025-08-01T19:00:00Z,87.12,87.169,87.028,87.121,87.146,87.199,87.071,87.149
2025-08-01T20:00:00Z,87.118,87.26,87.088,87.11,87.146,87.337,87.12,87.31
2025-08-03T21:00:00Z,86.949,86.964,86.89,86.925,87.149,87.164,87.078,87.112
2025-08-03T22:00:00Z,86.942,87.076,86.942,86.999,87.112,87.192,86.975,87.022
2025-08-03T23:00:00Z,86.997,87.143,86.975,87.133,87.022,87.168,87.002,87.16
2025-08-04T00:00:00Z,87.131,87.261,87.081,87.259,87.157,87.291,87.107,87.29
2025-08-04T01:00:00Z,87.262,87.505,87.237,87.482,87.292,87.531,87.264,87.509
2025-08-04T02:00:00Z,87.485,87.496,87.333,87.392,87.512,87.523,87.361,87.418
2025-08-04T03:00:00Z,87.394,87.442,87.336,87.393,87.421,87.467,87.363,87.419
2025-08-04T04:00:00Z,87.39,87.415,87.288,87.34,87.416,87.44,87.314,87.366
2025-08-04T05:00:00Z,87.338,87.414,87.302,87.354,87.365,87.441,87.33,87.38
2025-08-04T06:00:00Z,87.349,87.388,87.254,87.297,87.373,87.414,87.278,87.322
2025-08-04T07:00:00Z,87.293,87.445,87.281,87.339,87.318,87.471,87.306,87.366
2025-08-04T08:00:00Z,87.342,87.448,87.32,87.417,87.369,87.473,87.347,87.442
2025-08-04T09:00:00Z,87.413,87.45,87.359,87.38,87.438,87.475,87.385,87.404
2025-08-04T10:00:00Z,87.377,87.383,87.296,87.325,87.401,87.407,87.32,87.349
2025-08-04T11:00:00Z,87.323,87.325,87.221,87.226,87.347,87.349,87.245,87.25
2025-08-04T12:00:00Z,87.226,87.234,87.082,87.107,87.251,87.258,87.105,87.131
2025-08-04T13:00:00Z,87.11,87.265,87.066,87.112,87.133,87.29,87.091,87.146
2025-08-04T14:00:00Z,87.111,87.14,87.007,87.04,87.144,87.164,87.032,87.065
2025-08-04T15:00:00Z,87.04,87.092,86.858,86.859,87.063,87.117,86.883,86.883
2025-08-04T16:00:00Z,86.859,86.909,86.812,86.817,86.884,86.933,86.836,86.842
2025-08-04T17:00:00Z,86.816,86.825,86.736,86.754,86.839,86.849,86.762,86.778
2025-08-04T18:00:00Z,86.755,86.773,86.657,86.66,86.78,86.798,86.684,86.685
2025-08-04T19:00:00Z,86.66,86.782,86.66,86.78,86.685,86.807,86.685,86.805
2025-08-04T20:00:00Z,86.783,86.886,86.779,86.862,86.805,86.947,86.804,86.91
2025-08-04T21:00:00Z,86.869,86.927,86.764,86.842,86.914,87.127,86.904,87.013
2025-08-04T22:00:00Z,86.879,86.879,86.776,86.825,87.025,87.025,86.836,86.866
2025-08-04T23:00:00Z,86.822,86.869,86.747,86.837,86.862,86.895,86.776,86.865
2025-08-05T00:00:00Z,86.829,86.937,86.788,86.875,86.856,86.966,86.814,86.899
2025-08-05T01:00:00Z,86.874,86.94,86.774,86.838,86.899,86.969,86.801,86.864
2025-08-05T02:00:00Z,86.84,86.853,86.762,86.815,86.864,86.876,86.789,86.842
2025-08-05T03:00:00Z,86.818,86.838,86.751,86.766,86.845,86.863,86.777,86.791
2025-08-05T04:00:00Z,86.77,86.778,86.684,86.759,86.795,86.805,86.712,86.785
2025-08-05T05:00:00Z,86.762,86.774,86.677,86.74,86.787,86.8,86.704,86.764
2025-08-05T06:00:00Z,86.737,86.824,86.654,86.78,86.761,86.849,86.681,86.805
2025-08-05T07:00:00Z,86.776,86.906,86.729,86.842,86.801,86.933,86.755,86.866
2025-08-05T08:00:00Z,86.839,86.899,86.794,86.868,86.864,86.924,86.818,86.894
2025-08-05T09:00:00Z,86.87,86.987,86.843,86.974,86.895,87.012,86.868,86.997
2025-08-05T10:00:00Z,86.972,87.039,86.959,86.969,86.995,87.063,86.984,86.992
2025-08-05T11:00:00Z,86.965,86.975,86.844,86.95,86.988,86.999,86.868,86.974
2025-08-05T12:00:00Z,86.948,87.046,86.928,86.992,86.972,87.071,86.953,87.017
2025-08-05T13:00:00Z,86.99,87.081,86.983,86.987,87.016,87.166,87.008,87.166
2025-08-05T14:00:00Z,87.006,87.041,86.789,86.847,87.132,87.132,86.813,86.871
2025-08-05T15:00:00Z,86.845,87.002,86.834,86.993,86.87,87.027,86.859,87.019
2025-08-05T16:00:00Z,86.994,87.068,86.987,87.04,87.019,87.092,87.011,87.065
2025-08-05T17:00:00Z,87.04,87.085,87.015,87.062,87.064,87.11,87.042,87.087
2025-08-05T18:00:00Z,87.06,87.076,86.972,86.984,87.085,87.1,86.996,87.017
2025-08-05T19:00:00Z,86.984,87.027,86.974,86.991,87.017,87.054,87.0,87.017
2025-08-05T20:00:00Z,86.993,87.073,86.956,87.05,87.019,87.117,86.981,87.097
2025-08-05T21:00:00Z,87.045,87.045,86.967,87.018,87.245,87.245,87.117,87.146
2025-08-05T22:00:00Z,87.016,87.146,86.936,87.074,87.148,87.179,86.967,87.11
2025-08-05T23:00:00Z,87.071,87.239,87.06,87.147,87.106,87.266,87.088,87.171
2025-08-06T00:00:00Z,87.144,87.245,87.133,87.224,87.168,87.269,87.158,87.248
2025-08-06T01:00:00Z,87.221,87.306,87.171,87.298,87.244,87.331,87.197,87.323
2025-08-06T02:00:00Z,87.302,87.379,87.269,87.317,87.328,87.404,87.295,87.342
2025-08-06T03:00:00Z,87.317,87.335,87.265,87.277,87.343,87.36,87.29,87.302
2025-08-06T04:00:00Z,87.274,87.337,87.259,87.29,87.299,87.362,87.285,87.315
2025-08-06T05:00:00Z,87.293,87.311,87.242,87.244,87.319,87.337,87.265,87.269
2025-08-06T06:00:00Z,87.238,87.348,87.215,87.326,87.266,87.373,87.239,87.351
2025-08-06T07:00:00Z,87.332,87.45,87.3,87.408,87.357,87.477,87.323,87.433
2025-08-06T08:00:00Z,87.41,87.498,87.391,87.478,87.434,87.523,87.416,87.502
2025-08-06T09:00:00Z,87.478,87.535,87.475,87.526,87.503,87.56,87.499,87.551
2025-08-06T10:00:00Z,87.526,87.565,87.492,87.555,87.55,87.592,87.516,87.58
2025-08-06T11:00:00Z,87.553,87.566,87.452,87.513,87.579,87.593,87.476,87.538
2025-08-06T12:00:00Z,87.516,87.518,87.418,87.466,87.542,87.543,87.445,87.49
2025-08-06T13:00:00Z,87.465,87.474,87.314,87.317,87.487,87.498,87.338,87.34
2025-08-06T14:00:00Z,87.32,87.373,87.243,87.325,87.344,87.399,87.267,87.351
2025-08-06T15:00:00Z,87.322,87.472,87.3,87.418,87.346,87.504,87.326,87.443
2025-08-06T16:00:00Z,87.42,87.444,87.374,87.376,87.445,87.468,87.401,87.401
2025-08-06T17:00:00Z,87.378,87.446,87.375,87.387,87.404,87.474,87.402,87.413
2025-08-06T18:00:00Z,87.391,87.412,87.276,87.278,87.417,87.437,87.309,87.312
2025-08-06T19:00:00Z,87.278,87.311,87.249,87.289,87.312,87.336,87.281,87.318
2025-08-06T20:00:00Z,87.289,87.485,87.204,87.316,87.316,87.535,87.296,87.357
2025-08-06T21:00:00Z,87.27,87.388,87.27,87.292,87.47,87.554,87.411,87.451
2025-08-06T22:00:00Z,87.306,87.38,87.285,87.331,87.464,87.464,87.328,87.363
2025-08-06T23:00:00Z,87.334,87.361,87.226,87.244,87.369,87.391,87.249,87.27
2025-08-07T00:00:00Z,87.24,87.493,87.232,87.478,87.266,87.517,87.257,87.504
2025-08-07T01:00:00Z,87.481,87.679,87.472,87.605,87.505,87.705,87.497,87.63
2025-08-07T02:00:00Z,87.603,87.669,87.555,87.633,87.629,87.697,87.581,87.665
2025-08-07T03:00:00Z,87.633,87.687,87.576,87.677,87.664,87.712,87.601,87.703
2025-08-07T04:00:00Z,87.679,87.728,87.603,87.63,87.705,87.754,87.63,87.657
2025-08-07T05:00:00Z,87.633,87.635,87.523,87.627,87.659,87.662,87.55,87.653
2025-08-07T06:00:00Z,87.623,87.701,87.419,87.441,87.649,87.729,87.444,87.469
2025-08-07T07:00:00Z,87.445,87.555,87.412,87.542,87.474,87.578,87.438,87.567
2025-08-07T08:00:00Z,87.543,87.697,87.531,87.643,87.567,87.719,87.555,87.669
2025-08-07T09:00:00Z,87.643,87.728,87.641,87.679,87.67,87.756,87.667,87.703
2025-08-07T10:00:00Z,87.682,87.755,87.67,87.733,87.707,87.777,87.695,87.756
2025-08-07T11:00:00Z,87.735,87.784,87.641,87.651,87.759,87.808,87.667,87.676
2025-08-07T12:00:00Z,87.651,87.728,87.548,87.696,87.677,87.753,87.614,87.721
2025-08-07T13:00:00Z,87.699,87.746,87.624,87.647,87.722,87.771,87.648,87.672
2025-08-07T14:00:00Z,87.649,87.658,87.504,87.548,87.675,87.683,87.529,87.574
2025-08-07T15:00:00Z,87.545,87.593,87.517,87.574,87.571,87.621,87.543,87.599
2025-08-07T16:00:00Z,87.574,87.634,87.533,87.592,87.598,87.659,87.557,87.618
2025-08-07T17:00:00Z,87.594,87.674,87.583,87.648,87.62,87.7,87.609,87.675
2025-08-07T18:00:00Z,87.646,87.669,87.597,87.637,87.672,87.695,87.625,87.671
2025-08-07T19:00:00Z,87.637,87.637,87.509,87.596,87.671,87.671,87.536,87.624
2025-08-07T20:00:00Z,87.592,87.702,87.589,87.685,87.62,87.747,87.617,87.747
2025-08-07T21:00:00Z,87.661,87.661,87.538,87.551,87.739,87.812,87.704,87.739
2025-08-07T22:00:00Z,87.566,87.672,87.534,87.629,87.724,87.745,87.564,87.658
2025-08-07T23:00:00Z,87.632,87.675,87.542,87.613,87.661,87.702,87.569,87.637
2025-08-08T00:00:00Z,87.61,87.777,87.582,87.734,87.634,87.804,87.61,87.761
2025-08-08T01:00:00Z,87.731,87.781,87.711,87.766,87.758,87.806,87.737,87.792
2025-08-08T02:00:00Z,87.769,87.831,87.75,87.793,87.794,87.858,87.776,87.821
2025-08-08T03:00:00Z,87.797,87.797,87.722,87.724,87.825,87.825,87.749,87.75
2025-08-08T04:00:00Z,87.724,87.759,87.66,87.676,87.751,87.787,87.685,87.703
2025-08-08T05:00:00Z,87.673,87.806,87.657,87.794,87.699,87.833,87.685,87.821
2025-08-08T06:00:00Z,87.793,87.833,87.754,87.788,87.819,87.857,87.779,87.812
2025-08-08T07:00:00Z,87.792,87.891,87.762,87.84,87.816,87.916,87.788,87.865
2025-08-08T08:00:00Z,87.837,87.884,87.79,87.876,87.861,87.909,87.814,87.902
2025-08-08T09:00:00Z,87.876,87.979,87.855,87.968,87.901,88.005,87.88,87.992
2025-08-08T10:00:00Z,87.971,88.064,87.948,88.045,87.994,88.09,87.975,88.072
2025-08-08T11:00:00Z,88.045,88.055,87.985,88.004,88.071,88.078,88.009,88.029
2025-08-08T12:00:00Z,88.007,88.028,87.901,87.992,88.031,88.05,87.925,88.018
2025-08-08T13:00:00Z,87.994,88.12,87.989,88.072,88.02,88.145,88.014,88.103
2025-08-08T14:00:00Z,88.072,88.073,87.938,87.969,88.104,88.104,87.964,87.994
2025-08-08T15:00:00Z,87.973,87.998,87.896,87.935,87.993,88.023,87.922,87.96
2025-08-08T16:00:00Z,87.931,87.971,87.901,87.919,87.956,87.995,87.927,87.944
2025-08-08T17:00:00Z,87.915,87.995,87.898,87.968,87.941,88.022,87.924,87.994
2025-08-08T18:00:00Z,87.965,87.984,87.938,87.941,87.991,88.01,87.964,87.966
2025-08-08T19:00:00Z,87.94,87.943,87.868,87.901,87.966,87.97,87.894,87.927
2025-08-08T20:00:00Z,87.901,87.973,87.857,87.861,87.926,88.07,87.905,88.061
2025-08-10T21:00:00Z,87.873,87.891,87.713,87.754,88.073,88.091,87.901,87.954
2025-08-10T22:00:00Z,87.749,87.949,87.749,87.923,87.949,88.03,87.866,87.951
2025-08-10T23:00:00Z,87.917,87.94,87.8,87.8,87.943,87.962,87.828,87.828
2025-08-11T00:00:00Z,87.795,87.827,87.778,87.798,87.823,87.852,87.803,87.824
2025-08-11T01:00:00Z,87.802,87.897,87.781,87.869,87.827,87.923,87.807,87.896
2025-08-11T02:00:00Z,87.871,87.889,87.796,87.802,87.898,87.916,87.823,87.829
2025-08-11T03:00:00Z,87.802,87.847,87.761,87.838,87.83,87.874,87.793,87.863
2025-08-11T04:00:00Z,87.84,87.86,87.753,87.766,87.864,87.886,87.78,87.794
2025-08-11T05:00:00Z,87.769,87.803,87.751,87.802,87.797,87.828,87.779,87.827
2025-08-11T06:00:00Z,87.805,87.85,87.76,87.771,87.829,87.875,87.785,87.796
2025-08-11T07:00:00Z,87.769,87.787,87.534,87.55,87.794,87.81,87.56,87.575
2025-08-11T08:00:00Z,87.548,87.708,87.534,87.693,87.572,87.734,87.559,87.719
2025-08-11T09:00:00Z,87.688,87.733,87.634,87.724,87.714,87.756,87.661,87.749
2025-08-11T10:00:00Z,87.722,87.788,87.722,87.773,87.747,87.812,87.747,87.796
2025-08-11T11:00:00Z,87.771,87.809,87.657,87.707,87.794,87.834,87.682,87.733
2025-08-11T12:00:00Z,87.709,87.728,87.626,87.643,87.734,87.754,87.651,87.669
2025-08-11T13:00:00Z,87.644,87.758,87.625,87.75,87.671,87.781,87.651,87.776
2025-08-11T14:00:00Z,87.75,87.79,87.693,87.775,87.777,87.814,87.719,87.802
2025-08-11T15:00:00Z,87.775,87.818,87.744,87.817,87.801,87.842,87.769,87.84
2025-08-11T16:00:00Z,87.819,87.846,87.793,87.811,87.843,87.871,87.82,87.836
2025-08-11T17:00:00Z,87.813,87.848,87.783,87.837,87.836,87.876,87.808,87.865
2025-08-11T18:00:00Z,87.84,87.984,87.836,87.975,87.868,88.009,87.862,88.005
2025-08-11T19:00:00Z,87.975,87.975,87.915,87.966,88.005,88.005,87.941,87.99
2025-08-11T20:00:00Z,87.969,87.983,87.934,87.941,87.993,88.031,87.961,87.986
2025-08-11T21:00:00Z,87.872,87.926,87.825,87.9,88.072,88.08,87.985,87.985
2025-08-11T22:00:00Z,87.897,87.985,87.885,87.984,87.939,88.017,87.939,88.014
2025-08-11T23:00:00Z,87.993,88.03,87.962,87.973,88.014,88.058,87.991,88.002
2025-08-12T00:00:00Z,87.97,88.194,87.965,88.167,87.999,88.219,87.994,88.197
2025-08-12T01:00:00Z,88.166,88.166,88.062,88.108,88.195,88.195,88.088,88.132
2025-08-12T02:00:00Z,88.107,88.155,88.055,88.1,88.132,88.18,88.081,88.126
2025-08-12T03:00:00Z,88.102,88.16,88.096,88.097,88.129,88.187,88.121,88.124
2025-08-12T04:00:00Z,88.094,88.107,87.999,88.09,88.12,88.133,88.025,88.115
2025-08-12T05:00:00Z,88.092,88.093,87.883,87.946,88.117,88.118,87.909,87.974
2025-08-12T06:00:00Z,87.948,88.01,87.827,87.876,87.975,88.035,87.854,87.9
2025-08-12T07:00:00Z,87.878,87.996,87.873,87.963,87.901,88.02,87.897,87.988
2025-08-12T08:00:00Z,87.965,87.99,87.874,87.894,87.989,88.013,87.898,87.919
2025-08-12T09:00:00Z,87.889,87.911,87.835,87.894,87.915,87.938,87.86,87.92
2025-08-12T10:00:00Z,87.89,87.942,87.864,87.868,87.915,87.968,87.888,87.892
2025-08-12T11:00:00Z,87.866,87.876,87.783,87.838,87.891,87.9,87.806,87.86
2025-08-12T12:00:00Z,87.838,87.966,87.732,87.876,87.862,88.037,87.836,87.901
2025-08-12T13:00:00Z,87.878,88.001,87.791,87.908,87.903,88.03,87.818,87.933
2025-08-12T14:00:00Z,87.904,88.048,87.855,88.037,87.929,88.072,87.881,88.063
2025-08-12T15:00:00Z,88.034,88.16,87.983,88.021,88.06,88.187,88.01,88.047
2025-08-12T16:00:00Z,88.021,88.03,87.968,87.968,88.048,88.056,87.993,87.993
2025-08-12T17:00:00Z,87.969,87.992,87.925,87.987,87.995,88.017,87.953,88.011
2025-08-12T18:00:00Z,87.988,88.019,87.929,87.95,88.013,88.046,87.953,87.98
2025-08-12T19:00:00Z,87.95,87.958,87.915,87.952,87.98,87.984,87.943,87.977
2025-08-12T20:00:00Z,87.952,88.025,87.936,88.016,87.976,88.09,87.962,88.053
2025-08-12T21:00:00Z,87.922,88.036,87.913,87.992,88.122,88.165,88.035,88.073
2025-08-12T22:00:00Z,87.989,88.014,87.97,88.004,88.059,88.062,88.009,88.036
2025-08-12T23:00:00Z,88.002,88.029,87.981,88.023,88.034,88.056,88.011,88.049
2025-08-13T00:00:00Z,88.02,88.044,87.913,87.963,88.046,88.066,87.94,87.99
2025-08-13T01:00:00Z,87.965,88.041,87.938,88.027,87.992,88.068,87.965,88.053
2025-08-13T02:00:00Z,88.027,88.242,88.019,88.208,88.051,88.268,88.044,88.235
2025-08-13T03:00:00Z,88.21,88.222,88.154,88.169,88.237,88.249,88.181,88.195
2025-08-13T04:00:00Z,88.173,88.245,88.121,88.122,88.198,88.271,88.148,88.15
2025-08-13T05:00:00Z,88.122,88.133,88.086,88.101,88.149,88.161,88.113,88.13
2025-08-13T06:00:00Z,88.102,88.307,88.063,88.284,88.13,88.334,88.083,88.307
2025-08-13T07:00:00Z,88.282,88.342,88.208,88.254,88.306,88.369,88.235,88.279
2025-08-13T08:00:00Z,88.252,88.271,88.093,88.116,88.277,88.296,88.118,88.141
2025-08-13T09:00:00Z,88.119,88.257,88.073,88.239,88.145,88.281,88.098,88.264
2025-08-13T10:00:00Z,88.235,88.267,88.194,88.25,88.26,88.292,88.221,88.276
2025-08-13T11:00:00Z,88.247,88.291,88.173,88.176,88.273,88.315,88.199,88.201
2025-08-13T12:00:00Z,88.176,88.189,88.096,88.105,88.202,88.215,88.12,88.129
2025-08-13T13:00:00Z,88.102,88.121,88.016,88.026,88.126,88.146,88.041,88.051
2025-08-13T14:00:00Z,88.026,88.122,87.974,88.011,88.05,88.147,88.0,88.037
2025-08-13T15:00:00Z,88.011,88.038,87.936,87.982,88.035,88.061,87.961,88.007
2025-08-13T16:00:00Z,87.983,88.049,87.983,88.036,88.007,88.073,88.007,88.062
2025-08-13T17:00:00Z,88.036,88.053,87.996,88.003,88.063,88.079,88.024,88.027
2025-08-13T18:00:00Z,88.006,88.072,88.003,88.025,88.03,88.096,88.027,88.058
2025-08-13T19:00:00Z,88.025,88.048,88.002,88.036,88.058,88.072,88.028,88.06
2025-08-13T20:00:00Z,88.04,88.065,87.999,88.027,88.064,88.093,88.024,88.093
2025-08-13T21:00:00Z,87.989,88.058,87.939,87.945,88.16,88.187,88.036,88.063
2025-08-13T22:00:00Z,87.943,88.009,87.943,87.992,88.06,88.087,87.994,88.024
2025-08-13T23:00:00Z,87.99,88.002,87.952,87.967,88.022,88.029,87.984,87.992
2025-08-14T00:00:00Z,87.963,87.963,87.719,87.766,87.988,87.988,87.744,87.793
2025-08-14T01:00:00Z,87.768,87.779,87.622,87.707,87.796,87.807,87.648,87.734
2025-08-14T02:00:00Z,87.704,87.743,87.613,87.706,87.731,87.769,87.639,87.733
2025-08-14T03:00:00Z,87.706,87.712,87.537,87.537,87.736,87.74,87.563,87.563
2025-08-14T04:00:00Z,87.54,87.546,87.443,87.49,87.567,87.574,87.471,87.518
2025-08-14T05:00:00Z,87.493,87.539,87.386,87.401,87.522,87.566,87.411,87.427
2025-08-14T06:00:00Z,87.399,87.415,87.233,87.254,87.423,87.438,87.259,87.28
2025-08-14T07:00:00Z,87.253,87.283,87.162,87.239,87.277,87.31,87.185,87.267
2025-08-14T08:00:00Z,87.243,87.282,87.156,87.164,87.27,87.309,87.18,87.187
2025-08-14T09:00:00Z,87.163,87.261,87.147,87.236,87.187,87.285,87.171,87.26
2025-08-14T10:00:00Z,87.238,87.246,87.162,87.175,87.261,87.27,87.187,87.202
2025-08-14T11:00:00Z,87.177,87.213,87.139,87.141,87.203,87.237,87.163,87.165
2025-08-14T12:00:00Z,87.144,87.26,87.105,87.143,87.168,87.323,87.131,87.173
2025-08-14T13:00:00Z,87.142,87.272,87.091,87.252,87.169,87.298,87.119,87.278
2025-08-14T14:00:00Z,87.254,87.467,87.24,87.421,87.278,87.492,87.265,87.445
2025-08-14T15:00:00Z,87.422,87.499,87.345,87.346,87.447,87.523,87.37,87.37
2025-08-14T16:00:00Z,87.344,87.421,87.338,87.411,87.368,87.445,87.364,87.435
2025-08-14T17:00:00Z,87.407,87.475,87.397,87.465,87.431,87.502,87.421,87.492
2025-08-14T18:00:00Z,87.463,87.49,87.436,87.442,87.49,87.516,87.462,87.473
2025-08-14T19:00:00Z,87.442,87.495,87.435,87.462,87.473,87.521,87.459,87.487
2025-08-14T20:00:00Z,87.463,87.463,87.381,87.414,87.489,87.489,87.425,87.453
2025-08-14T21:00:00Z,87.324,87.497,87.318,87.447,87.524,87.615,87.491,87.54
2025-08-14T22:00:00Z,87.443,87.5,87.422,87.462,87.54,87.563,87.482,87.491
2025-08-14T23:00:00Z,87.459,87.512,87.417,87.427,87.488,87.545,87.441,87.45
2025-08-15T00:00:00Z,87.427,87.458,87.306,87.312,87.453,87.484,87.332,87.339
2025-08-15T01:00:00Z,87.308,87.352,87.181,87.199,87.335,87.377,87.208,87.226
2025-08-15T02:00:00Z,87.197,87.208,87.035,87.131,87.224,87.233,87.062,87.156
2025-08-15T03:00:00Z,87.136,87.248,87.113,87.2,87.161,87.273,87.138,87.226
2025-08-15T04:00:00Z,87.201,87.207,87.091,87.107,87.228,87.233,87.116,87.133
2025-08-15T05:00:00Z,87.112,87.147,87.056,87.126,87.139,87.171,87.081,87.152
2025-08-15T06:00:00Z,87.13,87.171,87.063,87.112,87.155,87.194,87.087,87.137
2025-08-15T07:00:00Z,87.116,87.215,87.102,87.139,87.141,87.239,87.126,87.165
2025-08-15T08:00:00Z,87.14,87.144,87.025,87.035,87.165,87.17,87.05,87.061
2025-08-15T09:00:00Z,87.037,87.057,86.973,87.007,87.063,87.084,86.999,87.031
2025-08-15T10:00:00Z,87.002,87.109,86.969,87.102,87.026,87.132,86.993,87.125
2025-08-15T11:00:00Z,87.101,87.15,87.087,87.114,87.125,87.176,87.112,87.138
2025-08-15T12:00:00Z,87.12,87.179,87.053,87.089,87.144,87.204,87.079,87.114
2025-08-15T13:00:00Z,87.092,87.186,87.076,87.134,87.117,87.212,87.101,87.175
2025-08-15T14:00:00Z,87.131,87.209,87.062,87.114,87.178,87.235,87.088,87.139
2025-08-15T15:00:00Z,87.112,87.236,87.105,87.14,87.138,87.26,87.13,87.166
2025-08-15T16:00:00Z,87.137,87.246,87.137,87.238,87.163,87.272,87.163,87.263
2025-08-15T17:00:00Z,87.238,87.278,87.198,87.228,87.262,87.303,87.224,87.254
2025-08-15T18:00:00Z,87.23,87.231,87.184,87.193,87.255,87.257,87.208,87.218
2025-08-15T19:00:00Z,87.19,87.224,87.184,87.218,87.215,87.25,87.208,87.243
2025-08-15T20:00:00Z,87.216,87.241,87.1,87.11,87.241,87.269,87.186,87.195
2025-08-17T21:00:00Z,87.105,87.123,87.042,87.117,87.242,87.28,87.219,87.273
2025-08-17T22:00:00Z,87.117,87.256,87.114,87.248,87.279,87.288,87.173,87.276
2025-08-17T23:00:00Z,87.246,87.333,87.246,87.28,87.279,87.36,87.274,87.305
2025-08-18T00:00:00Z,87.277,87.463,87.277,87.438,87.302,87.489,87.301,87.464
2025-08-18T01:00:00Z,87.44,87.561,87.429,87.461,87.466,87.585,87.456,87.486
2025-08-18T02:00:00Z,87.458,87.476,87.428,87.435,87.484,87.502,87.454,87.462
2025-08-18T03:00:00Z,87.437,87.476,87.402,87.442,87.465,87.501,87.428,87.467
2025-08-18T04:00:00Z,87.438,87.568,87.431,87.523,87.463,87.595,87.457,87.55
2025-08-18T05:00:00Z,87.521,87.589,87.474,87.499,87.547,87.614,87.499,87.523
2025-08-18T06:00:00Z,87.498,87.524,87.438,87.461,87.521,87.549,87.462,87.486
2025-08-18T07:00:00Z,87.465,87.5,87.352,87.486,87.49,87.524,87.378,87.511
2025-08-18T08:00:00Z,87.489,87.546,87.421,87.516,87.514,87.571,87.445,87.539
2025-08-18T09:00:00Z,87.516,87.547,87.477,87.515,87.54,87.571,87.501,87.54
2025-08-18T10:00:00Z,87.513,87.571,87.499,87.513,87.538,87.596,87.524,87.538
2025-08-18T11:00:00Z,87.516,87.566,87.509,87.547,87.541,87.59,87.534,87.573
2025-08-18T12:00:00Z,87.545,87.653,87.543,87.617,87.572,87.678,87.564,87.642
2025-08-18T13:00:00Z,87.613,87.685,87.578,87.593,87.637,87.709,87.603,87.618
2025-08-18T14:00:00Z,87.595,87.619,87.443,87.471,87.621,87.643,87.468,87.497
2025-08-18T15:00:00Z,87.469,87.523,87.437,87.507,87.496,87.548,87.463,87.53
2025-08-18T16:00:00Z,87.507,87.532,87.459,87.482,87.531,87.557,87.484,87.508
2025-08-18T17:00:00Z,87.48,87.526,87.452,87.485,87.506,87.55,87.475,87.51
2025-08-18T18:00:00Z,87.483,87.528,87.457,87.513,87.508,87.552,87.483,87.543
2025-08-18T19:00:00Z,87.513,87.594,87.513,87.551,87.543,87.621,87.543,87.578
2025-08-18T20:00:00Z,87.55,87.604,87.501,87.53,87.576,87.633,87.564,87.577
2025-08-18T21:00:00Z,87.546,87.546,87.398,87.459,87.592,87.658,87.553,87.564
2025-08-18T22:00:00Z,87.459,87.606,87.458,87.573,87.538,87.639,87.536,87.603
2025-08-18T23:00:00Z,87.571,87.639,87.524,87.605,87.6,87.665,87.552,87.632
2025-08-19T00:00:00Z,87.604,87.678,87.565,87.579,87.63,87.706,87.59,87.605
2025-08-19T01:00:00Z,87.576,87.645,87.433,87.492,87.602,87.671,87.459,87.519
2025-08-19T02:00:00Z,87.489,87.577,87.447,87.577,87.516,87.602,87.475,87.602
2025-08-19T03:00:00Z,87.581,87.614,87.522,87.543,87.606,87.64,87.547,87.568
2025-08-19T04:00:00Z,87.546,87.595,87.514,87.546,87.571,87.621,87.541,87.571
2025-08-19T05:00:00Z,87.547,87.571,87.356,87.356,87.573,87.597,87.382,87.382
2025-08-19T06:00:00Z,87.352,87.48,87.336,87.459,87.377,87.506,87.362,87.483
2025-08-19T07:00:00Z,87.461,87.5,87.382,87.451,87.484,87.525,87.407,87.478
2025-08-19T08:00:00Z,87.453,87.483,87.336,87.38,87.479,87.508,87.362,87.407
2025-08-19T09:00:00Z,87.382,87.528,87.377,87.525,87.409,87.552,87.404,87.551
2025-08-19T10:00:00Z,87.528,87.528,87.458,87.487,87.554,87.554,87.481,87.512
2025-08-19T11:00:00Z,87.491,87.523,87.456,87.517,87.516,87.549,87.48,87.542
2025-08-19T12:00:00Z,87.517,87.58,87.469,87.504,87.541,87.606,87.495,87.53
2025-08-19T13:00:00Z,87.506,87.522,87.358,87.398,87.532,87.548,87.385,87.422
2025-08-19T14:00:00Z,87.394,87.401,87.281,87.296,87.418,87.428,87.306,87.321
2025-08-19T15:00:00Z,87.294,87.296,87.146,87.146,87.318,87.321,87.172,87.172
2025-08-19T16:00:00Z,87.15,87.155,87.067,87.084,87.176,87.18,87.094,87.108
2025-08-19T17:00:00Z,87.084,87.09,86.98,87.029,87.11,87.115,87.005,87.054
2025-08-19T18:00:00Z,87.026,87.026,86.919,86.943,87.051,87.051,86.945,86.973
2025-08-19T19:00:00Z,86.943,86.989,86.886,86.987,86.973,87.015,86.912,87.014
2025-08-19T20:00:00Z,86.989,87.036,86.957,87.0,87.014,87.061,86.992,87.03
2025-08-19T21:00:00Z,86.987,87.025,86.93,86.933,87.187,87.192,87.04,87.042
2025-08-19T22:00:00Z,86.921,87.021,86.921,87.012,87.026,87.051,86.999,87.046
2025-08-19T23:00:00Z,87.01,87.116,87.01,87.112,87.043,87.142,87.036,87.138
2025-08-20T00:00:00Z,87.11,87.13,86.922,86.947,87.136,87.158,86.949,86.971
2025-08-20T01:00:00Z,86.949,86.978,86.816,86.838,86.974,87.006,86.843,86.877
2025-08-20T02:00:00Z,86.838,86.844,85.937,86.06,86.879,86.885,85.964,86.086
2025-08-20T03:00:00Z,86.062,86.126,85.846,85.963,86.082,86.152,85.872,85.99
2025-08-20T04:00:00Z,85.964,86.111,85.964,85.987,85.99,86.139,85.99,86.014
2025-08-20T05:00:00Z,85.995,86.053,85.887,86.033,86.018,86.08,85.916,86.059
2025-08-20T06:00:00Z,86.034,86.036,85.713,85.879,86.057,86.061,85.739,85.903
2025-08-20T07:00:00Z,85.882,85.958,85.834,85.958,85.906,85.984,85.859,85.984
2025-08-20T08:00:00Z,85.959,86.028,85.793,86.026,85.986,86.053,85.819,86.05
2025-08-20T09:00:00Z,86.024,86.025,85.869,85.987,86.046,86.051,85.895,86.011
2025-08-20T10:00:00Z,85.983,85.985,85.875,85.907,86.007,86.007,85.9,85.93
2025-08-20T11:00:00Z,85.904,85.967,85.876,85.888,85.928,85.991,85.899,85.911
2025-08-20T12:00:00Z,85.89,86.039,85.877,85.947,85.914,86.066,85.901,85.972
2025-08-20T13:00:00Z,85.944,85.981,85.615,85.641,85.969,86.007,85.643,85.666
2025-08-20T14:00:00Z,85.644,85.749,85.544,85.659,85.67,85.774,85.568,85.686
2025-08-20T15:00:00Z,85.658,85.825,85.635,85.673,85.684,85.85,85.659,85.697
2025-08-20T16:00:00Z,85.673,85.796,85.67,85.742,85.696,85.821,85.693,85.765
2025-08-20T17:00:00Z,85.739,85.789,85.712,85.712,85.764,85.816,85.749,85.796
2025-08-20T18:00:00Z,85.705,85.837,85.705,85.795,85.79,85.862,85.759,85.825
2025-08-20T19:00:00Z,85.795,85.825,85.783,85.805,85.825,85.851,85.809,85.83
2025-08-20T20:00:00Z,85.808,85.846,85.733,85.738,85.834,85.868,85.771,85.773
2025-08-20T21:00:00Z,85.663,85.787,85.654,85.683,85.863,85.896,85.757,85.784
2025-08-20T22:00:00Z,85.681,85.814,85.678,85.804,85.778,85.851,85.719,85.839
2025-08-20T23:00:00Z,85.801,85.876,85.766,85.833,85.838,85.902,85.794,85.855
2025-08-21T00:00:00Z,85.834,85.893,85.734,85.784,85.858,85.92,85.761,85.814
2025-08-21T01:00:00Z,85.786,85.956,85.761,85.95,85.813,85.98,85.788,85.975
2025-08-21T02:00:00Z,85.944,85.963,85.719,85.726,85.969,85.989,85.744,85.751
2025-08-21T03:00:00Z,85.729,85.797,85.703,85.746,85.755,85.824,85.73,85.773
2025-08-21T04:00:00Z,85.74,85.771,85.694,85.729,85.768,85.796,85.722,85.754
2025-08-21T05:00:00Z,85.732,85.852,85.698,85.848,85.758,85.88,85.724,85.874
2025-08-21T06:00:00Z,85.84,85.928,85.771,85.875,85.867,85.954,85.796,85.9
2025-08-21T07:00:00Z,85.876,85.905,85.812,85.892,85.9,85.93,85.836,85.915
2025-08-21T08:00:00Z,85.887,85.96,85.85,85.943,85.911,85.985,85.875,85.968
2025-08-21T09:00:00Z,85.942,86.081,85.924,86.034,85.969,86.106,85.951,86.057
2025-08-21T10:00:00Z,86.032,86.15,86.027,86.143,86.055,86.174,86.051,86.167
2025-08-21T11:00:00Z,86.142,86.197,86.088,86.088,86.167,86.221,86.113,86.113
2025-08-21T12:00:00Z,86.088,86.11,85.95,85.985,86.112,86.209,85.975,86.009
2025-08-21T13:00:00Z,85.988,86.082,85.954,86.026,86.013,86.132,85.981,86.06
2025-08-21T14:00:00Z,86.026,86.223,86.01,86.211,86.059,86.25,86.041,86.236
2025-08-21T15:00:00Z,86.213,86.322,86.177,86.271,86.237,86.346,86.202,86.296
2025-08-21T16:00:00Z,86.27,86.279,86.2,86.248,86.296,86.303,86.225,86.272
2025-08-21T17:00:00Z,86.244,86.341,86.221,86.292,86.269,86.362,86.246,86.316
2025-08-21T18:00:00Z,86.29,86.349,86.268,86.323,86.314,86.374,86.291,86.359
2025-08-21T19:00:00Z,86.323,86.325,86.27,86.279,86.359,86.359,86.297,86.306
2025-08-21T20:00:00Z,86.275,86.323,86.243,86.311,86.302,86.387,86.269,86.355
2025-08-21T21:00:00Z,86.2,86.317,86.161,86.277,86.4,86.421,86.314,86.381
2025-08-21T22:00:00Z,86.293,86.364,86.271,86.316,86.381,86.397,86.328,86.348
2025-08-21T23:00:00Z,86.325,86.413,86.305,86.368,86.355,86.441,86.33,86.394
2025-08-22T00:00:00Z,86.366,86.427,86.229,86.324,86.391,86.455,86.254,86.351
2025-08-22T01:00:00Z,86.325,86.447,86.269,86.382,86.351,86.474,86.296,86.409
2025-08-22T02:00:00Z,86.382,86.432,86.334,86.375,86.407,86.458,86.362,86.4
2025-08-22T03:00:00Z,86.371,86.441,86.345,86.41,86.397,86.467,86.369,86.437
2025-08-22T04:00:00Z,86.408,86.445,86.347,86.357,86.434,86.471,86.372,86.384
2025-08-22T05:00:00Z,86.357,86.368,86.235,86.236,86.383,86.395,86.261,86.262
2025-08-22T06:00:00Z,86.239,86.279,86.123,86.198,86.265,86.302,86.145,86.223
2025-08-22T07:00:00Z,86.192,86.355,86.183,86.319,86.216,86.378,86.208,86.344
2025-08-22T08:00:00Z,86.318,86.401,86.274,86.395,86.344,86.426,86.3,86.419
2025-08-22T09:00:00Z,86.397,86.408,86.287,86.305,86.422,86.433,86.313,86.33
2025-08-22T10:00:00Z,86.308,86.326,86.249,86.267,86.333,86.353,86.273,86.291
2025-08-22T11:00:00Z,86.268,86.359,86.253,86.352,86.289,86.384,86.278,86.375
2025-08-22T12:00:00Z,86.353,86.391,86.323,86.372,86.377,86.416,86.347,86.397
2025-08-22T13:00:00Z,86.376,86.421,86.319,86.323,86.4,86.443,86.343,86.368
2025-08-22T14:00:00Z,86.314,86.447,86.099,86.166,86.364,86.505,86.126,86.191
2025-08-22T15:00:00Z,86.167,86.185,85.98,86.036,86.191,86.21,86.005,86.063
2025-08-22T16:00:00Z,86.036,86.12,86.027,86.059,86.061,86.145,86.052,86.085
2025-08-22T17:00:00Z,86.061,86.109,86.052,86.07,86.086,86.134,86.078,86.096
2025-08-22T18:00:00Z,86.069,86.168,86.062,86.148,86.094,86.192,86.088,86.172
2025-08-22T19:00:00Z,86.151,86.203,86.12,86.187,86.175,86.227,86.145,86.213
2025-08-22T20:00:00Z,86.193,86.22,86.14,86.166,86.218,86.281,86.201,86.279
2025-08-24T21:00:00Z,86.114,86.156,86.071,86.138,86.314,86.346,86.23,86.322
2025-08-24T22:00:00Z,86.139,86.237,86.126,86.231,86.335,86.339,86.168,86.257
2025-08-24T23:00:00Z,86.232,86.403,86.231,86.351,86.257,86.428,86.255,86.377
2025-08-25T00:00:00Z,86.356,86.482,86.339,86.427,86.382,86.506,86.368,86.452
2025-08-25T01:00:00Z,86.422,86.439,86.261,86.269,86.447,86.464,86.287,86.298
2025-08-25T02:00:00Z,86.278,86.385,86.271,86.376,86.304,86.412,86.296,86.402
2025-08-25T03:00:00Z,86.376,86.416,86.335,86.369,86.401,86.44,86.363,86.396
2025-08-25T04:00:00Z,86.37,86.405,86.319,86.345,86.396,86.429,86.345,86.372
2025-08-25T05:00:00Z,86.347,86.457,86.347,86.407,86.375,86.481,86.375,86.432
2025-08-25T06:00:00Z,86.406,86.513,86.396,86.443,86.429,86.538,86.42,86.469
2025-08-25T07:00:00Z,86.445,86.469,86.374,86.389,86.471,86.492,86.398,86.413
2025-08-25T08:00:00Z,86.392,86.486,86.388,86.396,86.416,86.511,86.414,86.421
2025-08-25T09:00:00Z,86.394,86.398,86.308,86.334,86.421,86.425,86.332,86.359
2025-08-25T10:00:00Z,86.333,86.392,86.322,86.381,86.359,86.417,86.346,86.405
2025-08-25T11:00:00Z,86.38,86.507,86.38,86.504,86.405,86.531,86.405,86.528
2025-08-25T12:00:00Z,86.502,86.51,86.416,86.419,86.526,86.534,86.442,86.445
2025-08-25T13:00:00Z,86.42,86.587,86.413,86.487,86.445,86.613,86.438,86.521
2025-08-25T14:00:00Z,86.488,86.641,86.475,86.612,86.521,86.668,86.501,86.637
2025-08-25T15:00:00Z,86.611,86.623,86.537,86.579,86.635,86.648,86.561,86.606
2025-08-25T16:00:00Z,86.576,86.587,86.477,86.494,86.603,86.611,86.503,86.519
2025-08-25T17:00:00Z,86.493,86.494,86.416,86.427,86.519,86.519,86.44,86.451
2025-08-25T18:00:00Z,86.431,86.48,86.421,86.45,86.455,86.506,86.445,86.487
2025-08-25T19:00:00Z,86.45,86.488,86.401,86.404,86.487,86.514,86.427,86.429
2025-08-25T20:00:00Z,86.402,86.433,86.364,86.397,86.426,86.462,86.4,86.442
2025-08-25T21:00:00Z,86.382,86.481,86.295,86.366,86.457,86.681,86.439,86.484
2025-08-25T22:00:00Z,86.361,86.439,86.344,86.419,86.479,86.488,86.428,86.448
2025-08-25T23:00:00Z,86.417,86.48,86.415,86.438,86.445,86.506,86.444,86.466
2025-08-26T00:00:00Z,86.44,86.453,86.092,86.128,86.468,86.48,86.119,86.154
2025-08-26T01:00:00Z,86.125,86.217,85.986,86.012,86.151,86.242,86.014,86.038
2025-08-26T02:00:00Z,86.009,86.221,86.006,86.18,86.035,86.247,86.032,86.206
2025-08-26T03:00:00Z,86.183,86.202,86.089,86.151,86.21,86.228,86.115,86.177
2025-08-26T04:00:00Z,86.148,86.299,86.145,86.298,86.174,86.327,86.169,86.327
2025-08-26T05:00:00Z,86.298,86.349,86.24,86.274,86.326,86.375,86.266,86.299
2025-08-26T06:00:00Z,86.273,86.336,86.195,86.31,86.297,86.361,86.219,86.333
2025-08-26T07:00:00Z,86.309,86.37,86.25,86.285,86.333,86.395,86.275,86.309
2025-08-26T08:00:00Z,86.282,86.288,86.135,86.166,86.307,86.312,86.159,86.191
2025-08-26T09:00:00Z,86.168,86.286,86.154,86.273,86.192,86.313,86.179,86.296
2025-08-26T10:00:00Z,86.276,86.342,86.236,86.331,86.299,86.367,86.26,86.355
2025-08-26T11:00:00Z,86.329,86.385,86.295,86.338,86.353,86.412,86.32,86.362
2025-08-26T12:00:00Z,86.338,86.376,86.266,86.364,86.363,86.403,86.291,86.397
2025-08-26T13:00:00Z,86.367,86.416,86.307,86.374,86.397,86.441,86.331,86.429
2025-08-26T14:00:00Z,86.373,86.502,86.373,86.406,86.43,86.527,86.424,86.43
2025-08-26T15:00:00Z,86.41,86.437,86.344,86.371,86.433,86.464,86.367,86.394
2025-08-26T16:00:00Z,86.373,86.377,86.279,86.354,86.397,86.403,86.304,86.38
2025-08-26T17:00:00Z,86.356,86.392,86.338,86.379,86.382,86.42,86.363,86.407
2025-08-26T18:00:00Z,86.377,86.435,86.362,86.363,86.405,86.46,86.387,86.398
2025-08-26T19:00:00Z,86.363,86.387,86.31,86.368,86.398,86.417,86.334,86.396
2025-08-26T20:00:00Z,86.366,86.413,86.36,86.381,86.393,86.437,86.385,86.418
2025-08-26T21:00:00Z,86.374,86.374,86.083,86.31,86.434,86.468,86.283,86.428
2025-08-26T22:00:00Z,86.294,86.436,86.286,86.409,86.412,86.463,86.387,86.437
2025-08-26T23:00:00Z,86.412,86.43,86.355,86.362,86.44,86.459,86.382,86.389
2025-08-27T00:00:00Z,86.367,86.432,86.313,86.385,86.394,86.461,86.339,86.412
2025-08-27T01:00:00Z,86.388,86.444,86.328,86.417,86.412,86.489,86.355,86.443
2025-08-27T02:00:00Z,86.421,86.489,86.395,86.448,86.447,86.515,86.422,86.475
2025-08-27T03:00:00Z,86.446,86.484,86.418,86.431,86.473,86.511,86.443,86.456
2025-08-27T04:00:00Z,86.433,86.484,86.417,86.447,86.459,86.51,86.443,86.47
2025-08-27T05:00:00Z,86.447,86.473,86.378,86.381,86.471,86.498,86.405,86.407
2025-08-27T06:00:00Z,86.382,86.405,86.297,86.321,86.407,86.431,86.322,86.345
2025-08-27T07:00:00Z,86.324,86.338,86.176,86.188,86.349,86.362,86.201,86.213
2025-08-27T08:00:00Z,86.191,86.264,86.151,86.207,86.216,86.288,86.176,86.232
2025-08-27T09:00:00Z,86.209,86.279,86.18,86.278,86.235,86.304,86.205,86.304
2025-08-27T10:00:00Z,86.281,86.288,86.186,86.205,86.308,86.312,86.213,86.229
2025-08-27T11:00:00Z,86.209,86.254,86.178,86.234,86.233,86.279,86.203,86.258
2025-08-27T12:00:00Z,86.234,86.307,86.201,86.249,86.26,86.333,86.226,86.274
2025-08-27T13:00:00Z,86.244,86.333,86.222,86.316,86.269,86.359,86.247,86.341
2025-08-27T14:00:00Z,86.319,86.344,86.181,86.312,86.344,86.368,86.204,86.336
2025-08-27T15:00:00Z,86.311,86.377,86.303,86.37,86.334,86.4,86.327,86.394
2025-08-27T16:00:00Z,86.37,86.407,86.322,86.36,86.393,86.432,86.346,86.386
2025-08-27T17:00:00Z,86.356,86.416,86.341,86.394,86.381,86.441,86.368,86.418
2025-08-27T18:00:00Z,86.39,86.424,86.359,86.384,86.415,86.45,86.385,86.415
2025-08-27T19:00:00Z,86.384,86.402,86.335,86.388,86.415,86.432,86.359,86.415
2025-08-27T20:00:00Z,86.384,86.387,86.289,86.308,86.411,86.413,86.316,86.389
2025-08-27T21:00:00Z,86.309,86.309,86.147,86.294,86.383,86.458,86.288,86.393
2025-08-27T22:00:00Z,86.292,86.323,86.228,86.275,86.373,86.395,86.258,86.307
2025-08-27T23:00:00Z,86.269,86.34,86.258,86.34,86.302,86.366,86.286,86.366
2025-08-28T00:00:00Z,86.338,86.452,86.286,86.298,86.363,86.478,86.311,86.324
2025-08-28T01:00:00Z,86.298,86.34,86.25,86.28,86.325,86.365,86.275,86.305
2025-08-28T02:00:00Z,86.288,86.34,86.244,86.336,86.313,86.367,86.27,86.362
2025-08-28T03:00:00Z,86.34,86.362,86.232,86.25,86.365,86.389,86.258,86.277
2025-08-28T04:00:00Z,86.246,86.278,86.208,86.22,86.274,86.304,86.235,86.247
2025-08-28T05:00:00Z,86.223,86.245,86.113,86.181,86.248,86.27,86.141,86.211
2025-08-28T06:00:00Z,86.183,86.325,86.142,86.306,86.212,86.349,86.166,86.33
2025-08-28T07:00:00Z,86.308,86.341,86.242,86.259,86.333,86.367,86.267,86.285
2025-08-28T08:00:00Z,86.257,86.361,86.231,86.338,86.282,86.387,86.256,86.361
2025-08-28T09:00:00Z,86.334,86.338,86.255,86.28,86.357,86.362,86.282,86.308
2025-08-28T10:00:00Z,86.281,86.367,86.262,86.293,86.307,86.392,86.29,86.319
2025-08-28T11:00:00Z,86.291,86.3,86.204,86.285,86.317,86.327,86.228,86.31
2025-08-28T12:00:00Z,86.283,86.403,86.24,86.389,86.304,86.428,86.287,86.413
2025-08-28T13:00:00Z,86.391,86.455,86.272,86.314,86.415,86.481,86.296,86.345
2025-08-28T14:00:00Z,86.313,86.464,86.29,86.389,86.346,86.489,86.314,86.42
2025-08-28T15:00:00Z,86.389,86.498,86.384,86.466,86.419,86.522,86.413,86.49
2025-08-28T16:00:00Z,86.468,86.492,86.443,86.455,86.492,86.517,86.466,86.479
2025-08-28T17:00:00Z,86.451,86.454,86.378,86.441,86.475,86.479,86.405,86.465
2025-08-28T18:00:00Z,86.442,86.473,86.423,86.435,86.467,86.496,86.447,86.467
2025-08-28T19:00:00Z,86.435,86.462,86.419,86.445,86.467,86.488,86.443,86.47
2025-08-28T20:00:00Z,86.449,86.49,86.402,86.447,86.474,86.513,86.472,86.493
2025-08-28T21:00:00Z,86.306,86.401,86.293,86.396,86.506,86.509,86.43,86.499
2025-08-28T22:00:00Z,86.387,86.487,86.387,86.457,86.505,86.522,86.449,86.483
2025-08-28T23:00:00Z,86.457,86.457,86.359,86.37,86.481,86.483,86.385,86.395
2025-08-29T00:00:00Z,86.372,86.482,86.362,86.434,86.397,86.509,86.388,86.461
2025-08-29T01:00:00Z,86.443,86.609,86.419,86.581,86.468,86.633,86.444,86.608
2025-08-29T02:00:00Z,86.584,86.59,86.504,86.504,86.61,86.612,86.529,86.529
2025-08-29T03:00:00Z,86.507,86.569,86.457,86.562,86.531,86.596,86.482,86.588
2025-08-29T04:00:00Z,86.565,86.587,86.514,86.554,86.589,86.613,86.541,86.579
2025-08-29T05:00:00Z,86.554,86.6,86.502,86.598,86.58,86.625,86.527,86.625
2025-08-29T06:00:00Z,86.599,86.647,86.564,86.625,86.625,86.671,86.59,86.65
2025-08-29T07:00:00Z,86.622,86.712,86.561,86.674,86.646,86.738,86.585,86.7
2025-08-29T08:00:00Z,86.677,86.681,86.564,86.601,86.703,86.707,86.587,86.626
2025-08-29T09:00:00Z,86.603,86.633,86.553,86.571,86.627,86.66,86.579,86.594
2025-08-29T10:00:00Z,86.572,86.652,86.569,86.627,86.596,86.678,86.592,86.652
2025-08-29T11:00:00Z,86.626,86.661,86.622,86.652,86.65,86.686,86.646,86.676
2025-08-29T12:00:00Z,86.652,86.73,86.574,86.723,86.677,86.754,86.6,86.749
2025-08-29T13:00:00Z,86.726,86.744,86.635,86.646,86.752,86.769,86.661,86.684
2025-08-29T14:00:00Z,86.637,86.764,86.578,86.628,86.676,86.788,86.602,86.652
2025-08-29T15:00:00Z,86.628,86.675,86.572,86.655,86.651,86.699,86.596,86.681
2025-08-29T16:00:00Z,86.653,86.708,86.641,86.691,86.679,86.735,86.666,86.715
2025-08-29T17:00:00Z,86.689,86.719,86.63,86.698,86.713,86.744,86.654,86.722
2025-08-29T18:00:00Z,86.699,86.736,86.68,86.736,86.722,86.76,86.704,86.76
2025-08-29T19:00:00Z,86.734,86.744,86.669,86.69,86.758,86.767,86.692,86.715
2025-08-29T20:00:00Z,86.687,86.71,86.633,86.643,86.712,86.761,86.689,86.758
2025-08-31T21:00:00Z,86.514,86.626,86.477,86.626,86.714,86.777,86.677,86.745
2025-08-31T22:00:00Z,86.623,86.761,86.619,86.723,86.741,86.798,86.722,86.749
2025-08-31T23:00:00Z,86.72,86.753,86.702,86.731,86.744,86.778,86.728,86.756
2025-09-01T00:00:00Z,86.732,86.961,86.732,86.954,86.759,86.986,86.759,86.983
2025-09-01T01:00:00Z,86.957,86.968,86.853,86.968,86.985,86.994,86.879,86.994
2025-09-01T02:00:00Z,86.964,86.987,86.761,86.78,86.989,87.011,86.788,86.804
2025-09-01T03:00:00Z,86.78,86.802,86.721,86.747,86.803,86.827,86.747,86.773
2025-09-01T04:00:00Z,86.75,86.766,86.71,86.749,86.776,86.792,86.738,86.776
2025-09-01T05:00:00Z,86.75,86.777,86.667,86.688,86.776,86.801,86.692,86.712
2025-09-01T06:00:00Z,86.683,86.686,86.58,86.639,86.706,86.71,86.605,86.663
2025-09-01T07:00:00Z,86.644,86.793,86.606,86.78,86.668,86.816,86.631,86.805
2025-09-01T08:00:00Z,86.782,86.925,86.77,86.913,86.806,86.95,86.793,86.937
2025-09-01T09:00:00Z,86.908,86.941,86.832,86.934,86.933,86.966,86.856,86.959
2025-09-01T10:00:00Z,86.936,86.968,86.861,86.897,86.962,86.992,86.884,86.922
2025-09-01T11:00:00Z,86.9,86.917,86.841,86.886,86.924,86.941,86.864,86.91
2025-09-01T12:00:00Z,86.884,86.891,86.811,86.845,86.907,86.915,86.838,86.871
2025-09-01T13:00:00Z,86.847,86.886,86.826,86.852,86.871,86.912,86.852,86.878
2025-09-01T14:00:00Z,86.85,86.957,86.845,86.957,86.876,86.983,86.871,86.981
2025-09-01T15:00:00Z,86.955,86.955,86.884,86.886,86.981,86.981,86.91,86.912
2025-09-01T16:00:00Z,86.88,86.884,86.816,86.875,86.906,86.91,86.841,86.901
2025-09-01T17:00:00Z,86.877,86.878,86.821,86.843,86.901,86.904,86.849,86.87
2025-09-01T18:00:00Z,86.842,86.859,86.836,86.855,86.87,86.888,86.862,86.888
2025-09-01T19:00:00Z,86.855,86.883,86.835,86.883,86.888,86.91,86.862,86.91
2025-09-01T20:00:00Z,86.88,86.883,86.837,86.856,86.907,86.925,86.862,86.893
2025-09-01T21:00:00Z,86.793,86.823,86.766,86.807,86.993,87.023,86.905,86.925
2025-09-01T22:00:00Z,86.803,86.87,86.803,86.866,86.921,86.945,86.844,86.896
2025-09-01T23:00:00Z,86.867,86.871,86.819,86.841,86.896,86.9,86.847,86.866
2025-09-02T00:00:00Z,86.845,86.978,86.845,86.947,86.87,87.005,86.87,86.977
2025-09-02T01:00:00Z,86.947,86.992,86.828,86.962,86.975,87.017,86.859,86.988
2025-09-02T02:00:00Z,86.952,87.032,86.921,87.011,86.979,87.052,86.948,87.037
2025-09-02T03:00:00Z,87.014,87.018,86.903,86.948,87.04,87.044,86.928,86.973
2025-09-02T04:00:00Z,86.95,86.977,86.893,86.918,86.975,87.004,86.919,86.943
2025-09-02T05:00:00Z,86.919,87.021,86.915,87.005,86.945,87.046,86.939,87.029
2025-09-02T06:00:00Z,87.013,87.135,87.01,87.085,87.036,87.161,87.034,87.109
2025-09-02T07:00:00Z,87.083,87.159,86.959,86.983,87.108,87.183,86.984,87.007
2025-09-02T08:00:00Z,86.981,87.031,86.858,86.937,87.006,87.058,86.882,86.962
2025-09-02T09:00:00Z,86.933,87.003,86.89,87.0,86.959,87.029,86.914,87.026
2025-09-02T10:00:00Z,86.996,87.049,86.986,87.006,87.021,87.073,87.01,87.032
2025-09-02T11:00:00Z,87.009,87.023,86.952,87.004,87.035,87.047,86.976,87.027
2025-09-02T12:00:00Z,87.003,87.042,86.868,86.913,87.027,87.067,86.896,86.938
2025-09-02T13:00:00Z,86.916,86.957,86.853,86.907,86.94,86.981,86.878,86.947
2025-09-02T14:00:00Z,86.9,86.962,86.788,86.879,86.935,86.987,86.813,86.903
2025-09-02T15:00:00Z,86.877,86.932,86.852,86.888,86.901,86.956,86.876,86.914
2025-09-02T16:00:00Z,86.888,86.989,86.888,86.97,86.913,87.013,86.913,86.995
2025-09-02T17:00:00Z,86.975,87.03,86.939,86.958,87.0,87.054,86.965,86.984
2025-09-02T18:00:00Z,86.956,86.986,86.928,86.975,86.982,87.013,86.953,87.009
2025-09-02T19:00:00Z,86.975,86.995,86.932,86.984,87.009,87.019,86.956,87.008
2025-09-02T20:00:00Z,86.978,87.028,86.97,86.982,87.003,87.053,86.994,87.02
2025-09-02T21:00:00Z,86.885,86.942,86.839,86.927,87.085,87.086,87.012,87.035
2025-09-02T22:00:00Z,86.926,87.093,86.925,87.051,87.007,87.124,86.988,87.083
2025-09-02T23:00:00Z,87.049,87.085,87.034,87.075,87.084,87.111,87.067,87.101
2025-09-03T00:00:00Z,87.072,87.116,86.985,87.113,87.098,87.142,87.013,87.138
2025-09-03T01:00:00Z,87.118,87.218,87.105,87.203,87.142,87.243,87.13,87.229
2025-09-03T02:00:00Z,87.206,87.21,87.132,87.161,87.232,87.236,87.159,87.186
2025-09-03T03:00:00Z,87.162,87.242,87.159,87.225,87.186,87.267,87.185,87.252
2025-09-03T04:00:00Z,87.228,87.251,87.054,87.083,87.255,87.276,87.079,87.107
2025-09-03T05:00:00Z,87.082,87.094,86.925,86.962,87.107,87.119,86.951,86.988
2025-09-03T06:00:00Z,86.966,87.04,86.94,86.975,86.992,87.065,86.964,86.999
2025-09-03T07:00:00Z,86.977,87.14,86.976,87.113,87.001,87.164,87.0,87.137
2025-09-03T08:00:00Z,87.11,87.2,87.096,87.096,87.134,87.225,87.12,87.12
2025-09-03T09:00:00Z,87.098,87.158,87.031,87.1,87.121,87.182,87.056,87.124
2025-09-03T10:00:00Z,87.096,87.137,87.065,87.13,87.119,87.163,87.089,87.155
2025-09-03T11:00:00Z,87.127,87.174,87.123,87.157,87.153,87.197,87.148,87.181
2025-09-03T12:00:00Z,87.155,87.26,87.14,87.257,87.18,87.286,87.165,87.283
2025-09-03T13:00:00Z,87.26,87.267,87.133,87.133,87.286,87.295,87.175,87.251
2025-09-03T14:00:00Z,87.121,87.13,87.011,87.043,87.239,87.248,87.047,87.067
2025-09-03T15:00:00Z,87.042,87.108,86.982,86.985,87.067,87.131,87.009,87.012
2025-09-03T16:00:00Z,86.984,87.0,86.912,86.977,87.012,87.025,86.937,87.003
2025-09-03T17:00:00Z,86.983,87.027,86.939,86.985,87.008,87.05,86.963,87.009
2025-09-03T18:00:00Z,86.982,87.003,86.925,86.926,87.006,87.027,86.954,86.959
2025-09-03T19:00:00Z,86.926,86.983,86.92,86.981,86.959,87.008,86.945,87.007
2025-09-03T20:00:00Z,86.979,87.074,86.979,87.03,87.005,87.099,87.005,87.086
2025-09-03T21:00:00Z,86.946,87.003,86.917,86.993,87.058,87.085,87.035,87.064
2025-09-03T22:00:00Z,86.992,87.049,86.991,87.001,87.059,87.118,87.024,87.033
2025-09-03T23:00:00Z,87.003,87.018,86.957,87.01,87.033,87.043,86.983,87.035
2025-09-04T00:00:00Z,87.006,87.122,86.992,87.077,87.031,87.147,87.018,87.102
2025-09-04T01:00:00Z,87.073,87.106,87.005,87.039,87.099,87.131,87.028,87.066
2025-09-04T02:00:00Z,87.038,87.087,86.99,87.043,87.064,87.112,87.014,87.068
2025-09-04T03:00:00Z,87.04,87.072,87.022,87.057,87.064,87.097,87.046,87.084
2025-09-04T04:00:00Z,87.061,87.089,86.98,86.987,87.088,87.115,87.005,87.014
2025-09-04T05:00:00Z,86.984,86.99,86.913,86.953,87.011,87.016,86.938,86.98
2025-09-04T06:00:00Z,86.961,86.988,86.912,86.937,86.985,87.013,86.935,86.958
2025-09-04T07:00:00Z,86.935,87.002,86.907,86.998,86.958,87.024,86.931,87.021
2025-09-04T08:00:00Z,86.998,87.036,86.916,86.973,87.022,87.059,86.942,86.998
2025-09-04T09:00:00Z,86.972,86.977,86.864,86.894,86.998,87.002,86.889,86.919
2025-09-04T10:00:00Z,86.892,86.909,86.857,86.865,86.916,86.932,86.882,86.889
2025-09-04T11:00:00Z,86.865,86.906,86.831,86.86,86.887,86.93,86.855,86.885
2025-09-04T12:00:00Z,86.862,86.909,86.683,86.908,86.885,86.934,86.761,86.933
2025-09-04T13:00:00Z,86.912,86.957,86.837,86.837,86.937,86.981,86.892,86.922
2025-09-04T14:00:00Z,86.803,86.904,86.655,86.794,86.923,86.942,86.681,86.816
2025-09-04T15:00:00Z,86.794,86.804,86.736,86.74,86.818,86.829,86.76,86.763
2025-09-04T16:00:00Z,86.737,86.773,86.715,86.726,86.76,86.8,86.738,86.75
2025-09-04T17:00:00Z,86.73,86.786,86.727,86.743,86.755,86.812,86.754,86.769
2025-09-04T18:00:00Z,86.741,86.785,86.733,86.74,86.766,86.809,86.758,86.769
2025-09-04T19:00:00Z,86.74,86.784,86.724,86.777,86.769,86.812,86.75,86.805
2025-09-04T20:00:00Z,86.78,86.805,86.744,86.775,86.807,86.844,86.79,86.813
2025-09-04T21:00:00Z,86.708,86.76,86.679,86.74,86.899,86.901,86.786,86.818
2025-09-04T22:00:00Z,86.754,86.825,86.754,86.803,86.824,86.847,86.798,86.835
2025-09-04T23:00:00Z,86.798,86.829,86.742,86.829,86.829,86.854,86.769,86.853
2025-09-05T00:00:00Z,86.826,86.845,86.743,86.769,86.85,86.872,86.77,86.794
2025-09-05T01:00:00Z,86.772,86.863,86.763,86.858,86.797,86.889,86.789,86.884
2025-09-05T02:00:00Z,86.853,86.873,86.792,86.848,86.88,86.897,86.818,86.874
2025-09-05T03:00:00Z,86.849,86.887,86.806,86.884,86.874,86.912,86.831,86.909
2025-09-05T04:00:00Z,86.887,86.894,86.833,86.837,86.911,86.918,86.858,86.861
2025-09-05T05:00:00Z,86.839,86.94,86.817,86.899,86.864,86.966,86.842,86.925
2025-09-05T06:00:00Z,86.902,86.994,86.883,86.948,86.927,87.019,86.907,86.972
2025-09-05T07:00:00Z,86.947,87.093,86.924,87.086,86.97,87.118,86.948,87.111
2025-09-05T08:00:00Z,87.088,87.098,87.038,87.066,87.112,87.123,87.064,87.09
2025-09-05T09:00:00Z,87.066,87.087,87.016,87.065,87.088,87.111,87.043,87.09
2025-09-05T10:00:00Z,87.062,87.08,87.012,87.025,87.087,87.104,87.039,87.049
2025-09-05T11:00:00Z,87.022,87.072,87.019,87.023,87.046,87.097,87.045,87.047
2025-09-05T12:00:00Z,87.025,87.097,86.812,86.915,87.049,87.194,86.848,86.941
2025-09-05T13:00:00Z,86.912,87.052,86.867,87.0,86.938,87.077,86.892,87.024
2025-09-05T14:00:00Z,86.999,87.012,86.683,86.687,87.024,87.037,86.708,86.712
2025-09-05T15:00:00Z,86.684,86.814,86.618,86.743,86.71,86.838,86.643,86.767
2025-09-05T16:00:00Z,86.746,86.813,86.716,86.81,86.77,86.838,86.741,86.837
2025-09-05T17:00:00Z,86.81,86.823,86.758,86.771,86.836,86.85,86.785,86.797
2025-09-05T18:00:00Z,86.773,86.84,86.759,86.84,86.799,86.864,86.784,86.864
2025-09-05T19:00:00Z,86.838,86.84,86.794,86.835,86.861,86.867,86.827,86.861
2025-09-05T20:00:00Z,86.836,86.893,86.801,86.824,86.861,86.946,86.847,86.934
2025-09-07T21:00:00Z,87.251,87.289,87.122,87.139,87.425,87.455,87.24,87.268
2025-09-07T22:00:00Z,87.14,87.354,87.103,87.312,87.302,87.382,87.15,87.341
2025-09-07T23:00:00Z,87.314,87.377,87.248,87.318,87.344,87.402,87.274,87.344
2025-09-08T00:00:00Z,87.314,87.439,87.29,87.371,87.34,87.462,87.315,87.396
2025-09-08T01:00:00Z,87.373,87.404,87.287,87.375,87.398,87.431,87.312,87.402
2025-09-08T02:00:00Z,87.377,87.391,87.274,87.334,87.405,87.418,87.3,87.359
2025-09-08T03:00:00Z,87.331,87.461,87.293,87.417,87.356,87.487,87.319,87.443
2025-09-08T04:00:00Z,87.414,87.429,87.359,87.425,87.44,87.455,87.381,87.452
2025-09-08T05:00:00Z,87.431,87.463,87.377,87.439,87.457,87.489,87.402,87.464
2025-09-08T06:00:00Z,87.443,87.502,87.373,87.438,87.466,87.528,87.398,87.463
2025-09-08T07:00:00Z,87.437,87.459,87.379,87.42,87.46,87.484,87.404,87.444
2025-09-08T08:00:00Z,87.416,87.496,87.404,87.473,87.44,87.52,87.428,87.5
2025-09-08T09:00:00Z,87.473,87.522,87.421,87.501,87.497,87.548,87.445,87.525
2025-09-08T10:00:00Z,87.499,87.686,87.497,87.648,87.523,87.713,87.521,87.672
2025-09-08T11:00:00Z,87.651,87.736,87.607,87.728,87.674,87.76,87.632,87.752
2025-09-08T12:00:00Z,87.725,87.767,87.676,87.725,87.749,87.791,87.7,87.749
2025-09-08T13:00:00Z,87.721,87.739,87.651,87.701,87.746,87.763,87.675,87.725
2025-09-08T14:00:00Z,87.698,87.779,87.655,87.681,87.723,87.803,87.678,87.705
2025-09-08T15:00:00Z,87.687,87.693,87.612,87.647,87.711,87.717,87.636,87.672
2025-09-08T16:00:00Z,87.648,87.655,87.6,87.61,87.674,87.678,87.627,87.635
2025-09-08T17:00:00Z,87.609,87.62,87.569,87.606,87.636,87.643,87.595,87.63
2025-09-08T18:00:00Z,87.609,87.629,87.589,87.596,87.633,87.653,87.613,87.627
2025-09-08T19:00:00Z,87.596,87.596,87.519,87.565,87.627,87.627,87.543,87.59
2025-09-08T20:00:00Z,87.566,87.629,87.546,87.612,87.59,87.658,87.57,87.649
2025-09-08T21:00:00Z,87.483,87.595,87.472,87.558,87.683,87.723,87.625,87.676
2025-09-08T22:00:00Z,87.557,87.618,87.545,87.567,87.672,87.704,87.579,87.592
2025-09-08T23:00:00Z,87.558,87.602,87.49,87.602,87.588,87.628,87.517,87.628
2025-09-09T00:00:00Z,87.602,87.638,87.515,87.585,87.629,87.664,87.539,87.61
2025-09-09T01:00:00Z,87.584,87.588,87.477,87.538,87.608,87.61,87.501,87.562
2025-09-09T02:00:00Z,87.535,87.598,87.52,87.593,87.56,87.624,87.545,87.618
2025-09-09T03:00:00Z,87.596,87.601,87.54,87.575,87.621,87.626,87.565,87.6
2025-09-09T04:00:00Z,87.575,87.581,87.495,87.524,87.601,87.606,87.522,87.55
2025-09-09T05:00:00Z,87.52,87.53,87.424,87.441,87.546,87.554,87.45,87.469
2025-09-09T06:00:00Z,87.445,87.503,87.428,87.437,87.471,87.528,87.454,87.46
2025-09-09T07:00:00Z,87.44,87.55,87.434,87.508,87.463,87.574,87.458,87.534
2025-09-09T08:00:00Z,87.502,87.558,87.16,87.239,87.527,87.584,87.187,87.265
2025-09-09T09:00:00Z,87.234,87.281,87.151,87.174,87.261,87.305,87.174,87.198
2025-09-09T10:00:00Z,87.166,87.252,87.162,87.212,87.19,87.277,87.186,87.236
2025-09-09T11:00:00Z,87.211,87.311,87.207,87.285,87.234,87.336,87.231,87.309
2025-09-09T12:00:00Z,87.289,87.358,87.262,87.29,87.313,87.382,87.286,87.315
2025-09-09T13:00:00Z,87.292,87.358,87.206,87.31,87.315,87.383,87.23,87.344
2025-09-09T14:00:00Z,87.309,87.338,87.242,87.279,87.345,87.377,87.279,87.304
2025-09-09T15:00:00Z,87.281,87.313,87.247,87.296,87.305,87.336,87.272,87.319
2025-09-09T16:00:00Z,87.295,87.349,87.289,87.323,87.319,87.374,87.31,87.348
2025-09-09T17:00:00Z,87.323,87.349,87.3,87.307,87.347,87.374,87.326,87.334
2025-09-09T18:00:00Z,87.307,87.327,87.288,87.314,87.333,87.353,87.311,87.348
2025-09-09T19:00:00Z,87.314,87.344,87.297,87.326,87.348,87.369,87.323,87.353
2025-09-09T20:00:00Z,87.328,87.352,87.3,87.318,87.353,87.381,87.344,87.365
2025-09-09T21:00:00Z,87.282,87.365,87.25,87.281,87.449,87.522,87.366,87.388
2025-09-09T22:00:00Z,87.28,87.36,87.277,87.335,87.384,87.391,87.345,87.362
2025-09-09T23:00:00Z,87.333,87.343,87.299,87.341,87.359,87.369,87.326,87.368
2025-09-10T00:00:00Z,87.338,87.391,87.316,87.369,87.366,87.419,87.341,87.393
2025-09-10T01:00:00Z,87.37,87.412,87.31,87.357,87.393,87.437,87.336,87.38
2025-09-10T02:00:00Z,87.35,87.427,87.323,87.422,87.374,87.454,87.349,87.449
2025-09-10T03:00:00Z,87.422,87.565,87.42,87.562,87.45,87.591,87.449,87.587
2025-09-10T04:00:00Z,87.565,87.651,87.556,87.632,87.591,87.675,87.582,87.657
2025-09-10T05:00:00Z,87.629,87.654,87.577,87.63,87.654,87.679,87.602,87.654
2025-09-10T06:00:00Z,87.63,87.727,87.591,87.639,87.655,87.752,87.613,87.665
2025-09-10T07:00:00Z,87.639,87.657,87.553,87.643,87.664,87.682,87.579,87.664
2025-09-10T08:00:00Z,87.643,87.643,87.524,87.6,87.665,87.665,87.547,87.626
2025-09-10T09:00:00Z,87.602,87.706,87.592,87.677,87.629,87.728,87.616,87.701
2025-09-10T10:00:00Z,87.679,87.68,87.541,87.579,87.701,87.701,87.567,87.603
2025-09-10T11:00:00Z,87.573,87.637,87.557,87.634,87.597,87.66,87.581,87.657
2025-09-10T12:00:00Z,87.632,87.698,87.523,87.68,87.656,87.759,87.618,87.706
2025-09-10T13:00:00Z,87.686,87.777,87.607,87.74,87.709,87.8,87.632,87.764
2025-09-10T14:00:00Z,87.742,87.838,87.741,87.832,87.766,87.864,87.764,87.854
2025-09-10T15:00:00Z,87.832,87.848,87.709,87.732,87.855,87.872,87.733,87.756
2025-09-10T16:00:00Z,87.736,87.737,87.622,87.633,87.761,87.761,87.647,87.656
2025-09-10T17:00:00Z,87.637,87.652,87.604,87.642,87.661,87.68,87.628,87.666
2025-09-10T18:00:00Z,87.639,87.654,87.576,87.587,87.663,87.679,87.601,87.621
2025-09-10T19:00:00Z,87.587,87.587,87.527,87.576,87.621,87.621,87.555,87.604
2025-09-10T20:00:00Z,87.577,87.587,87.52,87.537,87.604,87.616,87.557,87.613
2025-09-10T21:00:00Z,87.459,87.546,87.455,87.468,87.659,87.74,87.557,87.586
2025-09-10T22:00:00Z,87.461,87.588,87.461,87.582,87.579,87.621,87.579,87.612
2025-09-10T23:00:00Z,87.582,87.615,87.517,87.561,87.609,87.641,87.543,87.586
2025-09-11T00:00:00Z,87.56,87.592,87.51,87.529,87.586,87.618,87.537,87.559
2025-09-11T01:00:00Z,87.525,87.62,87.5,87.598,87.555,87.645,87.525,87.623
2025-09-11T02:00:00Z,87.595,87.617,87.501,87.52,87.62,87.642,87.524,87.546
2025-09-11T03:00:00Z,87.516,87.569,87.498,87.56,87.542,87.594,87.522,87.585
2025-09-11T04:00:00Z,87.557,87.56,87.485,87.528,87.582,87.585,87.51,87.554
2025-09-11T05:00:00Z,87.53,87.557,87.472,87.539,87.554,87.581,87.496,87.564
2025-09-11T06:00:00Z,87.542,87.649,87.535,87.644,87.567,87.676,87.56,87.668
2025-09-11T07:00:00Z,87.648,87.691,87.602,87.653,87.671,87.715,87.625,87.678
2025-09-11T08:00:00Z,87.653,87.694,87.596,87.638,87.676,87.715,87.621,87.659
2025-09-11T09:00:00Z,87.638,87.724,87.573,87.712,87.661,87.749,87.594,87.736
2025-09-11T10:00:00Z,87.714,87.752,87.684,87.703,87.737,87.779,87.71,87.726
2025-09-11T11:00:00Z,87.699,87.754,87.657,87.674,87.723,87.777,87.681,87.699
2025-09-11T12:00:00Z,87.674,87.703,87.54,87.68,87.698,87.85,87.565,87.705
2025-09-11T13:00:00Z,87.677,87.73,87.582,87.724,87.701,87.754,87.609,87.746
2025-09-11T14:00:00Z,87.723,87.756,87.594,87.75,87.746,87.777,87.618,87.773
2025-09-11T15:00:00Z,87.748,87.882,87.732,87.872,87.772,87.905,87.759,87.895
2025-09-11T16:00:00Z,87.869,87.872,87.804,87.824,87.895,87.898,87.828,87.846
2025-09-11T17:00:00Z,87.821,87.953,87.807,87.951,87.846,87.977,87.832,87.977
2025-09-11T18:00:00Z,87.952,87.981,87.906,87.913,87.977,88.007,87.936,87.946
2025-09-11T19:00:00Z,87.913,87.954,87.856,87.93,87.946,87.979,87.877,87.951
2025-09-11T20:00:00Z,87.926,87.991,87.926,87.977,87.952,88.044,87.949,88.012
2025-09-11T21:00:00Z,87.832,87.897,87.832,87.886,88.011,88.056,87.958,87.985
2025-09-11T22:00:00Z,87.885,87.959,87.885,87.959,87.977,88.035,87.939,87.988
2025-09-11T23:00:00Z,87.956,88.008,87.95,87.992,87.985,88.033,87.974,88.015
2025-09-12T00:00:00Z,87.99,88.009,87.911,87.983,88.013,88.034,87.936,88.009
2025-09-12T01:00:00Z,87.987,88.043,87.948,88.003,88.012,88.068,87.974,88.028
2025-09-12T02:00:00Z,88.002,88.053,87.992,88.026,88.028,88.078,88.016,88.052
2025-09-12T03:00:00Z,88.03,88.074,88.004,88.026,88.056,88.099,88.031,88.051
2025-09-12T04:00:00Z,88.026,88.082,88.003,88.027,88.052,88.108,88.029,88.048
2025-09-12T05:00:00Z,88.028,88.063,87.921,87.935,88.052,88.085,87.946,87.959
2025-09-12T06:00:00Z,87.933,87.975,87.9,87.95,87.959,87.998,87.925,87.973
2025-09-12T07:00:00Z,87.948,88.034,87.933,88.009,87.973,88.058,87.958,88.033
2025-09-12T08:00:00Z,88.01,88.067,87.99,88.017,88.033,88.09,88.016,88.041
2025-09-12T09:00:00Z,88.023,88.111,88.007,88.087,88.045,88.136,88.032,88.112
2025-09-12T10:00:00Z,88.091,88.114,87.973,87.974,88.113,88.141,87.996,87.997
2025-09-12T11:00:00Z,87.973,88.004,87.909,87.969,87.997,88.028,87.934,87.991
2025-09-12T12:00:00Z,87.969,87.986,87.9,87.904,87.992,88.01,87.924,87.927
2025-09-12T13:00:00Z,87.9,87.935,87.862,87.921,87.923,87.975,87.886,87.975
2025-09-12T14:00:00Z,87.909,87.969,87.862,87.9,87.99,88.002,87.886,87.925
2025-09-12T15:00:00Z,87.902,87.939,87.883,87.914,87.927,87.963,87.908,87.937
2025-09-12T16:00:00Z,87.912,87.917,87.88,87.899,87.936,87.942,87.905,87.924
2025-09-12T17:00:00Z,87.896,87.918,87.871,87.88,87.92,87.944,87.896,87.904
2025-09-12T18:00:00Z,87.881,87.908,87.841,87.908,87.903,87.932,87.866,87.932
2025-09-12T19:00:00Z,87.905,87.927,87.864,87.911,87.929,87.953,87.887,87.935
2025-09-12T20:00:00Z,87.91,87.939,87.892,87.921,87.935,88.018,87.925,88.01
2025-09-14T21:00:00Z,87.89,87.89,87.748,87.843,88.008,88.061,87.948,88.043
2025-09-14T22:00:00Z,87.891,87.983,87.84,87.929,88.091,88.108,87.949,87.955
2025-09-14T23:00:00Z,87.926,87.931,87.865,87.915,87.952,87.956,87.892,87.936
2025-09-15T00:00:00Z,87.916,87.934,87.844,87.844,87.941,87.958,87.871,87.871
2025-09-15T01:00:00Z,87.846,87.977,87.833,87.966,87.873,88.0,87.86,87.99
2025-09-15T02:00:00Z,87.966,87.974,87.861,87.869,87.991,88.0,87.887,87.895
2025-09-15T03:00:00Z,87.869,87.941,87.846,87.893,87.896,87.975,87.873,87.926
2025-09-15T04:00:00Z,87.893,87.921,87.864,87.892,87.925,87.947,87.89,87.916
2025-09-15T05:00:00Z,87.893,87.907,87.857,87.884,87.916,87.93,87.884,87.908
2025-09-15T06:00:00Z,87.887,87.918,87.82,87.869,87.91,87.941,87.845,87.893
2025-09-15T07:00:00Z,87.867,87.928,87.846,87.919,87.89,87.951,87.869,87.943
2025-09-15T08:00:00Z,87.919,87.919,87.831,87.842,87.942,87.942,87.854,87.865
2025-09-15T09:00:00Z,87.841,87.849,87.752,87.756,87.865,87.875,87.775,87.78
2025-09-15T10:00:00Z,87.757,87.799,87.734,87.796,87.779,87.824,87.758,87.822
2025-09-15T11:00:00Z,87.799,87.885,87.789,87.87,87.823,87.908,87.812,87.894
2025-09-15T12:00:00Z,87.873,87.927,87.839,87.849,87.897,87.952,87.862,87.873
2025-09-15T13:00:00Z,87.851,87.851,87.783,87.812,87.874,87.874,87.807,87.834
2025-09-15T14:00:00Z,87.812,87.9,87.784,87.862,87.836,87.927,87.808,87.886
2025-09-15T15:00:00Z,87.863,87.938,87.842,87.918,87.888,87.963,87.865,87.941
2025-09-15T16:00:00Z,87.915,87.949,87.868,87.876,87.937,87.972,87.891,87.899
2025-09-15T17:00:00Z,87.875,87.977,87.863,87.96,87.899,87.999,87.888,87.98
2025-09-15T18:00:00Z,87.958,87.989,87.94,87.968,87.98,88.009,87.964,87.994
2025-09-15T19:00:00Z,87.968,87.986,87.927,87.976,87.994,88.01,87.949,88.002
2025-09-15T20:00:00Z,87.977,87.999,87.964,87.982,88.001,88.054,87.987,88.028
2025-09-15T21:00:00Z,87.981,87.981,87.801,87.91,88.025,88.082,87.96,88.028
2025-09-15T22:00:00Z,87.901,87.987,87.901,87.96,88.019,88.06,87.966,87.99
2025-09-15T23:00:00Z,87.96,87.971,87.91,87.951,87.992,88.002,87.935,87.975
2025-09-16T00:00:00Z,87.952,88.005,87.878,87.901,87.977,88.027,87.903,87.925
2025-09-16T01:00:00Z,87.902,87.944,87.794,87.858,87.927,87.966,87.819,87.882
2025-09-16T02:00:00Z,87.857,87.867,87.655,87.712,87.882,87.891,87.678,87.739
2025-09-16T03:00:00Z,87.718,87.79,87.683,87.763,87.745,87.816,87.709,87.787
2025-09-16T04:00:00Z,87.764,87.77,87.61,87.648,87.789,87.793,87.635,87.669
2025-09-16T05:00:00Z,87.645,87.769,87.597,87.739,87.669,87.792,87.621,87.763
2025-09-16T06:00:00Z,87.741,87.764,87.68,87.704,87.764,87.787,87.702,87.729
2025-09-16T07:00:00Z,87.7,87.742,87.672,87.706,87.726,87.765,87.695,87.729
2025-09-16T08:00:00Z,87.704,87.779,87.67,87.706,87.727,87.8,87.691,87.729
2025-09-16T09:00:00Z,87.706,87.789,87.689,87.761,87.73,87.811,87.713,87.786
2025-09-16T10:00:00Z,87.763,87.828,87.738,87.811,87.787,87.852,87.763,87.833
2025-09-16T11:00:00Z,87.808,87.869,87.784,87.826,87.833,87.892,87.807,87.85
2025-09-16T12:00:00Z,87.826,87.857,87.793,87.825,87.848,87.937,87.819,87.85
2025-09-16T13:00:00Z,87.826,87.871,87.68,87.684,87.852,87.894,87.704,87.711
2025-09-16T14:00:00Z,87.682,87.69,87.551,87.617,87.707,87.714,87.574,87.642
2025-09-16T15:00:00Z,87.616,87.641,87.529,87.609,87.642,87.666,87.553,87.636
2025-09-16T16:00:00Z,87.611,87.653,87.584,87.591,87.639,87.676,87.607,87.616
2025-09-16T17:00:00Z,87.59,87.662,87.57,87.646,87.614,87.686,87.593,87.67
2025-09-16T18:00:00Z,87.646,87.656,87.602,87.628,87.668,87.678,87.626,87.657
2025-09-16T19:00:00Z,87.628,87.668,87.614,87.665,87.657,87.695,87.638,87.686
2025-09-16T20:00:00Z,87.665,87.726,87.633,87.671,87.688,87.753,87.68,87.71
2025-09-16T21:00:00Z,87.684,87.684,87.475,87.636,87.721,87.791,87.675,87.754
2025-09-16T22:00:00Z,87.643,87.722,87.63,87.712,87.761,87.777,87.702,87.742
2025-09-16T23:00:00Z,87.711,87.718,87.602,87.668,87.742,87.751,87.631,87.694
2025-09-17T00:00:00Z,87.665,87.685,87.558,87.648,87.691,87.71,87.585,87.674
2025-09-17T01:00:00Z,87.649,87.657,87.554,87.581,87.674,87.683,87.58,87.602
2025-09-17T02:00:00Z,87.581,87.622,87.552,87.613,87.604,87.646,87.576,87.637
2025-09-17T03:00:00Z,87.612,87.635,87.57,87.574,87.637,87.66,87.595,87.6
2025-09-17T04:00:00Z,87.571,87.59,87.54,87.546,87.597,87.614,87.565,87.57
2025-09-17T05:00:00Z,87.546,87.578,87.511,87.561,87.568,87.603,87.537,87.586
2025-09-17T06:00:00Z,87.558,87.566,87.434,87.468,87.583,87.591,87.459,87.49
2025-09-17T07:00:00Z,87.466,87.564,87.433,87.563,87.487,87.589,87.457,87.588
2025-09-17T08:00:00Z,87.563,87.571,87.428,87.464,87.589,87.597,87.453,87.488
2025-09-17T09:00:00Z,87.467,87.467,87.394,87.425,87.491,87.491,87.42,87.45
2025-09-17T10:00:00Z,87.427,87.427,87.354,87.37,87.451,87.453,87.377,87.394
2025-09-17T11:00:00Z,87.372,87.54,87.352,87.504,87.395,87.563,87.375,87.528
2025-09-17T12:00:00Z,87.503,87.646,87.49,87.609,87.526,87.668,87.514,87.633
2025-09-17T13:00:00Z,87.609,87.624,87.473,87.551,87.631,87.645,87.496,87.574
2025-09-17T14:00:00Z,87.551,87.56,87.361,87.406,87.573,87.582,87.384,87.427
2025-09-17T15:00:00Z,87.406,87.423,87.34,87.374,87.429,87.449,87.364,87.393
2025-09-17T16:00:00Z,87.369,87.381,87.307,87.311,87.392,87.405,87.33,87.334
2025-09-17T17:00:00Z,87.313,87.395,87.312,87.328,87.337,87.443,87.335,87.443
2025-09-17T18:00:00Z,87.325,87.531,87.259,87.411,87.443,87.56,87.289,87.444
2025-09-17T19:00:00Z,87.411,87.619,87.411,87.571,87.444,87.645,87.444,87.597
2025-09-17T20:00:00Z,87.571,87.63,87.549,87.59,87.598,87.674,87.57,87.639
2025-09-17T21:00:00Z,87.596,87.605,87.529,87.581,87.658,87.768,87.641,87.699
2025-09-17T22:00:00Z,87.588,87.642,87.226,87.346,87.688,87.743,87.255,87.373
2025-09-17T23:00:00Z,87.348,87.348,87.11,87.149,87.372,87.376,87.136,87.171
2025-09-18T00:00:00Z,87.149,87.202,86.976,86.985,87.174,87.228,87.003,87.007
2025-09-18T01:00:00Z,86.979,87.159,86.929,87.035,87.006,87.192,86.954,87.058
2025-09-18T02:00:00Z,87.037,87.206,87.027,87.111,87.059,87.234,87.051,87.136
2025-09-18T03:00:00Z,87.108,87.18,87.089,87.13,87.133,87.206,87.115,87.154
2025-09-18T04:00:00Z,87.131,87.162,87.002,87.019,87.156,87.186,87.028,87.045
2025-09-18T05:00:00Z,87.018,87.06,86.973,87.036,87.041,87.081,86.996,87.061
2025-09-18T06:00:00Z,87.033,87.07,86.895,86.895,87.058,87.092,86.914,86.919
2025-09-18T07:00:00Z,86.895,86.998,86.864,86.949,86.92,87.021,86.884,86.975
2025-09-18T08:00:00Z,86.944,86.99,86.869,86.871,86.97,87.014,86.893,86.896
2025-09-18T09:00:00Z,86.869,87.017,86.826,86.979,86.893,87.043,86.85,87.003
2025-09-18T10:00:00Z,86.979,87.009,86.868,86.951,87.002,87.033,86.892,86.973
2025-09-18T11:00:00Z,86.948,87.052,86.94,87.031,86.973,87.078,86.964,87.053
2025-09-18T12:00:00Z,87.03,87.087,86.894,87.068,87.053,87.112,86.99,87.092
2025-09-18T13:00:00Z,87.064,87.126,87.016,87.076,87.088,87.148,87.041,87.101
2025-09-18T14:00:00Z,87.079,87.177,86.953,87.057,87.102,87.202,86.979,87.079
2025-09-18T15:00:00Z,87.053,87.078,86.942,86.975,87.079,87.105,86.964,86.997
2025-09-18T16:00:00Z,86.975,86.997,86.932,86.962,86.999,87.022,86.956,86.985
2025-09-18T17:00:00Z,86.959,87.012,86.938,86.974,86.982,87.035,86.962,87.0
2025-09-18T18:00:00Z,86.973,86.998,86.948,86.97,87.0,87.023,86.975,86.997
2025-09-18T19:00:00Z,86.97,87.003,86.957,87.0,86.997,87.027,86.982,87.024
2025-09-18T20:00:00Z,87.0,87.054,86.986,87.031,87.026,87.084,87.015,87.068
2025-09-18T21:00:00Z,87.027,87.057,86.918,87.021,87.067,87.243,87.037,87.108
2025-09-18T22:00:00Z,87.029,87.069,87.008,87.039,87.114,87.115,87.059,87.061
2025-09-18T23:00:00Z,87.038,87.183,87.029,87.137,87.061,87.207,87.059,87.161
2025-09-19T00:00:00Z,87.137,87.154,87.062,87.089,87.162,87.177,87.088,87.116
2025-09-19T01:00:00Z,87.094,87.117,86.98,86.996,87.121,87.141,87.004,87.021
2025-09-19T02:00:00Z,87.003,87.081,86.959,87.026,87.021,87.107,86.984,87.055
2025-09-19T03:00:00Z,87.024,87.062,86.713,86.796,87.055,87.087,86.752,86.819
2025-09-19T04:00:00Z,86.796,86.802,86.493,86.602,86.822,86.826,86.519,86.627
2025-09-19T05:00:00Z,86.602,86.62,86.533,86.57,86.625,86.647,86.559,86.596
2025-09-19T06:00:00Z,86.568,86.741,86.474,86.668,86.594,86.769,86.5,86.688
2025-09-19T07:00:00Z,86.667,86.895,86.627,86.853,86.688,86.923,86.654,86.88
2025-09-19T08:00:00Z,86.855,86.903,86.78,86.882,86.882,86.93,86.805,86.908
2025-09-19T09:00:00Z,86.881,86.931,86.819,86.926,86.908,86.956,86.843,86.949
2025-09-19T10:00:00Z,86.925,86.949,86.886,86.903,86.949,86.973,86.912,86.928
2025-09-19T11:00:00Z,86.906,86.949,86.827,86.837,86.93,86.974,86.851,86.861
2025-09-19T12:00:00Z,86.838,86.838,86.744,86.786,86.86,86.863,86.77,86.809
2025-09-19T13:00:00Z,86.786,86.812,86.601,86.627,86.81,86.836,86.626,86.653
2025-09-19T14:00:00Z,86.623,86.695,86.593,86.676,86.649,86.726,86.617,86.701
2025-09-19T15:00:00Z,86.675,86.685,86.581,86.581,86.698,86.707,86.604,86.607
2025-09-19T16:00:00Z,86.583,86.635,86.577,86.615,86.606,86.661,86.599,86.639
2025-09-19T17:00:00Z,86.616,86.662,86.612,86.652,86.641,86.688,86.638,86.677
2025-09-19T18:00:00Z,86.65,86.668,86.615,86.663,86.675,86.691,86.64,86.686
2025-09-19T19:00:00Z,86.665,86.687,86.648,86.65,86.689,86.711,86.674,86.675
2025-09-19T20:00:00Z,86.649,86.662,86.599,86.614,86.675,86.73,86.631,86.711
2025-09-21T21:00:00Z,86.63,86.693,86.587,86.618,86.83,86.893,86.717,86.786
2025-09-21T22:00:00Z,86.64,86.684,86.599,86.675,86.805,86.85,86.649,86.699
2025-09-21T23:00:00Z,86.675,86.679,86.63,86.636,86.698,86.705,86.656,86.661
2025-09-22T00:00:00Z,86.632,86.763,86.602,86.662,86.657,86.788,86.629,86.685
2025-09-22T01:00:00Z,86.661,86.731,86.636,86.722,86.686,86.756,86.663,86.745
2025-09-22T02:00:00Z,86.724,86.877,86.696,86.869,86.746,86.902,86.72,86.895
2025-09-22T03:00:00Z,86.873,86.953,86.869,86.922,86.894,86.977,86.893,86.948
2025-09-22T04:00:00Z,86.921,86.922,86.864,86.879,86.945,86.954,86.888,86.903
2025-09-22T05:00:00Z,86.883,86.891,86.809,86.816,86.908,86.912,86.832,86.842
2025-09-22T06:00:00Z,86.814,86.826,86.637,86.644,86.84,86.851,86.663,86.669
2025-09-22T07:00:00Z,86.641,86.641,86.481,86.563,86.666,86.667,86.506,86.587
2025-09-22T08:00:00Z,86.562,86.638,86.535,86.621,86.588,86.664,86.562,86.645
2025-09-22T09:00:00Z,86.619,86.693,86.585,86.659,86.645,86.717,86.609,86.684
2025-09-22T10:00:00Z,86.656,86.686,86.601,86.606,86.681,86.71,86.626,86.631
2025-09-22T11:00:00Z,86.605,86.663,86.594,86.656,86.629,86.688,86.62,86.681
2025-09-22T12:00:00Z,86.659,86.687,86.59,86.665,86.682,86.713,86.615,86.689
2025-09-22T13:00:00Z,86.667,86.694,86.559,86.62,86.691,86.716,86.584,86.644
2025-09-22T14:00:00Z,86.618,86.645,86.558,86.638,86.642,86.668,86.582,86.661
2025-09-22T15:00:00Z,86.639,86.668,86.589,86.643,86.664,86.694,86.616,86.668
2025-09-22T16:00:00Z,86.642,86.678,86.62,86.621,86.668,86.703,86.642,86.645
2025-09-22T17:00:00Z,86.618,86.668,86.615,86.655,86.643,86.693,86.639,86.68
2025-09-22T18:00:00Z,86.659,86.714,86.654,86.701,86.684,86.738,86.677,86.733
2025-09-22T19:00:00Z,86.701,86.726,86.683,86.707,86.733,86.747,86.708,86.73
2025-09-22T20:00:00Z,86.704,86.711,86.644,86.678,86.728,86.736,86.696,86.714
2025-09-22T21:00:00Z,86.675,86.675,86.493,86.62,86.715,86.775,86.693,86.738
2025-09-22T22:00:00Z,86.636,86.694,86.625,86.667,86.739,86.739,86.677,86.695
2025-09-22T23:00:00Z,86.663,86.712,86.64,86.686,86.7,86.737,86.666,86.711
2025-09-23T00:00:00Z,86.69,86.698,86.573,86.586,86.714,86.722,86.599,86.609
2025-09-23T01:00:00Z,86.586,86.587,86.481,86.522,86.607,86.612,86.505,86.548
2025-09-23T02:00:00Z,86.519,86.555,86.416,86.545,86.544,86.579,86.44,86.568
2025-09-23T03:00:00Z,86.544,86.563,86.497,86.504,86.568,86.582,86.522,86.526
2025-09-23T04:00:00Z,86.501,86.505,86.417,86.421,86.526,86.531,86.44,86.446
2025-09-23T05:00:00Z,86.419,86.48,86.399,86.477,86.444,86.505,86.42,86.499
2025-09-23T06:00:00Z,86.479,86.514,86.423,86.497,86.503,86.536,86.446,86.522
2025-09-23T07:00:00Z,86.495,86.499,86.364,86.422,86.52,86.524,86.389,86.445
2025-09-23T08:00:00Z,86.42,86.54,86.413,86.501,86.444,86.563,86.438,86.52
2025-09-23T09:00:00Z,86.5,86.588,86.461,86.55,86.52,86.612,86.485,86.574
2025-09-23T10:00:00Z,86.555,86.66,86.552,86.656,86.58,86.68,86.577,86.677
2025-09-23T11:00:00Z,86.654,86.677,86.615,86.63,86.677,86.699,86.639,86.653
2025-09-23T12:00:00Z,86.63,86.672,86.606,86.624,86.652,86.697,86.633,86.651
2025-09-23T13:00:00Z,86.626,86.683,86.467,86.477,86.653,86.708,86.493,86.504
2025-09-23T14:00:00Z,86.478,86.578,86.46,86.564,86.502,86.602,86.484,86.587
2025-09-23T15:00:00Z,86.561,86.62,86.553,86.565,86.586,86.645,86.576,86.589
2025-09-23T16:00:00Z,86.565,86.601,86.518,86.561,86.588,86.63,86.544,86.586
2025-09-23T17:00:00Z,86.563,86.583,86.373,86.418,86.586,86.608,86.395,86.443
2025-09-23T18:00:00Z,86.42,86.438,86.343,86.388,86.445,86.46,86.369,86.417
2025-09-23T19:00:00Z,86.388,86.478,86.377,86.475,86.417,86.497,86.402,86.497
2025-09-23T20:00:00Z,86.472,86.493,86.424,86.484,86.495,86.53,86.446,86.518
2025-09-23T21:00:00Z,86.329,86.425,86.3,86.42,86.529,86.581,86.398,86.559
2025-09-23T22:00:00Z,86.406,86.482,86.406,86.465,86.557,86.57,86.471,86.496
2025-09-23T23:00:00Z,86.462,86.492,86.425,86.438,86.494,86.519,86.448,86.46
2025-09-24T00:00:00Z,86.435,86.545,86.334,86.519,86.458,86.572,86.358,86.544
2025-09-24T01:00:00Z,86.515,86.597,86.438,86.57,86.541,86.623,86.462,86.592
2025-09-24T02:00:00Z,86.57,86.652,86.569,86.597,86.593,86.677,86.592,86.618
2025-09-24T03:00:00Z,86.597,86.638,86.545,86.603,86.619,86.665,86.571,86.628
2025-09-24T04:00:00Z,86.604,86.709,86.579,86.655,86.627,86.733,86.606,86.682
2025-09-24T05:00:00Z,86.655,86.671,86.544,86.6,86.681,86.697,86.572,86.625
2025-09-24T06:00:00Z,86.604,86.703,86.6,86.601,86.63,86.723,86.624,86.624
2025-09-24T07:00:00Z,86.6,86.731,86.574,86.654,86.624,86.753,86.597,86.677
2025-09-24T08:00:00Z,86.651,86.69,86.582,86.677,86.675,86.709,86.606,86.7
2025-09-24T09:00:00Z,86.676,86.702,86.617,86.644,86.7,86.724,86.638,86.665
2025-09-24T10:00:00Z,86.643,86.656,86.598,86.636,86.665,86.679,86.621,86.66
2025-09-24T11:00:00Z,86.635,86.648,86.597,86.622,86.658,86.674,86.623,86.647
2025-09-24T12:00:00Z,86.619,86.721,86.592,86.641,86.644,86.745,86.616,86.666
2025-09-24T13:00:00Z,86.641,86.646,86.486,86.523,86.664,86.667,86.511,86.558
2025-09-24T14:00:00Z,86.519,86.54,86.375,86.501,86.554,86.573,86.401,86.525
2025-09-24T15:00:00Z,86.499,86.522,86.432,86.439,86.523,86.546,86.455,86.46
2025-09-24T16:00:00Z,86.437,86.47,86.396,86.431,86.46,86.489,86.42,86.452
2025-09-24T17:00:00Z,86.429,86.486,86.422,86.451,86.452,86.509,86.446,86.473
2025-09-24T18:00:00Z,86.449,86.492,86.431,86.473,86.47,86.514,86.451,86.498
2025-09-24T19:00:00Z,86.473,86.512,86.461,86.504,86.498,86.537,86.484,86.524
2025-09-24T20:00:00Z,86.504,86.546,86.493,86.53,86.525,86.583,86.517,86.564
2025-09-24T21:00:00Z,86.524,86.529,86.462,86.485,86.559,86.727,86.543,86.59
2025-09-24T22:00:00Z,86.517,86.56,86.504,86.532,86.587,86.6,86.542,86.563
2025-09-24T23:00:00Z,86.537,86.56,86.495,86.514,86.568,86.584,86.521,86.533
2025-09-25T00:00:00Z,86.515,86.531,86.37,86.391,86.533,86.556,86.395,86.413
2025-09-25T01:00:00Z,86.39,86.48,86.386,86.472,86.413,86.504,86.408,86.494
2025-09-25T02:00:00Z,86.468,86.595,86.433,86.592,86.494,86.621,86.458,86.617
2025-09-25T03:00:00Z,86.593,86.637,86.549,86.625,86.617,86.66,86.573,86.65
2025-09-25T04:00:00Z,86.621,86.631,86.529,86.542,86.647,86.657,86.553,86.564
2025-09-25T05:00:00Z,86.54,86.597,86.525,86.593,86.564,86.621,86.548,86.616
2025-09-25T06:00:00Z,86.593,86.628,86.537,86.588,86.617,86.652,86.562,86.611
2025-09-25T07:00:00Z,86.586,86.595,86.494,86.549,86.611,86.618,86.518,86.575
2025-09-25T08:00:00Z,86.548,86.677,86.527,86.676,86.573,86.701,86.55,86.696
2025-09-25T09:00:00Z,86.676,86.711,86.633,86.659,86.699,86.733,86.655,86.683
2025-09-25T10:00:00Z,86.659,86.661,86.533,86.559,86.682,86.684,86.556,86.58
2025-09-25T11:00:00Z,86.559,86.59,86.468,86.483,86.581,86.61,86.493,86.506
2025-09-25T12:00:00Z,86.485,86.521,86.385,86.475,86.506,86.606,86.432,86.499
2025-09-25T13:00:00Z,86.475,86.477,86.244,86.253,86.5,86.501,86.268,86.286
2025-09-25T14:00:00Z,86.253,86.448,86.22,86.443,86.284,86.474,86.244,86.467
2025-09-25T15:00:00Z,86.443,86.507,86.371,86.498,86.47,86.529,86.398,86.523
2025-09-25T16:00:00Z,86.501,86.538,86.424,86.453,86.525,86.563,86.449,86.477
2025-09-25T17:00:00Z,86.452,86.457,86.329,86.343,86.475,86.48,86.354,86.363
2025-09-25T18:00:00Z,86.341,86.379,86.27,86.357,86.365,86.403,86.292,86.389
2025-09-25T19:00:00Z,86.357,86.364,86.299,86.31,86.389,86.389,86.322,86.333
2025-09-25T20:00:00Z,86.309,86.393,86.304,86.37,86.334,86.416,86.326,86.407
2025-09-25T21:00:00Z,86.392,86.405,86.274,86.31,86.54,86.54,86.416,86.418
2025-09-25T22:00:00Z,86.321,86.418,86.321,86.334,86.414,86.483,86.354,86.362
2025-09-25T23:00:00Z,86.331,86.4,86.322,86.357,86.36,86.43,86.349,86.381
2025-09-26T00:00:00Z,86.354,86.354,86.248,86.284,86.379,86.379,86.273,86.31
2025-09-26T01:00:00Z,86.286,86.365,86.262,86.318,86.312,86.39,86.286,86.342
2025-09-26T02:00:00Z,86.317,86.357,86.301,86.337,86.342,86.379,86.325,86.36
2025-09-26T03:00:00Z,86.337,86.367,86.313,86.328,86.359,86.393,86.334,86.35
2025-09-26T04:00:00Z,86.328,86.366,86.283,86.323,86.352,86.39,86.308,86.347
2025-09-26T05:00:00Z,86.324,86.355,86.304,86.344,86.349,86.381,86.329,86.369
2025-09-26T06:00:00Z,86.348,86.413,86.315,86.372,86.37,86.438,86.339,86.395
2025-09-26T07:00:00Z,86.373,86.405,86.27,86.322,86.395,86.426,86.295,86.346
2025-09-26T08:00:00Z,86.325,86.354,86.257,86.322,86.348,86.38,86.282,86.342
2025-09-26T09:00:00Z,86.316,86.329,86.258,86.275,86.34,86.352,86.282,86.301
2025-09-26T10:00:00Z,86.277,86.315,86.238,86.291,86.301,86.338,86.259,86.316
2025-09-26T11:00:00Z,86.288,86.301,86.239,86.258,86.313,86.325,86.262,86.28
2025-09-26T12:00:00Z,86.258,86.317,86.226,86.268,86.281,86.34,86.252,86.293
2025-09-26T13:00:00Z,86.27,86.339,86.26,86.321,86.294,86.362,86.284,86.351
2025-09-26T14:00:00Z,86.318,86.342,86.206,86.224,86.35,86.369,86.23,86.248
2025-09-26T15:00:00Z,86.226,86.259,86.211,86.227,86.248,86.281,86.236,86.25
2025-09-26T16:00:00Z,86.226,86.317,86.225,86.304,86.251,86.339,86.249,86.328
2025-09-26T17:00:00Z,86.303,86.321,86.277,86.298,86.326,86.346,86.301,86.317
2025-09-26T18:00:00Z,86.297,86.331,86.271,86.28,86.319,86.356,86.292,86.305
2025-09-26T19:00:00Z,86.283,86.335,86.283,86.333,86.309,86.359,86.308,86.357
2025-09-26T20:00:00Z,86.333,86.338,86.26,86.284,86.358,86.404,86.333,86.382
2025-09-28T21:00:00Z,86.284,86.382,86.282,86.303,86.382,86.582,86.382,86.421
2025-09-28T22:00:00Z,86.295,86.315,86.249,86.292,86.412,86.432,86.283,86.316
2025-09-28T23:00:00Z,86.287,86.313,86.229,86.31,86.311,86.338,86.251,86.335
2025-09-29T00:00:00Z,86.312,86.315,86.182,86.195,86.335,86.338,86.207,86.219
2025-09-29T01:00:00Z,86.198,86.204,86.056,86.105,86.222,86.229,86.08,86.126
2025-09-29T02:00:00Z,86.104,86.168,86.035,86.153,86.126,86.194,86.061,86.178
2025-09-29T03:00:00Z,86.153,86.17,86.08,86.14,86.181,86.195,86.107,86.167
2025-09-29T04:00:00Z,86.14,86.249,86.106,86.242,86.168,86.275,86.131,86.267
2025-09-29T05:00:00Z,86.247,86.252,86.124,86.14,86.271,86.278,86.15,86.164
2025-09-29T06:00:00Z,86.143,86.166,86.082,86.11,86.167,86.191,86.108,86.134
2025-09-29T07:00:00Z,86.113,86.12,86.003,86.068,86.138,86.145,86.029,86.093
2025-09-29T08:00:00Z,86.069,86.08,85.973,86.002,86.093,86.102,86.0,86.026
2025-09-29T09:00:00Z,86.0,86.028,85.963,85.983,86.025,86.05,85.989,86.008
2025-09-29T10:00:00Z,85.985,85.998,85.961,85.979,86.01,86.023,85.984,86.003
2025-09-29T11:00:00Z,85.985,86.02,85.963,85.984,86.008,86.044,85.985,86.009
2025-09-29T12:00:00Z,85.984,86.043,85.976,86.006,86.008,86.066,85.998,86.029
2025-09-29T13:00:00Z,86.005,86.035,85.865,85.89,86.029,86.058,85.89,85.916
2025-09-29T14:00:00Z,85.892,85.988,85.848,85.988,85.919,86.012,85.877,86.011
2025-09-29T15:00:00Z,85.99,86.008,85.914,85.936,86.011,86.033,85.937,85.959
2025-09-29T16:00:00Z,85.938,85.963,85.881,85.9,85.962,85.987,85.905,85.921
2025-09-29T17:00:00Z,85.9,85.927,85.838,85.845,85.925,85.951,85.862,85.875
2025-09-29T18:00:00Z,85.845,85.939,85.845,85.937,85.875,85.963,85.87,85.961
2025-09-29T19:00:00Z,85.931,85.937,85.853,85.872,85.955,85.961,85.876,85.896
2025-09-29T20:00:00Z,85.873,85.909,85.796,85.806,85.899,85.932,85.851,85.851
2025-09-29T21:00:00Z,85.807,85.85,85.762,85.767,86.007,86.045,85.869,85.885
2025-09-29T22:00:00Z,85.759,85.879,85.735,85.836,85.877,85.909,85.85,85.867
2025-09-29T23:00:00Z,85.838,85.894,85.814,85.89,85.87,85.92,85.841,85.916
2025-09-30T00:00:00Z,85.893,85.986,85.823,85.979,85.919,86.009,85.844,86.003
2025-09-30T01:00:00Z,85.979,86.057,85.941,85.959,86.004,86.078,85.963,85.984
2025-09-30T02:00:00Z,85.955,86.099,85.891,86.097,85.98,86.125,85.914,86.124
2025-09-30T03:00:00Z,86.1,86.121,85.96,85.973,86.127,86.146,85.983,85.997
2025-09-30T04:00:00Z,85.972,86.039,85.909,85.936,85.997,86.066,85.934,85.961
2025-09-30T05:00:00Z,85.936,85.942,85.756,85.793,85.96,85.967,85.783,85.817
2025-09-30T06:00:00Z,85.792,85.961,85.783,85.819,85.817,85.987,85.806,85.841
2025-09-30T07:00:00Z,85.815,85.897,85.723,85.86,85.839,85.921,85.748,85.885
2025-09-30T08:00:00Z,85.871,85.888,85.75,85.752,85.891,85.913,85.775,85.777
2025-09-30T09:00:00Z,85.749,85.759,85.645,85.752,85.774,85.782,85.67,85.776
2025-09-30T10:00:00Z,85.749,85.769,85.712,85.752,85.773,85.796,85.738,85.777
2025-09-30T11:00:00Z,85.754,85.782,85.688,85.737,85.778,85.806,85.712,85.758
2025-09-30T12:00:00Z,85.733,85.818,85.698,85.748,85.758,85.843,85.722,85.777
2025-09-30T13:00:00Z,85.748,85.812,85.672,85.783,85.778,85.853,85.694,85.853
2025-09-30T14:00:00Z,85.78,85.842,85.707,85.746,85.855,85.865,85.733,85.77
2025-09-30T15:00:00Z,85.743,85.795,85.71,85.784,85.768,85.821,85.735,85.808
2025-09-30T16:00:00Z,85.783,85.786,85.663,85.697,85.806,85.81,85.687,85.723
2025-09-30T17:00:00Z,85.697,85.733,85.656,85.676,85.722,85.757,85.677,85.702
2025-09-30T18:00:00Z,85.676,85.718,85.65,85.71,85.702,85.745,85.677,85.736
2025-09-30T19:00:00Z,85.708,85.724,85.685,85.711,85.733,85.749,85.709,85.733
2025-09-30T20:00:00Z,85.71,85.721,85.672,85.674,85.736,85.746,85.695,85.718
2025-09-30T21:00:00Z,85.681,85.742,85.592,85.637,85.723,85.942,85.71,85.741
2025-09-30T22:00:00Z,85.629,85.746,85.629,85.706,85.747,85.779,85.718,85.743
2025-09-30T23:00:00Z,85.711,85.781,85.689,85.774,85.747,85.808,85.719,85.796
2025-10-01T00:00:00Z,85.774,85.832,85.728,85.759,85.798,85.857,85.752,85.784
2025-10-01T01:00:00Z,85.761,85.771,85.619,85.676,85.784,85.795,85.644,85.701
2025-10-01T02:00:00Z,85.67,85.681,85.61,85.651,85.695,85.708,85.634,85.675
2025-10-01T03:00:00Z,85.652,85.659,85.584,85.652,85.675,85.683,85.61,85.677
2025-10-01T04:00:00Z,85.653,85.699,85.577,85.605,85.677,85.725,85.602,85.629
2025-10-01T05:00:00Z,85.608,85.665,85.537,85.559,85.633,85.69,85.56,85.583
2025-10-01T06:00:00Z,85.554,85.556,85.461,85.508,85.579,85.579,85.486,85.529
2025-10-01T07:00:00Z,85.505,85.532,85.409,85.479,85.526,85.554,85.433,85.504
2025-10-01T08:00:00Z,85.477,85.591,85.455,85.56,85.501,85.618,85.478,85.585
2025-10-01T09:00:00Z,85.564,85.581,85.492,85.53,85.589,85.602,85.512,85.556
2025-10-01T10:00:00Z,85.531,85.545,85.403,85.411,85.558,85.57,85.427,85.434
2025-10-01T11:00:00Z,85.411,85.535,85.4,85.458,85.435,85.558,85.423,85.477
2025-10-01T12:00:00Z,85.453,85.58,85.366,85.505,85.477,85.603,85.392,85.531
2025-10-01T13:00:00Z,85.501,85.519,85.396,85.451,85.527,85.541,85.42,85.511
2025-10-01T14:00:00Z,85.459,85.585,85.391,85.438,85.506,85.61,85.415,85.461
2025-10-01T15:00:00Z,85.437,85.533,85.425,85.482,85.463,85.558,85.453,85.507
2025-10-01T16:00:00Z,85.483,85.565,85.481,85.545,85.507,85.587,85.506,85.57
2025-10-01T17:00:00Z,85.549,85.575,85.514,85.516,85.573,85.599,85.541,85.542
2025-10-01T18:00:00Z,85.516,85.56,85.503,85.538,85.542,85.582,85.526,85.561
2025-10-01T19:00:00Z,85.538,85.549,85.5,85.522,85.56,85.575,85.523,85.545
2025-10-01T20:00:00Z,85.521,85.538,85.488,85.498,85.545,85.581,85.515,85.544
2025-10-01T21:00:00Z,85.374,85.513,85.32,85.513,85.574,85.624,85.52,85.574
2025-10-01T22:00:00Z,85.511,85.55,85.478,85.517,85.576,85.61,85.531,85.547
2025-10-01T23:00:00Z,85.514,85.625,85.508,85.621,85.545,85.65,85.539,85.645
2025-10-02T00:00:00Z,85.623,85.648,85.572,85.585,85.647,85.671,85.595,85.61
2025-10-02T01:00:00Z,85.588,85.748,85.534,85.745,85.611,85.773,85.558,85.771
2025-10-02T02:00:00Z,85.743,85.799,85.694,85.777,85.769,85.825,85.72,85.802
2025-10-02T03:00:00Z,85.777,85.78,85.666,85.702,85.801,85.805,85.691,85.727
2025-10-02T04:00:00Z,85.701,85.795,85.681,85.788,85.727,85.82,85.702,85.812
2025-10-02T05:00:00Z,85.79,85.874,85.785,85.83,85.813,85.9,85.806,85.853
2025-10-02T06:00:00Z,85.826,85.964,85.762,85.882,85.851,85.988,85.782,85.906
2025-10-02T07:00:00Z,85.879,85.977,85.861,85.883,85.904,86.001,85.885,85.91
2025-10-02T08:00:00Z,85.883,85.883,85.681,85.708,85.908,85.91,85.707,85.732
2025-10-02T09:00:00Z,85.713,85.714,85.55,85.563,85.737,85.739,85.572,85.587
2025-10-02T10:00:00Z,85.563,85.581,85.497,85.51,85.586,85.605,85.52,85.534
2025-10-02T11:00:00Z,85.506,85.555,85.444,85.521,85.531,85.578,85.468,85.545
2025-10-02T12:00:00Z,85.519,85.681,85.513,85.666,85.54,85.704,85.537,85.689
2025-10-02T13:00:00Z,85.662,85.702,85.512,85.543,85.687,85.726,85.538,85.572
2025-10-02T14:00:00Z,85.543,85.592,85.511,85.568,85.571,85.618,85.535,85.593
2025-10-02T15:00:00Z,85.568,85.624,85.562,85.617,85.588,85.647,85.582,85.64
2025-10-02T16:00:00Z,85.617,85.667,85.6,85.624,85.641,85.69,85.624,85.646
2025-10-02T17:00:00Z,85.626,85.64,85.602,85.611,85.646,85.662,85.623,85.638
2025-10-02T18:00:00Z,85.611,85.669,85.611,85.667,85.638,85.691,85.636,85.69
2025-10-02T19:00:00Z,85.666,85.668,85.599,85.637,85.69,85.69,85.624,85.661
2025-10-02T20:00:00Z,85.637,85.653,85.619,85.643,85.662,85.684,85.644,85.678
2025-10-02T21:00:00Z,85.641,85.641,85.5,85.615,85.675,85.76,85.663,85.731
2025-10-02T22:00:00Z,85.641,85.661,85.59,85.603,85.744,85.753,85.617,85.631
2025-10-02T23:00:00Z,85.6,85.627,85.569,85.623,85.631,85.651,85.597,85.647
2025-10-03T00:00:00Z,85.621,85.769,85.621,85.757,85.646,85.792,85.646,85.779
2025-10-03T01:00:00Z,85.757,85.921,85.684,85.903,85.78,85.949,85.71,85.928
2025-10-03T02:00:00Z,85.905,85.955,85.881,85.901,85.928,85.979,85.905,85.925
2025-10-03T03:00:00Z,85.902,85.995,85.898,85.903,85.927,86.022,85.923,85.929
2025-10-03T04:00:00Z,85.899,85.934,85.867,85.887,85.926,85.96,85.893,85.911
2025-10-03T05:00:00Z,85.891,85.992,85.864,85.978,85.913,86.016,85.889,85.999
2025-10-03T06:00:00Z,85.975,85.994,85.882,85.882,85.997,86.019,85.907,85.907
2025-10-03T07:00:00Z,85.884,85.99,85.879,85.939,85.91,86.016,85.903,85.964
2025-10-03T08:00:00Z,85.938,85.974,85.9,85.908,85.962,85.998,85.923,85.933
2025-10-03T09:00:00Z,85.908,85.975,85.864,85.968,85.931,85.998,85.885,85.987
2025-10-03T10:00:00Z,85.967,85.97,85.914,85.914,85.989,85.994,85.934,85.939
2025-10-03T11:00:00Z,85.916,85.959,85.883,85.908,85.939,85.983,85.904,85.932
2025-10-03T12:00:00Z,85.907,85.952,85.872,85.902,85.932,85.979,85.896,85.928
2025-10-03T13:00:00Z,85.903,85.914,85.812,85.834,85.928,85.939,85.839,85.886
2025-10-03T14:00:00Z,85.737,85.977,85.722,85.927,85.871,86.004,85.787,85.95
2025-10-03T15:00:00Z,85.926,86.009,85.9,85.99,85.95,86.032,85.925,86.008
2025-10-03T16:00:00Z,85.988,86.053,85.981,86.039,86.009,86.075,86.005,86.06
2025-10-03T17:00:00Z,86.04,86.041,85.927,85.981,86.06,86.064,85.952,86.004
2025-10-03T18:00:00Z,85.978,86.031,85.94,86.017,86.003,86.054,85.966,86.042
2025-10-03T19:00:00Z,86.014,86.046,86.004,86.011,86.039,86.07,86.028,86.036
2025-10-03T20:00:00Z,86.012,86.014,85.946,85.957,86.036,86.06,85.986,86.056
2025-10-05T21:00:00Z,86.843,86.88,86.687,86.687,86.981,87.023,86.855,86.857
2025-10-05T22:00:00Z,86.687,86.904,86.654,86.867,86.861,86.954,86.758,86.89
2025-10-05T23:00:00Z,86.862,87.145,86.829,87.102,86.889,87.171,86.856,87.13
2025-10-06T00:00:00Z,87.098,87.297,87.025,87.242,87.126,87.318,87.047,87.266
2025-10-06T01:00:00Z,87.245,87.379,87.16,87.364,87.269,87.403,87.187,87.385
2025-10-06T02:00:00Z,87.364,87.487,87.341,87.466,87.383,87.512,87.362,87.491
2025-10-06T03:00:00Z,87.469,87.585,87.447,87.552,87.495,87.611,87.472,87.578
2025-10-06T04:00:00Z,87.557,87.697,87.458,87.632,87.582,87.724,87.483,87.657
2025-10-06T05:00:00Z,87.631,87.711,87.584,87.601,87.657,87.734,87.608,87.626
2025-10-06T06:00:00Z,87.602,87.62,87.498,87.523,87.626,87.647,87.523,87.549
2025-10-06T07:00:00Z,87.523,87.639,87.418,87.418,87.548,87.663,87.442,87.442
2025-10-06T08:00:00Z,87.414,87.552,87.402,87.51,87.438,87.575,87.427,87.533
2025-10-06T09:00:00Z,87.511,87.518,87.366,87.444,87.537,87.539,87.388,87.464
2025-10-06T10:00:00Z,87.444,87.459,87.335,87.389,87.465,87.486,87.36,87.413
2025-10-06T11:00:00Z,87.39,87.52,87.352,87.506,87.413,87.541,87.375,87.53
2025-10-06T12:00:00Z,87.509,87.509,87.243,87.334,87.533,87.533,87.265,87.356
2025-10-06T13:00:00Z,87.334,87.515,87.302,87.507,87.357,87.54,87.326,87.531
2025-10-06T14:00:00Z,87.505,87.625,87.465,87.537,87.53,87.649,87.491,87.562
2025-10-06T15:00:00Z,87.541,87.587,87.524,87.558,87.566,87.613,87.548,87.582
2025-10-06T16:00:00Z,87.555,87.679,87.516,87.675,87.579,87.701,87.539,87.7
2025-10-06T17:00:00Z,87.673,87.734,87.662,87.707,87.698,87.759,87.685,87.737
2025-10-06T18:00:00Z,87.707,87.786,87.701,87.773,87.737,87.808,87.725,87.796
2025-10-06T19:00:00Z,87.769,87.815,87.755,87.799,87.793,87.84,87.778,87.822
2025-10-06T20:00:00Z,87.795,87.846,87.773,87.812,87.82,87.9,87.797,87.851
2025-10-06T21:00:00Z,87.711,87.735,87.559,87.706,87.911,87.911,87.677,87.824
2025-10-06T22:00:00Z,87.701,87.787,87.696,87.76,87.819,87.841,87.774,87.789
2025-10-06T23:00:00Z,87.757,87.826,87.733,87.803,87.786,87.851,87.762,87.829
2025-10-07T00:00:00Z,87.808,87.924,87.668,87.72,87.834,87.947,87.695,87.746
2025-10-07T01:00:00Z,87.723,87.774,87.664,87.766,87.749,87.799,87.688,87.79
2025-10-07T02:00:00Z,87.763,87.815,87.732,87.802,87.788,87.837,87.754,87.827
2025-10-07T03:00:00Z,87.8,87.806,87.657,87.664,87.825,87.831,87.683,87.687
2025-10-07T04:00:00Z,87.664,87.67,87.608,87.628,87.689,87.696,87.633,87.652
2025-10-07T05:00:00Z,87.632,87.646,87.562,87.594,87.657,87.671,87.587,87.612
2025-10-07T06:00:00Z,87.593,87.648,87.544,87.608,87.617,87.674,87.571,87.632
2025-10-07T07:00:00Z,87.613,87.617,87.428,87.458,87.637,87.641,87.449,87.483
2025-10-07T08:00:00Z,87.459,87.59,87.406,87.562,87.483,87.615,87.431,87.585
2025-10-07T09:00:00Z,87.561,87.628,87.538,87.626,87.586,87.65,87.561,87.649
2025-10-07T10:00:00Z,87.628,87.63,87.575,87.587,87.649,87.655,87.598,87.614
2025-10-07T11:00:00Z,87.589,87.62,87.55,87.589,87.615,87.645,87.576,87.615
2025-10-07T12:00:00Z,87.588,87.63,87.537,87.594,87.611,87.655,87.564,87.618
2025-10-07T13:00:00Z,87.589,87.71,87.522,87.695,87.614,87.735,87.548,87.72
2025-10-07T14:00:00Z,87.692,87.797,87.675,87.775,87.717,87.822,87.702,87.799
2025-10-07T15:00:00Z,87.774,87.804,87.668,87.744,87.799,87.83,87.693,87.77
2025-10-07T16:00:00Z,87.74,87.905,87.733,87.835,87.767,87.927,87.759,87.863
2025-10-07T17:00:00Z,87.832,87.968,87.829,87.939,87.86,87.992,87.856,87.967
2025-10-07T18:00:00Z,87.939,88.095,87.879,88.029,87.967,88.12,87.904,88.055
2025-10-07T19:00:00Z,88.03,88.045,87.973,88.038,88.055,88.07,87.999,88.064
2025-10-07T20:00:00Z,88.038,88.12,88.032,88.061,88.065,88.146,88.065,88.098
2025-10-07T21:00:00Z,88.024,88.082,87.99,88.046,88.183,88.19,88.078,88.164
2025-10-07T22:00:00Z,88.039,88.094,87.995,88.048,88.157,88.157,88.032,88.08
2025-10-07T23:00:00Z,88.054,88.19,88.043,88.136,88.085,88.222,88.075,88.162
2025-10-08T00:00:00Z,88.139,88.316,88.139,88.264,88.165,88.344,88.165,88.299
2025-10-08T01:00:00Z,88.219,88.238,87.469,87.751,88.325,88.325,87.514,87.777
2025-10-08T02:00:00Z,87.758,87.758,87.536,87.634,87.783,87.783,87.563,87.659
2025-10-08T03:00:00Z,87.633,87.674,87.536,87.612,87.659,87.7,87.562,87.639
2025-10-08T04:00:00Z,87.616,87.634,87.482,87.512,87.642,87.661,87.508,87.532
2025-10-08T05:00:00Z,87.511,87.55,87.433,87.474,87.532,87.571,87.458,87.499
2025-10-08T06:00:00Z,87.477,87.619,87.435,87.457,87.502,87.643,87.459,87.483
2025-10-08T07:00:00Z,87.456,87.734,87.454,87.721,87.481,87.759,87.48,87.744
2025-10-08T08:00:00Z,87.719,87.932,87.7,87.927,87.743,87.958,87.723,87.954
2025-10-08T09:00:00Z,87.93,88.173,87.926,88.12,87.956,88.198,87.949,88.147
2025-10-08T10:00:00Z,88.122,88.26,88.106,88.169,88.149,88.285,88.132,88.194
2025-10-08T11:00:00Z,88.167,88.233,88.133,88.204,88.186,88.258,88.156,88.228
2025-10-08T12:00:00Z,88.202,88.222,88.088,88.124,88.225,88.246,88.113,88.148
2025-10-08T13:00:00Z,88.123,88.209,88.1,88.117,88.146,88.233,88.123,88.142
2025-10-08T14:00:00Z,88.121,88.2,88.06,88.182,88.145,88.224,88.085,88.209
2025-10-08T15:00:00Z,88.184,88.285,88.159,88.215,88.209,88.309,88.185,88.238
2025-10-08T16:00:00Z,88.219,88.242,88.165,88.242,88.242,88.266,88.192,88.263
2025-10-08T17:00:00Z,88.239,88.301,88.212,88.294,88.264,88.333,88.238,88.332
2025-10-08T18:00:00Z,88.294,88.294,88.193,88.255,88.332,88.332,88.217,88.28
2025-10-08T19:00:00Z,88.251,88.308,88.239,88.294,88.277,88.334,88.266,88.322
2025-10-08T20:00:00Z,88.297,88.326,88.267,88.313,88.323,88.381,88.295,88.367
2025-10-08T21:00:00Z,88.245,88.312,88.153,88.267,88.445,88.45,88.311,88.36
2025-10-08T22:00:00Z,88.266,88.315,88.238,88.272,88.355,88.375,88.285,88.302
2025-10-08T23:00:00Z,88.27,88.328,88.204,88.308,88.3,88.354,88.228,88.334
2025-10-09T00:00:00Z,88.315,88.426,88.227,88.426,88.34,88.451,88.253,88.451
2025-10-09T01:00:00Z,88.432,88.512,88.341,88.341,88.456,88.539,88.359,88.366
2025-10-09T02:00:00Z,88.349,88.499,88.308,88.488,88.375,88.525,88.333,88.515
2025-10-09T03:00:00Z,88.484,88.494,88.415,88.446,88.511,88.52,88.442,88.473
2025-10-09T04:00:00Z,88.448,88.564,88.448,88.481,88.475,88.589,88.475,88.506
2025-10-09T05:00:00Z,88.481,88.547,88.429,88.44,88.505,88.571,88.463,88.468
2025-10-09T06:00:00Z,88.44,88.54,88.211,88.244,88.466,88.562,88.235,88.267
2025-10-09T07:00:00Z,88.242,88.357,88.227,88.315,88.266,88.381,88.251,88.338
2025-10-09T08:00:00Z,88.316,88.323,88.09,88.122,88.34,88.347,88.116,88.147
2025-10-09T09:00:00Z,88.126,88.225,88.05,88.15,88.151,88.25,88.075,88.174
2025-10-09T10:00:00Z,88.154,88.268,88.137,88.219,88.178,88.291,88.16,88.244
2025-10-09T11:00:00Z,88.224,88.333,88.175,88.3,88.25,88.358,88.199,88.324
2025-10-09T12:00:00Z,88.297,88.353,88.235,88.297,88.321,88.378,88.261,88.322
2025-10-09T13:00:00Z,88.297,88.339,87.985,88.135,88.321,88.363,88.019,88.165
2025-10-09T14:00:00Z,88.134,88.145,87.913,88.006,88.165,88.171,87.938,88.026
2025-10-09T15:00:00Z,88.007,88.022,87.859,87.901,88.031,88.046,87.878,87.925
2025-10-09T16:00:00Z,87.905,87.955,87.812,87.824,87.929,87.979,87.838,87.849
2025-10-09T17:00:00Z,87.827,87.906,87.803,87.9,87.851,87.932,87.829,87.93
2025-10-09T18:00:00Z,87.9,87.9,87.824,87.874,87.93,87.93,87.851,87.901
2025-10-09T19:00:00Z,87.876,87.93,87.843,87.891,87.903,87.958,87.869,87.918
2025-10-09T20:00:00Z,87.898,87.958,87.894,87.917,87.924,88.0,87.924,87.966
2025-10-09T21:00:00Z,87.845,87.935,87.839,87.903,88.045,88.102,87.99,88.03
2025-10-09T22:00:00Z,87.899,87.985,87.875,87.947,88.03,88.037,87.972,87.974
2025-10-09T23:00:00Z,87.944,88.018,87.921,88.012,87.974,88.044,87.945,88.038
2025-10-10T00:00:00Z,88.018,88.045,87.96,87.989,88.043,88.071,87.982,88.015
2025-10-10T01:00:00Z,87.989,88.038,87.973,88.011,88.014,88.062,87.998,88.036
2025-10-10T02:00:00Z,88.005,88.027,87.958,87.984,88.03,88.051,87.983,88.01
2025-10-10T03:00:00Z,87.987,87.995,87.856,87.878,88.013,88.021,87.889,87.908
2025-10-10T04:00:00Z,87.878,87.941,87.825,87.909,87.91,87.975,87.858,87.942
2025-10-10T05:00:00Z,87.908,87.955,87.869,87.929,87.942,87.982,87.894,87.956
2025-10-10T06:00:00Z,87.927,87.983,87.562,87.67,87.952,88.009,87.59,87.697
2025-10-10T07:00:00Z,87.674,87.904,87.655,87.89,87.702,87.932,87.683,87.913
2025-10-10T08:00:00Z,87.89,87.936,87.844,87.859,87.915,87.962,87.87,87.885
2025-10-10T09:00:00Z,87.862,87.91,87.822,87.846,87.888,87.935,87.845,87.871
2025-10-10T10:00:00Z,87.841,87.85,87.769,87.784,87.866,87.875,87.792,87.809
2025-10-10T11:00:00Z,87.787,87.822,87.708,87.746,87.812,87.846,87.729,87.774
2025-10-10T12:00:00Z,87.749,87.808,87.719,87.747,87.775,87.833,87.742,87.772
2025-10-10T13:00:00Z,87.751,87.785,87.706,87.753,87.776,87.81,87.731,87.798
2025-10-10T14:00:00Z,87.751,87.773,87.449,87.494,87.804,87.804,87.476,87.52
2025-10-10T15:00:00Z,87.49,87.49,86.753,87.084,87.517,87.517,86.782,87.11
2025-10-10T16:00:00Z,87.083,87.135,86.894,86.902,87.112,87.161,86.92,86.929
2025-10-10T17:00:00Z,86.898,86.958,86.736,86.898,86.925,86.985,86.761,86.926
2025-10-10T18:00:00Z,86.904,86.958,86.785,86.813,86.932,86.984,86.811,86.84
2025-10-10T19:00:00Z,86.818,86.876,86.736,86.76,86.845,86.903,86.765,86.787
2025-10-10T20:00:00Z,86.76,86.857,86.421,86.445,86.786,86.887,86.511,86.558
2025-10-12T21:00:00Z,87.107,87.162,86.807,86.937,87.307,87.362,86.963,87.076
2025-10-12T22:00:00Z,86.974,87.304,86.945,87.101,87.092,87.345,87.061,87.127
2025-10-12T23:00:00Z,87.098,87.104,86.95,87.06,87.124,87.129,86.976,87.085
2025-10-13T00:00:00Z,87.058,87.113,86.953,87.071,87.08,87.136,86.976,87.097
2025-10-13T01:00:00Z,87.074,87.276,87.067,87.222,87.1,87.299,87.093,87.247
2025-10-13T02:00:00Z,87.221,87.25,87.183,87.186,87.248,87.276,87.208,87.211
2025-10-13T03:00:00Z,87.18,87.241,87.092,87.118,87.204,87.265,87.118,87.144
2025-10-13T04:00:00Z,87.121,87.177,87.09,87.162,87.146,87.203,87.115,87.189
2025-10-13T05:00:00Z,87.168,87.178,87.07,87.115,87.194,87.204,87.095,87.142
2025-10-13T06:00:00Z,87.115,87.171,87.029,87.101,87.143,87.197,87.053,87.125
2025-10-13T07:00:00Z,87.101,87.445,87.09,87.35,87.126,87.47,87.113,87.372
2025-10-13T08:00:00Z,87.353,87.386,87.206,87.298,87.377,87.411,87.231,87.324
2025-10-13T09:00:00Z,87.301,87.346,87.244,87.246,87.327,87.372,87.267,87.27
2025-10-13T10:00:00Z,87.243,87.247,87.161,87.191,87.267,87.271,87.188,87.216
2025-10-13T11:00:00Z,87.192,87.213,86.994,87.005,87.218,87.238,87.019,87.029
2025-10-13T12:00:00Z,87.002,87.091,86.978,87.08,87.026,87.114,87.003,87.106
2025-10-13T13:00:00Z,87.077,87.219,87.072,87.216,87.102,87.244,87.097,87.241
2025-10-13T14:00:00Z,87.215,87.297,87.133,87.227,87.239,87.322,87.158,87.253
2025-10-13T15:00:00Z,87.231,87.307,87.205,87.258,87.256,87.329,87.231,87.284
2025-10-13T16:00:00Z,87.254,87.323,87.216,87.312,87.28,87.347,87.241,87.336
2025-10-13T17:00:00Z,87.312,87.32,87.237,87.258,87.337,87.344,87.263,87.289
2025-10-13T18:00:00Z,87.258,87.299,87.221,87.231,87.289,87.324,87.247,87.255
2025-10-13T19:00:00Z,87.232,87.251,87.205,87.215,87.255,87.276,87.227,87.24
2025-10-13T20:00:00Z,87.219,87.236,87.158,87.174,87.244,87.261,87.216,87.218
2025-10-13T21:00:00Z,87.068,87.155,87.027,87.107,87.268,87.273,87.199,87.225
2025-10-13T22:00:00Z,87.113,87.233,87.105,87.22,87.231,87.262,87.172,87.249
2025-10-13T23:00:00Z,87.22,87.229,87.078,87.146,87.25,87.259,87.103,87.17
2025-10-14T00:00:00Z,87.145,87.317,87.143,87.239,87.17,87.344,87.168,87.264
2025-10-14T01:00:00Z,87.239,87.299,87.156,87.232,87.262,87.323,87.183,87.256
2025-10-14T02:00:00Z,87.232,87.281,87.109,87.112,87.257,87.303,87.134,87.137
2025-10-14T03:00:00Z,87.112,87.136,86.828,86.882,87.135,87.16,86.853,86.911
2025-10-14T04:00:00Z,86.884,86.884,86.577,86.662,86.911,86.912,86.605,86.687
2025-10-14T05:00:00Z,86.658,86.658,86.391,86.461,86.683,86.683,86.416,86.487
2025-10-14T06:00:00Z,86.454,86.561,86.357,86.486,86.479,86.587,86.382,86.51
2025-10-14T07:00:00Z,86.487,86.513,86.318,86.446,86.512,86.537,86.342,86.471
2025-10-14T08:00:00Z,86.451,86.6,86.433,86.479,86.475,86.625,86.457,86.503
2025-10-14T09:00:00Z,86.475,86.541,86.428,86.477,86.499,86.564,86.453,86.501
2025-10-14T10:00:00Z,86.475,86.478,86.347,86.405,86.499,86.502,86.371,86.429
2025-10-14T11:00:00Z,86.405,86.535,86.382,86.501,86.43,86.561,86.406,86.525
2025-10-14T12:00:00Z,86.506,86.567,86.419,86.532,86.53,86.591,86.444,86.556
2025-10-14T13:00:00Z,86.528,86.656,86.458,86.596,86.552,86.681,86.481,86.621
2025-10-14T14:00:00Z,86.599,86.819,86.593,86.716,86.621,86.844,86.616,86.74
2025-10-14T15:00:00Z,86.711,86.825,86.659,86.766,86.736,86.847,86.683,86.789
2025-10-14T16:00:00Z,86.767,86.821,86.708,86.769,86.793,86.844,86.73,86.793
2025-10-14T17:00:00Z,86.771,86.804,86.705,86.755,86.794,86.828,86.728,86.788
2025-10-14T18:00:00Z,86.755,86.771,86.727,86.741,86.788,86.796,86.745,86.766
2025-10-14T19:00:00Z,86.741,86.756,86.559,86.624,86.765,86.778,86.583,86.646
2025-10-14T20:00:00Z,86.624,86.739,86.608,86.736,86.648,86.79,86.628,86.763
2025-10-14T21:00:00Z,86.675,86.71,86.641,86.667,86.875,86.887,86.778,86.785
2025-10-14T22:00:00Z,86.664,86.825,86.664,86.735,86.774,86.858,86.74,86.765
2025-10-14T23:00:00Z,86.74,86.763,86.644,86.645,86.765,86.79,86.667,86.67
2025-10-15T00:00:00Z,86.648,86.718,86.494,86.55,86.673,86.742,86.517,86.573
2025-10-15T01:00:00Z,86.55,86.61,86.474,86.522,86.571,86.637,86.496,86.546
2025-10-15T02:00:00Z,86.524,86.583,86.383,86.384,86.547,86.609,86.41,86.41
2025-10-15T03:00:00Z,86.384,86.498,86.353,86.471,86.407,86.523,86.377,86.496
2025-10-15T04:00:00Z,86.469,86.516,86.432,86.515,86.495,86.539,86.457,86.537
2025-10-15T05:00:00Z,86.522,86.542,86.419,86.435,86.544,86.567,86.442,86.456
2025-10-15T06:00:00Z,86.434,86.52,86.371,86.496,86.456,86.546,86.393,86.519
2025-10-15T07:00:00Z,86.493,86.647,86.472,86.544,86.515,86.669,86.495,86.569
2025-10-15T08:00:00Z,86.547,86.662,86.526,86.585,86.571,86.686,86.551,86.611
2025-10-15T09:00:00Z,86.588,86.699,86.581,86.693,86.613,86.724,86.606,86.718
2025-10-15T10:00:00Z,86.691,86.751,86.651,86.699,86.716,86.776,86.676,86.724
2025-10-15T11:00:00Z,86.698,86.728,86.671,86.699,86.722,86.752,86.695,86.722
2025-10-15T12:00:00Z,86.695,86.769,86.654,86.685,86.719,86.793,86.679,86.707
2025-10-15T13:00:00Z,86.685,86.767,86.594,86.613,86.708,86.791,86.619,86.637
2025-10-15T14:00:00Z,86.617,86.679,86.55,86.638,86.64,86.703,86.574,86.661
2025-10-15T15:00:00Z,86.642,86.661,86.481,86.527,86.663,86.683,86.505,86.553
2025-10-15T16:00:00Z,86.524,86.568,86.469,86.486,86.55,86.592,86.494,86.51
2025-10-15T17:00:00Z,86.488,86.488,86.226,86.429,86.513,86.513,86.25,86.46
2025-10-15T18:00:00Z,86.429,86.511,86.409,86.501,86.46,86.536,86.434,86.525
2025-10-15T19:00:00Z,86.506,86.513,86.453,86.499,86.53,86.537,86.477,86.524
2025-10-15T20:00:00Z,86.499,86.528,86.414,86.432,86.523,86.553,86.451,86.464
2025-10-15T21:00:00Z,86.368,86.49,86.305,86.332,86.568,86.591,86.425,86.467
2025-10-15T22:00:00Z,86.346,86.431,86.23,86.322,86.465,86.473,86.259,86.354
2025-10-15T23:00:00Z,86.319,86.354,86.203,86.284,86.351,86.386,86.226,86.304
2025-10-16T00:00:00Z,86.286,86.342,86.025,86.334,86.31,86.369,86.057,86.361
2025-10-16T01:00:00Z,86.335,86.65,86.322,86.576,86.363,86.678,86.348,86.598
2025-10-16T02:00:00Z,86.576,86.675,86.556,86.637,86.601,86.702,86.583,86.665
2025-10-16T03:00:00Z,86.64,86.667,86.563,86.6,86.666,86.691,86.591,86.626
2025-10-16T04:00:00Z,86.602,86.742,86.594,86.741,86.627,86.769,86.616,86.767
2025-10-16T05:00:00Z,86.744,86.837,86.717,86.727,86.77,86.863,86.74,86.751
2025-10-16T06:00:00Z,86.724,86.865,86.703,86.808,86.747,86.889,86.726,86.831
2025-10-16T07:00:00Z,86.805,86.843,86.605,86.778,86.829,86.866,86.629,86.803
2025-10-16T08:00:00Z,86.776,86.824,86.732,86.763,86.801,86.848,86.758,86.789
2025-10-16T09:00:00Z,86.768,86.809,86.728,86.792,86.792,86.834,86.751,86.816
2025-10-16T10:00:00Z,86.794,86.814,86.716,86.726,86.819,86.839,86.74,86.749
2025-10-16T11:00:00Z,86.726,86.816,86.718,86.796,86.75,86.84,86.741,86.819
2025-10-16T12:00:00Z,86.794,86.811,86.67,86.69,86.817,86.835,86.696,86.712
2025-10-16T13:00:00Z,86.687,86.738,86.467,86.467,86.71,86.761,86.492,86.492
2025-10-16T14:00:00Z,86.469,86.574,86.373,86.528,86.493,86.596,86.398,86.551
2025-10-16T15:00:00Z,86.526,86.551,86.37,86.381,86.549,86.575,86.393,86.406
2025-10-16T16:00:00Z,86.38,86.463,86.035,86.187,86.404,86.483,86.057,86.212
2025-10-16T17:00:00Z,86.19,86.283,86.049,86.107,86.215,86.305,86.074,86.138
2025-10-16T18:00:00Z,86.107,86.107,85.923,86.063,86.138,86.138,85.948,86.088
2025-10-16T19:00:00Z,86.061,86.095,85.957,86.076,86.086,86.119,85.982,86.099
2025-10-16T20:00:00Z,86.08,86.125,86.02,86.081,86.103,86.164,86.044,86.13
2025-10-16T21:00:00Z,86.016,86.124,85.992,86.053,86.149,86.22,86.11,86.171
2025-10-16T22:00:00Z,86.059,86.143,86.024,86.032,86.177,86.214,86.057,86.065
2025-10-16T23:00:00Z,86.027,86.049,85.867,85.967,86.06,86.082,85.893,85.993
2025-10-17T00:00:00Z,85.962,86.048,85.888,86.038,85.987,86.074,85.915,86.065
2025-10-17T01:00:00Z,86.038,86.17,85.948,85.965,86.064,86.196,85.974,85.991
2025-10-17T02:00:00Z,85.961,85.999,85.878,85.922,85.987,86.026,85.904,85.947
2025-10-17T03:00:00Z,85.925,85.979,85.808,85.901,85.95,86.005,85.834,85.929
2025-10-17T04:00:00Z,85.902,86.069,85.9,85.959,85.929,86.094,85.927,85.985
2025-10-17T05:00:00Z,85.961,85.987,85.838,85.871,85.985,86.013,85.865,85.896
2025-10-17T06:00:00Z,85.869,85.979,85.764,85.773,85.893,86.003,85.789,85.799
2025-10-17T07:00:00Z,85.769,85.769,85.337,85.626,85.795,85.796,85.364,85.651
2025-10-17T08:00:00Z,85.631,85.694,85.531,85.664,85.655,85.714,85.556,85.688
2025-10-17T09:00:00Z,85.659,85.786,85.635,85.715,85.684,85.811,85.658,85.739
2025-10-17T10:00:00Z,85.716,85.957,85.673,85.928,85.742,85.981,85.697,85.95
2025-10-17T11:00:00Z,85.928,86.296,85.876,86.063,85.952,86.321,85.901,86.088
2025-10-17T12:00:00Z,86.06,86.218,85.91,85.965,86.085,86.241,85.936,85.989
2025-10-17T13:00:00Z,85.962,86.017,85.795,85.927,85.987,86.042,85.82,85.952
2025-10-17T14:00:00Z,85.923,86.081,85.897,85.998,85.948,86.105,85.923,86.022
2025-10-17T15:00:00Z,85.994,86.056,85.83,85.995,86.019,86.083,85.856,86.02
2025-10-17T16:00:00Z,85.998,86.128,85.998,86.069,86.023,86.149,86.023,86.094
2025-10-17T17:00:00Z,86.065,86.161,86.043,86.156,86.09,86.185,86.068,86.181
2025-10-17T18:00:00Z,86.159,86.297,86.156,86.271,86.184,86.322,86.18,86.294
2025-10-17T19:00:00Z,86.274,86.349,86.264,86.338,86.299,86.374,86.289,86.363
2025-10-17T20:00:00Z,86.34,86.364,86.162,86.176,86.367,86.389,86.229,86.281
2025-10-19T21:00:00Z,86.096,86.207,85.969,86.013,86.296,86.407,86.111,86.173
2025-10-19T22:00:00Z,86.015,86.482,85.995,86.474,86.163,86.513,86.163,86.505
2025-10-19T23:00:00Z,86.481,86.512,86.404,86.474,86.512,86.538,86.431,86.503
2025-10-20T00:00:00Z,86.473,86.581,86.396,86.554,86.499,86.606,86.422,86.579
2025-10-20T01:00:00Z,86.559,86.776,86.549,86.568,86.584,86.803,86.574,86.594
2025-10-20T02:00:00Z,86.561,86.667,86.52,86.531,86.592,86.692,86.548,86.558
2025-10-20T03:00:00Z,86.534,86.559,86.41,86.456,86.559,86.584,86.436,86.481
2025-10-20T04:00:00Z,86.456,86.499,86.301,86.369,86.479,86.525,86.327,86.393
2025-10-20T05:00:00Z,86.371,86.492,86.355,86.458,86.393,86.516,86.382,86.485
2025-10-20T06:00:00Z,86.455,86.455,86.315,86.388,86.482,86.482,86.337,86.41
2025-10-20T07:00:00Z,86.391,86.485,86.35,86.415,86.41,86.511,86.374,86.44
2025-10-20T08:00:00Z,86.412,86.532,86.394,86.4,86.437,86.557,86.415,86.423
2025-10-20T09:00:00Z,86.399,86.405,86.215,86.375,86.423,86.429,86.241,86.397
2025-10-20T10:00:00Z,86.374,86.418,86.296,86.32,86.398,86.444,86.321,86.345
2025-10-20T11:00:00Z,86.317,86.379,86.29,86.331,86.342,86.405,86.314,86.355
2025-10-20T12:00:00Z,86.335,86.374,86.304,86.37,86.358,86.398,86.328,86.394
2025-10-20T13:00:00Z,86.366,86.537,86.31,86.48,86.39,86.562,86.335,86.504
2025-10-20T14:00:00Z,86.485,86.523,86.394,86.477,86.509,86.548,86.417,86.502
2025-10-20T15:00:00Z,86.474,86.617,86.447,86.575,86.498,86.644,86.471,86.599
2025-10-20T16:00:00Z,86.578,86.619,86.555,86.609,86.602,86.642,86.578,86.633
2025-10-20T17:00:00Z,86.608,86.674,86.597,86.634,86.631,86.698,86.621,86.663
2025-10-20T18:00:00Z,86.634,86.654,86.557,86.566,86.663,86.678,86.582,86.593
2025-10-20T19:00:00Z,86.563,86.589,86.552,86.554,86.588,86.614,86.576,86.578
2025-10-20T20:00:00Z,86.552,86.579,86.527,86.559,86.576,86.65,86.55,86.607
2025-10-20T21:00:00Z,86.417,86.577,86.417,86.493,86.617,86.687,86.584,86.634
2025-10-20T22:00:00Z,86.538,86.618,86.529,86.596,86.633,86.658,86.59,86.628
2025-10-20T23:00:00Z,86.596,86.638,86.548,86.611,86.63,86.672,86.573,86.637
2025-10-21T00:00:00Z,86.613,86.629,86.469,86.624,86.639,86.654,86.495,86.65
2025-10-21T01:00:00Z,86.626,86.678,86.527,86.671,86.652,86.705,86.552,86.696
2025-10-21T02:00:00Z,86.671,86.731,86.591,86.625,86.698,86.757,86.616,86.652
2025-10-21T03:00:00Z,86.626,86.661,86.518,86.552,86.652,86.686,86.545,86.578
2025-10-21T04:00:00Z,86.555,86.622,86.415,86.548,86.58,86.649,86.443,86.575
2025-10-21T05:00:00Z,86.55,86.712,86.419,86.643,86.577,86.738,86.449,86.673
2025-10-21T06:00:00Z,86.646,86.696,86.521,86.548,86.674,86.721,86.546,86.573
2025-10-21T07:00:00Z,86.55,86.55,86.366,86.4,86.576,86.576,86.391,86.425
2025-10-21T08:00:00Z,86.403,86.683,86.316,86.644,86.429,86.708,86.342,86.669
2025-10-21T09:00:00Z,86.644,86.796,86.638,86.746,86.667,86.82,86.659,86.766
2025-10-21T10:00:00Z,86.746,86.888,86.73,86.838,86.768,86.914,86.754,86.86
2025-10-21T11:00:00Z,86.838,86.974,86.807,86.951,86.861,86.999,86.83,86.973
2025-10-21T12:00:00Z,86.949,87.098,86.927,87.092,86.973,87.122,86.95,87.117
2025-10-21T13:00:00Z,87.093,87.096,86.737,86.74,87.117,87.121,86.763,86.763
2025-10-21T14:00:00Z,86.74,87.11,86.659,87.102,86.765,87.135,86.683,87.126
2025-10-21T15:00:00Z,87.1,87.21,87.06,87.161,87.125,87.234,87.084,87.186
2025-10-21T16:00:00Z,87.158,87.268,87.151,87.194,87.183,87.293,87.175,87.217
2025-10-21T17:00:00Z,87.193,87.267,87.142,87.248,87.217,87.291,87.168,87.279
2025-10-21T18:00:00Z,87.248,87.256,87.207,87.239,87.279,87.282,87.231,87.263
2025-10-21T19:00:00Z,87.237,87.283,87.21,87.255,87.261,87.309,87.234,87.279
2025-10-21T20:00:00Z,87.252,87.257,87.171,87.206,87.276,87.281,87.195,87.248
2025-10-21T21:00:00Z,87.088,87.182,87.083,87.111,87.223,87.262,87.199,87.229
2025-10-21T22:00:00Z,87.121,87.23,87.114,87.218,87.239,87.262,87.207,87.249
2025-10-21T23:00:00Z,87.215,87.25,87.187,87.193,87.245,87.277,87.214,87.219
2025-10-22T00:00:00Z,87.195,87.215,87.04,87.04,87.222,87.242,87.065,87.065
2025-10-22T01:00:00Z,87.037,87.135,87.003,87.123,87.062,87.158,87.028,87.151
2025-10-22T02:00:00Z,87.128,87.228,87.098,87.133,87.156,87.256,87.124,87.157
2025-10-22T03:00:00Z,87.135,87.255,87.122,87.233,87.16,87.277,87.147,87.259
2025-10-22T04:00:00Z,87.236,87.326,87.231,87.279,87.263,87.352,87.257,87.304
2025-10-22T05:00:00Z,87.283,87.399,87.277,87.399,87.308,87.425,87.3,87.425
2025-10-22T06:00:00Z,87.396,87.475,87.34,87.358,87.421,87.499,87.365,87.384
2025-10-22T07:00:00Z,87.362,87.362,87.251,87.319,87.388,87.388,87.275,87.343
2025-10-22T08:00:00Z,87.32,87.32,87.143,87.172,87.345,87.345,87.164,87.197
2025-10-22T09:00:00Z,87.168,87.242,87.151,87.225,87.193,87.269,87.177,87.251
2025-10-22T10:00:00Z,87.228,87.228,87.119,87.128,87.253,87.253,87.144,87.154
2025-10-22T11:00:00Z,87.133,87.165,87.063,87.093,87.158,87.191,87.086,87.117
2025-10-22T12:00:00Z,87.094,87.241,87.09,87.233,87.119,87.266,87.114,87.254
2025-10-22T13:00:00Z,87.231,87.32,87.202,87.278,87.252,87.346,87.227,87.301
2025-10-22T14:00:00Z,87.278,87.318,87.178,87.209,87.302,87.344,87.204,87.233
2025-10-22T15:00:00Z,87.209,87.324,87.19,87.279,87.232,87.351,87.216,87.306
2025-10-22T16:00:00Z,87.281,87.292,86.972,87.221,87.307,87.313,86.998,87.248
2025-10-22T17:00:00Z,87.224,87.231,86.944,86.979,87.25,87.259,86.971,87.011
2025-10-22T18:00:00Z,86.979,87.117,86.947,87.097,87.011,87.143,86.975,87.121
2025-10-22T19:00:00Z,87.097,87.201,87.076,87.192,87.122,87.227,87.103,87.22
2025-10-22T20:00:00Z,87.193,87.2,87.13,87.157,87.22,87.228,87.156,87.193
2025-10-22T21:00:00Z,87.132,87.176,87.128,87.141,87.287,87.312,87.223,87.227
2025-10-22T22:00:00Z,87.138,87.174,87.113,87.143,87.224,87.233,87.163,87.178
2025-10-22T23:00:00Z,87.147,87.173,87.119,87.159,87.181,87.202,87.149,87.187
2025-10-23T00:00:00Z,87.162,87.342,87.133,87.324,87.19,87.369,87.16,87.349
2025-10-23T01:00:00Z,87.325,87.471,87.316,87.38,87.353,87.498,87.343,87.407
2025-10-23T02:00:00Z,87.381,87.402,87.308,87.363,87.409,87.429,87.334,87.39
2025-10-23T03:00:00Z,87.366,87.406,87.251,87.27,87.392,87.432,87.279,87.299
2025-10-23T04:00:00Z,87.271,87.354,87.271,87.315,87.299,87.381,87.299,87.342
2025-10-23T05:00:00Z,87.318,87.356,87.269,87.346,87.345,87.378,87.296,87.372
2025-10-23T06:00:00Z,87.349,87.612,87.349,87.6,87.373,87.636,87.373,87.624
2025-10-23T07:00:00Z,87.602,87.659,87.518,87.61,87.627,87.686,87.545,87.636
2025-10-23T08:00:00Z,87.612,87.716,87.6,87.657,87.638,87.74,87.626,87.675
2025-10-23T09:00:00Z,87.659,87.75,87.627,87.683,87.679,87.775,87.651,87.704
2025-10-23T10:00:00Z,87.682,87.716,87.653,87.709,87.704,87.741,87.675,87.733
2025-10-23T11:00:00Z,87.709,87.713,87.632,87.636,87.735,87.738,87.656,87.659
2025-10-23T12:00:00Z,87.636,87.682,87.575,87.605,87.658,87.707,87.601,87.627
2025-10-23T13:00:00Z,87.605,87.792,87.584,87.727,87.629,87.818,87.608,87.755
2025-10-23T14:00:00Z,87.729,87.81,87.688,87.746,87.758,87.833,87.712,87.775
2025-10-23T15:00:00Z,87.746,87.809,87.714,87.789,87.777,87.834,87.742,87.813
2025-10-23T16:00:00Z,87.788,87.834,87.755,87.757,87.813,87.859,87.781,87.782
2025-10-23T17:00:00Z,87.754,87.821,87.675,87.799,87.778,87.847,87.699,87.829
2025-10-23T18:00:00Z,87.799,87.799,87.723,87.738,87.829,87.829,87.751,87.766
2025-10-23T19:00:00Z,87.739,87.751,87.708,87.731,87.766,87.778,87.733,87.756
2025-10-23T20:00:00Z,87.727,87.756,87.71,87.74,87.752,87.784,87.74,87.779
2025-10-23T21:00:00Z,87.67,87.729,87.646,87.713,87.827,87.871,87.778,87.816
2025-10-23T22:00:00Z,87.711,87.784,87.69,87.751,87.816,87.819,87.761,87.781
2025-10-23T23:00:00Z,87.753,87.829,87.753,87.806,87.784,87.855,87.784,87.831
2025-10-24T00:00:00Z,87.806,87.853,87.759,87.846,87.833,87.88,87.785,87.873
2025-10-24T01:00:00Z,87.85,87.907,87.836,87.902,87.877,87.933,87.861,87.927
2025-10-24T02:00:00Z,87.908,87.953,87.788,87.823,87.934,87.98,87.814,87.841
2025-10-24T03:00:00Z,87.823,87.875,87.818,87.851,87.843,87.902,87.843,87.877
2025-10-24T04:00:00Z,87.852,87.916,87.845,87.863,87.877,87.942,87.871,87.889
2025-10-24T05:00:00Z,87.86,87.921,87.801,87.848,87.886,87.947,87.828,87.873
2025-10-24T06:00:00Z,87.851,88.008,87.848,87.979,87.876,88.034,87.872,88.003
2025-10-24T07:00:00Z,87.981,87.989,87.862,87.867,88.001,88.016,87.884,87.889
2025-10-24T08:00:00Z,87.867,87.877,87.821,87.825,87.891,87.899,87.844,87.851
2025-10-24T09:00:00Z,87.822,87.841,87.757,87.791,87.847,87.864,87.782,87.816
2025-10-24T10:00:00Z,87.794,87.84,87.786,87.82,87.819,87.864,87.811,87.844
2025-10-24T11:00:00Z,87.822,87.822,87.765,87.805,87.846,87.846,87.79,87.831
2025-10-24T12:00:00Z,87.8,87.905,87.688,87.889,87.826,88.066,87.776,87.918
2025-10-24T13:00:00Z,87.89,87.956,87.827,87.919,87.918,87.996,87.874,87.96
2025-10-24T14:00:00Z,87.916,87.945,87.633,87.651,87.956,87.971,87.659,87.677
2025-10-24T15:00:00Z,87.654,87.818,87.652,87.791,87.679,87.843,87.675,87.816
2025-10-24T16:00:00Z,87.791,87.81,87.766,87.807,87.815,87.835,87.792,87.832
2025-10-24T17:00:00Z,87.811,87.822,87.785,87.795,87.836,87.847,87.812,87.822
2025-10-24T18:00:00Z,87.796,87.85,87.788,87.825,87.819,87.875,87.813,87.85
2025-10-24T19:00:00Z,87.822,87.852,87.807,87.833,87.848,87.878,87.833,87.858
2025-10-24T20:00:00Z,87.831,87.847,87.8,87.822,87.858,87.931,87.832,87.926
2025-10-26T21:00:00Z,88.226,88.325,87.984,88.294,88.412,88.458,88.143,88.447
2025-10-26T22:00:00Z,88.304,88.329,88.146,88.208,88.447,88.459,88.167,88.235
2025-10-26T23:00:00Z,88.204,88.254,88.137,88.15,88.23,88.282,88.161,88.175
2025-10-27T00:00:00Z,88.149,88.241,88.027,88.076,88.175,88.268,88.052,88.102
2025-10-27T01:00:00Z,88.073,88.15,88.007,88.034,88.099,88.176,88.034,88.061
2025-10-27T02:00:00Z,88.037,88.118,88.025,88.118,88.063,88.145,88.051,88.145
2025-10-27T03:00:00Z,88.12,88.144,88.051,88.086,88.146,88.171,88.077,88.112
2025-10-27T04:00:00Z,88.088,88.147,88.054,88.147,88.114,88.172,88.08,88.172
2025-10-27T05:00:00Z,88.145,88.234,88.144,88.201,88.17,88.257,88.164,88.226
2025-10-27T06:00:00Z,88.201,88.265,88.15,88.154,88.227,88.292,88.178,88.181
2025-10-27T07:00:00Z,88.151,88.153,87.994,88.01,88.178,88.179,88.021,88.033
2025-10-27T08:00:00Z,88.007,88.081,87.983,88.002,88.033,88.107,88.009,88.03
2025-10-27T09:00:00Z,87.998,88.064,87.937,88.02,88.026,88.088,87.963,88.045
2025-10-27T10:00:00Z,88.021,88.041,87.984,88.013,88.045,88.067,88.006,88.041
2025-10-27T11:00:00Z,88.013,88.047,87.94,88.004,88.039,88.072,87.965,88.027
2025-10-27T12:00:00Z,88.001,88.11,87.972,88.087,88.025,88.133,87.996,88.113
2025-10-27T13:00:00Z,88.091,88.193,88.085,88.145,88.117,88.218,88.111,88.171
2025-10-27T14:00:00Z,88.147,88.189,88.109,88.115,88.17,88.216,88.133,88.139
2025-10-27T15:00:00Z,88.115,88.221,88.085,88.182,88.14,88.248,88.112,88.201
2025-10-27T16:00:00Z,88.182,88.218,88.161,88.196,88.203,88.243,88.186,88.222
2025-10-27T17:00:00Z,88.199,88.245,88.179,88.206,88.223,88.27,88.202,88.238
2025-10-27T18:00:00Z,88.206,88.212,88.125,88.164,88.238,88.238,88.152,88.191
2025-10-27T19:00:00Z,88.162,88.203,88.153,88.19,88.189,88.229,88.179,88.215
2025-10-27T20:00:00Z,88.192,88.25,88.167,88.174,88.216,88.27,88.197,88.214
2025-10-27T21:00:00Z,88.15,88.204,88.091,88.091,88.23,88.302,88.217,88.291
2025-10-27T22:00:00Z,88.108,88.194,88.108,88.185,88.299,88.299,88.184,88.22
2025-10-27T23:00:00Z,88.187,88.251,88.151,88.165,88.22,88.277,88.179,88.187
2025-10-28T00:00:00Z,88.165,88.181,88.051,88.076,88.188,88.209,88.078,88.101
2025-10-28T01:00:00Z,88.076,88.085,87.942,88.01,88.102,88.107,87.966,88.036
2025-10-28T02:00:00Z,88.007,88.065,87.993,88.015,88.032,88.092,88.017,88.041
2025-10-28T03:00:00Z,88.016,88.03,87.902,87.966,88.041,88.055,87.931,87.992
2025-10-28T04:00:00Z,87.966,88.036,87.806,87.814,87.994,88.061,87.832,87.842
2025-10-28T05:00:00Z,87.817,87.841,87.713,87.766,87.845,87.867,87.74,87.792
2025-10-28T06:00:00Z,87.762,87.791,87.676,87.685,87.786,87.819,87.703,87.711
2025-10-28T07:00:00Z,87.689,87.844,87.689,87.751,87.713,87.867,87.713,87.777
2025-10-28T08:00:00Z,87.751,87.757,87.538,87.561,87.776,87.784,87.562,87.588
2025-10-28T09:00:00Z,87.564,87.703,87.54,87.68,87.589,87.727,87.565,87.704
2025-10-28T10:00:00Z,87.682,87.714,87.659,87.689,87.704,87.738,87.684,87.716
2025-10-28T11:00:00Z,87.689,87.794,87.673,87.735,87.714,87.819,87.7,87.76
2025-10-28T12:00:00Z,87.734,87.798,87.7,87.713,87.758,87.822,87.724,87.743
2025-10-28T13:00:00Z,87.714,87.774,87.686,87.751,87.745,87.799,87.712,87.792
2025-10-28T14:00:00Z,87.751,87.917,87.723,87.875,87.784,87.941,87.75,87.9
2025-10-28T15:00:00Z,87.873,87.951,87.84,87.91,87.9,87.976,87.866,87.934
2025-10-28T16:00:00Z,87.907,88.085,87.902,88.037,87.932,88.111,87.926,88.062
2025-10-28T17:00:00Z,88.042,88.061,88.007,88.046,88.066,88.087,88.031,88.083
2025-10-28T18:00:00Z,88.046,88.046,87.961,87.977,88.083,88.083,87.987,88.002
2025-10-28T19:00:00Z,87.979,87.979,87.861,87.892,88.004,88.004,87.887,87.918
2025-10-28T20:00:00Z,87.894,87.914,87.87,87.912,87.92,87.97,87.908,87.954
2025-10-28T21:00:00Z,87.894,87.929,87.807,87.829,87.97,88.017,87.942,87.954
2025-10-28T22:00:00Z,87.833,87.96,87.817,87.934,87.953,87.994,87.93,87.967
2025-10-28T23:00:00Z,87.935,87.981,87.721,87.73,87.967,88.009,87.751,87.757
2025-10-29T00:00:00Z,87.737,87.877,87.608,87.63,87.764,87.964,87.636,87.659
2025-10-29T01:00:00Z,87.631,87.776,87.59,87.72,87.657,87.802,87.619,87.744
2025-10-29T02:00:00Z,87.715,87.887,87.683,87.862,87.74,87.916,87.708,87.886
2025-10-29T03:00:00Z,87.862,87.938,87.844,87.938,87.887,87.965,87.869,87.965
2025-10-29T04:00:00Z,87.945,87.974,87.865,87.893,87.972,88.0,87.891,87.919
2025-10-29T05:00:00Z,87.902,88.205,87.889,88.1,87.928,88.231,87.914,88.128
2025-10-29T06:00:00Z,88.107,88.194,88.034,88.07,88.135,88.22,88.06,88.098
2025-10-29T07:00:00Z,88.074,88.125,87.954,87.99,88.1,88.151,87.976,88.015
2025-10-29T08:00:00Z,87.986,88.117,87.942,87.961,88.011,88.143,87.968,87.985
2025-10-29T09:00:00Z,87.968,88.052,87.957,88.029,87.991,88.078,87.983,88.054
2025-10-29T10:00:00Z,88.03,88.099,88.0,88.074,88.054,88.124,88.025,88.097
2025-10-29T11:00:00Z,88.073,88.075,87.948,87.998,88.098,88.101,87.972,88.023
2025-10-29T12:00:00Z,87.993,87.997,87.916,87.985,88.017,88.021,87.94,88.012
2025-10-29T13:00:00Z,87.986,88.023,87.89,87.945,88.012,88.047,87.915,87.976
2025-10-29T14:00:00Z,87.947,88.054,87.877,88.054,87.979,88.08,87.904,88.079
2025-10-29T15:00:00Z,88.057,88.18,88.03,88.058,88.082,88.205,88.055,88.08
2025-10-29T16:00:00Z,88.057,88.205,88.054,88.186,88.08,88.229,88.078,88.211
2025-10-29T17:00:00Z,88.188,88.206,88.124,88.18,88.213,88.233,88.15,88.227
2025-10-29T18:00:00Z,88.18,88.18,87.91,88.071,88.227,88.227,87.946,88.109
2025-10-29T19:00:00Z,88.077,88.088,87.901,88.025,88.113,88.123,87.931,88.056
2025-10-29T20:00:00Z,88.02,88.075,87.933,87.98,88.051,88.105,87.965,88.016
2025-10-29T21:00:00Z,87.948,87.966,87.859,87.909,88.045,88.069,87.981,88.016
2025-10-29T22:00:00Z,87.897,88.002,87.891,87.938,87.995,88.036,87.971,87.971
2025-10-29T23:00:00Z,87.94,88.023,87.913,88.012,87.973,88.049,87.94,88.04
2025-10-30T00:00:00Z,88.012,88.195,88.01,88.136,88.038,88.219,88.038,88.161
2025-10-30T01:00:00Z,88.137,88.17,87.968,88.052,88.161,88.197,87.994,88.078
2025-10-30T02:00:00Z,88.05,88.136,87.981,88.002,88.076,88.164,88.002,88.029
2025-10-30T03:00:00Z,88.004,88.421,87.956,88.357,88.032,88.447,87.983,88.385
2025-10-30T04:00:00Z,88.357,88.508,88.066,88.389,88.384,88.536,88.094,88.415
2025-10-30T05:00:00Z,88.39,88.49,88.305,88.486,88.418,88.514,88.333,88.511
2025-10-30T06:00:00Z,88.486,88.623,88.349,88.509,88.512,88.652,88.382,88.534
2025-10-30T07:00:00Z,88.511,88.634,88.437,88.593,88.534,88.66,88.462,88.619
2025-10-30T08:00:00Z,88.593,88.816,88.593,88.748,88.621,88.842,88.621,88.775
2025-10-30T09:00:00Z,88.752,88.783,88.623,88.674,88.778,88.81,88.649,88.7
2025-10-30T10:00:00Z,88.678,88.769,88.67,88.722,88.704,88.794,88.694,88.747
2025-10-30T11:00:00Z,88.725,88.747,88.617,88.624,88.75,88.771,88.643,88.649
2025-10-30T12:00:00Z,88.62,88.679,88.376,88.408,88.644,88.704,88.4,88.433
2025-10-30T13:00:00Z,88.409,88.538,88.314,88.524,88.436,88.565,88.342,88.55
2025-10-30T14:00:00Z,88.522,88.589,88.465,88.531,88.548,88.614,88.492,88.556
2025-10-30T15:00:00Z,88.528,88.584,88.477,88.565,88.552,88.61,88.502,88.591
2025-10-30T16:00:00Z,88.563,88.58,88.492,88.521,88.588,88.605,88.521,88.548
2025-10-30T17:00:00Z,88.521,88.556,88.459,88.526,88.547,88.583,88.488,88.56
2025-10-30T18:00:00Z,88.526,88.526,88.437,88.454,88.56,88.56,88.468,88.483
2025-10-30T19:00:00Z,88.451,88.451,88.362,88.384,88.48,88.48,88.39,88.412
2025-10-30T20:00:00Z,88.378,88.495,88.366,88.479,88.406,88.563,88.394,88.524
2025-10-30T21:00:00Z,88.465,88.467,88.415,88.415,88.563,88.566,88.52,88.533
2025-10-30T22:00:00Z,88.408,88.483,88.381,88.456,88.526,88.542,88.455,88.486
2025-10-30T23:00:00Z,88.459,88.479,88.353,88.405,88.489,88.506,88.379,88.431
2025-10-31T00:00:00Z,88.403,88.454,88.331,88.343,88.429,88.481,88.36,88.369
2025-10-31T01:00:00Z,88.344,88.363,88.139,88.209,88.371,88.389,88.166,88.235
2025-10-31T02:00:00Z,88.207,88.255,88.101,88.185,88.234,88.281,88.127,88.212
2025-10-31T03:00:00Z,88.187,88.27,88.153,88.27,88.212,88.295,88.178,88.295
2025-10-31T04:00:00Z,88.27,88.31,88.219,88.243,88.294,88.336,88.245,88.269
2025-10-31T05:00:00Z,88.24,88.244,88.05,88.088,88.266,88.269,88.075,88.116
2025-10-31T06:00:00Z,88.088,88.232,88.082,88.199,88.113,88.259,88.109,88.225
2025-10-31T07:00:00Z,88.194,88.285,88.129,88.26,88.219,88.308,88.155,88.286
2025-10-31T08:00:00Z,88.263,88.277,88.18,88.248,88.289,88.302,88.208,88.277
2025-10-31T09:00:00Z,88.245,88.269,88.151,88.212,88.274,88.298,88.178,88.239
2025-10-31T10:00:00Z,88.215,88.256,88.186,88.218,88.241,88.286,88.215,88.246
2025-10-31T11:00:00Z,88.218,88.246,88.155,88.202,88.247,88.275,88.177,88.229
2025-10-31T12:00:00Z,88.199,88.21,88.003,88.091,88.224,88.237,88.032,88.118
2025-10-31T13:00:00Z,88.091,88.205,88.083,88.203,88.12,88.237,88.11,88.237
2025-10-31T14:00:00Z,88.202,88.237,88.078,88.222,88.233,88.265,88.104,88.249
2025-10-31T15:00:00Z,88.222,88.235,88.115,88.193,88.25,88.264,88.142,88.221
2025-10-31T16:00:00Z,88.194,88.2,88.106,88.149,88.221,88.228,88.135,88.177
2025-10-31T17:00:00Z,88.146,88.151,88.074,88.108,88.175,88.182,88.104,88.139
2025-10-31T18:00:00Z,88.111,88.186,88.102,88.167,88.141,88.215,88.133,88.197
2025-10-31T19:00:00Z,88.172,88.212,88.147,88.173,88.202,88.241,88.176,88.202
2025-10-31T20:00:00Z,88.169,88.218,88.1,88.112,88.198,88.264,88.187,88.232
2025-11-02T22:00:00Z,88.01,88.141,87.999,88.057,88.21,88.23,88.119,88.175
2025-11-02T23:00:00Z,88.061,88.285,88.042,88.216,88.179,88.319,88.155,88.247
2025-11-03T00:00:00Z,88.216,88.232,88.152,88.152,88.246,88.259,88.178,88.178
2025-11-03T01:00:00Z,88.151,88.172,88.034,88.062,88.175,88.198,88.061,88.088
2025-11-03T02:00:00Z,88.064,88.159,88.039,88.15,88.09,88.187,88.064,88.177
2025-11-03T03:00:00Z,88.153,88.17,88.073,88.167,88.18,88.196,88.098,88.192
2025-11-03T04:00:00Z,88.168,88.222,88.145,88.204,88.192,88.251,88.171,88.232
2025-11-03T05:00:00Z,88.201,88.293,88.198,88.27,88.23,88.321,88.226,88.298
2025-11-03T06:00:00Z,88.27,88.326,88.257,88.286,88.297,88.352,88.278,88.309
2025-11-03T07:00:00Z,88.284,88.311,88.194,88.196,88.308,88.335,88.218,88.22
2025-11-03T08:00:00Z,88.193,88.229,88.062,88.128,88.216,88.254,88.087,88.152
2025-11-03T09:00:00Z,88.131,88.203,88.089,88.116,88.154,88.229,88.112,88.142
2025-11-03T10:00:00Z,88.122,88.159,88.062,88.113,88.148,88.183,88.089,88.14
2025-11-03T11:00:00Z,88.113,88.145,88.102,88.122,88.139,88.172,88.127,88.147
2025-11-03T12:00:00Z,88.12,88.169,88.119,88.136,88.145,88.193,88.143,88.16
2025-11-03T13:00:00Z,88.133,88.147,88.039,88.051,88.157,88.173,88.064,88.076
2025-11-03T14:00:00Z,88.049,88.071,87.819,87.851,88.073,88.096,87.845,87.9
2025-11-03T15:00:00Z,87.84,87.873,87.674,87.847,87.937,87.937,87.698,87.872
2025-11-03T16:00:00Z,87.848,87.966,87.83,87.955,87.868,87.989,87.855,87.979
2025-11-03T17:00:00Z,87.952,88.008,87.921,87.98,87.977,88.032,87.945,88.006
2025-11-03T18:00:00Z,87.98,88.008,87.957,88.0,88.006,88.033,87.984,88.023
2025-11-03T19:00:00Z,87.998,88.045,87.972,88.009,88.023,88.07,87.999,88.034
2025-11-03T20:00:00Z,88.013,88.025,87.968,87.989,88.038,88.053,87.995,88.015
2025-11-03T21:00:00Z,87.993,87.997,87.948,87.984,88.019,88.059,87.975,88.023
2025-11-03T22:00:00Z,87.915,88.015,87.874,87.973,88.115,88.146,88.04,88.055
2025-11-03T23:00:00Z,87.975,88.012,87.948,87.984,88.055,88.082,87.976,88.01
2025-11-04T00:00:00Z,87.985,87.989,87.835,87.889,88.01,88.016,87.862,87.915
2025-11-04T01:00:00Z,87.894,87.921,87.793,87.852,87.92,87.948,87.821,87.876
2025-11-04T02:00:00Z,87.851,87.854,87.675,87.675,87.876,87.882,87.7,87.7
2025-11-04T03:00:00Z,87.672,87.846,87.659,87.74,87.697,87.876,87.685,87.766
2025-11-04T04:00:00Z,87.734,87.734,87.581,87.62,87.761,87.761,87.609,87.649
2025-11-04T05:00:00Z,87.623,87.624,87.297,87.317,87.653,87.653,87.324,87.342
2025-11-04T06:00:00Z,87.319,87.351,87.112,87.319,87.344,87.375,87.138,87.343
2025-11-04T07:00:00Z,87.32,87.337,87.177,87.311,87.345,87.364,87.201,87.336
2025-11-04T08:00:00Z,87.312,87.354,87.194,87.197,87.338,87.379,87.22,87.222
2025-11-04T09:00:00Z,87.193,87.248,86.862,86.886,87.218,87.272,86.886,86.91
2025-11-04T10:00:00Z,86.884,87.055,86.792,87.004,86.907,87.078,86.82,87.033
2025-11-04T11:00:00Z,87.004,87.033,86.912,86.93,87.031,87.058,86.937,86.956
2025-11-04T12:00:00Z,86.928,86.944,86.877,86.898,86.954,86.969,86.902,86.925
2025-11-04T13:00:00Z,86.895,86.923,86.789,86.82,86.921,86.948,86.815,86.844
2025-11-04T14:00:00Z,86.819,86.93,86.775,86.909,86.842,86.953,86.8,86.934
2025-11-04T15:00:00Z,86.91,86.961,86.854,86.91,86.933,86.986,86.88,86.936
2025-11-04T16:00:00Z,86.911,86.964,86.851,86.962,86.936,86.989,86.878,86.987
2025-11-04T17:00:00Z,86.965,86.974,86.832,86.859,86.99,86.998,86.859,86.886
2025-11-04T18:00:00Z,86.859,86.902,86.801,86.81,86.886,86.925,86.826,86.832
2025-11-04T19:00:00Z,86.81,86.874,86.724,86.779,86.833,86.899,86.751,86.808
2025-11-04T20:00:00Z,86.783,86.838,86.749,86.767,86.811,86.864,86.776,86.794
2025-11-04T21:00:00Z,86.769,86.827,86.579,86.685,86.796,86.868,86.607,86.727
2025-11-04T22:00:00Z,86.799,86.799,86.586,86.651,86.999,86.999,86.681,86.749
2025-11-04T23:00:00Z,86.655,86.722,86.596,86.618,86.721,86.754,86.622,86.643
2025-11-05T00:00:00Z,86.614,86.7,86.422,86.426,86.639,86.727,86.446,86.447
2025-11-05T01:00:00Z,86.426,86.428,86.143,86.313,86.449,86.457,86.168,86.34
2025-11-05T02:00:00Z,86.314,86.581,86.262,86.577,86.343,86.611,86.291,86.606
2025-11-05T03:00:00Z,86.577,86.827,86.576,86.784,86.607,86.853,86.6,86.811
2025-11-05T04:00:00Z,86.781,86.826,86.695,86.792,86.808,86.853,86.722,86.818
2025-11-05T05:00:00Z,86.793,86.915,86.732,86.765,86.818,86.942,86.759,86.794
2025-11-05T06:00:00Z,86.762,86.924,86.72,86.876,86.791,86.951,86.746,86.903
2025-11-05T07:00:00Z,86.878,86.878,86.695,86.77,86.905,86.905,86.722,86.797
2025-11-05T08:00:00Z,86.766,86.936,86.725,86.781,86.793,86.962,86.751,86.806
2025-11-05T09:00:00Z,86.775,86.838,86.727,86.783,86.8,86.864,86.753,86.81
2025-11-05T10:00:00Z,86.786,86.841,86.681,86.696,86.813,86.866,86.706,86.72
2025-11-05T11:00:00Z,86.693,86.712,86.607,86.637,86.719,86.738,86.635,86.662
2025-11-05T12:00:00Z,86.642,86.799,86.605,86.788,86.667,86.825,86.63,86.814
2025-11-05T13:00:00Z,86.785,86.905,86.77,86.888,86.81,86.93,86.797,86.913
2025-11-05T14:00:00Z,86.89,86.995,86.839,86.953,86.915,87.02,86.864,87.001
2025-11-05T15:00:00Z,86.976,87.238,86.956,87.237,87.012,87.266,87.012,87.266
2025-11-05T16:00:00Z,87.239,87.289,87.152,87.246,87.266,87.314,87.178,87.27
2025-11-05T17:00:00Z,87.249,87.265,87.181,87.185,87.273,87.29,87.206,87.218
2025-11-05T18:00:00Z,87.185,87.245,87.145,87.237,87.218,87.271,87.171,87.262
2025-11-05T19:00:00Z,87.234,87.255,87.198,87.198,87.259,87.28,87.223,87.224
2025-11-05T20:00:00Z,87.198,87.275,87.198,87.23,87.226,87.302,87.226,87.26
2025-11-05T21:00:00Z,87.231,87.254,87.19,87.22,87.259,87.301,87.218,87.259
2025-11-05T22:00:00Z,87.1,87.23,87.091,87.199,87.3,87.363,87.268,87.288
2025-11-05T23:00:00Z,87.203,87.302,87.164,87.3,87.283,87.33,87.226,87.328
2025-11-06T00:00:00Z,87.295,87.306,87.108,87.134,87.322,87.331,87.137,87.162
2025-11-06T01:00:00Z,87.129,87.165,86.984,87.163,87.154,87.19,87.008,87.188
2025-11-06T02:00:00Z,87.16,87.251,87.103,87.19,87.186,87.276,87.13,87.218
2025-11-06T03:00:00Z,87.19,87.217,87.099,87.119,87.216,87.243,87.128,87.147
2025-11-06T04:00:00Z,87.121,87.265,87.106,87.21,87.148,87.289,87.133,87.237
2025-11-06T05:00:00Z,87.208,87.23,87.044,87.079,87.237,87.257,87.072,87.106
2025-11-06T06:00:00Z,87.079,87.139,87.069,87.088,87.104,87.167,87.096,87.113
2025-11-06T07:00:00Z,87.092,87.136,86.98,87.056,87.116,87.162,87.006,87.083
2025-11-06T08:00:00Z,87.054,87.054,86.868,86.983,87.08,87.08,86.895,87.009
2025-11-06T09:00:00Z,86.981,87.041,86.972,86.997,87.006,87.066,86.996,87.021
2025-11-06T10:00:00Z,86.998,87.048,86.957,86.969,87.021,87.073,86.981,86.994
2025-11-06T11:00:00Z,86.971,86.993,86.892,86.935,86.995,87.017,86.915,86.961
2025-11-06T12:00:00Z,86.932,87.013,86.89,86.989,86.957,87.04,86.916,87.015
2025-11-06T13:00:00Z,86.994,87.038,86.892,86.894,87.02,87.063,86.918,86.92
2025-11-06T14:00:00Z,86.89,86.892,86.44,86.44,86.916,86.918,86.467,86.467
2025-11-06T15:00:00Z,86.437,86.525,86.132,86.164,86.464,86.551,86.158,86.189
2025-11-06T16:00:00Z,86.162,86.223,86.088,86.105,86.188,86.25,86.112,86.129
2025-11-06T17:00:00Z,86.104,86.239,85.994,86.209,86.129,86.265,86.019,86.245
2025-11-06T18:00:00Z,86.209,86.309,86.086,86.264,86.245,86.334,86.111,86.29
2025-11-06T19:00:00Z,86.261,86.376,86.234,86.306,86.287,86.401,86.261,86.334
2025-11-06T20:00:00Z,86.31,86.337,86.184,86.203,86.338,86.362,86.21,86.23
2025-11-06T21:00:00Z,86.205,86.242,86.16,86.2,86.232,86.303,86.188,86.286
2025-11-06T22:00:00Z,86.165,86.244,86.165,86.229,86.365,86.368,86.274,86.29
2025-11-06T23:00:00Z,86.238,86.247,86.169,86.226,86.299,86.318,86.197,86.253
2025-11-07T00:00:00Z,86.221,86.336,86.142,86.268,86.247,86.362,86.169,86.295
2025-11-07T01:00:00Z,86.268,86.318,86.097,86.183,86.292,86.345,86.124,86.209
2025-11-07T02:00:00Z,86.185,86.19,86.081,86.11,86.211,86.218,86.107,86.139
2025-11-07T03:00:00Z,86.105,86.131,85.977,86.006,86.134,86.158,86.006,86.034
2025-11-07T04:00:00Z,86.009,86.065,85.928,86.008,86.035,86.093,85.957,86.033
2025-11-07T05:00:00Z,86.006,86.182,86.006,86.153,86.033,86.208,86.033,86.18
2025-11-07T06:00:00Z,86.154,86.209,86.098,86.113,86.183,86.235,86.126,86.144
2025-11-07T07:00:00Z,86.114,86.141,85.987,85.987,86.14,86.165,86.015,86.015
2025-11-07T08:00:00Z,85.984,86.278,85.98,86.264,86.012,86.303,86.008,86.291
2025-11-07T09:00:00Z,86.267,86.281,86.144,86.198,86.293,86.306,86.168,86.222
2025-11-07T10:00:00Z,86.196,86.241,86.109,86.148,86.221,86.268,86.133,86.172
2025-11-07T11:00:00Z,86.151,86.155,85.918,86.068,86.175,86.179,85.938,86.09
2025-11-07T12:00:00Z,86.066,86.113,85.946,86.009,86.09,86.139,85.97,86.032
2025-11-07T13:00:00Z,86.008,86.269,85.983,86.203,86.033,86.295,86.007,86.228
2025-11-07T14:00:00Z,86.203,86.269,86.01,86.205,86.229,86.293,86.036,86.255
2025-11-07T15:00:00Z,86.202,86.202,85.872,85.946,86.257,86.257,85.9,85.972
2025-11-07T16:00:00Z,85.947,86.029,85.901,85.948,85.97,86.054,85.924,85.973
2025-11-07T17:00:00Z,85.946,86.087,85.879,86.068,85.97,86.112,85.904,86.091
2025-11-07T18:00:00Z,86.067,86.162,86.028,86.154,86.092,86.188,86.055,86.18
2025-11-07T19:00:00Z,86.154,86.436,86.144,86.384,86.178,86.464,86.169,86.409
2025-11-07T20:00:00Z,86.381,86.403,86.296,86.4,86.406,86.429,86.322,86.427
2025-11-07T21:00:00Z,86.396,86.43,86.237,86.266,86.426,86.461,86.306,86.386
2025-11-09T22:00:00Z,86.43,86.486,86.353,86.387,86.63,86.644,86.478,86.483
2025-11-09T23:00:00Z,86.387,86.589,86.374,86.534,86.445,86.623,86.445,86.562
2025-11-10T00:00:00Z,86.533,86.643,86.326,86.509,86.563,86.672,86.353,86.536
2025-11-10T01:00:00Z,86.507,86.623,86.486,86.579,86.536,86.648,86.517,86.607
2025-11-10T02:00:00Z,86.581,86.671,86.511,86.66,86.608,86.696,86.539,86.685
2025-11-10T03:00:00Z,86.662,86.719,86.595,86.599,86.688,86.745,86.62,86.627
2025-11-10T04:00:00Z,86.602,86.71,86.601,86.708,86.627,86.738,86.627,86.735
2025-11-10T05:00:00Z,86.711,86.802,86.693,86.756,86.739,86.828,86.719,86.78
2025-11-10T06:00:00Z,86.756,86.799,86.702,86.727,86.777,86.825,86.729,86.758
2025-11-10T07:00:00Z,86.726,86.837,86.714,86.788,86.755,86.861,86.741,86.812
2025-11-10T08:00:00Z,86.791,87.035,86.777,87.016,86.816,87.061,86.801,87.043
2025-11-10T09:00:00Z,87.013,87.108,86.997,87.089,87.041,87.132,87.022,87.114
2025-11-10T10:00:00Z,87.082,87.082,86.978,86.992,87.107,87.107,87.003,87.016
2025-11-10T11:00:00Z,86.992,87.019,86.914,86.947,87.018,87.043,86.939,86.973
2025-11-10T12:00:00Z,86.944,86.96,86.91,86.95,86.97,86.986,86.935,86.977
2025-11-10T13:00:00Z,86.948,86.995,86.854,86.885,86.974,87.02,86.88,86.909
2025-11-10T14:00:00Z,86.882,86.908,86.799,86.873,86.907,86.933,86.826,86.897
2025-11-10T15:00:00Z,86.875,86.888,86.677,86.689,86.9,86.912,86.703,86.715
2025-11-10T16:00:00Z,86.686,86.742,86.643,86.714,86.713,86.767,86.671,86.74
2025-11-10T17:00:00Z,86.717,86.936,86.703,86.913,86.742,86.963,86.728,86.946
2025-11-10T18:00:00Z,86.913,86.962,86.868,86.922,86.946,86.988,86.894,86.948
2025-11-10T19:00:00Z,86.92,86.966,86.891,86.94,86.945,86.992,86.919,86.965
2025-11-10T20:00:00Z,86.939,86.977,86.929,86.949,86.965,87.002,86.956,86.977
2025-11-10T21:00:00Z,86.951,87.014,86.942,86.981,86.979,87.066,86.968,87.02
2025-11-10T22:00:00Z,86.927,86.987,86.927,86.954,87.104,87.155,87.023,87.029
2025-11-10T23:00:00Z,86.954,87.002,86.939,86.97,87.017,87.06,86.972,86.999
2025-11-11T00:00:00Z,86.967,87.113,86.954,87.101,86.997,87.14,86.983,87.128
2025-11-11T01:00:00Z,87.104,87.125,87.007,87.017,87.131,87.15,87.033,87.045
2025-11-11T02:00:00Z,87.017,87.089,86.945,87.061,87.043,87.119,86.973,87.087
2025-11-11T03:00:00Z,87.063,87.07,86.989,87.058,87.087,87.098,87.015,87.088
2025-11-11T04:00:00Z,87.056,87.1,86.988,86.992,87.085,87.129,87.011,87.018
2025-11-11T05:00:00Z,86.995,86.995,86.825,86.825,87.019,87.021,86.851,86.852
2025-11-11T06:00:00Z,86.823,86.951,86.823,86.844,86.851,86.976,86.848,86.871
2025-11-11T07:00:00Z,86.843,86.933,86.835,86.923,86.869,86.961,86.861,86.951
2025-11-11T08:00:00Z,86.922,87.133,86.922,87.104,86.952,87.16,86.951,87.135
2025-11-11T09:00:00Z,87.099,87.154,87.051,87.084,87.132,87.182,87.076,87.105
2025-11-11T10:00:00Z,87.084,87.094,87.025,87.061,87.107,87.122,87.05,87.087
2025-11-11T11:00:00Z,87.06,87.094,87.028,87.092,87.085,87.12,87.054,87.118
2025-11-11T12:00:00Z,87.089,87.179,87.068,87.071,87.116,87.206,87.09,87.096
2025-11-11T13:00:00Z,87.068,87.142,86.978,87.091,87.094,87.171,87.004,87.118
2025-11-11T14:00:00Z,87.092,87.263,87.062,87.258,87.117,87.289,87.088,87.284
2025-11-11T15:00:00Z,87.256,87.277,87.0,87.015,87.281,87.303,87.025,87.04
2025-11-11T16:00:00Z,87.012,87.132,87.012,87.088,87.037,87.156,87.037,87.113
2025-11-11T17:00:00Z,87.084,87.191,87.079,87.179,87.109,87.219,87.104,87.214
2025-11-11T18:00:00Z,87.179,87.236,87.175,87.214,87.214,87.263,87.202,87.239
2025-11-11T19:00:00Z,87.21,87.227,87.142,87.17,87.236,87.253,87.169,87.195
2025-11-11T20:00:00Z,87.168,87.187,87.14,87.155,87.194,87.212,87.168,87.182
2025-11-11T21:00:00Z,87.157,87.167,87.114,87.132,87.185,87.222,87.149,87.172
2025-11-11T22:00:00Z,87.047,87.087,87.039,87.042,87.206,87.206,87.129,87.146
2025-11-11T23:00:00Z,87.042,87.178,87.042,87.143,87.148,87.207,87.134,87.169
2025-11-12T00:00:00Z,87.141,87.218,87.097,87.19,87.165,87.244,87.123,87.216
2025-11-12T01:00:00Z,87.19,87.293,87.187,87.273,87.213,87.321,87.21,87.3
2025-11-12T02:00:00Z,87.276,87.369,87.235,87.247,87.303,87.396,87.262,87.272
2025-11-12T03:00:00Z,87.248,87.26,87.203,87.221,87.272,87.287,87.23,87.249
2025-11-12T04:00:00Z,87.224,87.384,87.216,87.382,87.251,87.409,87.243,87.406
2025-11-12T05:00:00Z,87.382,87.431,87.3,87.408,87.409,87.458,87.327,87.436
2025-11-12T06:00:00Z,87.412,87.496,87.392,87.435,87.441,87.522,87.42,87.462
2025-11-12T07:00:00Z,87.437,87.498,87.386,87.463,87.463,87.524,87.415,87.487
2025-11-12T08:00:00Z,87.464,87.531,87.426,87.506,87.487,87.56,87.452,87.533
2025-11-12T09:00:00Z,87.506,87.618,87.484,87.553,87.534,87.644,87.509,87.577
2025-11-12T10:00:00Z,87.556,87.589,87.532,87.583,87.58,87.614,87.554,87.612
2025-11-12T11:00:00Z,87.585,87.613,87.555,87.571,87.612,87.643,87.58,87.595
2025-11-12T12:00:00Z,87.568,87.699,87.56,87.697,87.593,87.725,87.584,87.724
2025-11-12T13:00:00Z,87.694,87.718,87.651,87.685,87.72,87.742,87.675,87.708
2025-11-12T14:00:00Z,87.681,87.723,87.605,87.632,87.705,87.747,87.633,87.657
2025-11-12T15:00:00Z,87.628,87.7,87.56,87.583,87.654,87.725,87.587,87.608
2025-11-12T16:00:00Z,87.584,87.654,87.528,87.543,87.608,87.682,87.552,87.568
2025-11-12T17:00:00Z,87.543,87.587,87.484,87.566,87.567,87.613,87.508,87.594
2025-11-12T18:00:00Z,87.566,87.661,87.525,87.653,87.594,87.686,87.549,87.678
2025-11-12T19:00:00Z,87.656,87.662,87.56,87.626,87.681,87.688,87.586,87.653
2025-11-12T20:00:00Z,87.623,87.661,87.586,87.632,87.649,87.687,87.612,87.659
2025-11-12T21:00:00Z,87.632,87.688,87.632,87.677,87.661,87.761,87.661,87.74
2025-11-12T22:00:00Z,87.624,87.692,87.549,87.578,87.824,87.866,87.663,87.687
2025-11-12T23:00:00Z,87.578,87.636,87.558,87.577,87.661,87.715,87.583,87.604
2025-11-13T00:00:00Z,87.575,87.683,87.437,87.5,87.607,87.716,87.466,87.526
2025-11-13T01:00:00Z,87.498,87.662,87.484,87.518,87.524,87.689,87.511,87.547
2025-11-13T02:00:00Z,87.514,87.592,87.484,87.524,87.543,87.618,87.517,87.55
2025-11-13T03:00:00Z,87.526,87.562,87.479,87.509,87.553,87.586,87.503,87.535
2025-11-13T04:00:00Z,87.508,87.546,87.449,87.521,87.531,87.57,87.472,87.547
2025-11-13T05:00:00Z,87.522,87.596,87.459,87.462,87.549,87.621,87.486,87.49
2025-11-13T06:00:00Z,87.464,87.525,87.314,87.468,87.492,87.55,87.339,87.494
2025-11-13T07:00:00Z,87.468,87.736,87.461,87.693,87.493,87.761,87.486,87.717
2025-11-13T08:00:00Z,87.696,87.834,87.69,87.792,87.719,87.86,87.714,87.816
2025-11-13T09:00:00Z,87.792,87.804,87.581,87.69,87.818,87.829,87.607,87.716
2025-11-13T10:00:00Z,87.689,87.736,87.642,87.701,87.716,87.76,87.666,87.725
2025-11-13T11:00:00Z,87.697,87.745,87.648,87.666,87.722,87.77,87.672,87.69
2025-11-13T12:00:00Z,87.669,87.698,87.624,87.673,87.694,87.724,87.65,87.695
2025-11-13T13:00:00Z,87.669,87.669,87.545,87.587,87.694,87.694,87.571,87.614
2025-11-13T14:00:00Z,87.59,87.611,87.389,87.51,87.616,87.636,87.414,87.536
2025-11-13T15:00:00Z,87.513,87.673,87.428,87.466,87.538,87.698,87.454,87.491
2025-11-13T16:00:00Z,87.466,87.641,87.454,87.631,87.488,87.668,87.478,87.656
2025-11-13T17:00:00Z,87.633,87.67,87.484,87.515,87.657,87.695,87.509,87.548
2025-11-13T18:00:00Z,87.515,87.515,87.214,87.305,87.548,87.548,87.24,87.329
2025-11-13T19:00:00Z,87.308,87.417,87.265,87.35,87.331,87.444,87.292,87.375
2025-11-13T20:00:00Z,87.345,87.378,87.304,87.372,87.37,87.405,87.329,87.398
2025-11-13T21:00:00Z,87.369,87.407,87.315,87.338,87.395,87.431,87.352,87.409
2025-11-13T22:00:00Z,87.37,87.491,87.268,87.321,87.57,87.691,87.379,87.395
2025-11-13T23:00:00Z,87.326,87.409,87.31,87.348,87.382,87.446,87.357,87.374
2025-11-14T00:00:00Z,87.349,87.545,87.312,87.5,87.376,87.572,87.339,87.526
2025-11-14T01:00:00Z,87.503,87.699,87.49,87.686,87.529,87.728,87.512,87.71
2025-11-14T02:00:00Z,87.684,87.807,87.664,87.751,87.71,87.833,87.69,87.778
2025-11-14T03:00:00Z,87.75,87.889,87.7,87.858,87.778,87.915,87.725,87.884
2025-11-14T04:00:00Z,87.862,87.902,87.7,87.705,87.888,87.929,87.725,87.731
2025-11-14T05:00:00Z,87.708,87.86,87.644,87.858,87.732,87.887,87.669,87.885
2025-11-14T06:00:00Z,87.858,87.866,87.764,87.807,87.884,87.887,87.79,87.835
2025-11-14T07:00:00Z,87.811,87.815,87.649,87.774,87.836,87.841,87.673,87.796
2025-11-14T08:00:00Z,87.777,87.785,87.615,87.778,87.798,87.808,87.639,87.805
2025-11-14T09:00:00Z,87.776,87.839,87.758,87.786,87.804,87.864,87.782,87.811
2025-11-14T10:00:00Z,87.782,87.841,87.74,87.763,87.807,87.865,87.764,87.789
2025-11-14T11:00:00Z,87.759,87.807,87.688,87.804,87.784,87.833,87.711,87.829
2025-11-14T12:00:00Z,87.801,87.805,87.423,87.456,87.826,87.828,87.448,87.481
2025-11-14T13:00:00Z,87.457,87.544,87.294,87.518,87.483,87.569,87.319,87.543
2025-11-14T14:00:00Z,87.524,87.746,87.469,87.744,87.55,87.771,87.491,87.766
2025-11-14T15:00:00Z,87.744,87.884,87.618,87.77,87.768,87.909,87.645,87.794
2025-11-14T16:00:00Z,87.772,87.944,87.727,87.898,87.796,87.971,87.752,87.923
2025-11-14T17:00:00Z,87.899,87.929,87.82,87.865,87.923,87.955,87.846,87.889
2025-11-14T18:00:00Z,87.862,87.864,87.717,87.764,87.888,87.889,87.74,87.79
2025-11-14T19:00:00Z,87.767,87.778,87.702,87.761,87.793,87.804,87.725,87.785
2025-11-14T20:00:00Z,87.762,87.787,87.694,87.726,87.788,87.813,87.716,87.751
2025-11-14T21:00:00Z,87.729,87.779,87.704,87.727,87.754,87.841,87.731,87.838
2025-11-16T22:00:00Z,87.69,87.74,87.682,87.731,87.89,87.892,87.806,87.837
2025-11-16T23:00:00Z,87.731,87.774,87.68,87.728,87.833,87.84,87.713,87.753
2025-11-17T00:00:00Z,87.725,87.745,87.57,87.611,87.75,87.77,87.596,87.637
2025-11-17T01:00:00Z,87.613,87.629,87.512,87.534,87.639,87.656,87.537,87.56
2025-11-17T02:00:00Z,87.54,87.618,87.526,87.592,87.566,87.643,87.552,87.617
2025-11-17T03:00:00Z,87.598,87.641,87.527,87.592,87.623,87.665,87.55,87.617
2025-11-17T04:00:00Z,87.597,87.641,87.583,87.623,87.622,87.666,87.609,87.648
2025-11-17T05:00:00Z,87.625,87.732,87.624,87.712,87.648,87.758,87.648,87.737
2025-11-17T06:00:00Z,87.712,87.773,87.699,87.753,87.738,87.8,87.724,87.779
2025-11-17T07:00:00Z,87.756,87.995,87.749,87.967,87.781,88.013,87.773,87.991
2025-11-17T08:00:00Z,87.97,87.998,87.764,87.775,87.994,88.022,87.79,87.802
2025-11-17T09:00:00Z,87.773,87.791,87.711,87.733,87.799,87.816,87.734,87.756
2025-11-17T10:00:00Z,87.733,87.774,87.666,87.673,87.757,87.799,87.69,87.697
2025-11-17T11:00:00Z,87.668,87.758,87.634,87.737,87.692,87.783,87.658,87.762
2025-11-17T12:00:00Z,87.737,87.793,87.713,87.76,87.761,87.818,87.736,87.783
2025-11-17T13:00:00Z,87.76,87.786,87.654,87.715,87.784,87.811,87.678,87.741
2025-11-17T14:00:00Z,87.708,87.837,87.657,87.837,87.733,87.862,87.683,87.862
2025-11-17T15:00:00Z,87.835,88.019,87.81,88.01,87.86,88.042,87.836,88.035
2025-11-17T16:00:00Z,88.007,88.031,87.839,88.031,88.033,88.057,87.864,88.057
2025-11-17T17:00:00Z,88.034,88.069,87.95,87.965,88.06,88.094,87.973,88.0
2025-11-17T18:00:00Z,87.965,87.965,87.785,87.788,88.0,88.0,87.811,87.814
2025-11-17T19:00:00Z,87.783,87.796,87.648,87.703,87.809,87.821,87.674,87.73
2025-11-17T20:00:00Z,87.701,87.794,87.658,87.776,87.728,87.817,87.686,87.803
2025-11-17T21:00:00Z,87.779,87.82,87.738,87.818,87.806,87.893,87.76,87.857
2025-11-17T22:00:00Z,87.759,87.822,87.75,87.785,87.954,87.954,87.842,87.888
2025-11-17T23:00:00Z,87.792,87.882,87.747,87.782,87.887,87.914,87.774,87.809
2025-11-18T00:00:00Z,87.782,87.797,87.671,87.721,87.81,87.823,87.697,87.746
2025-11-18T01:00:00Z,87.725,87.811,87.699,87.794,87.75,87.836,87.726,87.82
2025-11-18T02:00:00Z,87.793,87.832,87.716,87.716,87.818,87.857,87.743,87.743
2025-11-18T03:00:00Z,87.718,87.736,87.632,87.657,87.745,87.76,87.66,87.681
2025-11-18T04:00:00Z,87.656,87.656,87.341,87.6,87.679,87.682,87.366,87.626
2025-11-18T05:00:00Z,87.602,87.731,87.508,87.665,87.628,87.755,87.533,87.689
2025-11-18T06:00:00Z,87.665,87.733,87.561,87.657,87.69,87.76,87.585,87.683
2025-11-18T07:00:00Z,87.657,87.733,87.571,87.695,87.682,87.759,87.595,87.719
2025-11-18T08:00:00Z,87.698,87.969,87.692,87.849,87.722,87.993,87.717,87.874
2025-11-18T09:00:00Z,87.856,87.956,87.826,87.938,87.881,87.98,87.851,87.962
2025-11-18T10:00:00Z,87.935,88.006,87.867,88.003,87.96,88.032,87.892,88.028
2025-11-18T11:00:00Z,87.999,88.088,87.989,88.047,88.024,88.112,88.013,88.074
2025-11-18T12:00:00Z,88.045,88.049,87.889,87.912,88.071,88.075,87.914,87.937
2025-11-18T13:00:00Z,87.914,88.052,87.914,87.962,87.939,88.078,87.939,87.987
2025-11-18T14:00:00Z,87.96,88.061,87.833,87.833,87.986,88.086,87.865,87.868
2025-11-18T15:00:00Z,87.828,87.865,87.648,87.775,87.863,87.889,87.671,87.8
2025-11-18T16:00:00Z,87.774,88.048,87.673,87.961,87.8,88.072,87.698,87.986
2025-11-18T17:00:00Z,87.961,88.163,87.912,88.149,87.985,88.187,87.937,88.179
2025-11-18T18:00:00Z,88.149,88.224,88.107,88.117,88.179,88.25,88.132,88.143
2025-11-18T19:00:00Z,88.12,88.164,88.073,88.092,88.146,88.19,88.098,88.117
2025-11-18T20:00:00Z,88.091,88.114,88.027,88.027,88.117,88.14,88.052,88.052
2025-11-18T21:00:00Z,88.024,88.027,87.93,87.96,88.05,88.052,87.956,88.009
2025-11-18T22:00:00Z,87.956,87.979,87.899,87.975,88.074,88.083,87.982,88.064
2025-11-18T23:00:00Z,88.005,88.053,87.98,87.997,88.068,88.093,88.014,88.023
2025-11-19T00:00:00Z,87.995,88.017,87.731,87.761,88.02,88.043,87.757,87.79
2025-11-19T01:00:00Z,87.763,87.784,87.628,87.66,87.791,87.809,87.655,87.688
2025-11-19T02:00:00Z,87.661,87.74,87.53,87.53,87.688,87.767,87.556,87.556
2025-11-19T03:00:00Z,87.529,87.547,87.435,87.445,87.556,87.572,87.461,87.471
2025-11-19T04:00:00Z,87.447,87.533,87.401,87.449,87.473,87.558,87.427,87.475
2025-11-19T05:00:00Z,87.446,87.551,87.423,87.544,87.472,87.572,87.448,87.569
2025-11-19T06:00:00Z,87.546,87.636,87.512,87.627,87.571,87.662,87.538,87.653
2025-11-19T07:00:00Z,87.634,87.712,87.607,87.675,87.659,87.736,87.632,87.701
2025-11-19T08:00:00Z,87.676,87.693,87.559,87.595,87.703,87.72,87.583,87.62
2025-11-19T09:00:00Z,87.595,87.855,87.561,87.844,87.619,87.879,87.585,87.869
2025-11-19T10:00:00Z,87.844,87.911,87.774,87.902,87.87,87.935,87.796,87.926
2025-11-19T11:00:00Z,87.898,87.925,87.833,87.899,87.922,87.952,87.857,87.924
2025-11-19T12:00:00Z,87.896,87.959,87.887,87.935,87.921,87.983,87.912,87.959
2025-11-19T13:00:00Z,87.934,87.935,87.806,87.869,87.959,87.96,87.833,87.894
2025-11-19T14:00:00Z,87.874,88.076,87.805,88.075,87.899,88.101,87.83,88.099
2025-11-19T15:00:00Z,88.074,88.088,87.71,87.734,88.099,88.112,87.734,87.758
2025-11-19T16:00:00Z,87.73,87.76,87.653,87.738,87.752,87.786,87.677,87.766
2025-11-19T17:00:00Z,87.738,87.781,87.634,87.701,87.765,87.806,87.659,87.735
2025-11-19T18:00:00Z,87.701,87.795,87.672,87.734,87.735,87.823,87.696,87.775
2025-11-19T19:00:00Z,87.73,87.795,87.665,87.794,87.775,87.82,87.689,87.818
2025-11-19T20:00:00Z,87.788,87.892,87.781,87.815,87.815,87.915,87.805,87.837
2025-11-19T21:00:00Z,87.815,88.07,87.797,88.019,87.835,88.097,87.824,88.069
2025-11-19T22:00:00Z,87.993,88.03,87.925,87.992,88.121,88.193,88.035,88.081
2025-11-19T23:00:00Z,87.992,88.18,87.934,88.143,88.085,88.206,88.014,88.168
2025-11-20T00:00:00Z,88.142,88.213,88.003,88.131,88.168,88.239,88.029,88.156
2025-11-20T01:00:00Z,88.13,88.244,88.035,88.21,88.154,88.271,88.064,88.237
2025-11-20T02:00:00Z,88.208,88.23,88.076,88.174,88.237,88.258,88.102,88.199
2025-11-20T03:00:00Z,88.178,88.305,88.157,88.255,88.202,88.331,88.183,88.281
2025-11-20T04:00:00Z,88.258,88.298,88.201,88.272,88.284,88.325,88.225,88.302
2025-11-20T05:00:00Z,88.273,88.385,88.241,88.286,88.3,88.412,88.268,88.313
2025-11-20T06:00:00Z,88.283,88.502,88.276,88.502,88.309,88.527,88.303,88.526
2025-11-20T07:00:00Z,88.498,88.503,88.264,88.275,88.523,88.526,88.288,88.3
2025-11-20T08:00:00Z,88.272,88.287,88.108,88.153,88.297,88.312,88.131,88.176
2025-11-20T09:00:00Z,88.151,88.258,88.145,88.258,88.176,88.284,88.17,88.284
2025-11-20T10:00:00Z,88.263,88.42,88.248,88.402,88.288,88.446,88.274,88.427
2025-11-20T11:00:00Z,88.399,88.44,88.353,88.395,88.424,88.465,88.377,88.42
2025-11-20T12:00:00Z,88.397,88.508,88.394,88.5,88.421,88.532,88.418,88.526
2025-11-20T13:00:00Z,88.502,88.761,88.31,88.639,88.526,88.791,88.447,88.667
2025-11-20T14:00:00Z,88.64,88.843,88.639,88.749,88.667,88.868,88.667,88.787
2025-11-20T15:00:00Z,88.746,88.784,88.517,88.525,88.787,88.814,88.544,88.552
2025-11-20T16:00:00Z,88.525,88.526,88.065,88.086,88.551,88.552,88.089,88.111
2025-11-20T17:00:00Z,88.079,88.225,87.962,88.073,88.104,88.251,87.987,88.111
2025-11-20T18:00:00Z,88.073,88.315,87.981,88.024,88.111,88.343,88.009,88.052
2025-11-20T19:00:00Z,88.022,88.205,87.981,88.202,88.05,88.232,88.008,88.228
2025-11-20T20:00:00Z,88.202,88.234,88.05,88.063,88.229,88.259,88.078,88.092
2025-11-20T21:00:00Z,88.065,88.066,87.859,87.899,88.095,88.097,87.913,87.936
2025-11-20T22:00:00Z,87.946,88.012,87.812,87.976,88.146,88.212,87.908,88.111
2025-11-20T23:00:00Z,87.974,88.032,87.802,87.977,88.092,88.232,87.831,88.006
2025-11-21T00:00:00Z,87.975,88.031,87.934,87.983,88.004,88.058,87.962,88.009
2025-11-21T01:00:00Z,87.987,88.122,87.901,88.107,88.012,88.147,87.928,88.131
2025-11-21T02:00:00Z,88.089,88.121,87.973,87.975,88.115,88.144,87.999,87.999
2025-11-21T03:00:00Z,87.973,88.054,87.97,87.98,87.999,88.077,87.996,88.006
2025-11-21T04:00:00Z,87.975,87.983,87.864,87.983,88.001,88.009,87.889,88.009
2025-11-21T05:00:00Z,87.983,88.078,87.941,87.978,88.008,88.105,87.968,88.003
2025-11-21T06:00:00Z,87.982,88.069,87.944,88.031,88.008,88.096,87.971,88.056
2025-11-21T07:00:00Z,88.032,88.048,87.646,87.717,88.058,88.073,87.67,87.741
2025-11-21T08:00:00Z,87.722,87.973,87.601,87.934,87.744,87.998,87.627,87.959
2025-11-21T09:00:00Z,87.937,87.943,87.682,87.692,87.963,87.968,87.708,87.718
2025-11-21T10:00:00Z,87.688,87.74,87.486,87.711,87.713,87.766,87.505,87.736
2025-11-21T11:00:00Z,87.717,87.818,87.628,87.673,87.741,87.842,87.652,87.697
2025-11-21T12:00:00Z,87.673,87.871,87.567,87.794,87.695,87.901,87.592,87.821
2025-11-21T13:00:00Z,87.797,87.924,87.771,87.892,87.824,87.95,87.797,87.917
2025-11-21T14:00:00Z,87.896,87.899,87.636,87.66,87.921,87.924,87.663,87.698
2025-11-21T15:00:00Z,87.641,87.713,87.29,87.558,87.705,87.743,87.317,87.585
2025-11-21T16:00:00Z,87.561,87.799,87.468,87.797,87.586,87.825,87.495,87.823
2025-11-21T17:00:00Z,87.797,87.899,87.761,87.787,87.824,87.927,87.789,87.814
2025-11-21T18:00:00Z,87.788,87.885,87.654,87.79,87.816,87.911,87.683,87.817
2025-11-21T19:00:00Z,87.793,87.825,87.701,87.728,87.819,87.853,87.728,87.753
2025-11-21T20:00:00Z,87.726,87.8,87.701,87.763,87.754,87.828,87.728,87.798
2025-11-21T21:00:00Z,87.763,87.848,87.673,87.711,87.797,87.887,87.758,87.88
2025-11-23T22:00:00Z,87.678,87.799,87.662,87.715,87.878,87.971,87.813,87.826
2025-11-23T23:00:00Z,87.723,87.936,87.723,87.923,87.826,87.967,87.824,87.949
2025-11-24T00:00:00Z,87.922,87.924,87.843,87.865,87.95,87.955,87.874,87.89
2025-11-24T01:00:00Z,87.867,87.886,87.795,87.858,87.892,87.913,87.824,87.884
2025-11-24T02:00:00Z,87.856,87.971,87.836,87.884,87.883,87.996,87.862,87.91
2025-11-24T03:00:00Z,87.884,87.89,87.802,87.812,87.908,87.916,87.827,87.836
2025-11-24T04:00:00Z,87.809,87.873,87.729,87.746,87.836,87.898,87.754,87.771
2025-11-24T05:00:00Z,87.746,87.796,87.725,87.758,87.769,87.821,87.75,87.783
2025-11-24T06:00:00Z,87.76,87.847,87.75,87.771,87.786,87.873,87.778,87.797
2025-11-24T07:00:00Z,87.768,87.917,87.743,87.883,87.793,87.942,87.765,87.909
2025-11-24T08:00:00Z,87.881,88.016,87.829,87.993,87.906,88.04,87.853,88.017
2025-11-24T09:00:00Z,87.99,87.996,87.681,87.758,88.015,88.02,87.708,87.783
2025-11-24T10:00:00Z,87.755,87.871,87.73,87.85,87.78,87.895,87.754,87.876
2025-11-24T11:00:00Z,87.851,87.998,87.832,87.983,87.876,88.021,87.857,88.007
2025-11-24T12:00:00Z,87.983,88.023,87.913,88.009,88.006,88.047,87.937,88.034
2025-11-24T13:00:00Z,88.013,88.093,87.961,87.986,88.038,88.118,87.985,88.012
2025-11-24T14:00:00Z,87.986,88.099,87.871,87.984,88.013,88.125,87.897,88.009
2025-11-24T15:00:00Z,87.986,88.052,87.898,87.943,88.011,88.077,87.922,87.967
2025-11-24T16:00:00Z,87.946,88.032,87.942,87.976,87.971,88.056,87.966,88.0
2025-11-24T17:00:00Z,87.982,88.006,87.918,87.976,88.006,88.031,87.94,88.013
2025-11-24T18:00:00Z,87.976,88.01,87.953,87.975,88.013,88.036,87.98,88.0
2025-11-24T19:00:00Z,87.974,87.996,87.893,87.906,88.002,88.023,87.918,87.934
2025-11-24T20:00:00Z,87.909,87.992,87.909,87.981,87.937,88.019,87.937,88.004
2025-11-24T21:00:00Z,87.978,88.027,87.967,88.016,88.001,88.069,87.994,88.056
2025-11-24T22:00:00Z,87.944,88.012,87.926,87.993,88.089,88.117,87.999,88.054
2025-11-24T23:00:00Z,88.002,88.091,87.986,88.045,88.063,88.119,88.042,88.072
2025-11-25T00:00:00Z,88.042,88.042,87.898,87.906,88.068,88.068,87.924,87.932
2025-11-25T01:00:00Z,87.903,88.027,87.878,87.934,87.93,88.052,87.904,87.959
2025-11-25T02:00:00Z,87.934,87.956,87.861,87.943,87.958,87.982,87.889,87.969
2025-11-25T03:00:00Z,87.94,87.946,87.731,87.839,87.968,87.971,87.757,87.865
2025-11-25T04:00:00Z,87.842,87.854,87.762,87.805,87.868,87.882,87.788,87.831
2025-11-25T05:00:00Z,87.803,87.88,87.754,87.823,87.828,87.905,87.778,87.848
2025-11-25T06:00:00Z,87.826,87.851,87.635,87.666,87.851,87.876,87.661,87.691
2025-11-25T07:00:00Z,87.668,87.718,87.618,87.668,87.69,87.744,87.642,87.693
2025-11-25T08:00:00Z,87.664,87.711,87.534,87.572,87.689,87.734,87.557,87.596
2025-11-25T09:00:00Z,87.571,87.636,87.493,87.629,87.596,87.66,87.518,87.654
2025-11-25T10:00:00Z,87.632,87.673,87.535,87.633,87.656,87.698,87.561,87.657
2025-11-25T11:00:00Z,87.631,87.64,87.485,87.514,87.653,87.664,87.511,87.538
2025-11-25T12:00:00Z,87.517,87.659,87.461,87.515,87.54,87.683,87.488,87.537
2025-11-25T13:00:00Z,87.515,87.623,87.488,87.542,87.536,87.709,87.52,87.572
2025-11-25T14:00:00Z,87.537,87.548,87.224,87.475,87.57,87.573,87.248,87.521
2025-11-25T15:00:00Z,87.474,87.566,87.332,87.554,87.519,87.591,87.353,87.579
2025-11-25T16:00:00Z,87.555,87.646,87.512,87.646,87.581,87.671,87.537,87.67
2025-11-25T17:00:00Z,87.643,87.733,87.584,87.69,87.667,87.757,87.608,87.724
2025-11-25T18:00:00Z,87.69,87.69,87.635,87.654,87.724,87.724,87.66,87.679
2025-11-25T19:00:00Z,87.65,87.674,87.589,87.643,87.675,87.698,87.614,87.669
2025-11-25T20:00:00Z,87.637,87.731,87.637,87.686,87.663,87.756,87.663,87.711
2025-11-25T21:00:00Z,87.685,87.759,87.675,87.685,87.711,87.783,87.7,87.739
2025-11-25T22:00:00Z,87.562,87.705,87.556,87.663,87.73,87.815,87.676,87.742
2025-11-25T23:00:00Z,87.665,87.85,87.662,87.848,87.742,87.877,87.733,87.875
2025-11-26T00:00:00Z,87.838,87.949,87.804,87.912,87.865,87.976,87.829,87.956
2025-11-26T01:00:00Z,87.909,88.698,87.893,88.384,87.956,88.729,87.936,88.414
2025-11-26T02:00:00Z,88.376,88.658,88.348,88.626,88.406,88.688,88.377,88.656
2025-11-26T03:00:00Z,88.626,88.752,88.604,88.698,88.655,88.781,88.63,88.725
2025-11-26T04:00:00Z,88.694,88.831,88.659,88.765,88.719,88.856,88.685,88.794
2025-11-26T05:00:00Z,88.768,88.863,88.749,88.832,88.795,88.889,88.777,88.857
2025-11-26T06:00:00Z,88.835,88.875,88.747,88.771,88.861,88.903,88.773,88.798
2025-11-26T07:00:00Z,88.769,88.837,88.727,88.782,88.794,88.861,88.75,88.808
2025-11-26T08:00:00Z,88.782,88.838,88.62,88.822,88.807,88.863,88.646,88.847
2025-11-26T09:00:00Z,88.822,88.845,88.735,88.799,88.848,88.871,88.761,88.818
2025-11-26T10:00:00Z,88.799,88.8,88.677,88.698,88.82,88.823,88.699,88.723
2025-11-26T11:00:00Z,88.701,88.773,88.671,88.717,88.726,88.798,88.697,88.741
2025-11-26T12:00:00Z,88.717,88.775,88.626,88.733,88.743,88.801,88.651,88.758
2025-11-26T13:00:00Z,88.733,88.862,88.697,88.83,88.756,88.904,88.722,88.852
2025-11-26T14:00:00Z,88.83,88.919,88.756,88.895,88.854,88.945,88.78,88.928
2025-11-26T15:00:00Z,88.898,89.09,88.85,88.978,88.929,89.116,88.876,89.003
2025-11-26T16:00:00Z,88.978,89.04,88.944,89.014,89.004,89.064,88.97,89.036
2025-11-26T17:00:00Z,89.011,89.044,88.98,89.036,89.036,89.068,89.006,89.068
2025-11-26T18:00:00Z,89.036,89.091,88.951,89.077,89.068,89.119,88.979,89.105
2025-11-26T19:00:00Z,89.075,89.102,89.043,89.059,89.103,89.129,89.071,89.087
2025-11-26T20:00:00Z,89.064,89.073,89.018,89.035,89.092,89.1,89.047,89.063
2025-11-26T21:00:00Z,89.032,89.161,89.027,89.123,89.06,89.221,89.06,89.178
2025-11-26T22:00:00Z,89.128,89.194,89.003,89.085,89.283,89.295,89.177,89.203
2025-11-26T23:00:00Z,89.086,89.155,89.061,89.103,89.203,89.206,89.092,89.129
2025-11-27T00:00:00Z,89.099,89.155,89.007,89.097,89.125,89.184,89.034,89.126
2025-11-27T01:00:00Z,89.1,89.267,88.977,89.264,89.128,89.293,89.003,89.29
2025-11-27T02:00:00Z,89.262,89.474,89.222,89.375,89.287,89.499,89.248,89.401
2025-11-27T03:00:00Z,89.372,89.403,89.285,89.384,89.399,89.428,89.311,89.41
2025-11-27T04:00:00Z,89.387,89.407,89.307,89.33,89.413,89.433,89.333,89.355
2025-11-27T05:00:00Z,89.335,89.352,89.248,89.289,89.36,89.378,89.275,89.316
2025-11-27T06:00:00Z,89.288,89.316,89.218,89.289,89.317,89.343,89.245,89.315
2025-11-27T07:00:00Z,89.293,89.401,89.281,89.353,89.318,89.427,89.306,89.379
2025-11-27T08:00:00Z,89.348,89.385,89.283,89.341,89.374,89.411,89.309,89.367
2025-11-27T09:00:00Z,89.337,89.395,89.286,89.353,89.362,89.421,89.311,89.378
2025-11-27T10:00:00Z,89.353,89.356,89.216,89.229,89.377,89.381,89.242,89.254
2025-11-27T11:00:00Z,89.225,89.341,89.21,89.331,89.251,89.367,89.236,89.357
2025-11-27T12:00:00Z,89.328,89.367,89.307,89.322,89.353,89.392,89.333,89.348
2025-11-27T13:00:00Z,89.325,89.367,89.29,89.349,89.35,89.392,89.316,89.374
2025-11-27T14:00:00Z,89.352,89.426,89.328,89.406,89.378,89.451,89.354,89.432
2025-11-27T15:00:00Z,89.409,89.544,89.395,89.502,89.435,89.569,89.421,89.528
2025-11-27T16:00:00Z,89.5,89.531,89.44,89.465,89.525,89.555,89.467,89.49
2025-11-27T17:00:00Z,89.467,89.48,89.434,89.46,89.492,89.506,89.456,89.498
2025-11-27T18:00:00Z,89.46,89.468,89.442,89.452,89.498,89.498,89.47,89.479
2025-11-27T19:00:00Z,89.448,89.465,89.42,89.431,89.476,89.494,89.448,89.459
2025-11-27T20:00:00Z,89.434,89.434,89.388,89.414,89.461,89.461,89.417,89.442
2025-11-27T21:00:00Z,89.412,89.522,89.412,89.52,89.441,89.571,89.441,89.571
2025-11-27T22:00:00Z,89.388,89.489,89.337,89.394,89.588,89.632,89.488,89.512
2025-11-27T23:00:00Z,89.377,89.542,89.368,89.53,89.512,89.579,89.463,89.558
2025-11-28T00:00:00Z,89.525,89.619,89.469,89.571,89.555,89.647,89.496,89.597
2025-11-28T01:00:00Z,89.568,89.592,89.488,89.493,89.595,89.619,89.514,89.52
2025-11-28T02:00:00Z,89.497,89.508,89.339,89.422,89.523,89.534,89.369,89.469
2025-11-28T03:00:00Z,89.421,89.462,89.291,89.384,89.467,89.531,89.366,89.415
2025-11-28T04:00:00Z,89.384,89.389,89.267,89.311,89.417,89.456,89.323,89.345
2025-11-28T05:00:00Z,89.312,89.42,89.302,89.384,89.347,89.492,89.339,89.427
2025-11-28T06:00:00Z,89.385,89.447,89.289,89.332,89.442,89.519,89.359,89.386
2025-11-28T07:00:00Z,89.334,89.388,89.22,89.245,89.386,89.444,89.268,89.275
2025-11-28T08:00:00Z,89.241,89.326,89.202,89.248,89.272,89.383,89.248,89.281
2025-11-28T09:00:00Z,89.249,89.286,89.17,89.228,89.283,89.351,89.238,89.268
2025-11-28T10:00:00Z,89.223,89.289,89.117,89.151,89.267,89.342,89.169,89.196
2025-11-28T11:00:00Z,89.15,89.165,89.082,89.124,89.197,89.211,89.11,89.154
2025-11-28T12:00:00Z,89.121,89.169,89.069,89.114,89.154,89.201,89.11,89.146
2025-11-28T13:00:00Z,89.118,89.276,89.111,89.237,89.149,89.307,89.146,89.264
2025-11-28T14:00:00Z,89.239,89.459,89.215,89.393,89.267,89.492,89.247,89.419
2025-11-28T15:00:00Z,89.393,89.612,89.392,89.555,89.422,89.641,89.42,89.58
2025-11-28T16:00:00Z,89.552,89.606,89.511,89.563,89.577,89.636,89.536,89.588
2025-11-28T17:00:00Z,89.566,89.632,89.493,89.627,89.591,89.659,89.519,89.652
2025-11-28T18:00:00Z,89.627,89.646,89.525,89.538,89.654,89.673,89.552,89.566
2025-11-28T19:00:00Z,89.538,89.562,89.521,89.55,89.563,89.587,89.547,89.575
2025-11-28T20:00:00Z,89.55,89.595,89.524,89.593,89.573,89.636,89.548,89.622
2025-11-28T21:00:00Z,89.589,89.61,89.466,89.521,89.617,89.674,89.552,89.639
2025-11-30T22:00:00Z,89.35,89.438,89.344,89.364,89.465,89.594,89.429,89.482
2025-11-30T23:00:00Z,89.351,89.579,89.346,89.417,89.469,89.606,89.415,89.446
2025-12-01T00:00:00Z,89.416,89.421,89.213,89.299,89.446,89.449,89.238,89.324
2025-12-01T01:00:00Z,89.299,89.412,89.189,89.303,89.325,89.435,89.215,89.329
2025-12-01T02:00:00Z,89.302,89.308,89.041,89.103,89.327,89.333,89.067,89.13
2025-12-01T03:00:00Z,89.1,89.165,89.029,89.164,89.126,89.19,89.052,89.19
2025-12-01T04:00:00Z,89.166,89.204,89.089,89.139,89.192,89.231,89.114,89.169
2025-12-01T05:00:00Z,89.14,89.147,89.011,89.129,89.169,89.174,89.036,89.154
2025-12-01T06:00:00Z,89.132,89.183,89.123,89.131,89.157,89.208,89.15,89.156
2025-12-01T07:00:00Z,89.135,89.167,89.067,89.111,89.159,89.193,89.092,89.134
2025-12-01T08:00:00Z,89.11,89.197,89.05,89.152,89.134,89.223,89.074,89.179
2025-12-01T09:00:00Z,89.15,89.18,89.075,89.09,89.176,89.205,89.1,89.114
2025-12-01T10:00:00Z,89.093,89.097,88.914,88.989,89.117,89.122,88.937,89.014
2025-12-01T11:00:00Z,88.986,89.05,88.941,88.974,89.01,89.073,88.966,88.999
2025-12-01T12:00:00Z,88.972,89.003,88.889,88.963,88.996,89.028,88.913,88.988
2025-12-01T13:00:00Z,88.964,89.007,88.879,88.942,88.988,89.032,88.903,88.964
2025-12-01T14:00:00Z,88.939,88.99,88.868,88.962,88.964,89.015,88.892,89.009
2025-12-01T15:00:00Z,88.938,89.103,88.864,89.041,89.003,89.128,88.945,89.066
2025-12-01T16:00:00Z,89.042,89.11,88.972,89.052,89.065,89.136,89.0,89.077
2025-12-01T17:00:00Z,89.052,89.145,89.04,89.112,89.076,89.171,89.064,89.145
2025-12-01T18:00:00Z,89.112,89.131,89.062,89.1,89.145,89.155,89.086,89.124
2025-12-01T19:00:00Z,89.1,89.1,88.987,89.015,89.125,89.125,89.012,89.042
2025-12-01T20:00:00Z,89.014,89.034,88.986,89.018,89.042,89.059,89.011,89.046
2025-12-01T21:00:00Z,89.013,89.061,88.988,89.046,89.042,89.119,89.014,89.098
2025-12-01T22:00:00Z,88.926,88.977,88.926,88.97,89.091,89.096,89.038,89.063
2025-12-01T23:00:00Z,88.972,89.077,88.972,89.051,89.066,89.103,89.048,89.076
2025-12-02T00:00:00Z,89.051,89.084,89.008,89.058,89.077,89.109,89.033,89.085
2025-12-02T01:00:00Z,89.066,89.115,89.042,89.112,89.093,89.14,89.067,89.137
2025-12-02T02:00:00Z,89.108,89.153,89.067,89.127,89.134,89.18,89.091,89.153
2025-12-02T03:00:00Z,89.13,89.16,89.028,89.103,89.155,89.185,89.054,89.128
2025-12-02T04:00:00Z,89.105,89.128,89.067,89.088,89.13,89.153,89.094,89.113
2025-12-02T05:00:00Z,89.086,89.183,89.078,89.154,89.11,89.209,89.103,89.179
2025-12-02T06:00:00Z,89.157,89.224,89.142,89.207,89.183,89.25,89.168,89.232
2025-12-02T07:00:00Z,89.207,89.3,89.202,89.249,89.231,89.327,89.226,89.275
2025-12-02T08:00:00Z,89.25,89.349,89.231,89.3,89.275,89.372,89.255,89.323
2025-12-02T09:00:00Z,89.296,89.314,89.159,89.161,89.32,89.338,89.187,89.189
2025-12-02T10:00:00Z,89.162,89.176,89.103,89.133,89.189,89.2,89.13,89.159
2025-12-02T11:00:00Z,89.134,89.192,89.102,89.111,89.159,89.218,89.126,89.135
2025-12-02T12:00:00Z,89.109,89.284,89.108,89.278,89.133,89.309,89.133,89.302
2025-12-02T13:00:00Z,89.279,89.381,89.278,89.38,89.304,89.408,89.302,89.405
2025-12-02T14:00:00Z,89.381,89.499,89.361,89.401,89.408,89.524,89.385,89.426
2025-12-02T15:00:00Z,89.403,89.552,89.334,89.462,89.428,89.578,89.359,89.486
2025-12-02T16:00:00Z,89.461,89.473,89.223,89.257,89.487,89.497,89.249,89.282
2025-12-02T17:00:00Z,89.253,89.407,89.253,89.324,89.278,89.433,89.276,89.36
2025-12-02T18:00:00Z,89.324,89.348,89.277,89.33,89.36,89.374,89.302,89.357
2025-12-02T19:00:00Z,89.333,89.387,89.315,89.374,89.359,89.412,89.343,89.401
2025-12-02T20:00:00Z,89.377,89.403,89.341,89.355,89.403,89.428,89.365,89.379
2025-12-02T21:00:00Z,89.354,89.431,89.351,89.404,89.379,89.478,89.376,89.46
2025-12-02T22:00:00Z,89.308,89.405,89.306,89.357,89.508,89.51,89.439,89.475
2025-12-02T23:00:00Z,89.352,89.452,89.352,89.41,89.47,89.502,89.412,89.436
2025-12-03T00:00:00Z,89.418,89.452,89.279,89.39,89.444,89.478,89.308,89.413
2025-12-03T01:00:00Z,89.388,89.443,89.295,89.432,89.413,89.47,89.323,89.457
2025-12-03T02:00:00Z,89.436,89.576,89.43,89.535,89.461,89.606,89.455,89.562
2025-12-03T03:00:00Z,89.531,89.555,89.463,89.472,89.558,89.581,89.49,89.498
2025-12-03T04:00:00Z,89.472,89.561,89.458,89.538,89.497,89.586,89.484,89.563
2025-12-03T05:00:00Z,89.541,89.587,89.517,89.579,89.567,89.612,89.543,89.604
2025-12-03T06:00:00Z,89.574,89.574,89.416,89.481,89.599,89.599,89.441,89.507
2025-12-03T07:00:00Z,89.485,89.52,89.389,89.428,89.51,89.544,89.413,89.452
2025-12-03T08:00:00Z,89.428,89.47,89.372,89.409,89.451,89.494,89.398,89.435
2025-12-03T09:00:00Z,89.402,89.415,89.309,89.344,89.429,89.439,89.334,89.369
2025-12-03T10:00:00Z,89.348,89.425,89.341,89.392,89.372,89.45,89.365,89.417
2025-12-03T11:00:00Z,89.392,89.409,89.328,89.362,89.416,89.435,89.353,89.386
2025-12-03T12:00:00Z,89.359,89.375,89.279,89.285,89.384,89.401,89.306,89.311
2025-12-03T13:00:00Z,89.284,89.394,89.255,89.35,89.309,89.428,89.281,89.376
2025-12-03T14:00:00Z,89.352,89.364,89.049,89.263,89.378,89.389,89.074,89.323
2025-12-03T15:00:00Z,89.243,89.549,89.205,89.438,89.355,89.576,89.292,89.459
2025-12-03T16:00:00Z,89.436,89.5,89.378,89.483,89.459,89.522,89.402,89.506
2025-12-03T17:00:00Z,89.481,89.556,89.455,89.514,89.506,89.581,89.479,89.548
2025-12-03T18:00:00Z,89.514,89.543,89.485,89.51,89.548,89.568,89.511,89.538
2025-12-03T19:00:00Z,89.51,89.584,89.502,89.584,89.535,89.61,89.531,89.61
2025-12-03T20:00:00Z,89.581,89.603,89.55,89.597,89.607,89.628,89.576,89.623
2025-12-03T21:00:00Z,89.601,89.669,89.574,89.575,89.627,89.696,89.626,89.648
2025-12-03T22:00:00Z,89.55,89.576,89.476,89.545,89.668,89.693,89.614,89.664
2025-12-03T23:00:00Z,89.534,89.613,89.509,89.537,89.652,89.677,89.534,89.562
2025-12-04T00:00:00Z,89.53,89.623,89.46,89.564,89.555,89.65,89.486,89.59
2025-12-04T01:00:00Z,89.566,89.66,89.536,89.542,89.592,89.689,89.562,89.569
2025-12-04T02:00:00Z,89.539,89.668,89.537,89.645,89.566,89.694,89.564,89.671
2025-12-04T03:00:00Z,89.654,89.661,89.567,89.608,89.68,89.686,89.594,89.636
2025-12-04T04:00:00Z,89.607,89.719,89.591,89.714,89.633,89.744,89.615,89.739
2025-12-04T05:00:00Z,89.71,89.742,89.548,89.574,89.735,89.766,89.574,89.6
2025-12-04T06:00:00Z,89.575,89.623,89.562,89.587,89.602,89.65,89.59,89.613
2025-12-04T07:00:00Z,89.584,89.64,89.544,89.616,89.609,89.664,89.569,89.64
2025-12-04T08:00:00Z,89.613,89.622,89.397,89.466,89.638,89.647,89.423,89.49
2025-12-04T09:00:00Z,89.469,89.492,89.366,89.369,89.493,89.516,89.389,89.391
2025-12-04T10:00:00Z,89.367,89.407,89.247,89.253,89.388,89.432,89.272,89.278
2025-12-04T11:00:00Z,89.255,89.255,89.12,89.166,89.279,89.279,89.146,89.19
2025-12-04T12:00:00Z,89.158,89.22,89.141,89.179,89.182,89.246,89.166,89.206
2025-12-04T13:00:00Z,89.179,89.297,89.176,89.229,89.208,89.409,89.201,89.256
2025-12-04T14:00:00Z,89.231,89.349,89.213,89.269,89.256,89.373,89.239,89.301
2025-12-04T15:00:00Z,89.27,89.357,89.218,89.29,89.303,89.385,89.246,89.314
2025-12-04T16:00:00Z,89.284,89.438,89.253,89.422,89.311,89.464,89.279,89.45
2025-12-04T17:00:00Z,89.422,89.449,89.379,89.426,89.449,89.477,89.406,89.459
2025-12-04T18:00:00Z,89.426,89.452,89.392,89.424,89.459,89.479,89.419,89.451
2025-12-04T19:00:00Z,89.423,89.428,89.325,89.404,89.447,89.453,89.349,89.43
2025-12-04T20:00:00Z,89.407,89.427,89.364,89.421,89.433,89.452,89.392,89.448
2025-12-04T21:00:00Z,89.42,89.421,89.324,89.348,89.445,89.445,89.374,89.394
2025-12-04T22:00:00Z,89.313,89.362,89.252,89.305,89.462,89.495,89.339,89.423
2025-12-04T23:00:00Z,89.314,89.396,89.293,89.326,89.432,89.442,89.34,89.355
2025-12-05T00:00:00Z,89.325,89.411,89.298,89.308,89.353,89.439,89.326,89.333
2025-12-05T01:00:00Z,89.311,89.451,89.311,89.404,89.338,89.478,89.338,89.434
2025-12-05T02:00:00Z,89.409,89.439,89.376,89.388,89.438,89.467,89.398,89.417
2025-12-05T03:00:00Z,89.388,89.418,89.359,89.403,89.414,89.444,89.386,89.426
2025-12-05T04:00:00Z,89.402,89.467,89.298,89.353,89.426,89.495,89.327,89.378
2025-12-05T05:00:00Z,89.352,89.358,89.184,89.192,89.375,89.384,89.211,89.218
2025-12-05T06:00:00Z,89.192,89.284,89.171,89.25,89.217,89.313,89.198,89.276
2025-12-05T07:00:00Z,89.248,89.325,89.184,89.269,89.275,89.352,89.209,89.297
2025-12-05T08:00:00Z,89.276,89.444,89.248,89.377,89.3,89.469,89.276,89.403
2025-12-05T09:00:00Z,89.379,89.464,89.348,89.447,89.404,89.489,89.373,89.474
2025-12-05T10:00:00Z,89.449,89.62,89.405,89.6,89.475,89.646,89.431,89.627
2025-12-05T11:00:00Z,89.601,89.618,89.491,89.524,89.627,89.644,89.518,89.55
2025-12-05T12:00:00Z,89.527,89.673,89.521,89.668,89.553,89.699,89.547,89.694
2025-12-05T13:00:00Z,89.671,89.743,89.651,89.695,89.697,89.768,89.676,89.72
2025-12-05T14:00:00Z,89.695,89.764,89.656,89.75,89.721,89.812,89.682,89.812
2025-12-05T15:00:00Z,89.749,89.779,89.669,89.74,89.835,89.844,89.695,89.765
2025-12-05T16:00:00Z,89.741,89.742,89.524,89.608,89.765,89.766,89.55,89.633
2025-12-05T17:00:00Z,89.603,89.69,89.574,89.678,89.628,89.714,89.6,89.702
2025-12-05T18:00:00Z,89.68,89.696,89.636,89.663,89.706,89.722,89.662,89.689
2025-12-05T19:00:00Z,89.662,89.702,89.63,89.698,89.687,89.727,89.658,89.724
2025-12-05T20:00:00Z,89.695,89.701,89.633,89.673,89.721,89.728,89.656,89.698
2025-12-05T21:00:00Z,89.672,89.718,89.64,89.679,89.698,89.813,89.667,89.786
2025-12-07T22:00:00Z,89.601,89.658,89.435,89.581,89.801,89.825,89.632,89.781
2025-12-07T23:00:00Z,89.571,89.736,89.546,89.676,89.696,89.762,89.611,89.703
2025-12-08T00:00:00Z,89.68,89.749,89.639,89.69,89.707,89.777,89.666,89.717
2025-12-08T01:00:00Z,89.69,89.748,89.639,89.665,89.715,89.775,89.664,89.692
2025-12-08T02:00:00Z,89.664,89.738,89.66,89.732,89.692,89.765,89.686,89.754
2025-12-08T03:00:00Z,89.729,89.754,89.689,89.706,89.754,89.781,89.718,89.73
2025-12-08T04:00:00Z,89.708,89.754,89.681,89.699,89.73,89.781,89.71,89.725
2025-12-08T05:00:00Z,89.697,89.806,89.694,89.781,89.725,89.831,89.722,89.808
2025-12-08T06:00:00Z,89.786,89.831,89.716,89.78,89.809,89.858,89.743,89.8
2025-12-08T07:00:00Z,89.785,89.805,89.678,89.746,89.81,89.831,89.703,89.771
2025-12-08T08:00:00Z,89.748,89.876,89.726,89.854,89.773,89.901,89.751,89.88
2025-12-08T09:00:00Z,89.855,89.965,89.832,89.919,89.88,89.991,89.855,89.944
2025-12-08T10:00:00Z,89.914,89.938,89.886,89.92,89.94,89.963,89.911,89.946
2025-12-08T11:00:00Z,89.915,89.919,89.838,89.87,89.94,89.945,89.865,89.897
2025-12-08T12:00:00Z,89.868,90.0,89.853,89.994,89.895,90.027,89.875,90.02
2025-12-08T13:00:00Z,89.997,90.06,89.982,89.996,90.024,90.086,90.008,90.021
2025-12-08T14:00:00Z,89.996,90.056,89.921,89.962,90.019,90.082,89.946,89.99
2025-12-08T15:00:00Z,89.96,89.967,89.77,89.782,89.988,89.993,89.795,89.807
2025-12-08T16:00:00Z,89.779,89.938,89.759,89.933,89.804,89.964,89.785,89.959
2025-12-08T17:00:00Z,89.931,89.99,89.886,89.976,89.956,90.022,89.912,90.01
2025-12-08T18:00:00Z,89.976,90.003,89.852,89.882,90.01,90.028,89.878,89.907
2025-12-08T19:00:00Z,89.88,90.016,89.865,90.005,89.906,90.042,89.89,90.031
2025-12-08T20:00:00Z,90.001,90.059,89.981,90.059,90.028,90.084,90.007,90.084
2025-12-08T21:00:00Z,90.063,90.07,90.0,90.028,90.088,90.096,90.038,90.066
2025-12-08T22:00:00Z,89.945,89.982,89.916,89.95,90.145,90.169,90.025,90.054
2025-12-08T23:00:00Z,89.947,90.065,89.943,90.002,90.041,90.096,90.002,90.029
2025-12-09T00:00:00Z,90.004,90.055,89.947,90.04,90.031,90.083,89.976,90.067
2025-12-09T01:00:00Z,90.036,90.048,89.937,89.962,90.063,90.075,89.963,89.989
2025-12-09T02:00:00Z,89.965,90.103,89.954,90.078,89.989,90.127,89.978,90.106
2025-12-09T03:00:00Z,90.078,90.197,90.008,90.146,90.102,90.24,90.037,90.174
2025-12-09T04:00:00Z,90.147,90.293,90.105,90.274,90.174,90.319,90.133,90.299
2025-12-09T05:00:00Z,90.275,90.315,90.211,90.28,90.302,90.341,90.239,90.31
2025-12-09T06:00:00Z,90.284,90.296,90.149,90.206,90.313,90.323,90.176,90.234
2025-12-09T07:00:00Z,90.209,90.313,90.175,90.281,90.235,90.337,90.2,90.306
2025-12-09T08:00:00Z,90.283,90.424,90.274,90.37,90.308,90.45,90.3,90.395
2025-12-09T09:00:00Z,90.369,90.432,90.34,90.411,90.395,90.46,90.365,90.436
2025-12-09T10:00:00Z,90.411,90.434,90.301,90.319,90.435,90.457,90.327,90.344
2025-12-09T11:00:00Z,90.32,90.422,90.297,90.396,90.346,90.448,90.322,90.421
2025-12-09T12:00:00Z,90.397,90.462,90.36,90.445,90.421,90.486,90.386,90.47
2025-12-09T13:00:00Z,90.445,90.515,90.416,90.438,90.469,90.54,90.442,90.464
2025-12-09T14:00:00Z,90.438,90.532,90.418,90.508,90.465,90.563,90.443,90.554
2025-12-09T15:00:00Z,90.504,90.795,90.465,90.724,90.558,90.82,90.527,90.749
2025-12-09T16:00:00Z,90.721,90.884,90.705,90.837,90.749,90.91,90.727,90.862
2025-12-09T17:00:00Z,90.837,90.845,90.657,90.671,90.863,90.87,90.682,90.704
2025-12-09T18:00:00Z,90.671,90.671,90.596,90.648,90.704,90.704,90.623,90.673
2025-12-09T19:00:00Z,90.654,90.688,90.615,90.629,90.679,90.713,90.642,90.655
2025-12-09T20:00:00Z,90.634,90.696,90.623,90.682,90.66,90.724,90.648,90.709
2025-12-09T21:00:00Z,90.684,90.7,90.645,90.67,90.71,90.759,90.672,90.721
2025-12-09T22:00:00Z,90.526,90.66,90.497,90.592,90.726,90.749,90.631,90.697
2025-12-09T23:00:00Z,90.592,90.669,90.58,90.61,90.684,90.728,90.628,90.636
2025-12-10T00:00:00Z,90.605,90.674,90.499,90.499,90.632,90.701,90.525,90.525
2025-12-10T01:00:00Z,90.504,90.517,90.353,90.36,90.531,90.544,90.38,90.387
2025-12-10T02:00:00Z,90.358,90.393,90.292,90.317,90.385,90.42,90.319,90.343
2025-12-10T03:00:00Z,90.32,90.353,90.224,90.312,90.347,90.381,90.249,90.338
2025-12-10T04:00:00Z,90.31,90.417,90.31,90.416,90.337,90.443,90.337,90.443
2025-12-10T05:00:00Z,90.418,90.506,90.367,90.503,90.444,90.532,90.394,90.53
2025-12-10T06:00:00Z,90.504,90.589,90.498,90.566,90.53,90.616,90.524,90.593
2025-12-10T07:00:00Z,90.57,90.627,90.555,90.573,90.596,90.654,90.581,90.598
2025-12-10T08:00:00Z,90.575,90.675,90.53,90.65,90.601,90.7,90.555,90.676
2025-12-10T09:00:00Z,90.655,90.759,90.617,90.731,90.68,90.784,90.643,90.756
2025-12-10T10:00:00Z,90.734,90.767,90.628,90.665,90.759,90.791,90.656,90.691
2025-12-10T11:00:00Z,90.664,90.684,90.593,90.653,90.691,90.71,90.617,90.678
2025-12-10T12:00:00Z,90.65,90.689,90.619,90.634,90.675,90.716,90.644,90.659
2025-12-10T13:00:00Z,90.63,90.634,90.468,90.509,90.656,90.659,90.492,90.534
2025-12-10T14:00:00Z,90.505,90.539,90.415,90.483,90.531,90.564,90.441,90.509
2025-12-10T15:00:00Z,90.479,90.506,90.353,90.419,90.504,90.53,90.378,90.442
2025-12-10T16:00:00Z,90.419,90.473,90.363,90.452,90.443,90.499,90.387,90.477
2025-12-10T17:00:00Z,90.449,90.484,90.418,90.451,90.474,90.51,90.442,90.482
2025-12-10T18:00:00Z,90.451,90.49,90.391,90.391,90.482,90.516,90.434,90.464
2025-12-10T19:00:00Z,90.389,90.697,90.322,90.667,90.464,90.736,90.458,90.701
2025-12-10T20:00:00Z,90.667,90.748,90.616,90.658,90.699,90.774,90.645,90.684
2025-12-10T21:00:00Z,90.655,90.748,90.634,90.692,90.682,90.812,90.659,90.75
2025-12-10T22:00:00Z,90.629,90.672,90.591,90.671,90.749,90.772,90.684,90.74
2025-12-10T23:00:00Z,90.678,90.696,90.461,90.573,90.742,90.75,90.49,90.601
2025-12-11T00:00:00Z,90.576,90.614,90.438,90.56,90.604,90.641,90.477,90.584
2025-12-11T01:00:00Z,90.552,90.574,90.459,90.57,90.58,90.601,90.486,90.597
2025-12-11T02:00:00Z,90.568,90.588,90.331,90.405,90.596,90.613,90.359,90.431
2025-12-11T03:00:00Z,90.406,90.421,90.233,90.243,90.433,90.448,90.258,90.271
2025-12-11T04:00:00Z,90.247,90.357,90.164,90.335,90.273,90.381,90.192,90.362
2025-12-11T05:00:00Z,90.331,90.434,90.327,90.425,90.358,90.46,90.353,90.452
2025-12-11T06:00:00Z,90.423,90.456,90.352,90.374,90.447,90.485,90.38,90.401
2025-12-11T07:00:00Z,90.376,90.493,90.365,90.479,90.402,90.519,90.39,90.505
2025-12-11T08:00:00Z,90.485,90.522,90.407,90.463,90.511,90.547,90.432,90.488
2025-12-11T09:00:00Z,90.459,90.509,90.423,90.474,90.484,90.535,90.45,90.499
2025-12-11T10:00:00Z,90.475,90.506,90.41,90.493,90.501,90.53,90.437,90.518
2025-12-11T11:00:00Z,90.496,90.584,90.471,90.515,90.522,90.607,90.496,90.541
2025-12-11T12:00:00Z,90.513,90.566,90.379,90.454,90.54,90.591,90.404,90.479
2025-12-11T13:00:00Z,90.457,90.501,90.378,90.4,90.483,90.525,90.403,90.426
2025-12-11T14:00:00Z,90.4,90.41,90.149,90.155,90.425,90.437,90.174,90.18
2025-12-11T15:00:00Z,90.151,90.33,90.131,90.325,90.176,90.354,90.156,90.349
2025-12-11T16:00:00Z,90.324,90.347,90.211,90.257,90.347,90.372,90.236,90.283
2025-12-11T17:00:00Z,90.256,90.352,90.255,90.295,90.28,90.378,90.279,90.331
2025-12-11T18:00:00Z,90.295,90.392,90.295,90.349,90.331,90.418,90.325,90.374
2025-12-11T19:00:00Z,90.347,90.407,90.344,90.375,90.372,90.432,90.371,90.402
2025-12-11T20:00:00Z,90.376,90.383,90.327,90.378,90.402,90.409,90.353,90.404
2025-12-11T21:00:00Z,90.374,90.398,90.333,90.345,90.4,90.423,90.368,90.385
2025-12-11T22:00:00Z,90.306,90.365,90.267,90.268,90.423,90.462,90.362,90.367
2025-12-11T23:00:00Z,90.264,90.367,90.264,90.327,90.368,90.397,90.329,90.355
2025-12-12T00:00:00Z,90.323,90.556,90.298,90.527,90.349,90.583,90.329,90.554
2025-12-12T01:00:00Z,90.528,90.564,90.431,90.466,90.554,90.593,90.458,90.495
2025-12-12T02:00:00Z,90.467,90.531,90.431,90.476,90.495,90.557,90.457,90.504
2025-12-12T03:00:00Z,90.475,90.503,90.445,90.475,90.502,90.53,90.473,90.503
2025-12-12T04:00:00Z,90.473,90.486,90.429,90.442,90.501,90.512,90.456,90.47
2025-12-12T05:00:00Z,90.447,90.533,90.441,90.533,90.47,90.56,90.466,90.56
2025-12-12T06:00:00Z,90.536,90.596,90.46,90.46,90.563,90.623,90.487,90.487
2025-12-12T07:00:00Z,90.459,90.482,90.386,90.468,90.484,90.507,90.412,90.493
2025-12-12T08:00:00Z,90.47,90.641,90.461,90.633,90.496,90.667,90.486,90.659
2025-12-12T09:00:00Z,90.634,90.673,90.55,90.637,90.658,90.699,90.573,90.662
2025-12-12T10:00:00Z,90.636,90.644,90.531,90.601,90.663,90.668,90.556,90.629
2025-12-12T11:00:00Z,90.601,90.623,90.549,90.588,90.627,90.648,90.574,90.614
2025-12-12T12:00:00Z,90.588,90.642,90.523,90.582,90.613,90.667,90.548,90.61
2025-12-12T13:00:00Z,90.583,90.641,90.544,90.632,90.609,90.668,90.57,90.658
2025-12-12T14:00:00Z,90.632,90.691,90.564,90.598,90.659,90.716,90.59,90.623
2025-12-12T15:00:00Z,90.594,90.6,90.318,90.338,90.623,90.626,90.342,90.364
2025-12-12T16:00:00Z,90.336,90.366,90.141,90.231,90.36,90.391,90.168,90.258
2025-12-12T17:00:00Z,90.232,90.439,90.224,90.399,90.258,90.467,90.25,90.425
2025-12-12T18:00:00Z,90.397,90.475,90.379,90.389,90.423,90.504,90.404,90.415
2025-12-12T19:00:00Z,90.389,90.465,90.356,90.456,90.414,90.49,90.382,90.48
2025-12-12T20:00:00Z,90.456,90.473,90.379,90.431,90.479,90.498,90.405,90.456
2025-12-12T21:00:00Z,90.426,90.459,90.373,90.414,90.452,90.511,90.437,90.507
2025-12-14T22:00:00Z,90.325,90.419,90.177,90.191,90.525,90.583,90.321,90.332
2025-12-14T23:00:00Z,90.196,90.427,90.187,90.415,90.332,90.454,90.305,90.44
2025-12-15T00:00:00Z,90.415,90.49,90.399,90.464,90.439,90.517,90.425,90.492
2025-12-15T01:00:00Z,90.466,90.495,90.346,90.369,90.493,90.522,90.373,90.391
2025-12-15T02:00:00Z,90.368,90.382,89.769,89.841,90.391,90.403,89.797,89.868
2025-12-15T03:00:00Z,89.842,89.866,89.638,89.665,89.87,89.893,89.665,89.693
2025-12-15T04:00:00Z,89.669,89.669,89.527,89.646,89.696,89.696,89.553,89.673
2025-12-15T05:00:00Z,89.645,89.694,89.591,89.616,89.67,89.719,89.618,89.642
2025-12-15T06:00:00Z,89.614,89.727,89.566,89.708,89.641,89.754,89.594,89.735
2025-12-15T07:00:00Z,89.712,89.809,89.71,89.778,89.737,89.836,89.733,89.803
2025-12-15T08:00:00Z,89.776,89.793,89.638,89.671,89.801,89.819,89.665,89.696
2025-12-15T09:00:00Z,89.667,89.696,89.592,89.651,89.692,89.722,89.618,89.676
2025-12-15T10:00:00Z,89.645,89.73,89.643,89.71,89.67,89.755,89.669,89.735
2025-12-15T11:00:00Z,89.714,89.783,89.703,89.74,89.738,89.806,89.729,89.763
2025-12-15T12:00:00Z,89.736,89.859,89.716,89.846,89.763,89.885,89.743,89.864
2025-12-15T13:00:00Z,89.847,89.905,89.819,89.849,89.869,89.93,89.845,89.876
2025-12-15T14:00:00Z,89.853,89.89,89.773,89.794,89.879,89.915,89.797,89.819
2025-12-15T15:00:00Z,89.791,90.016,89.741,90.013,89.816,90.042,89.765,90.039
2025-12-15T16:00:00Z,90.014,90.05,89.897,89.956,90.038,90.076,89.923,89.981
2025-12-15T17:00:00Z,89.956,89.981,89.851,89.868,89.982,90.006,89.88,89.893
2025-12-15T18:00:00Z,89.868,89.911,89.819,89.875,89.893,89.937,89.844,89.897
2025-12-15T19:00:00Z,89.875,89.894,89.817,89.831,89.895,89.916,89.842,89.854
2025-12-15T20:00:00Z,89.833,89.839,89.779,89.79,89.854,89.864,89.804,89.815
2025-12-15T21:00:00Z,89.79,89.792,89.712,89.733,89.816,89.818,89.767,89.775
2025-12-15T22:00:00Z,89.617,89.714,89.615,89.681,89.817,89.86,89.761,89.797
2025-12-15T23:00:00Z,89.691,89.784,89.633,89.682,89.795,89.822,89.679,89.709
2025-12-16T00:00:00Z,89.678,89.693,89.457,89.46,89.705,89.721,89.483,89.487
2025-12-16T01:00:00Z,89.462,89.489,89.211,89.266,89.489,89.515,89.239,89.293
2025-12-16T02:00:00Z,89.264,89.363,89.245,89.265,89.29,89.389,89.273,89.293
2025-12-16T03:00:00Z,89.267,89.476,89.259,89.466,89.293,89.501,89.279,89.492
2025-12-16T04:00:00Z,89.466,89.513,89.417,89.463,89.49,89.54,89.443,89.49
2025-12-16T05:00:00Z,89.458,89.483,89.367,89.449,89.485,89.51,89.394,89.471
2025-12-16T06:00:00Z,89.447,89.573,89.438,89.561,89.471,89.601,89.462,89.588
2025-12-16T07:00:00Z,89.567,89.64,89.536,89.59,89.592,89.664,89.562,89.615
2025-12-16T08:00:00Z,89.591,89.676,89.587,89.619,89.617,89.704,89.613,89.645
2025-12-16T09:00:00Z,89.612,89.632,89.535,89.536,89.636,89.656,89.56,89.561
2025-12-16T10:00:00Z,89.533,89.616,89.509,89.55,89.558,89.641,89.535,89.575
2025-12-16T11:00:00Z,89.547,89.561,89.515,89.556,89.572,89.587,89.54,89.582
2025-12-16T12:00:00Z,89.553,89.563,89.372,89.433,89.579,89.588,89.397,89.459
2025-12-16T13:00:00Z,89.43,89.681,89.426,89.605,89.455,89.742,89.452,89.63
2025-12-16T14:00:00Z,89.605,89.823,89.564,89.721,89.632,89.849,89.591,89.743
2025-12-16T15:00:00Z,89.722,89.738,89.381,89.643,89.745,89.764,89.407,89.668
2025-12-16T16:00:00Z,89.64,89.685,89.594,89.663,89.664,89.711,89.62,89.688
2025-12-16T17:00:00Z,89.665,89.713,89.531,89.533,89.69,89.737,89.557,89.564
2025-12-16T18:00:00Z,89.533,89.553,89.426,89.535,89.564,89.578,89.451,89.561
2025-12-16T19:00:00Z,89.533,89.533,89.398,89.507,89.559,89.559,89.431,89.533
2025-12-16T20:00:00Z,89.506,89.584,89.468,89.577,89.533,89.611,89.493,89.601
2025-12-16T21:00:00Z,89.576,89.582,89.431,89.453,89.601,89.608,89.468,89.491
2025-12-16T22:00:00Z,89.36,89.439,89.356,89.412,89.56,89.57,89.477,89.505
2025-12-16T23:00:00Z,89.399,89.552,89.399,89.508,89.482,89.58,89.482,89.537
2025-12-17T00:00:00Z,89.506,89.506,89.293,89.336,89.534,89.534,89.32,89.361
2025-12-17T01:00:00Z,89.337,89.519,89.293,89.512,89.361,89.546,89.319,89.539
2025-12-17T02:00:00Z,89.517,89.629,89.365,89.616,89.543,89.656,89.392,89.64
2025-12-17T03:00:00Z,89.616,89.647,89.519,89.628,89.641,89.672,89.546,89.653
2025-12-17T04:00:00Z,89.627,89.662,89.571,89.579,89.654,89.688,89.6,89.604
2025-12-17T05:00:00Z,89.581,89.601,89.52,89.597,89.605,89.627,89.546,89.625
2025-12-17T06:00:00Z,89.6,89.726,89.586,89.655,89.625,89.754,89.613,89.678
2025-12-17T07:00:00Z,89.65,89.784,89.631,89.743,89.674,89.809,89.657,89.77
2025-12-17T08:00:00Z,89.739,89.834,89.709,89.831,89.766,89.861,89.732,89.856
2025-12-17T09:00:00Z,89.829,89.858,89.731,89.738,89.854,89.883,89.757,89.764
2025-12-17T10:00:00Z,89.733,89.814,89.723,89.802,89.76,89.839,89.748,89.828
2025-12-17T11:00:00Z,89.806,89.864,89.743,89.794,89.832,89.89,89.768,89.819
2025-12-17T12:00:00Z,89.796,89.863,89.779,89.857,89.821,89.887,89.805,89.882
2025-12-17T13:00:00Z,89.861,89.881,89.712,89.819,89.886,89.906,89.739,89.843
2025-12-17T14:00:00Z,89.821,89.971,89.796,89.947,89.846,89.998,89.82,89.972
2025-12-17T15:00:00Z,89.945,90.055,89.821,89.87,89.971,90.082,89.847,89.894
2025-12-17T16:00:00Z,89.868,90.02,89.804,89.857,89.892,90.046,89.831,89.882
2025-12-17T17:00:00Z,89.856,89.907,89.821,89.832,89.883,89.932,89.847,89.866
2025-12-17T18:00:00Z,89.832,89.879,89.78,89.821,89.866,89.906,89.808,89.847
2025-12-17T19:00:00Z,89.824,89.897,89.806,89.863,89.85,89.923,89.832,89.889
2025-12-17T20:00:00Z,89.866,89.977,89.849,89.896,89.892,90.004,89.874,89.923
2025-12-17T21:00:00Z,89.897,90.003,89.838,89.856,89.923,90.041,89.886,89.89
2025-12-17T22:00:00Z,89.818,89.861,89.74,89.756,89.924,90.039,89.816,89.853
2025-12-17T23:00:00Z,89.754,89.832,89.677,89.686,89.83,89.87,89.707,89.715
2025-12-18T00:00:00Z,89.683,89.727,89.587,89.652,89.714,89.754,89.615,89.679
2025-12-18T01:00:00Z,89.649,89.807,89.628,89.78,89.676,89.834,89.654,89.808
2025-12-18T02:00:00Z,89.782,89.835,89.77,89.798,89.809,89.861,89.795,89.825
2025-12-18T03:00:00Z,89.799,89.807,89.622,89.644,89.825,89.831,89.65,89.67
2025-12-18T04:00:00Z,89.648,89.718,89.619,89.707,89.674,89.743,89.646,89.734
2025-12-18T05:00:00Z,89.712,89.847,89.695,89.8,89.738,89.876,89.722,89.827
2025-12-18T06:00:00Z,89.802,89.844,89.756,89.82,89.83,89.871,89.782,89.847
2025-12-18T07:00:00Z,89.823,89.9,89.809,89.863,89.847,89.927,89.834,89.888
2025-12-18T08:00:00Z,89.863,89.879,89.76,89.823,89.887,89.904,89.786,89.848
2025-12-18T09:00:00Z,89.82,89.879,89.753,89.862,89.846,89.904,89.779,89.884
2025-12-18T10:00:00Z,89.858,89.923,89.851,89.872,89.882,89.947,89.876,89.897
2025-12-18T11:00:00Z,89.875,89.889,89.784,89.82,89.901,89.914,89.809,89.846
2025-12-18T12:00:00Z,89.817,89.859,89.756,89.799,89.843,89.884,89.783,89.825
2025-12-18T13:00:00Z,89.798,89.951,89.686,89.917,89.823,90.027,89.788,89.943
2025-12-18T14:00:00Z,89.918,89.948,89.713,89.841,89.943,89.972,89.739,89.86
2025-12-18T15:00:00Z,89.844,89.896,89.757,89.848,89.864,89.921,89.782,89.876
2025-12-18T16:00:00Z,89.845,89.946,89.829,89.873,89.873,89.972,89.854,89.898
2025-12-18T17:00:00Z,89.871,89.894,89.746,89.844,89.896,89.918,89.772,89.879
2025-12-18T18:00:00Z,89.844,89.905,89.818,89.845,89.879,89.93,89.844,89.871
2025-12-18T19:00:00Z,89.848,89.853,89.743,89.752,89.875,89.879,89.77,89.779
2025-12-18T20:00:00Z,89.755,89.834,89.746,89.802,89.781,89.859,89.77,89.828
2025-12-18T21:00:00Z,89.8,89.858,89.788,89.818,89.826,89.885,89.826,89.856
2025-12-18T22:00:00Z,89.694,89.787,89.687,89.745,89.849,89.885,89.82,89.861
2025-12-18T23:00:00Z,89.745,89.875,89.742,89.832,89.848,89.908,89.808,89.86
2025-12-19T00:00:00Z,89.834,90.037,89.808,90.019,89.861,90.064,89.835,90.047
2025-12-19T01:00:00Z,90.023,90.062,89.837,89.889,90.05,90.089,89.866,89.914
2025-12-19T02:00:00Z,89.884,89.919,89.821,89.867,89.91,89.945,89.846,89.899
2025-12-19T03:00:00Z,89.87,90.051,89.7,89.844,89.899,90.084,89.736,89.873
2025-12-19T04:00:00Z,89.844,89.93,89.775,89.916,89.87,89.963,89.806,89.943
2025-12-19T05:00:00Z,89.917,89.922,89.782,89.819,89.943,89.949,89.81,89.848
2025-12-19T06:00:00Z,89.815,90.073,89.8,89.851,89.844,90.1,89.826,89.877
2025-12-19T07:00:00Z,89.849,90.065,89.831,90.065,89.874,90.091,89.857,90.091
2025-12-19T08:00:00Z,90.072,90.263,90.044,90.214,90.098,90.288,90.07,90.24
2025-12-19T09:00:00Z,90.218,90.37,90.184,90.362,90.243,90.395,90.209,90.387
2025-12-19T10:00:00Z,90.365,90.465,90.307,90.451,90.391,90.49,90.332,90.476
2025-12-19T11:00:00Z,90.447,90.454,90.335,90.379,90.472,90.48,90.361,90.404
2025-12-19T12:00:00Z,90.384,90.386,90.253,90.265,90.409,90.412,90.28,90.291
2025-12-19T13:00:00Z,90.266,90.376,90.188,90.376,90.288,90.402,90.216,90.402
2025-12-19T14:00:00Z,90.376,90.608,90.252,90.577,90.401,90.642,90.277,90.642
2025-12-19T15:00:00Z,90.566,90.656,90.508,90.568,90.645,90.682,90.533,90.595
2025-12-19T16:00:00Z,90.57,90.695,90.556,90.653,90.595,90.721,90.582,90.676
2025-12-19T17:00:00Z,90.651,90.745,90.641,90.66,90.675,90.771,90.668,90.689
2025-12-19T18:00:00Z,90.662,90.778,90.662,90.748,90.689,90.803,90.689,90.773
2025-12-19T19:00:00Z,90.745,90.806,90.73,90.797,90.771,90.831,90.755,90.822
2025-12-19T20:00:00Z,90.792,90.803,90.743,90.792,90.818,90.829,90.768,90.817
2025-12-19T21:00:00Z,90.793,90.812,90.715,90.748,90.817,90.862,90.786,90.829
2025-12-21T22:00:00Z,90.639,90.639,90.393,90.504,90.839,90.839,90.556,90.622
2025-12-21T23:00:00Z,90.518,90.778,90.509,90.709,90.636,90.816,90.621,90.751
2025-12-22T00:00:00Z,90.715,90.845,90.673,90.808,90.752,90.871,90.726,90.837
2025-12-22T01:00:00Z,90.808,90.852,90.575,90.635,90.836,90.881,90.602,90.662
2025-12-22T02:00:00Z,90.636,90.815,90.618,90.81,90.664,90.842,90.645,90.838
2025-12-22T03:00:00Z,90.816,90.859,90.674,90.708,90.844,90.883,90.701,90.734
2025-12-22T04:00:00Z,90.708,90.776,90.703,90.76,90.735,90.803,90.731,90.787
2025-12-22T05:00:00Z,90.765,90.806,90.725,90.766,90.791,90.832,90.751,90.795
2025-12-22T06:00:00Z,90.77,90.808,90.707,90.758,90.799,90.84,90.741,90.788
2025-12-22T07:00:00Z,90.758,91.114,90.751,90.995,90.791,91.141,90.781,91.021
2025-12-22T08:00:00Z,90.995,91.122,90.947,91.119,91.025,91.15,90.976,91.146
2025-12-22T09:00:00Z,91.119,91.123,91.008,91.039,91.147,91.152,91.037,91.07
2025-12-22T10:00:00Z,91.039,91.051,91.009,91.026,91.068,91.077,91.036,91.053
2025-12-22T11:00:00Z,91.027,91.105,90.98,91.105,91.055,91.132,91.008,91.132
2025-12-22T12:00:00Z,91.107,91.111,91.05,91.103,91.135,91.138,91.077,91.131
2025-12-22T13:00:00Z,91.102,91.103,90.841,90.977,91.129,91.13,90.875,91.002
2025-12-22T14:00:00Z,90.98,91.032,90.904,91.009,91.005,91.059,90.929,91.036
2025-12-22T15:00:00Z,91.009,91.079,90.913,90.944,91.035,91.105,90.938,90.97
2025-12-22T16:00:00Z,90.944,90.977,90.914,90.955,90.971,91.005,90.939,90.98
2025-12-22T17:00:00Z,90.954,90.966,90.892,90.93,90.98,90.992,90.918,90.966
2025-12-22T18:00:00Z,90.93,90.937,90.887,90.889,90.966,90.966,90.912,90.915
2025-12-22T19:00:00Z,90.891,90.908,90.85,90.858,90.918,90.933,90.878,90.886
2025-12-22T20:00:00Z,90.855,90.925,90.855,90.905,90.883,90.951,90.883,90.93
2025-12-22T21:00:00Z,90.904,90.965,90.904,90.948,90.93,91.017,90.93,90.987
2025-12-22T22:00:00Z,90.815,90.947,90.805,90.925,91.014,91.052,90.953,91.012
2025-12-22T23:00:00Z,90.919,90.943,90.867,90.909,91.014,91.014,90.895,90.936
2025-12-23T00:00:00Z,90.907,91.014,90.838,90.846,90.934,91.049,90.864,90.873
2025-12-23T01:00:00Z,90.844,90.895,90.776,90.824,90.87,90.922,90.803,90.851
2025-12-23T02:00:00Z,90.826,90.933,90.806,90.894,90.854,90.963,90.833,90.922
2025-12-23T03:00:00Z,90.89,90.893,90.761,90.765,90.917,90.92,90.788,90.793
2025-12-23T04:00:00Z,90.761,90.761,90.657,90.664,90.786,90.786,90.684,90.69
2025-12-23T05:00:00Z,90.664,90.703,90.601,90.639,90.691,90.73,90.628,90.666
2025-12-23T06:00:00Z,90.637,90.748,90.635,90.68,90.664,90.775,90.661,90.708
2025-12-23T07:00:00Z,90.684,90.854,90.675,90.805,90.71,90.879,90.702,90.83
2025-12-23T08:00:00Z,90.802,90.955,90.785,90.912,90.827,90.981,90.81,90.939
2025-12-23T09:00:00Z,90.91,91.026,90.794,91.022,90.935,91.051,90.82,91.048
2025-12-23T10:00:00Z,91.019,91.088,90.989,91.025,91.044,91.115,91.014,91.05
2025-12-23T11:00:00Z,91.021,91.069,91.001,91.008,91.046,91.095,91.027,91.036
2025-12-23T12:00:00Z,91.006,91.085,90.986,91.063,91.033,91.11,91.012,91.088
2025-12-23T13:00:00Z,91.06,91.168,91.044,91.088,91.086,91.195,91.078,91.114
2025-12-23T14:00:00Z,91.086,91.163,91.007,91.033,91.114,91.188,91.033,91.071
2025-12-23T15:00:00Z,91.033,91.167,90.993,91.136,91.075,91.192,91.018,91.161
2025-12-23T16:00:00Z,91.134,91.165,91.102,91.121,91.161,91.19,91.129,91.147
2025-12-23T17:00:00Z,91.122,91.14,91.064,91.078,91.147,91.165,91.089,91.113
2025-12-23T18:00:00Z,91.078,91.141,91.075,91.124,91.113,91.166,91.101,91.15
2025-12-23T19:00:00Z,91.122,91.2,91.12,91.161,91.147,91.227,91.145,91.188
2025-12-23T20:00:00Z,91.162,91.218,91.132,91.214,91.188,91.244,91.158,91.24
2025-12-23T21:00:00Z,91.217,91.243,91.197,91.203,91.243,91.295,91.228,91.275
2025-12-23T22:00:00Z,91.152,91.194,91.116,91.157,91.309,91.312,91.223,91.232
2025-12-23T23:00:00Z,91.151,91.257,91.128,91.203,91.23,91.288,91.169,91.235
2025-12-24T00:00:00Z,91.204,91.226,91.057,91.06,91.237,91.254,91.084,91.088
2025-12-24T01:00:00Z,91.064,91.146,90.927,90.995,91.091,91.172,90.955,91.024
2025-12-24T02:00:00Z,90.995,91.073,90.963,91.032,91.02,91.101,90.99,91.059
2025-12-24T03:00:00Z,91.035,91.082,90.979,91.055,91.062,91.11,91.007,91.082
2025-12-24T04:00:00Z,91.052,91.091,90.964,90.968,91.079,91.119,90.996,90.999
2025-12-24T05:00:00Z,90.967,91.021,90.939,91.011,90.999,91.052,90.97,91.043
2025-12-24T06:00:00Z,91.007,91.053,90.94,90.992,91.039,91.081,90.971,91.024
2025-12-24T07:00:00Z,90.996,91.074,90.945,91.018,91.027,91.105,90.972,91.05
2025-12-24T08:00:00Z,91.018,91.098,90.972,91.013,91.048,91.13,91.005,91.043
2025-12-24T09:00:00Z,91.013,91.076,90.978,91.06,91.045,91.107,91.01,91.093
2025-12-24T10:00:00Z,91.062,91.122,91.046,91.111,91.094,91.154,91.079,91.146
2025-12-24T11:00:00Z,91.111,91.111,91.045,91.05,91.145,91.145,91.081,91.084
2025-12-24T12:00:00Z,91.051,91.092,90.968,91.032,91.084,91.123,91.001,91.064
2025-12-24T13:00:00Z,91.033,91.049,90.976,91.011,91.066,91.079,91.024,91.041
2025-12-24T14:00:00Z,91.011,91.045,90.815,90.864,91.042,91.08,90.846,90.897
2025-12-24T15:00:00Z,90.863,90.972,90.813,90.889,90.899,91.007,90.847,90.923
2025-12-24T16:00:00Z,90.889,90.971,90.852,90.877,90.922,91.005,90.885,90.912
2025-12-24T17:00:00Z,90.876,90.987,90.876,90.948,90.913,91.026,90.913,90.986
2025-12-24T18:00:00Z,90.948,90.983,90.896,90.972,90.986,91.023,90.933,91.017
2025-12-24T19:00:00Z,90.967,90.977,90.882,90.913,91.018,91.038,90.962,90.994
2025-12-24T20:00:00Z,90.913,90.938,90.887,90.936,90.999,91.002,90.978,90.989
2025-12-24T21:00:00Z,90.933,90.959,90.896,90.937,90.989,91.053,90.989,91.04
2025-12-25T22:00:00Z,90.965,90.965,90.922,90.933,91.165,91.165,91.122,91.133
2025-12-25T23:00:00Z,90.91,91.089,90.805,91.08,91.11,91.129,90.896,91.12
2025-12-26T00:00:00Z,91.082,91.278,91.074,91.24,91.121,91.315,91.112,91.272
2025-12-26T01:00:00Z,91.25,91.311,91.174,91.179,91.282,91.342,91.203,91.205
2025-12-26T02:00:00Z,91.179,91.255,91.15,91.204,91.206,91.286,91.178,91.234
2025-12-26T03:00:00Z,91.204,91.213,90.995,90.997,91.235,91.245,91.026,91.028
2025-12-26T04:00:00Z,90.993,91.094,90.966,91.072,91.024,91.125,90.997,91.102
2025-12-26T05:00:00Z,91.075,91.164,91.003,91.132,91.106,91.196,91.034,91.163
2025-12-26T06:00:00Z,91.132,91.168,91.043,91.075,91.164,91.199,91.075,91.107
2025-12-26T07:00:00Z,91.077,91.108,90.985,91.068,91.107,91.139,91.013,91.099
2025-12-26T08:00:00Z,91.066,91.087,90.99,91.063,91.096,91.118,91.021,91.09
2025-12-26T09:00:00Z,91.064,91.08,91.012,91.032,91.092,91.111,91.043,91.058
2025-12-26T10:00:00Z,91.032,91.053,90.985,91.0,91.061,91.084,91.014,91.03
2025-12-26T11:00:00Z,91.0,91.026,90.99,91.025,91.031,91.058,91.02,91.056
2025-12-26T12:00:00Z,91.027,91.053,91.001,91.045,91.056,91.084,91.032,91.076
2025-12-26T13:00:00Z,91.043,91.165,91.034,91.157,91.075,91.196,91.065,91.186
2025-12-26T14:00:00Z,91.154,91.285,91.148,91.264,91.184,91.315,91.179,91.295
2025-12-26T15:00:00Z,91.267,91.351,91.218,91.255,91.298,91.382,91.249,91.286
2025-12-26T16:00:00Z,91.251,91.268,91.177,91.26,91.282,91.3,91.212,91.291
2025-12-26T17:00:00Z,91.259,91.299,91.226,91.257,91.291,91.334,91.258,91.293
2025-12-26T18:00:00Z,91.262,91.27,91.21,91.245,91.294,91.304,91.243,91.277
2025-12-26T19:00:00Z,91.248,91.263,91.203,91.222,91.279,91.299,91.234,91.253
2025-12-26T20:00:00Z,91.219,91.262,91.203,91.262,91.25,91.293,91.235,91.293
2025-12-26T21:00:00Z,91.265,91.284,91.12,91.194,91.296,91.394,91.259,91.394
2025-12-28T22:00:00Z,91.103,91.186,91.094,91.14,91.303,91.375,91.233,91.273
2025-12-28T23:00:00Z,91.135,91.234,91.121,91.173,91.278,91.29,91.17,91.207
2025-12-29T00:00:00Z,91.17,91.17,90.946,91.066,91.204,91.204,90.981,91.1
2025-12-29T01:00:00Z,91.068,91.142,91.018,91.124,91.102,91.176,91.052,91.158
2025-12-29T02:00:00Z,91.128,91.239,91.121,91.225,91.16,91.272,91.153,91.256
2025-12-29T03:00:00Z,91.22,91.222,91.14,91.174,91.255,91.255,91.173,91.206
2025-12-29T04:00:00Z,91.173,91.223,91.085,91.096,91.206,91.255,91.119,91.128
2025-12-29T05:00:00Z,91.096,91.104,90.956,90.968,91.13,91.136,90.99,91.0
2025-12-29T06:00:00Z,90.971,90.983,90.868,90.896,91.001,91.01,90.903,90.931
2025-12-29T07:00:00Z,90.901,90.953,90.818,90.821,90.934,90.985,90.849,90.852
2025-12-29T08:00:00Z,90.817,90.911,90.718,90.858,90.848,90.942,90.749,90.889
2025-12-29T09:00:00Z,90.861,90.87,90.688,90.794,90.892,90.9,90.721,90.825
2025-12-29T10:00:00Z,90.791,90.848,90.731,90.747,90.823,90.879,90.763,90.781
2025-12-29T11:00:00Z,90.747,90.75,90.642,90.712,90.779,90.78,90.673,90.744
2025-12-29T12:00:00Z,90.715,90.716,90.533,90.616,90.744,90.748,90.565,90.648
2025-12-29T13:00:00Z,90.618,90.624,90.537,90.59,90.648,90.655,90.568,90.623
2025-12-29T14:00:00Z,90.59,90.665,90.461,90.645,90.622,90.696,90.493,90.68
2025-12-29T15:00:00Z,90.647,90.658,90.517,90.602,90.68,90.689,90.549,90.633
2025-12-29T16:00:00Z,90.6,90.658,90.557,90.63,90.632,90.69,90.59,90.663
2025-12-29T17:00:00Z,90.632,90.655,90.595,90.645,90.665,90.687,90.628,90.682
2025-12-29T18:00:00Z,90.645,90.66,90.566,90.587,90.682,90.686,90.598,90.611
2025-12-29T19:00:00Z,90.587,90.602,90.558,90.577,90.617,90.634,90.592,90.608
2025-12-29T20:00:00Z,90.579,90.582,90.539,90.566,90.611,90.613,90.57,90.596
2025-12-29T21:00:00Z,90.566,90.602,90.503,90.537,90.595,90.632,90.57,90.593
2025-12-29T22:00:00Z,90.427,90.56,90.386,90.524,90.627,90.753,90.585,90.64
2025-12-29T23:00:00Z,90.511,90.64,90.48,90.59,90.629,90.674,90.562,90.623
2025-12-30T00:00:00Z,90.586,90.748,90.544,90.706,90.62,90.78,90.579,90.741
2025-12-30T01:00:00Z,90.71,90.755,90.663,90.74,90.742,90.789,90.696,90.769
2025-12-30T02:00:00Z,90.736,90.804,90.686,90.775,90.766,90.832,90.716,90.808
2025-12-30T03:00:00Z,90.778,90.801,90.726,90.742,90.81,90.831,90.758,90.771
2025-12-30T04:00:00Z,90.743,90.809,90.707,90.725,90.773,90.839,90.737,90.754
2025-12-30T05:00:00Z,90.725,90.799,90.672,90.752,90.756,90.832,90.702,90.78
2025-12-30T06:00:00Z,90.748,90.799,90.706,90.767,90.777,90.83,90.736,90.794
2025-12-30T07:00:00Z,90.767,90.767,90.624,90.674,90.795,90.795,90.655,90.704
2025-12-30T08:00:00Z,90.676,90.724,90.55,90.607,90.708,90.754,90.576,90.637
2025-12-30T09:00:00Z,90.61,90.675,90.523,90.533,90.639,90.706,90.553,90.564
2025-12-30T10:00:00Z,90.537,90.551,90.466,90.516,90.567,90.579,90.497,90.546
2025-12-30T11:00:00Z,90.517,90.52,90.386,90.416,90.548,90.55,90.418,90.446
2025-12-30T12:00:00Z,90.412,90.466,90.379,90.412,90.442,90.499,90.407,90.442
2025-12-30T13:00:00Z,90.414,90.568,90.414,90.543,90.444,90.596,90.444,90.574
2025-12-30T14:00:00Z,90.544,90.672,90.507,90.668,90.576,90.7,90.534,90.696
2025-12-30T15:00:00Z,90.668,90.755,90.607,90.74,90.697,90.783,90.634,90.767
2025-12-30T16:00:00Z,90.738,90.744,90.654,90.66,90.767,90.774,90.683,90.691
2025-12-30T17:00:00Z,90.661,90.741,90.648,90.719,90.691,90.772,90.679,90.752
2025-12-30T18:00:00Z,90.719,90.747,90.634,90.634,90.752,90.774,90.675,90.686
2025-12-30T19:00:00Z,90.643,90.678,90.609,90.629,90.696,90.71,90.634,90.655
2025-12-30T20:00:00Z,90.625,90.644,90.563,90.563,90.651,90.669,90.589,90.589
2025-12-30T21:00:00Z,90.566,90.604,90.546,90.596,90.592,90.639,90.572,90.633
2025-12-30T22:00:00Z,90.497,90.523,90.487,90.494,90.615,90.639,90.598,90.608
2025-12-30T23:00:00Z,90.486,90.58,90.486,90.55,90.602,90.622,90.542,90.579
2025-12-31T00:00:00Z,90.544,90.591,90.475,90.506,90.574,90.62,90.504,90.535
2025-12-31T01:00:00Z,90.507,90.558,90.42,90.42,90.535,90.586,90.447,90.447
2025-12-31T02:00:00Z,90.418,90.488,90.349,90.464,90.445,90.514,90.378,90.491
2025-12-31T03:00:00Z,90.46,90.48,90.421,90.443,90.487,90.508,90.448,90.47
2025-12-31T04:00:00Z,90.441,90.493,90.434,90.466,90.468,90.52,90.461,90.494
2025-12-31T05:00:00Z,90.464,90.497,90.337,90.382,90.491,90.524,90.362,90.408
2025-12-31T06:00:00Z,90.38,90.389,90.305,90.36,90.406,90.416,90.333,90.387
2025-12-31T07:00:00Z,90.357,90.379,90.268,90.371,90.383,90.406,90.292,90.398
2025-12-31T08:00:00Z,90.368,90.388,90.251,90.276,90.395,90.415,90.277,90.303
2025-12-31T09:00:00Z,90.28,90.352,90.264,90.301,90.307,90.379,90.291,90.328
2025-12-31T10:00:00Z,90.298,90.355,90.209,90.261,90.324,90.382,90.236,90.288
2025-12-31T11:00:00Z,90.264,90.359,90.257,90.329,90.291,90.386,90.284,90.356
2025-12-31T12:00:00Z,90.332,90.4,90.326,90.35,90.359,90.427,90.353,90.377
2025-12-31T13:00:00Z,90.353,90.455,90.242,90.443,90.379,90.482,90.319,90.47
2025-12-31T14:00:00Z,90.441,90.465,90.35,90.355,90.468,90.492,90.377,90.382
2025-12-31T15:00:00Z,90.354,90.366,90.044,90.113,90.38,90.393,90.071,90.14
2025-12-31T16:00:00Z,90.116,90.22,90.062,90.213,90.143,90.246,90.092,90.241
2025-12-31T17:00:00Z,90.215,90.248,90.184,90.229,90.241,90.275,90.211,90.259
2025-12-31T18:00:00Z,90.229,90.272,90.222,90.245,90.259,90.299,90.249,90.272
2025-12-31T19:00:00Z,90.247,90.251,90.113,90.152,90.275,90.278,90.14,90.18
2025-12-31T20:00:00Z,90.155,90.179,90.118,90.148,90.183,90.208,90.147,90.176
2025-12-31T21:00:00Z,90.151,90.232,90.114,90.165,90.179,90.269,90.151,90.215
2026-01-01T22:00:00Z,90.161,90.227,90.137,90.176,90.361,90.427,90.337,90.376
2026-01-01T23:00:00Z,90.152,90.303,90.127,90.222,90.352,90.383,90.213,90.249
2026-01-02T00:00:00Z,90.224,90.235,90.132,90.213,90.252,90.264,90.16,90.243
2026-01-02T01:00:00Z,90.21,90.372,90.208,90.322,90.239,90.398,90.238,90.349
2026-01-02T02:00:00Z,90.32,90.361,90.289,90.345,90.347,90.387,90.317,90.372
2026-01-02T03:00:00Z,90.348,90.391,90.302,90.39,90.372,90.418,90.329,90.418
2026-01-02T04:00:00Z,90.39,90.413,90.313,90.319,90.417,90.44,90.345,90.351
2026-01-02T05:00:00Z,90.321,90.367,90.294,90.355,90.351,90.395,90.321,90.382
2026-01-02T06:00:00Z,90.353,90.4,90.333,90.334,90.38,90.427,90.36,90.361
2026-01-02T07:00:00Z,90.333,90.418,90.31,90.403,90.358,90.445,90.337,90.429
2026-01-02T08:00:00Z,90.4,90.587,90.397,90.49,90.425,90.612,90.422,90.516
2026-01-02T09:00:00Z,90.489,90.526,90.45,90.519,90.514,90.551,90.476,90.544
2026-01-02T10:00:00Z,90.522,90.561,90.47,90.522,90.547,90.587,90.498,90.547
2026-01-02T11:00:00Z,90.518,90.534,90.475,90.524,90.543,90.56,90.502,90.549
2026-01-02T12:00:00Z,90.52,90.561,90.496,90.527,90.545,90.587,90.522,90.553
2026-01-02T13:00:00Z,90.524,90.533,90.429,90.455,90.55,90.558,90.455,90.481
2026-01-02T14:00:00Z,90.46,90.563,90.443,90.551,90.486,90.588,90.468,90.577
2026-01-02T15:00:00Z,90.554,90.571,90.357,90.367,90.579,90.596,90.381,90.393
2026-01-02T16:00:00Z,90.36,90.397,90.295,90.346,90.385,90.422,90.322,90.371
2026-01-02T17:00:00Z,90.347,90.431,90.334,90.404,90.373,90.456,90.359,90.429
2026-01-02T18:00:00Z,90.402,90.436,90.357,90.387,90.429,90.461,90.382,90.413
2026-01-02T19:00:00Z,90.383,90.462,90.381,90.442,90.408,90.489,90.406,90.468
2026-01-02T20:00:00Z,90.446,90.472,90.428,90.466,90.472,90.497,90.454,90.492
2026-01-02T21:00:00Z,90.469,90.492,90.424,90.425,90.494,90.563,90.469,90.543
2026-01-04T22:00:00Z,90.274,90.321,90.019,90.183,90.474,90.521,90.219,90.315
2026-01-04T23:00:00Z,90.196,90.433,90.196,90.338,90.326,90.461,90.292,90.366
2026-01-05T00:00:00Z,90.34,90.541,90.285,90.418,90.367,90.568,90.314,90.447
2026-01-05T01:00:00Z,90.419,90.486,90.301,90.376,90.444,90.513,90.329,90.403
2026-01-05T02:00:00Z,90.374,90.551,90.312,90.505,90.401,90.579,90.34,90.529
2026-01-05T03:00:00Z,90.505,90.548,90.396,90.396,90.53,90.574,90.422,90.422
2026-01-05T04:00:00Z,90.398,90.448,90.313,90.438,90.424,90.478,90.34,90.465
2026-01-05T05:00:00Z,90.438,90.45,90.333,90.438,90.468,90.476,90.36,90.465
2026-01-05T06:00:00Z,90.442,90.479,90.344,90.385,90.469,90.505,90.37,90.41
2026-01-05T07:00:00Z,90.382,90.41,90.245,90.248,90.407,90.438,90.271,90.273
2026-01-05T08:00:00Z,90.244,90.296,90.151,90.202,90.27,90.322,90.177,90.23
2026-01-05T09:00:00Z,90.198,90.239,90.135,90.218,90.226,90.263,90.16,90.243
2026-01-05T10:00:00Z,90.218,90.315,90.191,90.215,90.244,90.339,90.216,90.24
2026-01-05T11:00:00Z,90.214,90.226,90.156,90.165,90.24,90.252,90.183,90.191
2026-01-05T12:00:00Z,90.163,90.199,90.122,90.156,90.19,90.224,90.147,90.182
2026-01-05T13:00:00Z,90.163,90.263,90.084,90.263,90.187,90.289,90.11,90.289
2026-01-05T14:00:00Z,90.258,90.396,90.225,90.299,90.284,90.424,90.248,90.377
2026-01-05T15:00:00Z,90.305,90.551,90.266,90.506,90.375,90.576,90.352,90.531
2026-01-05T16:00:00Z,90.503,90.546,90.445,90.465,90.529,90.571,90.469,90.49
2026-01-05T17:00:00Z,90.467,90.499,90.422,90.444,90.492,90.525,90.446,90.474
2026-01-05T18:00:00Z,90.444,90.464,90.368,90.385,90.474,90.49,90.394,90.41
2026-01-05T19:00:00Z,90.385,90.46,90.355,90.453,90.412,90.486,90.381,90.48
2026-01-05T20:00:00Z,90.453,90.494,90.434,90.481,90.479,90.52,90.461,90.508
2026-01-05T21:00:00Z,90.482,90.541,90.481,90.511,90.508,90.604,90.507,90.559
2026-01-05T22:00:00Z,90.432,90.548,90.408,90.545,90.55,90.657,90.538,90.654
2026-01-05T23:00:00Z,90.545,90.62,90.52,90.599,90.652,90.672,90.582,90.627
2026-01-06T00:00:00Z,90.594,90.712,90.582,90.586,90.622,90.739,90.609,90.614
2026-01-06T01:00:00Z,90.582,90.727,90.516,90.644,90.609,90.754,90.544,90.672
2026-01-06T02:00:00Z,90.651,90.735,90.616,90.689,90.675,90.763,90.643,90.716
2026-01-06T03:00:00Z,90.689,90.714,90.628,90.638,90.717,90.74,90.655,90.667
2026-01-06T04:00:00Z,90.64,90.696,90.587,90.673,90.666,90.724,90.615,90.701
2026-01-06T05:00:00Z,90.674,90.731,90.669,90.709,90.7,90.759,90.696,90.738
2026-01-06T06:00:00Z,90.709,90.81,90.695,90.776,90.736,90.837,90.722,90.803
2026-01-06T07:00:00Z,90.772,90.785,90.686,90.727,90.798,90.81,90.711,90.753
2026-01-06T08:00:00Z,90.724,90.771,90.588,90.606,90.749,90.797,90.614,90.631
2026-01-06T09:00:00Z,90.603,90.643,90.486,90.555,90.628,90.669,90.512,90.582
2026-01-06T10:00:00Z,90.552,90.603,90.49,90.563,90.579,90.629,90.517,90.59
2026-01-06T11:00:00Z,90.561,90.581,90.534,90.547,90.588,90.608,90.56,90.572
2026-01-06T12:00:00Z,90.542,90.545,90.455,90.494,90.568,90.571,90.481,90.52
2026-01-06T13:00:00Z,90.496,90.57,90.482,90.529,90.525,90.596,90.507,90.554
2026-01-06T14:00:00Z,90.528,90.641,90.501,90.585,90.551,90.666,90.526,90.611
2026-01-06T15:00:00Z,90.582,90.606,90.405,90.449,90.608,90.632,90.431,90.475
2026-01-06T16:00:00Z,90.451,90.537,90.383,90.533,90.477,90.563,90.41,90.56
2026-01-06T17:00:00Z,90.534,90.638,90.528,90.603,90.56,90.661,90.554,90.635
2026-01-06T18:00:00Z,90.603,90.621,90.58,90.58,90.635,90.647,90.606,90.606
2026-01-06T19:00:00Z,90.576,90.578,90.524,90.544,90.602,90.604,90.55,90.569
2026-01-06T20:00:00Z,90.541,90.595,90.526,90.588,90.567,90.622,90.552,90.614
2026-01-06T21:00:00Z,90.585,90.622,90.562,90.59,90.611,90.663,90.606,90.63
2026-01-06T22:00:00Z,90.516,90.665,90.432,90.582,90.641,90.865,90.62,90.693
2026-01-06T23:00:00Z,90.609,90.636,90.542,90.556,90.707,90.721,90.57,90.584
2026-01-07T00:00:00Z,90.549,90.648,90.519,90.592,90.577,90.674,90.555,90.618
2026-01-07T01:00:00Z,90.598,90.753,90.529,90.689,90.624,90.779,90.557,90.715
2026-01-07T02:00:00Z,90.687,90.73,90.615,90.628,90.713,90.757,90.641,90.655
2026-01-07T03:00:00Z,90.626,90.671,90.57,90.599,90.653,90.698,90.597,90.624
2026-01-07T04:00:00Z,90.595,90.655,90.484,90.486,90.621,90.682,90.509,90.514
2026-01-07T05:00:00Z,90.483,90.525,90.375,90.396,90.511,90.553,90.402,90.421
2026-01-07T06:00:00Z,90.395,90.424,90.339,90.402,90.422,90.451,90.365,90.427
2026-01-07T07:00:00Z,90.403,90.468,90.334,90.455,90.427,90.492,90.36,90.48
2026-01-07T08:00:00Z,90.453,90.579,90.428,90.572,90.478,90.604,90.454,90.595
2026-01-07T09:00:00Z,90.572,90.59,90.5,90.538,90.597,90.617,90.526,90.564
2026-01-07T10:00:00Z,90.537,90.622,90.537,90.601,90.562,90.647,90.562,90.626
2026-01-07T11:00:00Z,90.605,90.679,90.592,90.626,90.63,90.705,90.619,90.651
2026-01-07T12:00:00Z,90.622,90.641,90.537,90.568,90.647,90.669,90.563,90.594
2026-01-07T13:00:00Z,90.565,90.619,90.491,90.585,90.591,90.644,90.542,90.61
2026-01-07T14:00:00Z,90.588,90.64,90.527,90.566,90.611,90.663,90.552,90.615
2026-01-07T15:00:00Z,90.566,90.651,90.448,90.561,90.619,90.735,90.473,90.587
2026-01-07T16:00:00Z,90.56,90.57,90.492,90.556,90.585,90.597,90.518,90.582
2026-01-07T17:00:00Z,90.558,90.593,90.529,90.545,90.583,90.617,90.555,90.58
2026-01-07T18:00:00Z,90.545,90.591,90.52,90.558,90.58,90.62,90.55,90.587
2026-01-07T19:00:00Z,90.562,90.572,90.505,90.527,90.591,90.601,90.534,90.556
2026-01-07T20:00:00Z,90.525,90.538,90.476,90.476,90.553,90.568,90.505,90.505
2026-01-07T21:00:00Z,90.474,90.474,90.43,90.438,90.502,90.533,90.456,90.488
2026-01-07T22:00:00Z,90.41,90.516,90.387,90.413,90.61,90.63,90.5,90.519
2026-01-07T23:00:00Z,90.424,90.484,90.402,90.458,90.525,90.525,90.461,90.488
2026-01-08T00:00:00Z,90.46,90.509,90.399,90.421,90.488,90.539,90.426,90.448
2026-01-08T01:00:00Z,90.42,90.532,90.407,90.528,90.448,90.558,90.434,90.554
2026-01-08T02:00:00Z,90.528,90.531,90.413,90.414,90.551,90.558,90.438,90.438
2026-01-08T03:00:00Z,90.414,90.441,90.334,90.393,90.437,90.467,90.358,90.419
2026-01-08T04:00:00Z,90.397,90.397,90.314,90.322,90.423,90.423,90.341,90.348
2026-01-08T05:00:00Z,90.322,90.322,90.239,90.273,90.349,90.349,90.265,90.305
2026-01-08T06:00:00Z,90.273,90.275,90.011,90.152,90.304,90.305,90.037,90.179
2026-01-08T07:00:00Z,90.152,90.226,90.003,90.003,90.175,90.252,90.029,90.029
2026-01-08T08:00:00Z,90.001,90.124,89.988,90.047,90.025,90.15,90.014,90.072
2026-01-08T09:00:00Z,90.05,90.058,89.957,90.037,90.075,90.083,89.983,90.063
2026-01-08T10:00:00Z,90.04,90.09,90.028,90.078,90.066,90.116,90.054,90.103
2026-01-08T11:00:00Z,90.074,90.137,90.057,90.135,90.099,90.162,90.083,90.161
2026-01-08T12:00:00Z,90.135,90.135,90.053,90.09,90.16,90.162,90.079,90.115
2026-01-08T13:00:00Z,90.091,90.18,90.059,90.176,90.117,90.206,90.085,90.203
2026-01-08T14:00:00Z,90.178,90.234,90.095,90.221,90.202,90.263,90.122,90.248
2026-01-08T15:00:00Z,90.218,90.303,90.166,90.261,90.246,90.329,90.195,90.288
2026-01-08T16:00:00Z,90.262,90.262,90.17,90.21,90.288,90.288,90.196,90.235
2026-01-08T17:00:00Z,90.209,90.211,90.088,90.148,90.238,90.238,90.117,90.183
2026-01-08T18:00:00Z,90.148,90.148,90.094,90.107,90.183,90.183,90.122,90.135
2026-01-08T19:00:00Z,90.105,90.207,90.086,90.193,90.133,90.234,90.114,90.221
2026-01-08T20:00:00Z,90.192,90.255,90.192,90.222,90.218,90.285,90.218,90.249
2026-01-08T21:00:00Z,90.22,90.251,90.189,90.201,90.246,90.276,90.217,90.263
2026-01-08T22:00:00Z,90.133,90.172,90.036,90.151,90.3,90.303,90.188,90.269
2026-01-08T23:00:00Z,90.159,90.247,90.159,90.185,90.277,90.295,90.214,90.214
2026-01-09T00:00:00Z,90.183,90.228,90.154,90.193,90.211,90.257,90.184,90.22
2026-01-09T01:00:00Z,90.194,90.255,90.134,90.251,90.22,90.283,90.159,90.276
2026-01-09T02:00:00Z,90.251,90.297,90.232,90.271,90.278,90.325,90.26,90.298
2026-01-09T03:00:00Z,90.271,90.3,90.234,90.29,90.295,90.327,90.262,90.317
2026-01-09T04:00:00Z,90.293,90.35,90.273,90.321,90.319,90.377,90.299,90.347
2026-01-09T05:00:00Z,90.322,90.379,90.309,90.339,90.349,90.405,90.335,90.366
2026-01-09T06:00:00Z,90.341,90.378,90.307,90.316,90.366,90.403,90.335,90.343
2026-01-09T07:00:00Z,90.315,90.349,90.251,90.281,90.34,90.375,90.278,90.306
2026-01-09T08:00:00Z,90.283,90.36,90.24,90.353,90.308,90.386,90.265,90.379
2026-01-09T09:00:00Z,90.358,90.394,90.318,90.334,90.384,90.421,90.342,90.359
2026-01-09T10:00:00Z,90.335,90.381,90.281,90.295,90.358,90.405,90.307,90.321
2026-01-09T11:00:00Z,90.292,90.342,90.243,90.243,90.318,90.367,90.267,90.269
2026-01-09T12:00:00Z,90.245,90.281,90.219,90.23,90.271,90.306,90.245,90.256
2026-01-09T13:00:00Z,90.23,90.435,90.081,90.318,90.255,90.461,90.224,90.344
2026-01-09T14:00:00Z,90.32,90.534,90.285,90.439,90.346,90.56,90.311,90.494
2026-01-09T15:00:00Z,90.444,90.531,90.288,90.468,90.497,90.557,90.313,90.491
2026-01-09T16:00:00Z,90.468,90.59,90.444,90.567,90.492,90.615,90.471,90.593
2026-01-09T17:00:00Z,90.567,90.569,90.487,90.507,90.595,90.597,90.513,90.533
2026-01-09T18:00:00Z,90.505,90.518,90.438,90.45,90.531,90.546,90.465,90.475
2026-01-09T19:00:00Z,90.447,90.475,90.423,90.46,90.472,90.502,90.449,90.487
2026-01-09T20:00:00Z,90.458,90.523,90.457,90.515,90.485,90.551,90.483,90.544
2026-01-09T21:00:00Z,90.515,90.531,90.45,90.474,90.541,90.584,90.519,90.581
2026-01-11T22:00:00Z,90.445,90.578,90.445,90.571,90.637,90.691,90.592,90.683
2026-01-11T23:00:00Z,90.57,90.627,90.507,90.588,90.688,90.688,90.558,90.618
2026-01-12T00:00:00Z,90.584,90.65,90.503,90.533,90.616,90.677,90.529,90.559
2026-01-12T01:00:00Z,90.533,90.622,90.511,90.613,90.56,90.647,90.537,90.639
2026-01-12T02:00:00Z,90.613,90.769,90.599,90.763,90.641,90.796,90.628,90.789
2026-01-12T03:00:00Z,90.759,90.815,90.719,90.815,90.786,90.842,90.747,90.842
2026-01-12T04:00:00Z,90.817,90.833,90.768,90.805,90.844,90.858,90.794,90.828
2026-01-12T05:00:00Z,90.803,90.865,90.782,90.827,90.828,90.893,90.807,90.857
2026-01-12T06:00:00Z,90.825,90.849,90.789,90.823,90.853,90.876,90.818,90.85
2026-01-12T07:00:00Z,90.82,90.887,90.727,90.794,90.847,90.908,90.753,90.819
2026-01-12T08:00:00Z,90.79,90.85,90.729,90.781,90.815,90.873,90.755,90.806
2026-01-12T09:00:00Z,90.778,90.868,90.752,90.854,90.803,90.894,90.777,90.881
2026-01-12T10:00:00Z,90.855,90.903,90.831,90.894,90.881,90.927,90.857,90.918
2026-01-12T11:00:00Z,90.894,90.943,90.864,90.896,90.92,90.968,90.889,90.921
2026-01-12T12:00:00Z,90.892,90.97,90.867,90.921,90.917,90.995,90.892,90.946
2026-01-12T13:00:00Z,90.924,91.005,90.918,91.004,90.949,91.03,90.943,91.03
2026-01-12T14:00:00Z,90.999,91.014,90.914,90.97,91.026,91.04,90.941,90.996
2026-01-12T15:00:00Z,90.969,91.055,90.937,91.05,90.993,91.081,90.963,91.075
2026-01-12T16:00:00Z,91.051,91.177,91.035,91.126,91.075,91.202,91.061,91.152
2026-01-12T17:00:00Z,91.133,91.172,91.103,91.163,91.158,91.198,91.13,91.197
2026-01-12T18:00:00Z,91.163,91.178,91.124,91.15,91.197,91.203,91.152,91.176
2026-01-12T19:00:00Z,91.15,91.2,91.13,91.175,91.175,91.227,91.158,91.2
2026-01-12T20:00:00Z,91.175,91.208,91.172,91.193,91.199,91.234,91.195,91.221
2026-01-12T21:00:00Z,91.196,91.319,91.189,91.266,91.223,91.358,91.219,91.3
2026-01-12T22:00:00Z,91.235,91.239,91.179,91.216,91.338,91.345,91.297,91.334
2026-01-12T23:00:00Z,91.222,91.287,91.152,91.188,91.34,91.343,91.179,91.211
2026-01-13T00:00:00Z,91.188,91.385,91.175,91.331,91.212,91.412,91.202,91.358
2026-01-13T01:00:00Z,91.335,91.562,91.335,91.522,91.361,91.591,91.361,91.548
2026-01-13T02:00:00Z,91.527,91.648,91.487,91.631,91.554,91.676,91.515,91.658
2026-01-13T03:00:00Z,91.63,91.734,91.627,91.732,91.658,91.762,91.654,91.758
2026-01-13T04:00:00Z,91.732,91.784,91.637,91.71,91.759,91.815,91.671,91.739
2026-01-13T05:00:00Z,91.707,91.755,91.685,91.719,91.736,91.783,91.712,91.745
2026-01-13T06:00:00Z,91.722,91.775,91.63,91.643,91.749,91.801,91.659,91.669
2026-01-13T07:00:00Z,91.643,91.719,91.631,91.713,91.666,91.744,91.658,91.738
2026-01-13T08:00:00Z,91.707,91.746,91.624,91.682,91.732,91.772,91.649,91.707
2026-01-13T09:00:00Z,91.685,91.723,91.625,91.678,91.71,91.75,91.649,91.704
2026-01-13T10:00:00Z,91.677,91.694,91.503,91.506,91.705,91.721,91.526,91.531
2026-01-13T11:00:00Z,91.504,91.58,91.504,91.563,91.528,91.605,91.528,91.59
2026-01-13T12:00:00Z,91.558,91.57,91.479,91.487,91.584,91.596,91.507,91.513
2026-01-13T13:00:00Z,91.486,91.73,91.425,91.59,91.511,91.77,91.46,91.616
2026-01-13T14:00:00Z,91.588,91.656,91.51,91.519,91.614,91.682,91.535,91.557
2026-01-13T15:00:00Z,91.524,91.53,91.287,91.357,91.56,91.563,91.312,91.383
2026-01-13T16:00:00Z,91.358,91.38,91.267,91.37,91.383,91.406,91.296,91.396
2026-01-13T17:00:00Z,91.377,91.393,91.259,91.273,91.402,91.419,91.284,91.31
2026-01-13T18:00:00Z,91.273,91.33,91.229,91.283,91.31,91.356,91.255,91.31
2026-01-13T19:00:00Z,91.284,91.324,91.251,91.311,91.31,91.347,91.276,91.336
2026-01-13T20:00:00Z,91.312,91.328,91.281,91.309,91.338,91.352,91.308,91.334
2026-01-13T21:00:00Z,91.313,91.318,91.267,91.294,91.338,91.343,91.295,91.324
2026-01-13T22:00:00Z,91.299,91.323,91.252,91.312,91.383,91.441,91.349,91.43
2026-01-13T23:00:00Z,91.321,91.388,91.29,91.339,91.439,91.439,91.358,91.366
2026-01-14T00:00:00Z,91.334,91.366,91.276,91.313,91.361,91.393,91.303,91.338
2026-01-14T01:00:00Z,91.312,91.406,91.312,91.355,91.339,91.433,91.339,91.378
2026-01-14T02:00:00Z,91.357,91.462,91.339,91.432,91.378,91.489,91.363,91.458
2026-01-14T03:00:00Z,91.431,91.459,91.396,91.441,91.458,91.485,91.422,91.467
2026-01-14T04:00:00Z,91.446,91.481,91.427,91.435,91.471,91.507,91.453,91.46
2026-01-14T05:00:00Z,91.435,91.523,91.414,91.487,91.461,91.549,91.442,91.514
2026-01-14T06:00:00Z,91.489,91.532,91.427,91.502,91.516,91.56,91.456,91.529
2026-01-14T07:00:00Z,91.502,91.518,91.431,91.459,91.53,91.543,91.455,91.481
2026-01-14T08:00:00Z,91.456,91.468,91.249,91.321,91.478,91.492,91.277,91.349
2026-01-14T09:00:00Z,91.323,91.334,91.196,91.237,91.35,91.361,91.226,91.26
2026-01-14T10:00:00Z,91.232,91.242,91.056,91.115,91.26,91.268,91.082,91.141
2026-01-14T11:00:00Z,91.113,91.158,91.036,91.108,91.138,91.184,91.061,91.134
2026-01-14T12:00:00Z,91.109,91.118,90.85,91.061,91.136,91.144,90.882,91.086
2026-01-14T13:00:00Z,91.058,91.092,90.996,91.06,91.081,91.172,91.021,91.085
2026-01-14T14:00:00Z,91.061,91.095,90.923,90.942,91.087,91.121,90.95,90.98
2026-01-14T15:00:00Z,90.943,91.128,90.909,90.967,90.98,91.174,90.942,90.993
2026-01-14T16:00:00Z,90.969,91.075,90.873,90.901,90.992,91.1,90.899,90.928
2026-01-14T17:00:00Z,90.905,90.962,90.89,90.891,90.932,90.99,90.917,90.926
2026-01-14T18:00:00Z,90.891,90.99,90.862,90.99,90.926,91.016,90.889,91.016
2026-01-14T19:00:00Z,90.986,91.018,90.932,91.003,91.012,91.044,90.96,91.029
2026-01-14T20:00:00Z,91.005,91.112,90.986,91.098,91.031,91.139,91.012,91.125
2026-01-14T21:00:00Z,91.096,91.116,91.0,91.018,91.123,91.142,91.056,91.116
2026-01-14T22:00:00Z,90.999,91.069,90.844,90.881,91.18,91.207,90.962,90.999
2026-01-14T23:00:00Z,90.885,90.999,90.837,90.966,91.003,91.074,90.868,90.995
2026-01-15T00:00:00Z,90.967,91.069,90.945,90.97,90.999,91.096,90.972,90.997
2026-01-15T01:00:00Z,90.973,90.987,90.776,90.867,91.0,91.014,90.802,90.894
2026-01-15T02:00:00Z,90.872,90.953,90.829,90.918,90.9,90.98,90.855,90.946
2026-01-15T03:00:00Z,90.922,90.952,90.858,90.883,90.949,90.98,90.885,90.911
2026-01-15T04:00:00Z,90.883,90.955,90.843,90.907,90.91,90.981,90.869,90.933
2026-01-15T05:00:00Z,90.905,90.919,90.81,90.835,90.93,90.946,90.837,90.861
2026-01-15T06:00:00Z,90.831,91.003,90.823,90.996,90.858,91.029,90.85,91.025
2026-01-15T07:00:00Z,90.995,91.062,90.929,91.014,91.017,91.088,90.955,91.041
2026-01-15T08:00:00Z,91.012,91.153,90.951,91.14,91.039,91.178,90.977,91.164
2026-01-15T09:00:00Z,91.146,91.197,91.011,91.061,91.166,91.222,91.037,91.087
2026-01-15T10:00:00Z,91.058,91.132,91.038,91.117,91.083,91.158,91.063,91.143
2026-01-15T11:00:00Z,91.119,91.128,91.07,91.086,91.145,91.154,91.099,91.111
2026-01-15T12:00:00Z,91.09,91.118,91.041,91.063,91.115,91.143,91.067,91.089
2026-01-15T13:00:00Z,91.061,91.066,90.933,90.995,91.086,91.099,90.958,91.022
2026-01-15T14:00:00Z,90.992,91.048,90.952,91.025,91.019,91.073,90.977,91.05
2026-01-15T15:00:00Z,91.021,91.072,90.883,91.017,91.046,91.098,90.908,91.043
2026-01-15T16:00:00Z,91.014,91.069,90.976,91.01,91.04,91.094,91.002,91.035
2026-01-15T17:00:00Z,91.01,91.06,90.994,91.024,91.036,91.086,91.019,91.058
2026-01-15T18:00:00Z,91.024,91.072,91.019,91.033,91.058,91.092,91.043,91.056
2026-01-15T19:00:00Z,91.032,91.066,91.002,91.018,91.056,91.085,91.024,91.04
2026-01-15T20:00:00Z,91.019,91.019,90.972,90.995,91.04,91.043,90.994,91.021
2026-01-15T21:00:00Z,90.99,91.11,90.99,91.07,91.019,91.139,91.017,91.114
2026-01-15T22:00:00Z,91.024,91.078,90.999,91.04,91.19,91.19,91.093,91.127
2026-01-15T23:00:00Z,91.037,91.099,91.007,91.07,91.125,91.163,91.09,91.1
2026-01-16T00:00:00Z,91.074,91.154,91.045,91.117,91.101,91.182,91.074,91.144
2026-01-16T01:00:00Z,91.114,91.164,91.088,91.135,91.141,91.186,91.115,91.163
2026-01-16T02:00:00Z,91.135,91.135,90.849,91.004,91.158,91.162,90.877,91.033
2026-01-16T03:00:00Z,90.999,91.067,90.936,91.013,91.027,91.095,90.965,91.04
2026-01-16T04:00:00Z,91.015,91.127,91.009,91.118,91.042,91.154,91.036,91.145
2026-01-16T05:00:00Z,91.119,91.138,91.075,91.125,91.147,91.165,91.102,91.154
2026-01-16T06:00:00Z,91.126,91.156,91.079,91.146,91.153,91.183,91.107,91.174
2026-01-16T07:00:00Z,91.145,91.162,91.032,91.073,91.171,91.187,91.057,91.097
2026-01-16T08:00:00Z,91.071,91.144,90.996,91.107,91.096,91.171,91.023,91.133
2026-01-16T09:00:00Z,91.104,91.127,91.048,91.1,91.13,91.151,91.075,91.125
2026-01-16T10:00:00Z,91.098,91.136,91.019,91.081,91.122,91.162,91.045,91.106
2026-01-16T11:00:00Z,91.084,91.18,91.079,91.085,91.109,91.205,91.104,91.111
2026-01-16T12:00:00Z,91.082,91.165,91.053,91.068,91.108,91.19,91.078,91.093
2026-01-16T13:00:00Z,91.065,91.068,90.915,90.953,91.091,91.094,90.94,90.979
2026-01-16T14:00:00Z,90.952,91.018,90.826,90.849,90.975,91.044,90.851,90.875
2026-01-16T15:00:00Z,90.847,90.96,90.792,90.812,90.874,90.983,90.818,90.837
2026-01-16T16:00:00Z,90.815,90.902,90.794,90.843,90.84,90.927,90.821,90.868
2026-01-16T17:00:00Z,90.842,90.933,90.836,90.92,90.868,90.958,90.862,90.944
2026-01-16T18:00:00Z,90.916,90.973,90.912,90.945,90.941,90.998,90.937,90.972
2026-01-16T19:00:00Z,90.951,90.983,90.919,90.955,90.977,91.008,90.944,90.98
2026-01-16T20:00:00Z,90.952,90.981,90.934,90.941,90.977,91.005,90.963,90.967
2026-01-16T21:00:00Z,90.939,90.971,90.883,90.887,90.965,91.024,90.913,91.001
2026-01-18T22:00:00Z,90.66,90.716,90.589,90.634,90.759,90.837,90.699,90.752
2026-01-18T23:00:00Z,90.628,90.822,90.568,90.796,90.746,90.851,90.677,90.831
2026-01-19T00:00:00Z,90.799,90.87,90.741,90.747,90.833,90.898,90.767,90.773
2026-01-19T01:00:00Z,90.745,90.938,90.733,90.885,90.772,90.964,90.761,90.912
2026-01-19T02:00:00Z,90.89,91.046,90.89,91.016,90.917,91.072,90.917,91.044
2026-01-19T03:00:00Z,91.018,91.099,90.989,91.086,91.046,91.126,91.015,91.112
2026-01-19T04:00:00Z,91.087,91.171,91.061,91.154,91.11,91.199,91.088,91.182
2026-01-19T05:00:00Z,91.153,91.216,91.098,91.161,91.183,91.241,91.124,91.188
2026-01-19T06:00:00Z,91.16,91.197,91.091,91.099,91.188,91.225,91.113,91.127
2026-01-19T07:00:00Z,91.1,91.231,91.1,91.194,91.126,91.257,91.126,91.22
2026-01-19T08:00:00Z,91.198,91.308,91.184,91.249,91.224,91.336,91.21,91.275
2026-01-19T09:00:00Z,91.248,91.332,91.166,91.208,91.273,91.358,91.192,91.234
2026-01-19T10:00:00Z,91.204,91.313,91.197,91.281,91.23,91.338,91.222,91.306
2026-01-19T11:00:00Z,91.282,91.4,91.281,91.386,91.308,91.428,91.306,91.409
2026-01-19T12:00:00Z,91.384,91.421,91.332,91.389,91.41,91.443,91.356,91.415
2026-01-19T13:00:00Z,91.39,91.429,91.332,91.349,91.415,91.455,91.358,91.374
2026-01-19T14:00:00Z,91.346,91.402,91.234,91.385,91.369,91.429,91.26,91.412
2026-01-19T15:00:00Z,91.386,91.528,91.366,91.512,91.415,91.554,91.394,91.541
2026-01-19T16:00:00Z,91.512,91.607,91.485,91.577,91.539,91.634,91.512,91.603
2026-01-19T17:00:00Z,91.569,91.597,91.547,91.579,91.596,91.623,91.573,91.607
2026-01-19T18:00:00Z,91.579,91.587,91.514,91.566,91.607,91.614,91.54,91.593
2026-01-19T19:00:00Z,91.569,91.605,91.533,91.541,91.596,91.631,91.561,91.565
2026-01-19T20:00:00Z,91.541,91.617,91.517,91.614,91.566,91.644,91.545,91.639
2026-01-19T21:00:00Z,91.614,91.742,91.58,91.665,91.64,91.77,91.607,91.707
2026-01-19T22:00:00Z,91.587,91.674,91.587,91.59,91.734,91.757,91.679,91.687
2026-01-19T23:00:00Z,91.595,91.675,91.594,91.606,91.672,91.736,91.626,91.634
2026-01-20T00:00:00Z,91.604,91.729,91.537,91.558,91.631,91.756,91.565,91.586
2026-01-20T01:00:00Z,91.554,91.831,91.512,91.686,91.583,91.858,91.538,91.713
2026-01-20T02:00:00Z,91.687,91.9,91.673,91.869,91.712,91.926,91.698,91.897
2026-01-20T03:00:00Z,91.869,91.988,91.833,91.975,91.896,92.009,91.863,92.003
2026-01-20T04:00:00Z,91.969,92.154,91.966,92.151,91.997,92.18,91.993,92.178
2026-01-20T05:00:00Z,92.149,92.222,92.118,92.19,92.175,92.248,92.143,92.217
2026-01-20T06:00:00Z,92.192,92.347,92.188,92.331,92.217,92.374,92.211,92.358
2026-01-20T07:00:00Z,92.332,92.49,92.324,92.429,92.357,92.515,92.349,92.454
2026-01-20T08:00:00Z,92.428,92.448,92.071,92.123,92.454,92.473,92.096,92.149
2026-01-20T09:00:00Z,92.125,92.147,91.907,92.063,92.151,92.174,91.933,92.091
2026-01-20T10:00:00Z,92.06,92.18,92.024,92.096,92.088,92.206,92.049,92.124
2026-01-20T11:00:00Z,92.096,92.154,92.08,92.132,92.125,92.179,92.107,92.154
2026-01-20T12:00:00Z,92.129,92.135,92.038,92.102,92.154,92.162,92.061,92.127
2026-01-20T13:00:00Z,92.102,92.159,91.984,92.06,92.128,92.183,92.014,92.084
2026-01-20T14:00:00Z,92.053,92.242,92.008,92.224,92.074,92.267,92.036,92.25
2026-01-20T15:00:00Z,92.22,92.395,92.189,92.342,92.246,92.42,92.214,92.368
2026-01-20T16:00:00Z,92.341,92.411,92.275,92.305,92.368,92.437,92.301,92.331
2026-01-20T17:00:00Z,92.303,92.341,92.236,92.257,92.328,92.367,92.263,92.286
2026-01-20T18:00:00Z,92.257,92.299,92.153,92.19,92.286,92.323,92.181,92.216
2026-01-20T19:00:00Z,92.194,92.265,92.185,92.26,92.22,92.291,92.213,92.286
2026-01-20T20:00:00Z,92.261,92.263,92.201,92.252,92.285,92.293,92.227,92.28
2026-01-20T21:00:00Z,92.253,92.268,92.178,92.216,92.28,92.293,92.234,92.251
2026-01-20T22:00:00Z,92.151,92.2,92.089,92.147,92.269,92.301,92.206,92.261
2026-01-20T23:00:00Z,92.151,92.217,92.089,92.134,92.258,92.261,92.116,92.161
2026-01-21T00:00:00Z,92.144,92.218,92.061,92.061,92.171,92.243,92.089,92.089
2026-01-21T01:00:00Z,92.059,92.166,92.015,92.15,92.088,92.196,92.044,92.177
2026-01-21T02:00:00Z,92.152,92.203,92.054,92.088,92.178,92.229,92.08,92.115
2026-01-21T03:00:00Z,92.089,92.206,92.089,92.183,92.117,92.233,92.117,92.209
2026-01-21T04:00:00Z,92.183,92.227,92.077,92.184,92.207,92.253,92.101,92.211
2026-01-21T05:00:00Z,92.187,92.354,92.174,92.339,92.215,92.381,92.198,92.367
2026-01-21T06:00:00Z,92.339,92.492,92.323,92.484,92.365,92.519,92.35,92.512
2026-01-21T07:00:00Z,92.489,92.49,92.356,92.382,92.515,92.515,92.382,92.408
2026-01-21T08:00:00Z,92.382,92.404,92.273,92.274,92.406,92.43,92.298,92.3
2026-01-21T09:00:00Z,92.271,92.356,92.264,92.309,92.296,92.381,92.288,92.334
2026-01-21T10:00:00Z,92.307,92.344,92.285,92.306,92.334,92.369,92.311,92.331
2026-01-21T11:00:00Z,92.302,92.388,92.282,92.353,92.327,92.416,92.307,92.38
2026-01-21T12:00:00Z,92.351,92.506,92.331,92.496,92.378,92.532,92.357,92.522
2026-01-21T13:00:00Z,92.493,92.571,92.462,92.549,92.519,92.596,92.487,92.574
2026-01-21T14:00:00Z,92.546,92.68,92.507,92.603,92.571,92.706,92.537,92.638
2026-01-21T15:00:00Z,92.599,92.665,92.513,92.533,92.633,92.692,92.539,92.559
2026-01-21T16:00:00Z,92.534,92.603,92.415,92.461,92.561,92.627,92.443,92.486
2026-01-21T17:00:00Z,92.459,92.499,92.35,92.421,92.484,92.525,92.377,92.458
2026-01-21T18:00:00Z,92.421,92.444,92.35,92.424,92.458,92.469,92.376,92.45
2026-01-21T19:00:00Z,92.426,92.592,92.394,92.588,92.447,92.617,92.42,92.613
2026-01-21T20:00:00Z,92.585,92.599,92.482,92.52,92.61,92.625,92.506,92.547
2026-01-21T21:00:00Z,92.523,92.574,92.459,92.463,92.549,92.602,92.493,92.51
2026-01-21T22:00:00Z,92.425,92.463,92.423,92.434,92.543,92.575,92.521,92.552
2026-01-21T23:00:00Z,92.447,92.503,92.398,92.489,92.56,92.572,92.426,92.517
2026-01-22T00:00:00Z,92.486,92.592,92.373,92.503,92.514,92.62,92.401,92.53
2026-01-22T01:00:00Z,92.508,92.673,92.466,92.65,92.536,92.7,92.492,92.678
2026-01-22T02:00:00Z,92.652,92.758,92.641,92.756,92.678,92.785,92.669,92.782
2026-01-22T03:00:00Z,92.755,92.937,92.755,92.937,92.782,92.964,92.78,92.964
2026-01-22T04:00:00Z,92.94,93.005,92.913,92.919,92.964,93.03,92.939,92.948
2026-01-22T05:00:00Z,92.923,92.979,92.891,92.967,92.952,93.002,92.919,92.994
2026-01-22T06:00:00Z,92.968,93.012,92.925,92.997,92.994,93.039,92.952,93.024
2026-01-22T07:00:00Z,93.0,93.117,92.996,93.004,93.027,93.144,93.021,93.03
2026-01-22T08:00:00Z,93.002,93.074,92.964,93.059,93.029,93.1,92.991,93.085
2026-01-22T09:00:00Z,93.054,93.152,93.012,93.074,93.08,93.177,93.038,93.1
2026-01-22T10:00:00Z,93.076,93.197,93.044,93.128,93.102,93.223,93.07,93.156
2026-01-22T11:00:00Z,93.125,93.212,93.104,93.153,93.152,93.237,93.131,93.179
2026-01-22T12:00:00Z,93.154,93.34,93.143,93.333,93.181,93.364,93.168,93.359
2026-01-22T13:00:00Z,93.336,93.467,93.317,93.422,93.362,93.553,93.343,93.447
2026-01-22T14:00:00Z,93.422,93.477,93.333,93.35,93.449,93.504,93.36,93.388
2026-01-22T15:00:00Z,93.35,93.392,93.238,93.348,93.387,93.418,93.266,93.375
2026-01-22T16:00:00Z,93.348,93.444,93.337,93.441,93.376,93.469,93.365,93.466
2026-01-22T17:00:00Z,93.438,93.515,93.359,93.497,93.462,93.538,93.385,93.527
2026-01-22T18:00:00Z,93.497,93.542,93.467,93.523,93.527,93.567,93.49,93.547
2026-01-22T19:00:00Z,93.523,93.572,93.517,93.531,93.548,93.597,93.544,93.556
2026-01-22T20:00:00Z,93.529,93.599,93.506,93.597,93.553,93.623,93.533,93.621
2026-01-22T21:00:00Z,93.594,93.897,93.579,93.865,93.621,93.952,93.604,93.91
2026-01-22T22:00:00Z,93.826,93.856,93.699,93.764,93.943,93.944,93.817,93.859
2026-01-22T23:00:00Z,93.775,93.775,93.615,93.747,93.869,93.872,93.643,93.775
2026-01-23T00:00:00Z,93.749,93.8,93.687,93.739,93.777,93.828,93.715,93.762
2026-01-23T01:00:00Z,93.739,93.895,93.728,93.861,93.764,93.923,93.754,93.89
2026-01-23T02:00:00Z,93.861,93.895,93.653,93.703,93.889,93.92,93.684,93.733
2026-01-23T03:00:00Z,93.706,93.756,93.634,93.701,93.733,93.784,93.669,93.731
2026-01-23T04:00:00Z,93.702,93.778,93.654,93.714,93.731,93.805,93.684,93.741
2026-01-23T05:00:00Z,93.717,93.758,93.653,93.744,93.744,93.786,93.681,93.772
2026-01-23T06:00:00Z,93.744,93.916,93.676,93.88,93.771,93.945,93.707,93.907
2026-01-23T07:00:00Z,93.882,94.016,92.94,93.49,93.907,94.04,92.996,93.519
2026-01-23T08:00:00Z,93.489,93.509,93.312,93.398,93.525,93.536,93.339,93.425
2026-01-23T09:00:00Z,93.399,93.404,93.154,93.174,93.425,93.429,93.181,93.2
2026-01-23T10:00:00Z,93.17,93.334,93.143,93.324,93.197,93.36,93.17,93.35
2026-01-23T11:00:00Z,93.321,93.487,93.302,93.378,93.348,93.513,93.328,93.404
2026-01-23T12:00:00Z,93.381,93.569,93.363,93.538,93.407,93.594,93.387,93.563
2026-01-23T13:00:00Z,93.54,93.562,93.389,93.404,93.566,93.588,93.414,93.431
2026-01-23T14:00:00Z,93.406,93.562,93.406,93.541,93.43,93.588,93.43,93.582
2026-01-23T15:00:00Z,93.543,93.644,93.517,93.625,93.586,93.67,93.543,93.652
2026-01-23T16:00:00Z,93.623,93.642,93.323,93.387,93.649,93.669,93.348,93.413
2026-01-23T17:00:00Z,93.389,93.402,92.743,92.776,93.418,93.432,92.771,92.809
2026-01-23T18:00:00Z,92.774,92.843,92.591,92.655,92.808,92.877,92.621,92.684
2026-01-23T19:00:00Z,92.654,92.741,92.467,92.595,92.684,92.771,92.494,92.624
2026-01-23T20:00:00Z,92.598,92.667,92.554,92.646,92.627,92.697,92.585,92.674
2026-01-23T21:00:00Z,92.647,92.689,92.583,92.604,92.674,92.762,92.617,92.701
2026-01-25T22:00:00Z,92.002,92.415,91.842,92.127,92.202,92.531,92.024,92.327
2026-01-25T23:00:00Z,92.13,92.516,92.073,92.475,92.307,92.546,92.255,92.503
2026-01-26T00:00:00Z,92.48,92.494,92.214,92.336,92.507,92.526,92.247,92.369
2026-01-26T01:00:00Z,92.336,92.365,91.996,92.038,92.366,92.402,92.025,92.065
2026-01-26T02:00:00Z,92.039,92.066,91.823,91.829,92.065,92.092,91.854,91.859
2026-01-26T03:00:00Z,91.829,92.019,91.785,91.894,91.856,92.044,91.816,91.919
2026-01-26T04:00:00Z,91.889,91.894,91.704,91.784,91.917,91.923,91.732,91.809
2026-01-26T05:00:00Z,91.781,91.855,91.693,91.845,91.808,91.878,91.721,91.872
2026-01-26T06:00:00Z,91.849,91.943,91.782,91.847,91.876,91.97,91.812,91.876
2026-01-26T07:00:00Z,91.847,91.87,91.672,91.852,91.875,91.899,91.698,91.877
2026-01-26T08:00:00Z,91.855,91.916,91.578,91.868,91.879,91.942,91.605,91.895
2026-01-26T09:00:00Z,91.87,91.99,91.658,91.737,91.897,92.018,91.684,91.763
2026-01-26T10:00:00Z,91.734,91.881,91.651,91.658,91.76,91.905,91.678,91.687
2026-01-26T11:00:00Z,91.658,91.767,91.5,91.759,91.688,91.796,91.529,91.787
2026-01-26T12:00:00Z,91.756,91.936,91.756,91.896,91.784,91.961,91.784,91.924
2026-01-26T13:00:00Z,91.897,91.913,91.799,91.879,91.924,91.94,91.826,91.905
2026-01-26T14:00:00Z,91.876,92.052,91.867,92.024,91.903,92.077,91.892,92.055
2026-01-26T15:00:00Z,92.023,92.182,91.952,92.182,92.056,92.21,91.979,92.21
2026-01-26T16:00:00Z,92.184,92.221,92.092,92.136,92.212,92.249,92.117,92.161
2026-01-26T17:00:00Z,92.139,92.349,92.122,92.23,92.164,92.375,92.149,92.258
2026-01-26T18:00:00Z,92.23,92.34,92.204,92.309,92.258,92.366,92.232,92.334
2026-01-26T19:00:00Z,92.304,92.338,92.072,92.079,92.33,92.364,92.098,92.105
2026-01-26T20:00:00Z,92.076,92.115,91.964,92.06,92.101,92.141,91.99,92.082
2026-01-26T21:00:00Z,92.062,92.153,92.062,92.099,92.085,92.183,92.085,92.141
2026-01-26T22:00:00Z,92.024,92.064,91.911,91.98,92.147,92.174,92.05,92.11
2026-01-26T23:00:00Z,91.976,92.174,91.956,92.155,92.091,92.206,92.049,92.185
2026-01-27T00:00:00Z,92.153,92.175,91.892,91.94,92.181,92.204,91.92,91.967
2026-01-27T01:00:00Z,91.942,92.107,91.923,92.104,91.971,92.132,91.952,92.128
2026-01-27T02:00:00Z,92.101,92.181,92.045,92.113,92.128,92.208,92.074,92.141
2026-01-27T03:00:00Z,92.114,92.166,92.021,92.132,92.141,92.197,92.048,92.16
2026-01-27T04:00:00Z,92.135,92.213,92.109,92.195,92.162,92.241,92.137,92.226
2026-01-27T05:00:00Z,92.192,92.211,92.124,92.181,92.224,92.241,92.148,92.208
2026-01-27T06:00:00Z,92.183,92.26,92.17,92.205,92.209,92.286,92.198,92.233
2026-01-27T07:00:00Z,92.202,92.357,92.186,92.317,92.229,92.38,92.214,92.338
2026-01-27T08:00:00Z,92.315,92.315,92.157,92.19,92.34,92.341,92.183,92.213
2026-01-27T09:00:00Z,92.189,92.207,91.389,91.822,92.213,92.233,91.421,91.855
2026-01-27T10:00:00Z,91.825,91.98,91.745,91.869,91.859,92.013,91.772,91.896
2026-01-27T11:00:00Z,91.863,91.952,91.785,91.941,91.896,91.978,91.814,91.968
2026-01-27T12:00:00Z,91.939,91.983,91.815,91.888,91.965,92.01,91.842,91.913
2026-01-27T13:00:00Z,91.881,91.901,91.716,91.798,91.905,91.927,91.745,91.828
2026-01-27T14:00:00Z,91.798,91.998,91.752,91.927,91.827,92.024,91.78,91.964
2026-01-27T15:00:00Z,91.926,92.116,91.863,92.069,91.966,92.145,91.891,92.092
2026-01-27T16:00:00Z,92.067,92.134,92.028,92.064,92.092,92.163,92.058,92.094
2026-01-27T17:00:00Z,92.065,92.084,91.773,91.885,92.094,92.114,91.8,91.924
2026-01-27T18:00:00Z,91.885,91.92,91.769,91.877,91.924,91.947,91.794,91.901
2026-01-27T19:00:00Z,91.879,91.937,91.877,91.9,91.905,91.963,91.904,91.926
2026-01-27T20:00:00Z,91.903,92.076,91.725,92.053,91.929,92.109,91.755,92.083
2026-01-27T21:00:00Z,92.057,92.096,91.941,91.95,92.087,92.128,91.967,92.029
2026-01-27T22:00:00Z,91.921,92.027,91.893,91.984,92.074,92.227,92.008,92.074
2026-01-27T23:00:00Z,92.002,92.056,91.857,91.928,92.062,92.092,91.888,91.962
2026-01-28T00:00:00Z,91.923,92.102,91.791,91.952,91.957,92.132,91.82,91.978
2026-01-28T01:00:00Z,91.951,92.023,91.888,91.966,91.978,92.048,91.92,91.993
2026-01-28T02:00:00Z,91.97,91.994,91.895,91.906,91.998,92.021,91.923,91.93
2026-01-28T03:00:00Z,91.899,91.924,91.814,91.88,91.928,91.951,91.841,91.908
2026-01-28T04:00:00Z,91.879,91.902,91.794,91.813,91.906,91.929,91.821,91.84
2026-01-28T05:00:00Z,91.816,91.981,91.735,91.967,91.844,92.008,91.765,91.995
2026-01-28T06:00:00Z,91.976,92.053,91.953,91.981,92.004,92.082,91.979,92.012
2026-01-28T07:00:00Z,91.979,92.084,91.926,92.017,92.006,92.111,91.951,92.043
2026-01-28T08:00:00Z,92.014,92.072,91.93,91.955,92.04,92.099,91.956,91.98
2026-01-28T09:00:00Z,91.958,92.098,91.902,92.095,91.983,92.126,91.931,92.122
2026-01-28T10:00:00Z,92.095,92.157,92.034,92.104,92.123,92.183,92.061,92.13
2026-01-28T11:00:00Z,92.105,92.111,92.004,92.03,92.129,92.137,92.033,92.056
2026-01-28T12:00:00Z,92.03,92.04,91.962,92.004,92.059,92.066,91.989,92.028
2026-01-28T13:00:00Z,92.003,92.142,91.951,92.133,92.029,92.167,91.976,92.157
2026-01-28T14:00:00Z,92.129,92.271,92.084,92.204,92.156,92.297,92.111,92.227
2026-01-28T15:00:00Z,92.203,92.626,92.192,92.589,92.228,92.652,92.219,92.615
2026-01-28T16:00:00Z,92.59,92.713,92.551,92.617,92.615,92.736,92.579,92.643
2026-01-28T17:00:00Z,92.619,92.667,92.559,92.647,92.645,92.693,92.585,92.681
2026-01-28T18:00:00Z,92.647,92.729,92.618,92.628,92.681,92.759,92.646,92.738
2026-01-28T19:00:00Z,92.629,92.751,92.585,92.713,92.744,92.813,92.615,92.742
2026-01-28T20:00:00Z,92.705,92.791,92.653,92.766,92.734,92.816,92.687,92.794
2026-01-28T21:00:00Z,92.771,92.962,92.723,92.934,92.799,93.018,92.75,92.964
2026-01-28T22:00:00Z,92.834,92.943,92.83,92.914,93.034,93.041,92.973,93.002
2026-01-28T23:00:00Z,92.927,92.965,92.78,92.824,93.018,93.018,92.808,92.852
2026-01-29T00:00:00Z,92.826,92.841,92.6,92.735,92.854,92.869,92.627,92.758
2026-01-29T01:00:00Z,92.727,92.784,92.576,92.704,92.755,92.815,92.603,92.732
2026-01-29T02:00:00Z,92.707,92.851,92.661,92.837,92.735,92.876,92.687,92.864
2026-01-29T03:00:00Z,92.837,93.009,92.831,93.0,92.867,93.034,92.859,93.024
2026-01-29T04:00:00Z,92.998,93.19,92.963,93.179,93.024,93.22,92.99,93.208
2026-01-29T05:00:00Z,93.179,93.225,93.118,93.137,93.209,93.253,93.144,93.166
2026-01-29T06:00:00Z,93.138,93.184,93.047,93.104,93.166,93.21,93.074,93.131
2026-01-29T07:00:00Z,93.1,93.2,93.082,93.132,93.128,93.225,93.107,93.158
2026-01-29T08:00:00Z,93.13,93.185,92.943,92.999,93.156,93.209,92.97,93.024
2026-01-29T09:00:00Z,92.993,93.061,92.95,92.997,93.017,93.086,92.976,93.023
2026-01-29T10:00:00Z,92.992,93.013,92.841,92.87,93.019,93.039,92.871,92.897
2026-01-29T11:00:00Z,92.872,93.002,92.823,92.982,92.899,93.028,92.849,93.008
2026-01-29T12:00:00Z,92.978,93.117,92.951,93.1,93.002,93.144,92.977,93.127
2026-01-29T13:00:00Z,93.101,93.197,93.067,93.162,93.127,93.258,93.092,93.186
2026-01-29T14:00:00Z,93.164,93.253,92.954,92.974,93.189,93.278,92.981,93.004
2026-01-29T15:00:00Z,92.975,92.993,92.044,92.17,93.007,93.021,92.073,92.197
2026-01-29T16:00:00Z,92.169,92.56,92.143,92.51,92.195,92.587,92.172,92.537
2026-01-29T17:00:00Z,92.509,92.843,92.509,92.641,92.535,92.87,92.535,92.677
2026-01-29T18:00:00Z,92.641,92.892,92.641,92.834,92.677,92.917,92.677,92.86
2026-01-29T19:00:00Z,92.831,92.932,92.782,92.813,92.857,92.957,92.807,92.838
2026-01-29T20:00:00Z,92.816,93.039,92.804,93.024,92.841,93.065,92.829,93.05
2026-01-29T21:00:00Z,93.022,93.128,93.013,93.045,93.048,93.156,93.04,93.083
2026-01-29T22:00:00Z,92.842,93.02,92.829,92.947,93.042,93.132,92.989,93.042
2026-01-29T23:00:00Z,92.947,93.083,92.815,93.028,93.044,93.113,92.85,93.055
2026-01-30T00:00:00Z,93.032,93.146,92.956,92.971,93.059,93.174,92.986,93.0
2026-01-30T01:00:00Z,92.969,93.095,92.918,92.996,92.998,93.122,92.945,93.026
2026-01-30T02:00:00Z,93.0,93.07,92.762,93.04,93.028,93.099,92.791,93.069
2026-01-30T03:00:00Z,93.044,93.144,93.002,93.058,93.072,93.172,93.031,93.085
2026-01-30T04:00:00Z,93.058,93.164,93.023,93.096,93.083,93.191,93.05,93.123
2026-01-30T05:00:00Z,93.092,93.159,93.037,93.079,93.119,93.186,93.065,93.106
2026-01-30T06:00:00Z,93.077,93.127,92.945,92.946,93.104,93.155,92.972,92.974
2026-01-30T07:00:00Z,92.945,93.109,92.941,93.05,92.972,93.135,92.968,93.076
2026-01-30T08:00:00Z,93.046,93.233,92.959,93.214,93.073,93.26,92.986,93.24
2026-01-30T09:00:00Z,93.211,93.325,93.023,93.116,93.237,93.352,93.049,93.142
2026-01-30T10:00:00Z,93.111,93.321,93.092,93.251,93.138,93.349,93.118,93.277
2026-01-30T11:00:00Z,93.255,93.436,93.248,93.425,93.28,93.463,93.273,93.451
2026-01-30T12:00:00Z,93.418,93.501,93.251,93.287,93.444,93.528,93.277,93.313
2026-01-30T13:00:00Z,93.281,93.518,93.263,93.441,93.307,93.544,93.289,93.467
2026-01-30T14:00:00Z,93.441,93.87,93.441,93.708,93.468,93.896,93.468,93.736
2026-01-30T15:00:00Z,93.71,93.822,93.26,93.262,93.737,93.849,93.286,93.287
2026-01-30T16:00:00Z,93.263,93.344,93.167,93.304,93.287,93.37,93.194,93.33
2026-01-30T17:00:00Z,93.304,93.345,93.141,93.165,93.329,93.371,93.167,93.189
2026-01-30T18:00:00Z,93.166,93.199,92.905,93.173,93.191,93.224,92.931,93.198
2026-01-30T19:00:00Z,93.168,93.301,93.166,93.227,93.192,93.329,93.191,93.253
2026-01-30T20:00:00Z,93.224,93.235,93.136,93.164,93.25,93.26,93.162,93.19
2026-01-30T21:00:00Z,93.169,93.206,93.107,93.128,93.194,93.266,93.155,93.234
2026-02-01T22:00:00Z,93.064,93.416,93.057,93.179,93.21,93.549,93.182,93.336
2026-02-01T23:00:00Z,93.202,93.452,93.136,93.254,93.376,93.491,93.168,93.286
2026-02-02T00:00:00Z,93.246,93.627,93.232,93.587,93.278,93.654,93.264,93.613
2026-02-02T01:00:00Z,93.59,93.598,93.375,93.443,93.617,93.625,93.401,93.47
2026-02-02T02:00:00Z,93.447,93.465,93.251,93.324,93.473,93.492,93.278,93.352
2026-02-02T03:00:00Z,93.321,93.383,93.187,93.227,93.348,93.41,93.215,93.255
2026-02-02T04:00:00Z,93.23,93.241,93.075,93.171,93.257,93.269,93.103,93.199
2026-02-02T05:00:00Z,93.175,93.204,92.89,92.981,93.203,93.231,92.918,93.01
2026-02-02T06:00:00Z,92.983,93.031,92.629,92.7,93.012,93.058,92.658,92.727
2026-02-02T07:00:00Z,92.706,93.087,92.689,93.035,92.731,93.114,92.716,93.061
2026-02-02T08:00:00Z,93.031,93.27,92.998,93.133,93.058,93.296,93.025,93.156
2026-02-02T09:00:00Z,93.131,93.23,93.007,93.214,93.156,93.257,93.035,93.24
2026-02-02T10:00:00Z,93.21,93.284,93.085,93.107,93.236,93.309,93.112,93.135
2026-02-02T11:00:00Z,93.111,93.256,93.103,93.106,93.139,93.282,93.128,93.13
2026-02-02T12:00:00Z,93.106,93.248,93.099,93.207,93.132,93.273,93.124,93.232
2026-02-02T13:00:00Z,93.207,93.209,93.076,93.184,93.233,93.237,93.103,93.211
2026-02-02T14:00:00Z,93.18,93.409,93.124,93.316,93.207,93.436,93.15,93.367
2026-02-02T15:00:00Z,93.385,93.511,93.25,93.275,93.443,93.539,93.275,93.302
2026-02-02T16:00:00Z,93.275,93.453,93.243,93.419,93.304,93.48,93.27,93.445
2026-02-02T17:00:00Z,93.416,93.473,93.348,93.363,93.441,93.5,93.374,93.4
2026-02-02T18:00:00Z,93.363,93.363,93.283,93.291,93.4,93.4,93.311,93.317
2026-02-02T19:00:00Z,93.289,93.409,93.288,93.365,93.316,93.436,93.314,93.392
2026-02-02T20:00:00Z,93.365,93.393,93.329,93.393,93.393,93.422,93.356,93.422
2026-02-02T21:00:00Z,93.39,93.438,93.309,93.319,93.419,93.466,93.376,93.396
2026-02-02T22:00:00Z,93.326,93.349,93.233,93.237,93.445,93.455,93.351,93.351
2026-02-02T23:00:00Z,93.231,93.464,93.229,93.456,93.332,93.493,93.33,93.484
2026-02-03T00:00:00Z,93.459,93.628,93.459,93.594,93.485,93.655,93.485,93.623
2026-02-03T01:00:00Z,93.594,93.667,93.543,93.588,93.621,93.695,93.57,93.615
2026-02-03T02:00:00Z,93.589,93.608,93.383,93.468,93.617,93.635,93.411,93.495
2026-02-03T03:00:00Z,93.467,93.817,93.4,93.793,93.495,93.846,93.458,93.819
2026-02-03T04:00:00Z,93.791,93.927,93.71,93.769,93.819,93.955,93.74,93.796
2026-02-03T05:00:00Z,93.767,93.837,93.735,93.77,93.794,93.865,93.762,93.8
2026-02-03T06:00:00Z,93.771,93.942,93.726,93.886,93.8,93.969,93.753,93.914
2026-02-03T07:00:00Z,93.886,94.125,93.862,94.047,93.913,94.155,93.887,94.074
2026-02-03T08:00:00Z,94.045,94.162,93.955,94.077,94.07,94.19,93.982,94.104
2026-02-03T09:00:00Z,94.077,94.105,93.959,94.036,94.101,94.132,93.986,94.064
2026-02-03T10:00:00Z,94.037,94.09,93.972,93.993,94.066,94.118,93.998,94.02
2026-02-03T11:00:00Z,93.992,94.113,93.976,93.994,94.018,94.136,94.003,94.021
2026-02-03T12:00:00Z,93.995,94.146,93.984,94.122,94.019,94.173,94.012,94.147
2026-02-03T13:00:00Z,94.121,94.173,94.028,94.158,94.147,94.201,94.054,94.184
2026-02-03T14:00:00Z,94.158,94.158,93.938,93.938,94.185,94.185,93.968,93.972
2026-02-03T15:00:00Z,93.937,94.212,93.84,94.11,93.969,94.24,93.865,94.134
2026-02-03T16:00:00Z,94.115,94.26,94.095,94.174,94.136,94.287,94.122,94.2
2026-02-03T17:00:00Z,94.172,94.184,94.004,94.101,94.198,94.209,94.031,94.137
2026-02-03T18:00:00Z,94.101,94.149,93.948,93.948,94.137,94.177,93.976,93.976
2026-02-03T19:00:00Z,93.944,94.138,93.9,94.114,93.972,94.167,93.928,94.143
2026-02-03T20:00:00Z,94.111,94.283,94.092,94.239,94.141,94.311,94.12,94.268
2026-02-03T21:00:00Z,94.242,94.398,94.06,94.138,94.271,94.428,94.092,94.182
2026-02-03T22:00:00Z,94.061,94.227,94.05,94.124,94.218,94.345,94.164,94.219
2026-02-03T23:00:00Z,94.126,94.161,94.032,94.088,94.226,94.237,94.06,94.118
2026-02-04T00:00:00Z,94.093,94.214,94.033,94.174,94.123,94.242,94.063,94.202
2026-02-04T01:00:00Z,94.173,94.377,94.141,94.295,94.202,94.405,94.171,94.323
2026-02-04T02:00:00Z,94.296,94.369,94.2,94.239,94.325,94.397,94.228,94.266
2026-02-04T03:00:00Z,94.237,94.323,94.181,94.252,94.266,94.35,94.209,94.28
2026-02-04T04:00:00Z,94.258,94.346,94.243,94.274,94.286,94.373,94.272,94.303
2026-02-04T05:00:00Z,94.273,94.411,94.264,94.36,94.3,94.439,94.291,94.387
2026-02-04T06:00:00Z,94.37,94.478,94.361,94.466,94.398,94.507,94.387,94.493
2026-02-04T07:00:00Z,94.468,94.526,94.364,94.451,94.494,94.555,94.391,94.481
2026-02-04T08:00:00Z,94.452,94.565,94.426,94.559,94.481,94.595,94.459,94.586
2026-02-04T09:00:00Z,94.559,94.569,94.26,94.327,94.584,94.596,94.287,94.354
2026-02-04T10:00:00Z,94.324,94.364,94.248,94.297,94.351,94.388,94.276,94.32
2026-02-04T11:00:00Z,94.297,94.378,94.243,94.378,94.321,94.403,94.27,94.403
2026-02-04T12:00:00Z,94.378,94.478,94.342,94.398,94.406,94.505,94.369,94.425
2026-02-04T13:00:00Z,94.399,94.473,94.306,94.313,94.427,94.499,94.332,94.339
2026-02-04T14:00:00Z,94.313,94.315,94.012,94.028,94.34,94.343,94.038,94.098
2026-02-04T15:00:00Z,94.076,94.24,93.992,94.018,94.194,94.267,94.022,94.043
2026-02-04T16:00:00Z,94.017,94.062,93.808,93.988,94.043,94.092,93.837,94.019
2026-02-04T17:00:00Z,93.988,94.047,93.747,93.827,94.018,94.077,93.774,93.865
2026-02-04T18:00:00Z,93.827,93.97,93.79,93.94,93.865,93.999,93.82,93.966
2026-02-04T19:00:00Z,93.94,94.178,93.853,94.149,93.968,94.207,93.882,94.177
2026-02-04T20:00:00Z,94.153,94.177,94.083,94.156,94.181,94.205,94.113,94.186
2026-02-04T21:00:00Z,94.158,94.183,94.103,94.105,94.187,94.22,94.145,94.202
2026-02-04T22:00:00Z,94.102,94.165,94.031,94.075,94.231,94.356,94.124,94.184
2026-02-04T23:00:00Z,94.076,94.122,94.024,94.082,94.176,94.211,94.082,94.11
2026-02-05T00:00:00Z,94.074,94.257,94.069,94.134,94.103,94.285,94.097,94.162
2026-02-05T01:00:00Z,94.134,94.248,94.083,94.085,94.16,94.273,94.11,94.113
2026-02-05T02:00:00Z,94.087,94.117,93.762,93.766,94.113,94.146,93.789,93.791
2026-02-05T03:00:00Z,93.763,93.889,93.697,93.797,93.79,93.918,93.728,93.824
2026-02-05T04:00:00Z,93.8,93.925,93.8,93.85,93.828,93.951,93.827,93.874
2026-02-05T05:00:00Z,93.848,93.966,93.809,93.959,93.874,93.992,93.835,93.986
2026-02-05T06:00:00Z,93.961,93.989,93.876,93.989,93.986,94.016,93.902,94.014
2026-02-05T07:00:00Z,93.988,94.146,93.974,94.049,94.014,94.169,94.003,94.074
2026-02-05T08:00:00Z,94.052,94.205,94.007,94.036,94.078,94.232,94.037,94.064
2026-02-05T09:00:00Z,94.042,94.173,93.907,94.077,94.07,94.198,93.937,94.103
2026-02-05T10:00:00Z,94.073,94.172,94.055,94.168,94.099,94.2,94.086,94.196
2026-02-05T11:00:00Z,94.168,94.242,94.116,94.174,94.195,94.271,94.143,94.201
2026-02-05T12:00:00Z,94.175,94.239,93.942,94.062,94.205,94.266,93.969,94.088
2026-02-05T13:00:00Z,94.06,94.06,93.868,93.902,94.089,94.095,93.895,93.929
2026-02-05T14:00:00Z,93.899,94.077,93.866,93.887,93.925,94.104,93.892,93.925
2026-02-05T15:00:00Z,93.882,93.897,93.486,93.72,93.922,93.93,93.514,93.746
2026-02-05T16:00:00Z,93.719,94.01,93.668,93.968,93.742,94.041,93.698,93.995
2026-02-05T17:00:00Z,93.964,93.987,93.818,93.822,93.995,94.013,93.859,93.861
2026-02-05T18:00:00Z,93.822,93.858,93.685,93.725,93.861,93.885,93.71,93.751
2026-02-05T19:00:00Z,93.722,93.821,93.679,93.706,93.748,93.849,93.704,93.733
2026-02-05T20:00:00Z,93.703,93.814,93.59,93.615,93.73,93.839,93.616,93.642
2026-02-05T21:00:00Z,93.618,93.644,93.385,93.407,93.645,93.671,93.442,93.477
2026-02-05T22:00:00Z,93.291,93.451,93.286,93.401,93.491,93.552,93.458,93.508
2026-02-05T23:00:00Z,93.405,93.414,93.044,93.098,93.523,93.523,93.072,93.127
2026-02-06T00:00:00Z,93.101,93.172,92.847,93.13,93.13,93.201,92.874,93.159
2026-02-06T01:00:00Z,93.135,93.329,93.035,93.274,93.165,93.357,93.063,93.304
2026-02-06T02:00:00Z,93.275,93.496,93.275,93.387,93.304,93.524,93.302,93.413
2026-02-06T03:00:00Z,93.385,93.471,93.36,93.456,93.411,93.499,93.386,93.482
2026-02-06T04:00:00Z,93.456,93.507,93.445,93.49,93.484,93.535,93.471,93.517
2026-02-06T05:00:00Z,93.491,93.689,93.464,93.687,93.519,93.716,93.493,93.715
2026-02-06T06:00:00Z,93.689,93.824,93.674,93.712,93.717,93.852,93.701,93.739
2026-02-06T07:00:00Z,93.716,93.77,93.567,93.768,93.741,93.798,93.594,93.795
2026-02-06T08:00:00Z,93.766,93.872,93.715,93.863,93.792,93.898,93.742,93.89
2026-02-06T09:00:00Z,93.866,94.034,93.842,94.011,93.893,94.061,93.869,94.037
2026-02-06T10:00:00Z,94.017,94.044,93.894,93.931,94.043,94.07,93.922,93.957
2026-02-06T11:00:00Z,93.933,94.144,93.929,94.115,93.96,94.171,93.956,94.14
2026-02-06T12:00:00Z,94.113,94.149,94.029,94.119,94.136,94.172,94.056,94.145
2026-02-06T13:00:00Z,94.12,94.213,94.1,94.188,94.145,94.239,94.127,94.215
2026-02-06T14:00:00Z,94.185,94.366,94.143,94.335,94.213,94.392,94.169,94.379
2026-02-06T15:00:00Z,94.344,94.437,94.28,94.331,94.383,94.464,94.308,94.358
2026-02-06T16:00:00Z,94.334,94.592,94.332,94.536,94.36,94.619,94.359,94.563
2026-02-06T17:00:00Z,94.537,94.614,94.516,94.587,94.563,94.641,94.542,94.613
2026-02-06T18:00:00Z,94.582,94.648,94.538,94.545,94.608,94.674,94.565,94.573
2026-02-06T19:00:00Z,94.546,94.569,94.504,94.53,94.573,94.596,94.533,94.557
2026-02-06T20:00:00Z,94.533,94.58,94.518,94.538,94.559,94.606,94.545,94.564
2026-02-06T21:00:00Z,94.54,94.63,94.524,94.537,94.567,94.703,94.557,94.64
2026-02-08T22:00:00Z,94.67,94.715,94.355,94.632,94.87,94.915,94.555,94.832
2026-02-08T23:00:00Z,94.64,94.956,94.624,94.845,94.84,94.993,94.727,94.877
2026-02-09T00:00:00Z,94.844,94.849,94.376,94.439,94.879,94.882,94.405,94.467
2026-02-09T01:00:00Z,94.436,94.452,93.993,94.207,94.465,94.484,94.031,94.241
2026-02-09T02:00:00Z,94.206,94.443,94.203,94.354,94.242,94.476,94.234,94.384
2026-02-09T03:00:00Z,94.359,94.441,94.31,94.318,94.391,94.477,94.338,94.351
2026-02-09T04:00:00Z,94.315,94.349,94.207,94.228,94.348,94.379,94.238,94.257
2026-02-09T05:00:00Z,94.233,94.293,94.186,94.257,94.262,94.322,94.214,94.286
2026-02-09T06:00:00Z,94.25,94.317,94.109,94.303,94.28,94.352,94.139,94.338
2026-02-09T07:00:00Z,94.305,94.327,94.094,94.259,94.338,94.354,94.129,94.286
2026-02-09T08:00:00Z,94.263,94.322,94.087,94.126,94.29,94.351,94.116,94.152
2026-02-09T09:00:00Z,94.129,94.213,94.085,94.149,94.155,94.242,94.113,94.177
2026-02-09T10:00:00Z,94.151,94.168,93.96,94.093,94.178,94.195,93.988,94.119
2026-02-09T11:00:00Z,94.09,94.214,94.025,94.205,94.117,94.244,94.054,94.232
2026-02-09T12:00:00Z,94.205,94.38,94.153,94.296,94.233,94.407,94.18,94.322
2026-02-09T13:00:00Z,94.298,94.331,94.124,94.131,94.325,94.358,94.151,94.157
2026-02-09T14:00:00Z,94.129,94.22,93.965,94.137,94.156,94.246,93.991,94.164
2026-02-09T15:00:00Z,94.131,94.3,94.131,94.27,94.158,94.327,94.158,94.296
2026-02-09T16:00:00Z,94.274,94.391,94.268,94.378,94.301,94.419,94.295,94.405
2026-02-09T17:00:00Z,94.385,94.399,94.31,94.345,94.405,94.425,94.337,94.384
2026-02-09T18:00:00Z,94.345,94.4,94.303,94.383,94.384,94.426,94.329,94.41
2026-02-09T19:00:00Z,94.384,94.391,94.291,94.315,94.412,94.418,94.32,94.344
2026-02-09T20:00:00Z,94.315,94.399,94.304,94.376,94.345,94.425,94.331,94.403
2026-02-09T21:00:00Z,94.374,94.411,94.353,94.395,94.401,94.458,94.38,94.445
2026-02-09T22:00:00Z,94.249,94.451,94.15,94.296,94.419,94.6,94.339,94.414
2026-02-09T23:00:00Z,94.289,94.505,94.289,94.479,94.402,94.535,94.402,94.507
2026-02-10T00:00:00Z,94.481,94.536,94.298,94.306,94.509,94.563,94.325,94.333
2026-02-10T01:00:00Z,94.309,94.326,94.17,94.195,94.336,94.353,94.198,94.224
2026-02-10T02:00:00Z,94.196,94.248,93.96,93.971,94.224,94.276,93.989,93.999
2026-02-10T03:00:00Z,93.97,93.986,93.756,93.808,93.999,94.015,93.78,93.837
2026-02-10T04:00:00Z,93.808,93.828,93.686,93.732,93.836,93.855,93.716,93.761
2026-02-10T05:00:00Z,93.733,93.79,93.647,93.771,93.761,93.817,93.672,93.804
2026-02-10T06:00:00Z,93.774,93.82,93.713,93.782,93.804,93.849,93.742,93.809
2026-02-10T07:00:00Z,93.781,93.961,93.749,93.96,93.807,93.987,93.774,93.987
2026-02-10T08:00:00Z,93.962,94.037,93.903,93.994,93.988,94.063,93.929,94.021
2026-02-10T09:00:00Z,93.996,94.007,93.846,93.864,94.021,94.034,93.874,93.89
2026-02-10T10:00:00Z,93.861,93.868,93.695,93.75,93.887,93.894,93.72,93.778
2026-02-10T11:00:00Z,93.749,93.864,93.727,93.839,93.778,93.891,93.756,93.866
2026-02-10T12:00:00Z,93.839,93.86,93.734,93.755,93.865,93.885,93.761,93.781
2026-02-10T13:00:00Z,93.76,93.78,93.583,93.601,93.786,93.838,93.61,93.627
2026-02-10T14:00:00Z,93.605,93.649,93.277,93.483,93.631,93.674,93.305,93.51
2026-02-10T15:00:00Z,93.48,93.49,93.198,93.388,93.507,93.517,93.225,93.415
2026-02-10T16:00:00Z,93.388,93.415,93.187,93.242,93.414,93.441,93.214,93.272
2026-02-10T17:00:00Z,93.241,93.315,93.196,93.28,93.268,93.343,93.224,93.319
2026-02-10T18:00:00Z,93.28,93.363,93.269,93.358,93.319,93.389,93.297,93.385
2026-02-10T19:00:00Z,93.357,93.413,93.335,93.36,93.383,93.44,93.36,93.387
2026-02-10T20:00:00Z,93.356,93.361,93.254,93.287,93.383,93.387,93.28,93.313
2026-02-10T21:00:00Z,93.284,93.323,93.227,93.288,93.311,93.37,93.253,93.324
2026-02-10T22:00:00Z,93.189,93.273,93.136,93.223,93.323,93.367,93.264,93.322
2026-02-10T23:00:00Z,93.239,93.325,93.209,93.311,93.326,93.367,93.293,93.34
2026-02-11T00:00:00Z,93.309,93.321,93.103,93.113,93.34,93.35,93.131,93.142
2026-02-11T01:00:00Z,93.111,93.195,93.049,93.127,93.141,93.223,93.079,93.155
2026-02-11T02:00:00Z,93.132,93.246,93.067,93.068,93.157,93.273,93.094,93.095
2026-02-11T03:00:00Z,93.071,93.192,93.027,93.095,93.098,93.222,93.054,93.123
2026-02-11T04:00:00Z,93.095,93.136,92.848,92.871,93.121,93.167,92.875,92.901
2026-02-11T05:00:00Z,92.87,92.903,92.73,92.751,92.899,92.933,92.757,92.78
2026-02-11T06:00:00Z,92.754,92.763,92.62,92.735,92.784,92.79,92.647,92.763
2026-02-11T07:00:00Z,92.736,92.859,92.707,92.752,92.762,92.885,92.734,92.778
2026-02-11T08:00:00Z,92.756,92.864,92.727,92.838,92.781,92.891,92.753,92.865
2026-02-11T09:00:00Z,92.84,92.98,92.811,92.9,92.866,93.006,92.835,92.928
2026-02-11T10:00:00Z,92.903,93.07,92.852,93.055,92.93,93.096,92.878,93.081
2026-02-11T11:00:00Z,93.058,93.098,93.016,93.043,93.083,93.125,93.042,93.069
2026-02-11T12:00:00Z,93.042,93.092,93.025,93.066,93.069,93.119,93.051,93.092
2026-02-11T13:00:00Z,93.066,93.232,92.41,93.081,93.093,93.262,92.491,93.123
2026-02-11T14:00:00Z,93.085,93.199,92.869,92.943,93.123,93.229,92.896,92.978
2026-02-11T15:00:00Z,92.944,92.974,92.544,92.755,92.981,93.006,92.572,92.782
2026-02-11T16:00:00Z,92.754,92.785,92.6,92.605,92.78,92.81,92.626,92.633
2026-02-11T17:00:00Z,92.603,92.684,92.472,92.574,92.629,92.711,92.5,92.612
2026-02-11T18:00:00Z,92.574,92.613,92.438,92.49,92.612,92.643,92.467,92.519
2026-02-11T19:00:00Z,92.488,92.591,92.488,92.584,92.517,92.618,92.517,92.613
2026-02-11T20:00:00Z,92.584,92.657,92.538,92.619,92.612,92.686,92.567,92.648
2026-02-11T21:00:00Z,92.622,92.696,92.615,92.643,92.651,92.741,92.644,92.697
2026-02-11T22:00:00Z,92.497,92.632,92.497,92.549,92.689,92.832,92.639,92.667
2026-02-11T23:00:00Z,92.543,92.714,92.537,92.68,92.661,92.746,92.631,92.712
2026-02-12T00:00:00Z,92.682,92.803,92.621,92.658,92.714,92.83,92.65,92.685
2026-02-12T01:00:00Z,92.661,92.74,92.538,92.601,92.688,92.768,92.567,92.631
2026-02-12T02:00:00Z,92.597,92.633,92.368,92.386,92.626,92.663,92.396,92.415
2026-02-12T03:00:00Z,92.379,92.379,92.236,92.362,92.408,92.408,92.263,92.391
2026-02-12T04:00:00Z,92.363,92.406,92.299,92.403,92.391,92.429,92.328,92.429
2026-02-12T05:00:00Z,92.404,92.621,92.396,92.592,92.431,92.651,92.424,92.622
2026-02-12T06:00:00Z,92.593,92.772,92.497,92.678,92.621,92.807,92.524,92.708
2026-02-12T07:00:00Z,92.678,92.722,92.573,92.692,92.706,92.751,92.6,92.72
2026-02-12T08:00:00Z,92.687,92.735,92.579,92.702,92.715,92.761,92.604,92.728
2026-02-12T09:00:00Z,92.706,92.833,92.635,92.832,92.732,92.857,92.663,92.857
2026-02-12T10:00:00Z,92.829,92.943,92.806,92.929,92.854,92.971,92.833,92.956
2026-02-12T11:00:00Z,92.927,93.103,92.895,93.091,92.953,93.131,92.922,93.119
2026-02-12T12:00:00Z,93.094,93.201,93.073,93.167,93.122,93.229,93.099,93.195
2026-02-12T13:00:00Z,93.178,93.184,93.017,93.08,93.202,93.213,93.043,93.106
2026-02-12T14:00:00Z,93.082,93.09,92.715,92.744,93.108,93.118,92.742,92.78
2026-02-12T15:00:00Z,92.743,92.791,92.546,92.603,92.78,92.819,92.572,92.629
2026-02-12T16:00:00Z,92.598,92.622,91.976,92.283,92.625,92.649,92.003,92.309
2026-02-12T17:00:00Z,92.281,92.314,92.108,92.22,92.308,92.342,92.14,92.259
2026-02-12T18:00:00Z,92.22,92.304,92.084,92.256,92.259,92.333,92.112,92.282
2026-02-12T19:00:00Z,92.26,92.331,92.219,92.297,92.286,92.358,92.245,92.323
2026-02-12T20:00:00Z,92.295,92.313,92.065,92.065,92.321,92.338,92.091,92.091
2026-02-12T21:00:00Z,92.071,92.197,92.059,92.164,92.099,92.241,92.09,92.212
2026-02-12T22:00:00Z,92.122,92.187,91.975,92.055,92.222,92.387,92.139,92.202
2026-02-12T23:00:00Z,92.034,92.198,92.012,92.143,92.17,92.233,92.104,92.176
2026-02-13T00:00:00Z,92.142,92.286,92.08,92.128,92.17,92.314,92.108,92.155
2026-02-13T01:00:00Z,92.128,92.543,92.128,92.466,92.156,92.572,92.156,92.499
2026-02-13T02:00:00Z,92.462,92.532,92.362,92.441,92.495,92.56,92.391,92.469
2026-02-13T03:00:00Z,92.439,92.45,92.205,92.247,92.466,92.477,92.232,92.276
2026-02-13T04:00:00Z,92.242,92.457,92.196,92.456,92.271,92.485,92.224,92.482
2026-02-13T05:00:00Z,92.457,92.482,92.271,92.358,92.484,92.51,92.297,92.386
2026-02-13T06:00:00Z,92.37,92.401,92.213,92.385,92.397,92.429,92.241,92.412
2026-02-13T07:00:00Z,92.38,92.435,92.329,92.398,92.41,92.462,92.358,92.425
2026-02-13T08:00:00Z,92.401,92.724,92.395,92.718,92.427,92.753,92.421,92.745
2026-02-13T09:00:00Z,92.721,92.79,92.636,92.676,92.747,92.817,92.667,92.703
2026-02-13T10:00:00Z,92.674,92.709,92.573,92.573,92.701,92.735,92.601,92.601
2026-02-13T11:00:00Z,92.573,92.579,92.259,92.325,92.6,92.606,92.285,92.351
2026-02-13T12:00:00Z,92.321,92.373,92.265,92.295,92.348,92.4,92.291,92.321
2026-02-13T13:00:00Z,92.298,92.451,92.168,92.416,92.325,92.492,92.295,92.443
2026-02-13T14:00:00Z,92.411,92.471,92.019,92.224,92.439,92.496,92.047,92.253
2026-02-13T15:00:00Z,92.227,92.489,92.133,92.274,92.256,92.518,92.159,92.301
2026-02-13T16:00:00Z,92.276,92.366,92.178,92.191,92.303,92.397,92.205,92.217
2026-02-13T17:00:00Z,92.194,92.419,92.177,92.351,92.221,92.445,92.203,92.377
2026-02-13T18:00:00Z,92.356,92.44,92.303,92.377,92.383,92.468,92.33,92.407
2026-02-13T19:00:00Z,92.38,92.411,92.24,92.255,92.406,92.438,92.266,92.281
2026-02-13T20:00:00Z,92.259,92.305,92.167,92.287,92.285,92.334,92.194,92.316
2026-02-13T21:00:00Z,92.286,92.293,92.154,92.175,92.321,92.324,92.24,92.286
2026-02-15T22:00:00Z,91.879,92.115,91.879,92.086,92.079,92.233,92.079,92.204
2026-02-15T23:00:00Z,92.095,92.248,92.09,92.175,92.213,92.285,92.129,92.204
2026-02-16T00:00:00Z,92.171,92.361,92.152,92.349,92.199,92.389,92.178,92.378
2026-02-16T01:00:00Z,92.35,92.43,92.316,92.395,92.38,92.458,92.343,92.422
2026-02-16T02:00:00Z,92.393,92.431,92.296,92.312,92.42,92.459,92.325,92.34
2026-02-16T03:00:00Z,92.305,92.312,92.24,92.302,92.333,92.341,92.268,92.33
2026-02-16T04:00:00Z,92.306,92.439,92.243,92.425,92.334,92.466,92.272,92.452
2026-02-16T05:00:00Z,92.423,92.465,92.384,92.451,92.45,92.492,92.412,92.477
2026-02-16T06:00:00Z,92.452,92.523,92.434,92.471,92.48,92.552,92.461,92.498
2026-02-16T07:00:00Z,92.469,92.613,92.454,92.58,92.494,92.637,92.479,92.609
2026-02-16T08:00:00Z,92.584,92.696,92.553,92.695,92.611,92.722,92.578,92.72
2026-02-16T09:00:00Z,92.687,92.771,92.663,92.748,92.712,92.796,92.689,92.774
2026-02-16T10:00:00Z,92.744,92.849,92.725,92.758,92.77,92.877,92.751,92.783
2026-02-16T11:00:00Z,92.76,92.764,92.661,92.669,92.785,92.79,92.686,92.693
2026-02-16T12:00:00Z,92.666,92.698,92.611,92.649,92.692,92.725,92.638,92.674
2026-02-16T13:00:00Z,92.649,92.66,92.559,92.59,92.673,92.686,92.585,92.618
2026-02-16T14:00:00Z,92.587,92.623,92.507,92.614,92.615,92.65,92.532,92.641
2026-02-16T15:00:00Z,92.618,92.634,92.485,92.555,92.644,92.661,92.511,92.581
2026-02-16T16:00:00Z,92.551,92.629,92.528,92.588,92.577,92.657,92.553,92.615
2026-02-16T17:00:00Z,92.584,92.64,92.554,92.559,92.61,92.668,92.584,92.595
2026-02-16T18:00:00Z,92.559,92.611,92.55,92.594,92.595,92.638,92.588,92.62
2026-02-16T19:00:00Z,92.594,92.617,92.579,92.607,92.619,92.643,92.607,92.634
2026-02-16T20:00:00Z,92.607,92.618,92.589,92.613,92.635,92.644,92.616,92.639
2026-02-16T21:00:00Z,92.607,92.632,92.57,92.597,92.64,92.66,92.616,92.648
2026-02-16T22:00:00Z,92.514,92.586,92.505,92.574,92.632,92.695,92.628,92.67
2026-02-16T23:00:00Z,92.574,92.708,92.558,92.607,92.676,92.738,92.616,92.636
2026-02-17T00:00:00Z,92.604,92.625,92.335,92.336,92.633,92.655,92.362,92.364
2026-02-17T01:00:00Z,92.338,92.483,92.219,92.243,92.366,92.51,92.248,92.269
2026-02-17T02:00:00Z,92.234,92.354,92.153,92.282,92.261,92.382,92.182,92.31
2026-02-17T03:00:00Z,92.282,92.309,92.121,92.307,92.309,92.336,92.149,92.334
2026-02-17T04:00:00Z,92.311,92.403,92.259,92.401,92.337,92.432,92.287,92.43
2026-02-17T05:00:00Z,92.406,92.412,92.201,92.25,92.434,92.44,92.23,92.276
2026-02-17T06:00:00Z,92.248,92.361,92.232,92.322,92.276,92.389,92.261,92.35
2026-02-17T07:00:00Z,92.324,92.327,92.141,92.269,92.35,92.353,92.17,92.296
2026-02-17T08:00:00Z,92.272,92.377,92.148,92.157,92.299,92.404,92.175,92.185
2026-02-17T09:00:00Z,92.157,92.395,92.148,92.377,92.184,92.424,92.175,92.406
2026-02-17T10:00:00Z,92.374,92.578,92.356,92.513,92.403,92.604,92.385,92.541
2026-02-17T11:00:00Z,92.517,92.556,92.454,92.467,92.545,92.583,92.481,92.492
2026-02-17T12:00:00Z,92.463,92.51,92.28,92.295,92.49,92.536,92.306,92.32
2026-02-17T13:00:00Z,92.293,92.5,92.191,92.323,92.319,92.526,92.217,92.348
2026-02-17T14:00:00Z,92.32,92.538,92.283,92.305,92.346,92.566,92.309,92.331
2026-02-17T15:00:00Z,92.302,92.546,92.272,92.483,92.331,92.572,92.299,92.51
2026-02-17T16:00:00Z,92.482,92.651,92.478,92.551,92.51,92.675,92.505,92.578
2026-02-17T17:00:00Z,92.549,92.596,92.479,92.523,92.576,92.623,92.506,92.561
2026-02-17T18:00:00Z,92.523,92.752,92.523,92.73,92.561,92.781,92.551,92.754
2026-02-17T19:00:00Z,92.73,92.761,92.669,92.685,92.757,92.788,92.696,92.712
2026-02-17T20:00:00Z,92.69,92.702,92.641,92.691,92.716,92.73,92.668,92.717
2026-02-17T21:00:00Z,92.695,92.721,92.67,92.703,92.722,92.767,92.697,92.762
2026-02-17T22:00:00Z,92.674,92.682,92.628,92.65,92.766,92.775,92.715,92.757
2026-02-17T23:00:00Z,92.65,92.748,92.586,92.594,92.756,92.781,92.615,92.622
2026-02-18T00:00:00Z,92.586,92.705,92.544,92.557,92.614,92.732,92.571,92.628
2026-02-18T01:00:00Z,92.556,92.583,92.137,92.341,92.631,92.631,92.186,92.368
2026-02-18T02:00:00Z,92.339,92.376,92.145,92.146,92.366,92.404,92.174,92.177
2026-02-18T03:00:00Z,92.145,92.154,92.035,92.133,92.177,92.183,92.067,92.164
2026-02-18T04:00:00Z,92.141,92.16,92.088,92.121,92.17,92.191,92.116,92.149
2026-02-18T05:00:00Z,92.113,92.171,92.029,92.036,92.141,92.2,92.056,92.064
2026-02-18T06:00:00Z,92.04,92.082,91.993,92.049,92.068,92.11,92.02,92.076
2026-02-18T07:00:00Z,92.047,92.138,91.972,92.129,92.073,92.165,91.997,92.155
2026-02-18T08:00:00Z,92.132,92.326,92.119,92.244,92.158,92.352,92.145,92.27
2026-02-18T09:00:00Z,92.247,92.438,92.234,92.394,92.274,92.464,92.262,92.419
2026-02-18T10:00:00Z,92.398,92.44,92.352,92.356,92.423,92.468,92.379,92.383
2026-02-18T11:00:00Z,92.358,92.36,92.236,92.302,92.384,92.387,92.263,92.328
2026-02-18T12:00:00Z,92.304,92.401,92.198,92.226,92.33,92.427,92.224,92.251
2026-02-18T13:00:00Z,92.229,92.276,92.112,92.162,92.253,92.299,92.139,92.187
2026-02-18T14:00:00Z,92.162,92.431,92.12,92.364,92.188,92.458,92.145,92.391
2026-02-18T15:00:00Z,92.366,92.507,92.363,92.458,92.392,92.533,92.389,92.485
2026-02-18T16:00:00Z,92.458,92.518,92.414,92.424,92.482,92.544,92.441,92.452
2026-02-18T17:00:00Z,92.428,92.513,92.415,92.472,92.455,92.539,92.441,92.511
2026-02-18T18:00:00Z,92.472,92.476,92.374,92.377,92.511,92.511,92.405,92.432
2026-02-18T19:00:00Z,92.373,92.431,92.189,92.239,92.427,92.462,92.225,92.269
2026-02-18T20:00:00Z,92.243,92.34,92.228,92.313,92.272,92.37,92.257,92.343
2026-02-18T21:00:00Z,92.311,92.358,92.291,92.299,92.341,92.408,92.322,92.358
2026-02-18T22:00:00Z,92.243,92.289,92.24,92.264,92.365,92.396,92.352,92.382
2026-02-18T23:00:00Z,92.273,92.372,92.269,92.278,92.391,92.423,92.302,92.307
2026-02-19T00:00:00Z,92.284,92.346,92.182,92.288,92.313,92.384,92.216,92.316
2026-02-19T01:00:00Z,92.29,92.579,92.29,92.555,92.318,92.607,92.318,92.584
2026-02-19T02:00:00Z,92.559,92.614,92.428,92.594,92.588,92.641,92.457,92.622
2026-02-19T03:00:00Z,92.596,92.736,92.578,92.674,92.625,92.768,92.605,92.702
2026-02-19T04:00:00Z,92.672,92.719,92.574,92.58,92.701,92.747,92.602,92.607
2026-02-19T05:00:00Z,92.576,92.712,92.54,92.712,92.603,92.739,92.571,92.739
2026-02-19T06:00:00Z,92.71,92.724,92.613,92.722,92.737,92.752,92.639,92.75
2026-02-19T07:00:00Z,92.721,92.851,92.704,92.72,92.748,92.877,92.732,92.746
2026-02-19T08:00:00Z,92.723,92.79,92.504,92.6,92.749,92.816,92.531,92.627
2026-02-19T09:00:00Z,92.603,92.717,92.485,92.49,92.63,92.743,92.513,92.519
2026-02-19T10:00:00Z,92.489,92.529,92.37,92.413,92.517,92.555,92.396,92.441
2026-02-19T11:00:00Z,92.416,92.447,92.208,92.297,92.444,92.474,92.235,92.324
2026-02-19T12:00:00Z,92.297,92.4,92.223,92.344,92.323,92.429,92.249,92.37
2026-02-19T13:00:00Z,92.346,92.439,92.241,92.415,92.372,92.465,92.267,92.441
2026-02-19T14:00:00Z,92.417,92.457,92.259,92.389,92.443,92.484,92.287,92.418
2026-02-19T15:00:00Z,92.389,92.68,92.345,92.566,92.42,92.707,92.371,92.593
2026-02-19T16:00:00Z,92.566,92.576,92.452,92.461,92.592,92.603,92.48,92.488
2026-02-19T17:00:00Z,92.463,92.527,92.419,92.491,92.492,92.553,92.445,92.53
2026-02-19T18:00:00Z,92.491,92.518,92.439,92.485,92.53,92.545,92.462,92.51
2026-02-19T19:00:00Z,92.488,92.532,92.459,92.501,92.514,92.559,92.487,92.528
2026-02-19T20:00:00Z,92.503,92.597,92.503,92.597,92.53,92.623,92.529,92.623
2026-02-19T21:00:00Z,92.594,92.629,92.53,92.546,92.621,92.658,92.583,92.591
2026-02-19T22:00:00Z,92.432,92.544,92.42,92.54,92.632,92.664,92.544,92.622
2026-02-19T23:00:00Z,92.543,92.676,92.517,92.645,92.622,92.706,92.553,92.673
2026-02-20T00:00:00Z,92.644,92.657,92.417,92.495,92.671,92.685,92.446,92.524
2026-02-20T01:00:00Z,92.502,92.532,92.243,92.324,92.532,92.562,92.274,92.351
2026-02-20T02:00:00Z,92.324,92.387,92.143,92.204,92.35,92.42,92.173,92.233
2026-02-20T03:00:00Z,92.205,92.308,92.175,92.245,92.232,92.335,92.203,92.273
2026-02-20T04:00:00Z,92.245,92.301,92.228,92.255,92.271,92.328,92.258,92.28
2026-02-20T05:00:00Z,92.256,92.456,92.246,92.444,92.284,92.485,92.275,92.472
2026-02-20T06:00:00Z,92.443,92.477,92.354,92.374,92.469,92.506,92.384,92.401
2026-02-20T07:00:00Z,92.364,92.459,92.194,92.459,92.391,92.485,92.22,92.484
2026-02-20T08:00:00Z,92.459,92.608,92.351,92.59,92.485,92.633,92.378,92.618
2026-02-20T09:00:00Z,92.593,92.724,92.57,92.574,92.62,92.751,92.597,92.6
2026-02-20T10:00:00Z,92.575,92.582,92.417,92.451,92.602,92.608,92.444,92.478
2026-02-20T11:00:00Z,92.45,92.492,92.399,92.422,92.476,92.519,92.426,92.448
2026-02-20T12:00:00Z,92.423,92.488,92.361,92.391,92.448,92.514,92.386,92.414
2026-02-20T13:00:00Z,92.394,92.556,92.344,92.523,92.416,92.581,92.371,92.549
2026-02-20T14:00:00Z,92.518,92.63,92.412,92.583,92.544,92.66,92.439,92.646
2026-02-20T15:00:00Z,92.565,92.859,92.371,92.544,92.643,92.897,92.41,92.571
2026-02-20T16:00:00Z,92.543,92.614,92.435,92.559,92.573,92.642,92.462,92.584
2026-02-20T17:00:00Z,92.562,92.588,92.42,92.529,92.587,92.614,92.447,92.556
2026-02-20T18:00:00Z,92.526,92.669,92.437,92.663,92.552,92.699,92.479,92.69
2026-02-20T19:00:00Z,92.663,92.686,92.567,92.649,92.693,92.712,92.599,92.676
2026-02-20T20:00:00Z,92.653,92.681,92.604,92.668,92.679,92.708,92.631,92.694
2026-02-20T21:00:00Z,92.666,92.672,92.594,92.623,92.692,92.726,92.638,92.715
2026-02-22T22:00:00Z,92.516,92.637,92.507,92.544,92.688,92.773,92.662,92.662
2026-02-22T23:00:00Z,92.539,92.651,92.481,92.648,92.656,92.692,92.54,92.677
2026-02-23T00:00:00Z,92.641,92.641,92.311,92.324,92.67,92.67,92.338,92.352
2026-02-23T01:00:00Z,92.326,92.391,92.267,92.358,92.354,92.418,92.295,92.386
2026-02-23T02:00:00Z,92.361,92.368,92.237,92.277,92.387,92.395,92.265,92.304
2026-02-23T03:00:00Z,92.282,92.386,92.282,92.309,92.308,92.416,92.308,92.337
2026-02-23T04:00:00Z,92.31,92.411,92.273,92.379,92.337,92.441,92.301,92.406
2026-02-23T05:00:00Z,92.377,92.418,92.356,92.411,92.405,92.446,92.383,92.438
2026-02-23T06:00:00Z,92.414,92.472,92.357,92.47,92.442,92.5,92.385,92.5
2026-02-23T07:00:00Z,92.465,92.521,92.388,92.407,92.493,92.547,92.415,92.434
2026-02-23T08:00:00Z,92.404,92.574,92.387,92.556,92.431,92.6,92.414,92.583
2026-02-23T09:00:00Z,92.559,92.618,92.531,92.567,92.585,92.643,92.557,92.591
2026-02-23T10:00:00Z,92.564,92.566,92.471,92.487,92.59,92.591,92.497,92.513
2026-02-23T11:00:00Z,92.492,92.492,92.409,92.43,92.518,92.519,92.433,92.454
2026-02-23T12:00:00Z,92.434,92.458,92.301,92.364,92.461,92.484,92.328,92.39
2026-02-23T13:00:00Z,92.362,92.368,92.234,92.301,92.388,92.395,92.26,92.328
2026-02-23T14:00:00Z,92.299,92.505,92.284,92.306,92.326,92.53,92.311,92.343
2026-02-23T15:00:00Z,92.307,92.351,92.052,92.1,92.343,92.378,92.079,92.126
2026-02-23T16:00:00Z,92.098,92.112,91.97,92.038,92.124,92.139,91.997,92.064
2026-02-23T17:00:00Z,92.04,92.053,91.92,92.036,92.065,92.079,91.945,92.072
2026-02-23T18:00:00Z,92.036,92.206,92.036,92.07,92.072,92.233,92.072,92.097
2026-02-23T19:00:00Z,92.073,92.107,92.055,92.072,92.099,92.134,92.081,92.099
2026-02-23T20:00:00Z,92.072,92.119,92.044,92.118,92.098,92.147,92.071,92.145
2026-02-23T21:00:00Z,92.114,92.149,92.06,92.088,92.141,92.175,92.104,92.131
2026-02-23T22:00:00Z,91.988,92.064,91.981,92.026,92.155,92.198,92.071,92.144
2026-02-23T23:00:00Z,92.014,92.177,91.969,92.156,92.121,92.209,92.102,92.188
2026-02-24T00:00:00Z,92.16,92.315,92.152,92.311,92.188,92.342,92.18,92.338
2026-02-24T01:00:00Z,92.307,92.347,92.257,92.335,92.334,92.378,92.285,92.363
2026-02-24T02:00:00Z,92.337,92.47,92.295,92.442,92.365,92.498,92.323,92.47
2026-02-24T03:00:00Z,92.438,92.486,92.426,92.471,92.467,92.515,92.454,92.498
2026-02-24T04:00:00Z,92.469,92.54,92.447,92.467,92.497,92.567,92.476,92.497
2026-02-24T05:00:00Z,92.47,92.526,92.442,92.507,92.499,92.555,92.471,92.535
2026-02-24T06:00:00Z,92.506,92.517,92.39,92.39,92.535,92.545,92.418,92.418
2026-02-24T07:00:00Z,92.392,93.087,92.376,93.053,92.417,93.114,92.402,93.08
2026-02-24T08:00:00Z,93.054,93.211,92.941,93.006,93.079,93.239,92.966,93.033
2026-02-24T09:00:00Z,93.008,93.07,92.938,92.993,93.035,93.096,92.967,93.019
2026-02-24T10:00:00Z,92.991,93.02,92.908,92.944,93.017,93.047,92.934,92.971
2026-02-24T11:00:00Z,92.943,92.948,92.749,92.823,92.969,92.975,92.775,92.848
2026-02-24T12:00:00Z,92.817,92.871,92.691,92.77,92.843,92.897,92.715,92.795
2026-02-24T13:00:00Z,92.767,92.862,92.734,92.812,92.793,92.89,92.76,92.843
2026-02-24T14:00:00Z,92.813,92.951,92.719,92.844,92.843,92.978,92.746,92.883
2026-02-24T15:00:00Z,92.836,93.002,92.761,92.91,92.88,93.027,92.788,92.935
2026-02-24T16:00:00Z,92.907,93.015,92.893,92.949,92.934,93.039,92.92,92.975
2026-02-24T17:00:00Z,92.949,92.997,92.914,92.964,92.976,93.023,92.938,92.998
2026-02-24T18:00:00Z,92.964,92.978,92.922,92.95,92.998,93.004,92.948,92.978
2026-02-24T19:00:00Z,92.954,92.965,92.913,92.956,92.981,92.991,92.941,92.982
2026-02-24T20:00:00Z,92.956,93.022,92.929,92.988,92.983,93.05,92.954,93.015
2026-02-24T21:00:00Z,92.99,93.004,92.943,92.988,93.017,93.064,92.973,93.032
2026-02-24T22:00:00Z,92.819,92.944,92.819,92.897,92.992,93.052,92.968,93.015
2026-02-24T23:00:00Z,92.89,92.982,92.865,92.964,93.008,93.021,92.942,92.992
2026-02-25T00:00:00Z,92.962,93.159,92.94,92.947,92.99,93.187,92.967,92.975
2026-02-25T01:00:00Z,92.951,93.045,92.919,92.977,92.979,93.07,92.947,93.006
2026-02-25T02:00:00Z,92.975,93.02,92.905,92.937,93.004,93.048,92.932,92.966
2026-02-25T03:00:00Z,92.939,93.188,92.856,93.074,92.964,93.217,92.885,93.105
2026-02-25T04:00:00Z,93.075,93.204,93.071,93.123,93.105,93.231,93.101,93.153
2026-02-25T05:00:00Z,93.125,93.197,93.071,93.091,93.154,93.225,93.097,93.118
2026-02-25T06:00:00Z,93.088,93.232,93.018,93.212,93.115,93.259,93.046,93.24
2026-02-25T07:00:00Z,93.22,93.323,93.196,93.288,93.246,93.35,93.223,93.315
2026-02-25T08:00:00Z,93.29,93.379,93.288,93.375,93.315,93.404,93.314,93.402
2026-02-25T09:00:00Z,93.37,93.601,93.368,93.482,93.397,93.628,93.394,93.509
2026-02-25T10:00:00Z,93.481,93.563,93.467,93.545,93.509,93.59,93.494,93.57
2026-02-25T11:00:00Z,93.544,93.551,93.428,93.471,93.57,93.575,93.454,93.498
2026-02-25T12:00:00Z,93.472,93.6,93.45,93.584,93.5,93.626,93.477,93.61
2026-02-25T13:00:00Z,93.587,93.654,93.501,93.513,93.613,93.68,93.528,93.537
2026-02-25T14:00:00Z,93.516,93.635,93.482,93.569,93.537,93.662,93.506,93.596
2026-02-25T15:00:00Z,93.571,93.666,93.475,93.642,93.597,93.692,93.501,93.667
2026-02-25T16:00:00Z,93.64,93.703,93.623,93.638,93.667,93.729,93.65,93.663
2026-02-25T17:00:00Z,93.639,93.748,93.639,93.703,93.665,93.775,93.664,93.743
2026-02-25T18:00:00Z,93.703,93.768,93.695,93.761,93.743,93.795,93.722,93.789
2026-02-25T19:00:00Z,93.759,93.855,93.753,93.787,93.786,93.882,93.78,93.814
2026-02-25T20:00:00Z,93.789,93.8,93.746,93.798,93.816,93.83,93.777,93.825
2026-02-25T21:00:00Z,93.804,93.857,93.776,93.792,93.832,93.884,93.823,93.839
2026-02-25T22:00:00Z,93.671,93.779,93.664,93.711,93.864,93.887,93.762,93.803
2026-02-25T23:00:00Z,93.724,93.774,93.661,93.688,93.813,93.842,93.689,93.715
2026-02-26T00:00:00Z,93.691,93.73,93.585,93.616,93.718,93.758,93.613,93.643
2026-02-26T01:00:00Z,93.614,93.735,93.567,93.647,93.641,93.764,93.593,93.677
2026-02-26T02:00:00Z,93.643,93.665,93.582,93.611,93.672,93.693,93.611,93.638
2026-02-26T03:00:00Z,93.617,93.633,93.534,93.57,93.644,93.66,93.564,93.6
2026-02-26T04:00:00Z,93.567,93.652,93.549,93.564,93.596,93.681,93.577,93.592
2026-02-26T05:00:00Z,93.563,93.692,93.532,93.692,93.59,93.721,93.56,93.721
2026-02-26T06:00:00Z,93.689,93.731,93.626,93.638,93.718,93.759,93.655,93.668
2026-02-26T07:00:00Z,93.645,93.672,93.538,93.575,93.673,93.698,93.566,93.601
2026-02-26T08:00:00Z,93.571,93.578,93.353,93.383,93.596,93.604,93.378,93.409
2026-02-26T09:00:00Z,93.385,93.471,93.343,93.445,93.412,93.496,93.369,93.47
2026-02-26T10:00:00Z,93.446,93.463,93.322,93.345,93.47,93.489,93.349,93.371
2026-02-26T11:00:00Z,93.346,93.407,93.345,93.355,93.371,93.434,93.371,93.379
2026-02-26T12:00:00Z,93.354,93.497,93.343,93.468,93.379,93.525,93.37,93.494
2026-02-26T13:00:00Z,93.465,93.509,93.402,93.442,93.492,93.537,93.429,93.468
2026-02-26T14:00:00Z,93.44,93.468,93.241,93.263,93.465,93.496,93.268,93.291
2026-02-26T15:00:00Z,93.263,93.354,92.943,93.272,93.289,93.381,92.972,93.306
2026-02-26T16:00:00Z,93.275,93.379,93.215,93.239,93.306,93.404,93.241,93.265
2026-02-26T17:00:00Z,93.244,93.29,93.144,93.178,93.27,93.317,93.171,93.211
2026-02-26T18:00:00Z,93.178,93.42,93.152,93.405,93.211,93.446,93.178,93.431
2026-02-26T19:00:00Z,93.408,93.47,93.393,93.423,93.434,93.497,93.418,93.45
2026-02-26T20:00:00Z,93.419,93.447,93.378,93.447,93.446,93.473,93.406,93.473
2026-02-26T21:00:00Z,93.447,93.455,93.293,93.34,93.474,93.481,93.339,93.38
2026-02-26T22:00:00Z,93.214,93.315,93.171,93.245,93.414,93.515,93.296,93.359
2026-02-26T23:00:00Z,93.248,93.295,93.159,93.186,93.346,93.358,93.188,93.214
2026-02-27T00:00:00Z,93.19,93.264,93.034,93.157,93.218,93.291,93.062,93.187
2026-02-27T01:00:00Z,93.154,93.255,93.102,93.229,93.184,93.284,93.131,93.257
2026-02-27T02:00:00Z,93.233,93.275,93.187,93.269,93.26,93.303,93.212,93.297
2026-02-27T03:00:00Z,93.266,93.34,93.239,93.273,93.294,93.37,93.267,93.301
2026-02-27T04:00:00Z,93.27,93.326,93.192,93.217,93.298,93.351,93.22,93.244
2026-02-27T05:00:00Z,93.217,93.373,93.211,93.332,93.243,93.403,93.238,93.357
2026-02-27T06:00:00Z,93.33,93.374,93.283,93.338,93.357,93.401,93.313,93.366
2026-02-27T07:00:00Z,93.342,93.503,93.339,93.476,93.368,93.53,93.364,93.504
2026-02-27T08:00:00Z,93.479,93.513,93.404,93.448,93.507,93.541,93.43,93.474
2026-02-27T09:00:00Z,93.436,93.537,93.419,93.434,93.464,93.564,93.444,93.461
2026-02-27T10:00:00Z,93.436,93.447,93.297,93.341,93.462,93.473,93.323,93.367
2026-02-27T11:00:00Z,93.337,93.343,93.247,93.274,93.364,93.369,93.273,93.3
2026-02-27T12:00:00Z,93.277,93.31,93.208,93.233,93.303,93.338,93.234,93.261
2026-02-27T13:00:00Z,93.237,93.348,93.189,93.326,93.264,93.441,93.233,93.352
2026-02-27T14:00:00Z,93.328,93.486,93.319,93.443,93.354,93.513,93.346,93.469
2026-02-27T15:00:00Z,93.443,93.681,93.409,93.639,93.47,93.708,93.435,93.665
2026-02-27T16:00:00Z,93.635,93.679,93.549,93.597,93.661,93.706,93.576,93.623
2026-02-27T17:00:00Z,93.6,93.663,93.524,93.589,93.627,93.69,93.55,93.614
2026-02-27T18:00:00Z,93.589,93.596,93.516,93.567,93.616,93.624,93.542,93.594
2026-02-27T19:00:00Z,93.565,93.583,93.469,93.541,93.593,93.609,93.496,93.571
2026-02-27T20:00:00Z,93.541,93.685,93.535,93.67,93.57,93.711,93.563,93.697
2026-02-27T21:00:00Z,93.672,93.672,93.52,93.528,93.698,93.698,93.588,93.637
2026-03-01T22:00:00Z,92.901,93.078,92.873,92.879,93.019,93.246,92.957,92.957
2026-03-01T23:00:00Z,92.877,93.377,92.877,93.285,92.971,93.416,92.971,93.318
2026-03-02T00:00:00Z,93.288,93.427,93.153,93.392,93.321,93.453,93.181,93.42
2026-03-02T01:00:00Z,93.39,93.725,93.39,93.529,93.418,93.756,93.418,93.558
2026-03-02T02:00:00Z,93.524,93.58,93.425,93.556,93.553,93.607,93.453,93.586
2026-03-02T03:00:00Z,93.553,93.646,93.527,93.538,93.583,93.674,93.555,93.567
2026-03-02T04:00:00Z,93.54,93.605,93.447,93.515,93.569,93.632,93.475,93.543
2026-03-02T05:00:00Z,93.515,93.58,93.434,93.453,93.542,93.608,93.461,93.481
2026-03-02T06:00:00Z,93.462,93.478,93.318,93.363,93.49,93.507,93.345,93.39
2026-03-02T07:00:00Z,93.367,93.423,93.196,93.291,93.393,93.451,93.224,93.316
2026-03-02T08:00:00Z,93.294,93.387,93.182,93.306,93.32,93.413,93.211,93.332
2026-03-02T09:00:00Z,93.31,93.471,93.272,93.463,93.337,93.497,93.3,93.489
2026-03-02T10:00:00Z,93.465,93.593,93.455,93.562,93.491,93.62,93.482,93.588
2026-03-02T11:00:00Z,93.565,93.576,93.455,93.524,93.591,93.603,93.481,93.551
2026-03-02T12:00:00Z,93.526,93.574,93.396,93.447,93.553,93.6,93.424,93.473
2026-03-02T13:00:00Z,93.447,93.647,93.428,93.472,93.472,93.673,93.455,93.5
2026-03-02T14:00:00Z,93.467,93.721,93.416,93.615,93.493,93.748,93.443,93.673
2026-03-02T15:00:00Z,93.612,93.738,93.425,93.476,93.69,93.766,93.451,93.502
2026-03-02T16:00:00Z,93.474,93.474,93.188,93.36,93.499,93.499,93.215,93.388
2026-03-02T17:00:00Z,93.363,93.466,93.304,93.462,93.388,93.498,93.33,93.498
2026-03-02T18:00:00Z,93.462,93.467,93.397,93.454,93.498,93.498,93.422,93.48
2026-03-02T19:00:00Z,93.45,93.601,93.445,93.555,93.476,93.627,93.471,93.581
2026-03-02T20:00:00Z,93.553,93.559,93.385,93.479,93.578,93.585,93.412,93.505
2026-03-02T21:00:00Z,93.478,93.566,93.427,93.455,93.505,93.595,93.488,93.5
2026-03-02T22:00:00Z,93.37,93.56,93.278,93.475,93.57,93.678,93.438,93.592
2026-03-02T23:00:00Z,93.48,93.544,93.42,93.505,93.587,93.623,93.451,93.534
2026-03-03T00:00:00Z,93.508,93.631,93.439,93.61,93.537,93.659,93.468,93.64
2026-03-03T01:00:00Z,93.614,93.754,93.492,93.5,93.643,93.781,93.517,93.528
2026-03-03T02:00:00Z,93.502,93.541,93.367,93.498,93.529,93.571,93.396,93.525
2026-03-03T03:00:00Z,93.502,93.544,93.435,93.488,93.529,93.571,93.464,93.515
2026-03-03T04:00:00Z,93.489,93.531,93.427,93.436,93.515,93.559,93.456,93.465
2026-03-03T05:00:00Z,93.44,93.498,93.245,93.28,93.467,93.525,93.274,93.307
2026-03-03T06:00:00Z,93.282,93.316,93.142,93.238,93.309,93.345,93.169,93.269
2026-03-03T07:00:00Z,93.24,93.263,92.989,93.034,93.269,93.289,93.016,93.06
2026-03-03T08:00:00Z,93.038,93.098,92.864,92.868,93.065,93.126,92.891,92.893
2026-03-03T09:00:00Z,92.876,93.032,92.802,92.842,92.9,93.059,92.83,92.87
2026-03-03T10:00:00Z,92.843,92.867,92.54,92.687,92.87,92.894,92.566,92.714
2026-03-03T11:00:00Z,92.685,92.935,92.575,92.872,92.712,92.961,92.601,92.898
2026-03-03T12:00:00Z,92.869,93.029,92.801,92.996,92.895,93.056,92.828,93.022
2026-03-03T13:00:00Z,92.99,93.008,92.814,92.9,93.016,93.034,92.841,92.926
2026-03-03T14:00:00Z,92.904,93.037,92.425,92.437,92.93,93.063,92.453,92.465
2026-03-03T15:00:00Z,92.433,92.547,92.109,92.532,92.461,92.575,92.138,92.559
2026-03-03T16:00:00Z,92.529,92.809,92.529,92.768,92.556,92.836,92.556,92.794
2026-03-03T17:00:00Z,92.769,92.813,92.645,92.743,92.796,92.838,92.672,92.78
2026-03-03T18:00:00Z,92.743,92.962,92.743,92.931,92.78,92.988,92.774,92.957
2026-03-03T19:00:00Z,92.933,93.068,92.814,92.928,92.958,93.095,92.84,92.954
2026-03-03T20:00:00Z,92.93,92.957,92.799,92.878,92.956,92.984,92.825,92.905
2026-03-03T21:00:00Z,92.874,92.895,92.794,92.813,92.901,92.951,92.82,92.894
2026-03-03T22:00:00Z,92.688,92.864,92.649,92.76,92.888,93.064,92.775,92.96
2026-03-03T23:00:00Z,92.759,92.909,92.757,92.878,92.953,93.094,92.838,92.905
2026-03-04T00:00:00Z,92.881,92.893,92.549,92.571,92.908,92.92,92.577,92.599
2026-03-04T01:00:00Z,92.575,92.662,92.42,92.611,92.603,92.694,92.447,92.639
2026-03-04T02:00:00Z,92.613,92.883,92.559,92.773,92.642,92.914,92.588,92.8
2026-03-04T03:00:00Z,92.768,92.875,92.686,92.868,92.795,92.903,92.714,92.895
2026-03-04T04:00:00Z,92.864,92.901,92.612,92.725,92.891,92.929,92.641,92.753
2026-03-04T05:00:00Z,92.729,92.915,92.69,92.855,92.756,92.942,92.718,92.882
2026-03-04T06:00:00Z,92.859,92.972,92.775,92.879,92.886,92.999,92.803,92.907
2026-03-04T07:00:00Z,92.883,93.024,92.83,92.947,92.909,93.05,92.856,92.974
2026-03-04T08:00:00Z,92.949,92.989,92.797,92.821,92.976,93.015,92.823,92.848
2026-03-04T09:00:00Z,92.816,92.965,92.746,92.886,92.843,92.993,92.772,92.913
2026-03-04T10:00:00Z,92.881,93.117,92.875,92.979,92.908,93.143,92.902,93.004
2026-03-04T11:00:00Z,92.976,93.058,92.881,92.91,93.002,93.082,92.908,92.936
2026-03-04T12:00:00Z,92.907,93.026,92.839,92.943,92.936,93.052,92.866,92.97
2026-03-04T13:00:00Z,92.946,93.076,92.925,92.96,92.972,93.117,92.952,92.987
2026-03-04T14:00:00Z,92.959,93.029,92.871,92.89,92.985,93.054,92.898,93.008
2026-03-04T15:00:00Z,92.907,93.211,92.902,93.164,93.025,93.239,92.971,93.189
2026-03-04T16:00:00Z,93.164,93.208,93.017,93.085,93.191,93.233,93.044,93.112
2026-03-04T17:00:00Z,93.083,93.127,92.977,93.089,93.11,93.155,93.003,93.122
2026-03-04T18:00:00Z,93.089,93.225,93.071,93.21,93.122,93.253,93.099,93.237
2026-03-04T19:00:00Z,93.213,93.257,93.18,93.232,93.24,93.282,93.207,93.261
2026-03-04T20:00:00Z,93.234,93.294,93.188,93.278,93.263,93.322,93.215,93.305
2026-03-04T21:00:00Z,93.28,93.299,93.224,93.246,93.308,93.327,93.266,93.32
2026-03-04T22:00:00Z,93.218,93.237,93.196,93.235,93.322,93.354,93.265,93.315
2026-03-04T23:00:00Z,93.236,93.321,93.176,93.186,93.313,93.373,93.206,93.215
2026-03-05T00:00:00Z,93.184,93.202,93.039,93.076,93.213,93.23,93.066,93.103
2026-03-05T01:00:00Z,93.075,93.159,92.922,92.985,93.101,93.189,92.95,93.012
2026-03-05T02:00:00Z,92.98,93.191,92.96,93.191,93.007,93.217,92.987,93.217
2026-03-05T03:00:00Z,93.187,93.261,93.006,93.067,93.213,93.288,93.033,93.093
2026-03-05T04:00:00Z,93.064,93.164,93.056,93.143,93.091,93.191,93.083,93.17
2026-03-05T05:00:00Z,93.145,93.182,92.966,92.971,93.173,93.209,92.995,92.999
2026-03-05T06:00:00Z,92.967,93.107,92.907,93.106,92.994,93.137,92.935,93.133
2026-03-05T07:00:00Z,93.111,93.149,93.036,93.132,93.137,93.175,93.063,93.158
2026-03-05T08:00:00Z,93.13,93.14,92.792,93.008,93.157,93.166,92.822,93.033
2026-03-05T09:00:00Z,93.002,93.306,92.981,93.037,93.028,93.336,93.007,93.063
2026-03-05T10:00:00Z,93.04,93.115,92.985,93.092,93.065,93.141,93.011,93.119
2026-03-05T11:00:00Z,93.094,93.234,93.078,93.191,93.119,93.26,93.104,93.216
2026-03-05T12:00:00Z,93.193,93.304,93.144,93.256,93.218,93.333,93.17,93.282
2026-03-05T13:00:00Z,93.256,93.305,93.14,93.206,93.28,93.331,93.166,93.231
2026-03-05T14:00:00Z,93.202,93.223,92.952,93.138,93.227,93.249,92.978,93.164
2026-03-05T15:00:00Z,93.142,93.18,92.868,92.92,93.168,93.206,92.894,92.945
2026-03-05T16:00:00Z,92.914,92.927,92.668,92.801,92.94,92.953,92.694,92.826
2026-03-05T17:00:00Z,92.808,92.879,92.648,92.703,92.834,92.906,92.674,92.748
2026-03-05T18:00:00Z,92.703,92.85,92.666,92.771,92.748,92.876,92.695,92.797
2026-03-05T19:00:00Z,92.769,92.805,92.682,92.748,92.796,92.831,92.707,92.773
2026-03-05T20:00:00Z,92.746,92.953,92.707,92.938,92.771,92.98,92.733,92.964
2026-03-05T21:00:00Z,92.935,92.937,92.831,92.855,92.962,92.964,92.889,92.916
2026-03-05T22:00:00Z,92.781,92.901,92.772,92.826,92.981,93.07,92.89,92.944
2026-03-05T23:00:00Z,92.821,92.932,92.777,92.885,92.939,92.964,92.874,92.912
2026-03-06T00:00:00Z,92.879,93.019,92.81,93.003,92.906,93.057,92.84,93.031
2026-03-06T01:00:00Z,93.005,93.101,92.979,93.048,93.033,93.129,93.007,93.076
2026-03-06T02:00:00Z,93.052,93.154,93.033,93.051,93.08,93.18,93.062,93.077
2026-03-06T03:00:00Z,93.047,93.103,93.019,93.081,93.074,93.131,93.046,93.107
2026-03-06T04:00:00Z,93.081,93.12,93.052,93.075,93.108,93.146,93.08,93.102
2026-03-06T05:00:00Z,93.08,93.189,93.069,93.142,93.108,93.215,93.097,93.169
2026-03-06T06:00:00Z,93.143,93.244,93.14,93.183,93.171,93.272,93.168,93.211
2026-03-06T07:00:00Z,93.187,93.224,93.126,93.13,93.212,93.249,93.151,93.155
2026-03-06T08:00:00Z,93.132,93.137,93.005,93.094,93.156,93.162,93.032,93.122
2026-03-06T09:00:00Z,93.093,93.108,92.681,92.69,93.12,93.135,92.706,92.716
2026-03-06T10:00:00Z,92.689,92.828,92.685,92.822,92.719,92.855,92.71,92.85
2026-03-06T11:00:00Z,92.827,92.832,92.602,92.624,92.853,92.86,92.628,92.651
2026-03-06T12:00:00Z,92.623,92.738,92.614,92.702,92.654,92.763,92.64,92.728
2026-03-06T13:00:00Z,92.697,92.773,92.469,92.5,92.723,92.973,92.499,92.529
2026-03-06T14:00:00Z,92.5,92.772,92.478,92.513,92.526,92.798,92.506,92.541
2026-03-06T15:00:00Z,92.517,92.901,92.503,92.739,92.545,92.927,92.531,92.774
2026-03-06T16:00:00Z,92.741,93.046,92.738,93.004,92.773,93.072,92.768,93.031
2026-03-06T17:00:00Z,93.007,93.071,92.954,92.985,93.034,93.098,92.979,93.012
2026-03-06T18:00:00Z,92.983,93.147,92.978,93.082,93.01,93.173,93.004,93.107
2026-03-06T19:00:00Z,93.082,93.161,93.068,93.152,93.108,93.187,93.093,93.178
2026-03-06T20:00:00Z,93.155,93.201,93.075,93.14,93.18,93.227,93.101,93.166
2026-03-06T21:00:00Z,93.134,93.197,92.996,93.023,93.164,93.272,93.102,93.222
2026-03-08T21:00:00Z,92.687,92.872,92.638,92.689,92.8,93.046,92.778,92.823
2026-03-08T22:00:00Z,92.688,92.839,92.58,92.699,92.825,92.914,92.641,92.73
2026-03-08T23:00:00Z,92.701,92.744,92.572,92.677,92.733,92.775,92.599,92.705
2026-03-09T00:00:00Z,92.677,92.902,92.64,92.887,92.703,92.929,92.67,92.914
2026-03-09T01:00:00Z,92.893,93.02,92.837,92.953,92.92,93.05,92.863,92.981
2026-03-09T02:00:00Z,92.95,93.276,92.949,93.25,92.978,93.304,92.977,93.278
2026-03-09T03:00:00Z,93.248,93.301,93.182,93.221,93.276,93.33,93.21,93.247
2026-03-09T04:00:00Z,93.221,93.335,93.168,93.168,93.246,93.362,93.195,93.196
2026-03-09T05:00:00Z,93.168,93.403,93.146,93.291,93.195,93.431,93.172,93.318
2026-03-09T06:00:00Z,93.291,93.371,93.228,93.267,93.319,93.399,93.257,93.293
2026-03-09T07:00:00Z,93.275,93.358,93.215,93.328,93.296,93.384,93.24,93.354
2026-03-09T08:00:00Z,93.332,93.404,93.206,93.386,93.357,93.433,93.232,93.412
2026-03-09T09:00:00Z,93.388,93.614,93.302,93.608,93.414,93.646,93.328,93.636
2026-03-09T10:00:00Z,93.612,93.641,93.503,93.582,93.64,93.67,93.534,93.608
2026-03-09T11:00:00Z,93.587,93.666,93.556,93.58,93.613,93.694,93.581,93.606
2026-03-09T12:00:00Z,93.577,93.619,93.494,93.542,93.603,93.644,93.521,93.568
2026-03-09T13:00:00Z,93.546,93.695,93.522,93.575,93.573,93.723,93.551,93.603
2026-03-09T14:00:00Z,93.573,93.695,93.421,93.592,93.601,93.721,93.45,93.618
2026-03-09T15:00:00Z,93.594,93.62,93.499,93.53,93.62,93.647,93.525,93.556
2026-03-09T16:00:00Z,93.527,93.681,93.504,93.663,93.554,93.707,93.531,93.689
2026-03-09T17:00:00Z,93.666,93.67,93.596,93.61,93.692,93.695,93.623,93.648
2026-03-09T18:00:00Z,93.61,93.675,93.59,93.64,93.648,93.701,93.615,93.666
2026-03-09T19:00:00Z,93.637,93.73,93.444,93.536,93.663,93.759,93.471,93.564
2026-03-09T20:00:00Z,93.537,93.58,93.44,93.509,93.564,93.619,93.469,93.582
2026-03-09T21:00:00Z,93.504,93.565,93.477,93.541,93.595,93.683,93.578,93.642
2026-03-09T22:00:00Z,93.541,93.663,93.496,93.606,93.659,93.699,93.6,93.641
2026-03-09T23:00:00Z,93.609,93.637,93.533,93.55,93.644,93.668,93.564,93.577
2026-03-10T00:00:00Z,93.548,93.591,93.368,93.38,93.575,93.624,93.395,93.407
2026-03-10T01:00:00Z,93.375,93.412,93.258,93.331,93.402,93.44,93.289,93.358
2026-03-10T02:00:00Z,93.334,93.377,93.226,93.278,93.361,93.404,93.253,93.305
2026-03-10T03:00:00Z,93.281,93.34,93.258,93.328,93.308,93.366,93.285,93.356
2026-03-10T04:00:00Z,93.324,93.335,93.217,93.244,93.352,93.362,93.244,93.271
2026-03-10T05:00:00Z,93.24,93.258,93.178,93.232,93.267,93.285,93.205,93.263
2026-03-10T06:00:00Z,93.235,93.384,93.2,93.384,93.266,93.411,93.227,93.411
2026-03-10T07:00:00Z,93.388,93.473,93.35,93.412,93.416,93.5,93.376,93.438
2026-03-10T08:00:00Z,93.41,93.503,93.295,93.419,93.436,93.53,93.322,93.445
2026-03-10T09:00:00Z,93.413,93.634,93.407,93.603,93.439,93.661,93.433,93.628
2026-03-10T10:00:00Z,93.599,93.661,93.533,93.656,93.624,93.687,93.56,93.681
2026-03-10T11:00:00Z,93.653,93.778,93.634,93.739,93.68,93.806,93.663,93.765
2026-03-10T12:00:00Z,93.742,93.798,93.624,93.693,93.768,93.824,93.65,93.72
2026-03-10T13:00:00Z,93.694,93.757,93.611,93.647,93.719,93.783,93.64,93.683
2026-03-10T14:00:00Z,93.65,93.892,93.618,93.877,93.687,93.917,93.647,93.903
2026-03-10T15:00:00Z,93.877,93.996,93.834,93.834,93.901,94.022,93.86,93.86
2026-03-10T16:00:00Z,93.833,93.836,93.741,93.781,93.86,93.862,93.767,93.806
2026-03-10T17:00:00Z,93.777,93.899,93.777,93.862,93.802,93.926,93.802,93.897
2026-03-10T18:00:00Z,93.862,93.9,93.686,93.738,93.897,93.926,93.715,93.764
2026-03-10T19:00:00Z,93.738,93.764,93.65,93.71,93.765,93.789,93.678,93.737
2026-03-10T20:00:00Z,93.713,93.734,93.643,93.695,93.739,93.763,93.67,93.736
2026-03-10T21:00:00Z,93.671,93.714,93.663,93.671,93.747,93.815,93.741,93.789
2026-03-10T22:00:00Z,93.675,93.747,93.632,93.659,93.793,93.797,93.668,93.694
2026-03-10T23:00:00Z,93.663,93.683,93.61,93.65,93.698,93.713,93.637,93.678
2026-03-11T00:00:00Z,93.65,93.802,93.64,93.76,93.679,93.834,93.67,93.788
2026-03-11T01:00:00Z,93.763,93.951,93.758,93.927,93.791,93.978,93.786,93.955
2026-03-11T02:00:00Z,93.93,94.016,93.832,93.941,93.958,94.043,93.86,93.967
2026-03-11T03:00:00Z,93.941,94.024,93.895,94.0,93.966,94.053,93.921,94.031
2026-03-11T04:00:00Z,94.004,94.088,93.986,94.004,94.035,94.116,94.014,94.031
2026-03-11T05:00:00Z,94.004,94.04,93.942,94.004,94.033,94.069,93.972,94.034
2026-03-11T06:00:00Z,94.007,94.007,93.813,93.91,94.036,94.036,93.84,93.938
2026-03-11T07:00:00Z,93.91,93.928,93.79,93.874,93.936,93.956,93.821,93.9
2026-03-11T08:00:00Z,93.876,93.977,93.803,93.881,93.903,94.007,93.828,93.907
2026-03-11T09:00:00Z,93.885,93.9,93.773,93.788,93.911,93.926,93.798,93.814
2026-03-11T10:00:00Z,93.79,93.896,93.78,93.863,93.816,93.923,93.806,93.888
2026-03-11T11:00:00Z,93.863,93.966,93.834,93.874,93.887,93.992,93.859,93.899
2026-03-11T12:00:00Z,93.87,93.918,93.723,93.796,93.896,93.944,93.749,93.822
2026-03-11T13:00:00Z,93.797,93.947,93.769,93.902,93.824,93.973,93.795,93.929
2026-03-11T14:00:00Z,93.902,94.171,93.898,94.144,93.927,94.197,93.924,94.17
2026-03-11T15:00:00Z,94.138,94.175,93.82,93.823,94.164,94.201,93.846,93.848
2026-03-11T16:00:00Z,93.825,93.964,93.803,93.947,93.851,93.99,93.828,93.972
2026-03-11T17:00:00Z,93.952,94.022,93.859,93.902,93.977,94.047,93.886,93.94
2026-03-11T18:00:00Z,93.902,93.989,93.857,93.971,93.94,94.015,93.884,93.996
2026-03-11T19:00:00Z,93.97,94.051,93.922,94.049,93.996,94.076,93.949,94.074
2026-03-11T20:00:00Z,94.045,94.058,93.954,93.967,94.07,94.083,93.988,94.005
2026-03-11T21:00:00Z,93.942,93.962,93.859,93.894,94.029,94.095,93.971,94.012
2026-03-11T22:00:00Z,93.905,93.932,93.75,93.77,94.036,94.063,93.782,93.8
2026-03-11T23:00:00Z,93.764,93.832,93.719,93.766,93.793,93.86,93.749,93.799
2026-03-12T00:00:00Z,93.768,93.94,93.763,93.868,93.801,93.967,93.794,93.897
2026-03-12T01:00:00Z,93.869,93.924,93.782,93.833,93.897,93.951,93.811,93.858
2026-03-12T02:00:00Z,93.835,93.909,93.773,93.894,93.858,93.936,93.802,93.922
2026-03-12T03:00:00Z,93.89,93.936,93.751,93.922,93.917,93.964,93.779,93.949
2026-03-12T04:00:00Z,93.917,93.926,93.832,93.863,93.944,93.954,93.86,93.891
2026-03-12T05:00:00Z,93.863,93.916,93.785,93.837,93.89,93.947,93.812,93.865
2026-03-12T06:00:00Z,93.834,93.887,93.782,93.804,93.862,93.915,93.81,93.833
2026-03-12T07:00:00Z,93.807,93.88,93.719,93.762,93.833,93.908,93.745,93.789
2026-03-12T08:00:00Z,93.766,93.836,93.743,93.756,93.792,93.862,93.769,93.782
2026-03-12T09:00:00Z,93.76,93.808,93.676,93.784,93.786,93.834,93.702,93.81
2026-03-12T10:00:00Z,93.781,93.787,93.681,93.716,93.807,93.813,93.708,93.742
2026-03-12T11:00:00Z,93.712,93.751,93.663,93.667,93.737,93.778,93.689,93.693
2026-03-12T12:00:00Z,93.668,93.681,93.597,93.632,93.693,93.706,93.624,93.658
2026-03-12T13:00:00Z,93.638,93.671,93.391,93.401,93.664,93.697,93.418,93.427
2026-03-12T14:00:00Z,93.404,93.498,93.318,93.4,93.43,93.525,93.344,93.426
2026-03-12T15:00:00Z,93.395,93.425,93.233,93.416,93.421,93.452,93.259,93.443
2026-03-12T16:00:00Z,93.411,93.453,93.252,93.267,93.437,93.481,93.277,93.292
2026-03-12T17:00:00Z,93.272,93.364,93.267,93.294,93.298,93.391,93.293,93.328
2026-03-12T18:00:00Z,93.294,93.341,93.28,93.302,93.328,93.367,93.306,93.328
2026-03-12T19:00:00Z,93.299,93.343,93.269,93.296,93.326,93.37,93.296,93.322
2026-03-12T20:00:00Z,93.293,93.313,93.218,93.255,93.318,93.34,93.245,93.302
2026-03-12T21:00:00Z,93.249,93.271,93.081,93.185,93.345,93.38,93.251,93.305
2026-03-12T22:00:00Z,93.186,93.24,93.178,93.189,93.313,93.34,93.213,93.22
2026-03-12T23:00:00Z,93.193,93.221,93.162,93.192,93.223,93.248,93.19,93.22
2026-03-13T00:00:00Z,93.184,93.19,93.091,93.122,93.212,93.218,93.12,93.151
2026-03-13T01:00:00Z,93.123,93.26,93.122,93.19,93.151,93.287,93.151,93.217
2026-03-13T02:00:00Z,93.192,93.247,93.125,93.126,93.219,93.275,93.152,93.152
2026-03-13T03:00:00Z,93.124,93.161,93.076,93.144,93.15,93.188,93.103,93.17
2026-03-13T04:00:00Z,93.143,93.144,92.966,92.98,93.17,93.17,92.994,93.007
2026-03-13T05:00:00Z,92.983,92.987,92.87,92.921,93.011,93.014,92.897,92.948
2026-03-13T06:00:00Z,92.918,92.919,92.646,92.736,92.944,92.946,92.674,92.764
2026-03-13T07:00:00Z,92.733,92.733,92.547,92.596,92.759,92.759,92.573,92.621
2026-03-13T08:00:00Z,92.593,92.721,92.51,92.687,92.618,92.748,92.537,92.714
2026-03-13T09:00:00Z,92.685,92.808,92.682,92.769,92.712,92.834,92.71,92.795
2026-03-13T10:00:00Z,92.773,92.898,92.771,92.795,92.799,92.926,92.797,92.821
2026-03-13T11:00:00Z,92.791,92.912,92.728,92.867,92.818,92.938,92.754,92.892
2026-03-13T12:00:00Z,92.865,92.966,92.829,92.962,92.89,92.992,92.856,92.988
2026-03-13T13:00:00Z,92.959,92.967,92.792,92.85,92.985,92.992,92.818,92.904
2026-03-13T14:00:00Z,92.851,92.885,92.671,92.69,92.903,92.911,92.698,92.724
2026-03-13T15:00:00Z,92.69,92.724,92.559,92.559,92.722,92.751,92.585,92.585
2026-03-13T16:00:00Z,92.56,92.615,92.537,92.569,92.587,92.641,92.564,92.596
2026-03-13T17:00:00Z,92.572,92.66,92.466,92.485,92.599,92.686,92.491,92.51
2026-03-13T18:00:00Z,92.482,92.524,92.409,92.453,92.507,92.552,92.435,92.479
2026-03-13T19:00:00Z,92.451,92.462,92.324,92.328,92.477,92.488,92.353,92.356
2026-03-13T20:00:00Z,92.331,92.332,92.169,92.193,92.358,92.359,92.254,92.288
2026-03-15T21:00:00Z,92.319,92.372,92.235,92.336,92.476,92.572,92.372,92.476
2026-03-15T22:00:00Z,92.325,92.411,92.215,92.373,92.485,92.514,92.312,92.402
2026-03-15T23:00:00Z,92.377,92.486,92.343,92.466,92.406,92.513,92.372,92.494
2026-03-16T00:00:00Z,92.46,92.535,92.406,92.44,92.488,92.564,92.434,92.469
2026-03-16T01:00:00Z,92.443,92.572,92.397,92.528,92.471,92.599,92.423,92.555
2026-03-16T02:00:00Z,92.525,92.712,92.499,92.68,92.551,92.739,92.526,92.708
2026-03-16T03:00:00Z,92.686,92.74,92.646,92.654,92.713,92.769,92.675,92.682
2026-03-16T04:00:00Z,92.657,92.721,92.616,92.616,92.683,92.749,92.642,92.642
2026-03-16T05:00:00Z,92.618,92.633,92.497,92.526,92.645,92.662,92.524,92.552
2026-03-16T06:00:00Z,92.529,92.568,92.455,92.488,92.555,92.595,92.482,92.516
2026-03-16T07:00:00Z,92.488,92.501,92.383,92.476,92.514,92.527,92.409,92.502
2026-03-16T08:00:00Z,92.473,92.687,92.467,92.684,92.499,92.713,92.494,92.71
2026-03-16T09:00:00Z,92.682,92.762,92.642,92.754,92.708,92.79,92.667,92.78
2026-03-16T10:00:00Z,92.756,92.973,92.741,92.965,92.779,93.001,92.767,92.991
2026-03-16T11:00:00Z,92.961,93.005,92.897,92.926,92.986,93.031,92.923,92.953
2026-03-16T12:00:00Z,92.924,92.975,92.904,92.939,92.951,93.002,92.929,92.964
2026-03-16T13:00:00Z,92.941,93.089,92.925,93.066,92.967,93.115,92.952,93.09
2026-03-16T14:00:00Z,93.064,93.09,92.988,93.087,93.09,93.116,93.015,93.112
2026-03-16T15:00:00Z,93.092,93.155,93.056,93.1,93.117,93.182,93.082,93.125
2026-03-16T16:00:00Z,93.1,93.149,93.009,93.07,93.126,93.176,93.036,93.095
2026-03-16T17:00:00Z,93.07,93.161,93.07,93.138,93.096,93.187,93.096,93.175
2026-03-16T18:00:00Z,93.138,93.227,93.138,93.186,93.175,93.253,93.175,93.211
2026-03-16T19:00:00Z,93.19,93.262,93.169,93.255,93.215,93.29,93.196,93.283
2026-03-16T20:00:00Z,93.253,93.258,93.165,93.191,93.281,93.286,93.23,93.233
2026-03-16T21:00:00Z,93.105,93.189,93.071,93.075,93.305,93.316,93.201,93.221
2026-03-16T22:00:00Z,93.077,93.191,93.077,93.089,93.215,93.267,93.121,93.121
2026-03-16T23:00:00Z,93.087,93.16,93.087,93.126,93.123,93.191,93.12,93.16
2026-03-17T00:00:00Z,93.124,93.147,93.073,93.114,93.155,93.174,93.101,93.142
2026-03-17T01:00:00Z,93.12,93.254,93.108,93.253,93.148,93.279,93.135,93.279
2026-03-17T02:00:00Z,93.249,93.3,93.155,93.157,93.275,93.329,93.183,93.185
2026-03-17T03:00:00Z,93.161,93.228,93.079,93.107,93.189,93.268,93.105,93.133
2026-03-17T04:00:00Z,93.103,93.149,93.002,93.004,93.13,93.177,93.032,93.033
2026-03-17T05:00:00Z,93.0,93.008,92.867,92.887,93.029,93.038,92.895,92.913
2026-03-17T06:00:00Z,92.895,92.91,92.696,92.8,92.921,92.932,92.722,92.827
2026-03-17T07:00:00Z,92.799,92.821,92.702,92.74,92.825,92.846,92.727,92.766
2026-03-17T08:00:00Z,92.736,92.877,92.601,92.874,92.762,92.907,92.628,92.9
2026-03-17T09:00:00Z,92.871,92.973,92.856,92.969,92.9,92.998,92.882,92.994
2026-03-17T10:00:00Z,92.971,92.996,92.838,92.877,92.995,93.022,92.864,92.903
2026-03-17T11:00:00Z,92.874,92.95,92.853,92.896,92.899,92.977,92.878,92.922
2026-03-17T12:00:00Z,92.897,93.038,92.888,93.038,92.922,93.063,92.914,93.063
2026-03-17T13:00:00Z,93.037,93.145,93.02,93.075,93.061,93.171,93.046,93.108
2026-03-17T14:00:00Z,93.075,93.105,93.023,93.073,93.11,93.132,93.049,93.102
2026-03-17T15:00:00Z,93.074,93.143,92.974,93.139,93.099,93.169,93.02,93.164
2026-03-17T16:00:00Z,93.139,93.159,93.086,93.115,93.165,93.187,93.112,93.141
2026-03-17T17:00:00Z,93.112,93.242,93.112,93.227,93.139,93.267,93.138,93.265
2026-03-17T18:00:00Z,93.227,93.238,93.151,93.177,93.265,93.27,93.184,93.208
2026-03-17T19:00:00Z,93.18,93.18,93.096,93.116,93.211,93.211,93.127,93.147
2026-03-17T20:00:00Z,93.11,93.143,93.082,93.101,93.14,93.183,93.137,93.15
2026-03-17T21:00:00Z,93.105,93.111,92.951,93.023,93.223,93.242,93.082,93.141
2026-03-17T22:00:00Z,93.009,93.161,92.992,93.119,93.127,93.218,93.11,93.164
2026-03-17T23:00:00Z,93.119,93.128,93.063,93.077,93.161,93.189,93.109,93.124
2026-03-18T00:00:00Z,93.077,93.222,93.058,93.189,93.125,93.25,93.091,93.217
2026-03-18T01:00:00Z,93.19,93.272,93.167,93.204,93.217,93.298,93.193,93.232
2026-03-18T02:00:00Z,93.201,93.208,93.019,93.032,93.229,93.236,93.047,93.06
2026-03-18T03:00:00Z,93.034,93.133,93.018,93.122,93.062,93.161,93.046,93.15
2026-03-18T04:00:00Z,93.124,93.148,93.065,93.099,93.152,93.176,93.092,93.128
2026-03-18T05:00:00Z,93.103,93.134,93.045,93.114,93.131,93.163,93.073,93.144
2026-03-18T06:00:00Z,93.116,93.153,93.093,93.127,93.145,93.181,93.12,93.155
2026-03-18T07:00:00Z,93.13,93.14,92.978,92.991,93.156,93.168,93.004,93.017
2026-03-18T08:00:00Z,92.995,93.172,92.988,93.168,93.02,93.197,93.015,93.195
2026-03-18T09:00:00Z,93.171,93.201,93.139,93.174,93.198,93.228,93.168,93.199
2026-03-18T10:00:00Z,93.175,93.22,93.121,93.148,93.201,93.247,93.15,93.175
2026-03-18T11:00:00Z,93.142,93.16,93.024,93.064,93.17,93.186,93.053,93.093
2026-03-18T12:00:00Z,93.066,93.085,92.817,92.825,93.095,93.114,92.846,92.853
2026-03-18T13:00:00Z,92.829,93.001,92.758,92.987,92.857,93.036,92.788,93.023
2026-03-18T14:00:00Z,92.988,93.14,92.94,93.127,93.026,93.169,92.973,93.156
2026-03-18T15:00:00Z,93.131,93.241,93.11,93.114,93.16,93.27,93.14,93.143
2026-03-18T16:00:00Z,93.118,93.194,93.098,93.135,93.147,93.222,93.128,93.163
2026-03-18T17:00:00Z,93.133,93.139,93.037,93.087,93.164,93.17,93.066,93.13
2026-03-18T18:00:00Z,93.087,93.138,92.846,92.86,93.13,93.171,92.876,92.888
2026-03-18T19:00:00Z,92.864,92.938,92.769,92.772,92.891,92.966,92.799,92.802
2026-03-18T20:00:00Z,92.774,92.774,92.541,92.638,92.803,92.803,92.566,92.687
2026-03-18T21:00:00Z,92.665,92.828,92.47,92.536,92.781,93.023,92.594,92.678
2026-03-18T22:00:00Z,92.536,92.578,92.447,92.473,92.672,92.692,92.48,92.504
2026-03-18T23:00:00Z,92.475,92.605,92.435,92.601,92.505,92.636,92.475,92.63
2026-03-19T00:00:00Z,92.599,92.927,92.589,92.927,92.627,92.955,92.617,92.954
2026-03-19T01:00:00Z,92.93,92.97,92.812,92.814,92.958,92.998,92.843,92.844
2026-03-19T02:00:00Z,92.816,93.0,92.737,92.879,92.843,93.028,92.772,92.912
2026-03-19T03:00:00Z,92.88,92.974,92.88,92.889,92.916,93.008,92.907,92.923
2026-03-19T04:00:00Z,92.887,92.895,92.828,92.874,92.921,92.923,92.858,92.905
2026-03-19T05:00:00Z,92.877,92.937,92.814,92.821,92.908,92.964,92.842,92.848
2026-03-19T06:00:00Z,92.824,92.953,92.795,92.881,92.851,92.981,92.822,92.911
2026-03-19T07:00:00Z,92.88,92.899,92.441,92.47,92.908,92.93,92.468,92.498
2026-03-19T08:00:00Z,92.469,92.636,92.36,92.518,92.496,92.665,92.387,92.544
2026-03-19T09:00:00Z,92.519,92.704,92.494,92.652,92.544,92.732,92.52,92.679
2026-03-19T10:00:00Z,92.649,92.667,92.52,92.532,92.675,92.694,92.548,92.559
2026-03-19T11:00:00Z,92.534,92.562,92.39,92.487,92.561,92.589,92.416,92.513
2026-03-19T12:00:00Z,92.485,92.492,92.226,92.271,92.51,92.518,92.253,92.298
2026-03-19T13:00:00Z,92.268,92.344,92.115,92.3,92.294,92.372,92.142,92.337
2026-03-19T14:00:00Z,92.297,92.499,92.266,92.449,92.336,92.526,92.295,92.477
2026-03-19T15:00:00Z,92.452,92.566,92.192,92.237,92.48,92.593,92.219,92.264
2026-03-19T16:00:00Z,92.234,92.364,92.214,92.267,92.262,92.391,92.24,92.293
2026-03-19T17:00:00Z,92.268,92.38,92.243,92.309,92.293,92.406,92.269,92.35
2026-03-19T18:00:00Z,92.309,92.441,92.27,92.429,92.35,92.47,92.295,92.457
2026-03-19T19:00:00Z,92.434,92.808,92.434,92.577,92.462,92.837,92.462,92.603
2026-03-19T20:00:00Z,92.581,92.631,92.554,92.62,92.607,92.692,92.58,92.66
2026-03-19T21:00:00Z,92.544,92.676,92.512,92.591,92.708,92.857,92.631,92.709
2026-03-19T22:00:00Z,92.607,92.703,92.577,92.614,92.725,92.765,92.613,92.644
2026-03-19T23:00:00Z,92.619,92.722,92.614,92.647,92.649,92.751,92.648,92.674
2026-03-20T00:00:00Z,92.651,92.915,92.639,92.857,92.678,92.943,92.665,92.885
2026-03-20T01:00:00Z,92.853,93.03,92.853,92.983,92.88,93.056,92.88,93.01
2026-03-20T02:00:00Z,92.987,93.201,92.985,93.185,93.015,93.227,93.013,93.212
2026-03-20T03:00:00Z,93.185,93.197,93.105,93.164,93.211,93.222,93.132,93.191
2026-03-20T04:00:00Z,93.163,93.177,93.094,93.131,93.189,93.204,93.121,93.159
2026-03-20T05:00:00Z,93.129,93.19,93.089,93.096,93.157,93.217,93.117,93.124
2026-03-20T06:00:00Z,93.1,93.148,93.042,93.052,93.127,93.175,93.07,93.08
2026-03-20T07:00:00Z,93.056,93.288,93.023,93.194,93.082,93.315,93.048,93.22
2026-03-20T08:00:00Z,93.195,93.257,93.166,93.213,93.222,93.282,93.192,93.239
2026-03-20T09:00:00Z,93.216,93.229,93.11,93.119,93.242,93.255,93.136,93.145
2026-03-20T10:00:00Z,93.117,93.118,92.968,93.027,93.143,93.144,92.996,93.054
2026-03-20T11:00:00Z,93.025,93.154,93.007,93.099,93.052,93.181,93.034,93.125
2026-03-20T12:00:00Z,93.104,93.182,93.041,93.074,93.129,93.207,93.067,93.099
2026-03-20T13:00:00Z,93.077,93.09,92.835,92.855,93.103,93.117,92.862,92.882
2026-03-20T14:00:00Z,92.853,92.934,92.774,92.837,92.879,92.96,92.8,92.863
2026-03-20T15:00:00Z,92.839,92.996,92.831,92.977,92.865,93.023,92.858,93.006
2026-03-20T16:00:00Z,92.976,93.095,92.958,93.035,93.006,93.121,92.984,93.061
2026-03-20T17:00:00Z,93.039,93.069,92.878,92.913,93.065,93.096,92.905,92.939
2026-03-20T18:00:00Z,92.915,92.947,92.759,92.762,92.94,92.973,92.785,92.788
2026-03-20T19:00:00Z,92.767,92.822,92.681,92.803,92.793,92.85,92.707,92.829
2026-03-20T20:00:00Z,92.802,92.871,92.748,92.784,92.827,92.941,92.819,92.892
2026-03-22T21:00:00Z,92.604,92.684,92.489,92.62,92.78,92.854,92.675,92.82
2026-03-22T22:00:00Z,92.632,92.895,92.61,92.834,92.789,92.922,92.706,92.861
2026-03-22T23:00:00Z,92.835,92.868,92.773,92.81,92.863,92.896,92.8,92.839
2026-03-23T00:00:00Z,92.81,92.894,92.711,92.865,92.84,92.921,92.74,92.892
2026-03-23T01:00:00Z,92.869,93.0,92.734,92.839,92.896,93.028,92.763,92.867
2026-03-23T02:00:00Z,92.843,92.876,92.683,92.725,92.87,92.903,92.709,92.751
2026-03-23T03:00:00Z,92.727,92.787,92.569,92.648,92.751,92.814,92.595,92.677
2026-03-23T04:00:00Z,92.651,92.674,92.588,92.634,92.681,92.703,92.615,92.661
2026-03-23T05:00:00Z,92.632,92.655,92.491,92.553,92.659,92.681,92.517,92.58
2026-03-23T06:00:00Z,92.555,92.56,92.391,92.403,92.582,92.587,92.42,92.431
2026-03-23T07:00:00Z,92.408,92.488,92.333,92.406,92.434,92.515,92.36,92.433
2026-03-23T08:00:00Z,92.412,92.544,92.38,92.409,92.439,92.57,92.407,92.436
2026-03-23T09:00:00Z,92.416,92.423,92.202,92.217,92.441,92.449,92.229,92.244
2026-03-23T10:00:00Z,92.22,92.235,91.949,92.048,92.246,92.26,91.975,92.074
2026-03-23T11:00:00Z,92.053,92.698,92.016,92.337,92.079,92.746,92.043,92.372
2026-03-23T12:00:00Z,92.34,92.782,92.256,92.742,92.376,92.813,92.291,92.778
2026-03-23T13:00:00Z,92.756,92.831,92.529,92.818,92.787,92.861,92.556,92.849
2026-03-23T14:00:00Z,92.822,93.183,92.756,93.084,92.852,93.213,92.785,93.111
2026-03-23T15:00:00Z,93.088,93.203,92.679,92.713,93.115,93.229,92.707,92.74
2026-03-23T16:00:00Z,92.708,92.859,92.62,92.84,92.736,92.885,92.647,92.866
2026-03-23T17:00:00Z,92.843,93.01,92.83,92.939,92.869,93.038,92.857,92.974
2026-03-23T18:00:00Z,92.939,92.941,92.778,92.886,92.974,92.974,92.804,92.913
2026-03-23T19:00:00Z,92.887,92.932,92.833,92.901,92.913,92.959,92.861,92.927
2026-03-23T20:00:00Z,92.897,92.906,92.744,92.781,92.923,92.934,92.77,92.836
2026-03-23T21:00:00Z,92.731,92.911,92.624,92.669,92.931,93.111,92.742,92.839
2026-03-23T22:00:00Z,92.669,92.879,92.666,92.824,92.836,92.914,92.733,92.859
2026-03-23T23:00:00Z,92.822,92.822,92.715,92.764,92.858,92.858,92.743,92.792
2026-03-24T00:00:00Z,92.769,92.772,92.465,92.651,92.797,92.8,92.493,92.678
2026-03-24T01:00:00Z,92.653,92.667,92.456,92.541,92.68,92.694,92.484,92.568
2026-03-24T02:00:00Z,92.541,92.64,92.524,92.588,92.567,92.667,92.552,92.616
2026-03-24T03:00:00Z,92.59,92.621,92.507,92.568,92.617,92.647,92.533,92.594
2026-03-24T04:00:00Z,92.568,92.58,92.473,92.537,92.595,92.607,92.499,92.563
2026-03-24T05:00:00Z,92.54,92.546,92.406,92.46,92.567,92.573,92.434,92.488
2026-03-24T06:00:00Z,92.461,92.622,92.457,92.607,92.488,92.651,92.485,92.636
2026-03-24T07:00:00Z,92.61,92.832,92.603,92.672,92.637,92.858,92.631,92.697
2026-03-24T08:00:00Z,92.667,92.675,92.306,92.377,92.688,92.7,92.331,92.403
2026-03-24T09:00:00Z,92.374,92.473,92.283,92.464,92.401,92.499,92.309,92.489
2026-03-24T10:00:00Z,92.463,92.589,92.426,92.587,92.489,92.615,92.452,92.613
2026-03-24T11:00:00Z,92.585,92.639,92.438,92.578,92.61,92.665,92.466,92.604
2026-03-24T12:00:00Z,92.581,92.595,92.427,92.496,92.607,92.621,92.453,92.523
2026-03-24T13:00:00Z,92.498,92.547,92.346,92.418,92.525,92.573,92.372,92.454
2026-03-24T14:00:00Z,92.418,92.615,92.372,92.452,92.451,92.643,92.4,92.48
2026-03-24T15:00:00Z,92.447,92.51,92.379,92.415,92.475,92.539,92.405,92.44
2026-03-24T16:00:00Z,92.412,92.452,92.353,92.39,92.44,92.478,92.38,92.417
2026-03-24T17:00:00Z,92.389,92.406,92.193,92.295,92.417,92.432,92.22,92.333
2026-03-24T18:00:00Z,92.295,92.469,92.295,92.435,92.333,92.496,92.327,92.461
2026-03-24T19:00:00Z,92.432,92.543,92.432,92.496,92.459,92.569,92.459,92.522
2026-03-24T20:00:00Z,92.497,92.717,92.487,92.599,92.522,92.756,92.514,92.651
2026-03-24T21:00:00Z,92.584,92.6,92.493,92.568,92.677,92.718,92.607,92.686
2026-03-24T22:00:00Z,92.572,92.678,92.55,92.64,92.69,92.712,92.597,92.672
2026-03-24T23:00:00Z,92.633,92.672,92.575,92.608,92.67,92.7,92.612,92.636
2026-03-25T00:00:00Z,92.601,92.711,92.535,92.622,92.629,92.739,92.566,92.649
2026-03-25T01:00:00Z,92.617,92.696,92.489,92.495,92.644,92.723,92.516,92.522
2026-03-25T02:00:00Z,92.498,92.552,92.419,92.489,92.524,92.581,92.447,92.517
2026-03-25T03:00:00Z,92.495,92.518,92.44,92.457,92.523,92.546,92.467,92.484
2026-03-25T04:00:00Z,92.455,92.515,92.39,92.395,92.483,92.542,92.42,92.422
2026-03-25T05:00:00Z,92.397,92.444,92.333,92.384,92.424,92.471,92.362,92.411
2026-03-25T06:00:00Z,92.385,92.446,92.351,92.407,92.411,92.474,92.378,92.433
2026-03-25T07:00:00Z,92.407,92.546,92.404,92.537,92.432,92.572,92.429,92.564
2026-03-25T08:00:00Z,92.534,92.586,92.439,92.527,92.56,92.614,92.466,92.554
2026-03-25T09:00:00Z,92.524,92.571,92.385,92.428,92.552,92.599,92.41,92.454
2026-03-25T10:00:00Z,92.434,92.474,92.36,92.455,92.46,92.502,92.386,92.478
2026-03-25T11:00:00Z,92.453,92.53,92.418,92.492,92.478,92.555,92.444,92.517
2026-03-25T12:00:00Z,92.492,92.53,92.375,92.495,92.518,92.556,92.402,92.521
2026-03-25T13:00:00Z,92.498,92.551,92.408,92.426,92.523,92.578,92.433,92.451
2026-03-25T14:00:00Z,92.428,92.576,92.383,92.563,92.454,92.602,92.409,92.588
2026-03-25T15:00:00Z,92.563,92.618,92.454,92.548,92.59,92.644,92.48,92.573
2026-03-25T16:00:00Z,92.545,92.665,92.502,92.624,92.569,92.691,92.531,92.65
2026-03-25T17:00:00Z,92.624,92.719,92.602,92.675,92.649,92.744,92.628,92.713
2026-03-25T18:00:00Z,92.675,92.695,92.517,92.577,92.713,92.721,92.546,92.605
2026-03-25T19:00:00Z,92.575,92.593,92.545,92.581,92.602,92.62,92.571,92.606
2026-03-25T20:00:00Z,92.58,92.59,92.532,92.547,92.606,92.617,92.56,92.584
2026-03-25T21:00:00Z,92.554,92.578,92.493,92.555,92.631,92.716,92.603,92.69
2026-03-25T22:00:00Z,92.57,92.575,92.482,92.526,92.688,92.701,92.521,92.559
2026-03-25T23:00:00Z,92.53,92.542,92.484,92.528,92.563,92.577,92.511,92.555
2026-03-26T00:00:00Z,92.533,92.574,92.399,92.483,92.56,92.6,92.426,92.511
2026-03-26T01:00:00Z,92.483,92.527,92.466,92.523,92.512,92.554,92.493,92.549
2026-03-26T02:00:00Z,92.524,92.538,92.43,92.47,92.549,92.564,92.456,92.496
2026-03-26T03:00:00Z,92.471,92.588,92.466,92.572,92.498,92.615,92.493,92.599
2026-03-26T04:00:00Z,92.57,92.599,92.532,92.569,92.598,92.627,92.561,92.597
2026-03-26T05:00:00Z,92.571,92.571,92.47,92.475,92.601,92.601,92.499,92.502
2026-03-26T06:00:00Z,92.473,92.485,92.347,92.366,92.501,92.512,92.376,92.393
2026-03-26T07:00:00Z,92.371,92.371,92.213,92.239,92.396,92.396,92.241,92.265
2026-03-26T08:00:00Z,92.242,92.303,92.204,92.274,92.268,92.329,92.231,92.301
2026-03-26T09:00:00Z,92.276,92.348,92.216,92.325,92.304,92.375,92.241,92.35
2026-03-26T10:00:00Z,92.325,92.374,92.276,92.287,92.351,92.401,92.301,92.314
2026-03-26T11:00:00Z,92.289,92.311,92.148,92.15,92.316,92.338,92.173,92.175
2026-03-26T12:00:00Z,92.152,92.26,92.143,92.215,92.177,92.298,92.168,92.241
2026-03-26T13:00:00Z,92.218,92.393,92.214,92.344,92.244,92.419,92.24,92.37
2026-03-26T14:00:00Z,92.343,92.39,92.176,92.248,92.368,92.414,92.204,92.278
2026-03-26T15:00:00Z,92.246,92.303,92.171,92.22,92.278,92.328,92.196,92.246
2026-03-26T16:00:00Z,92.219,92.237,92.061,92.082,92.246,92.262,92.086,92.108
2026-03-26T17:00:00Z,92.084,92.094,91.96,91.962,92.109,92.12,91.988,91.996
2026-03-26T18:00:00Z,91.962,92.054,91.95,92.031,91.996,92.08,91.976,92.057
2026-03-26T19:00:00Z,92.035,92.036,91.912,91.92,92.061,92.061,91.937,91.946
2026-03-26T20:00:00Z,91.915,92.166,91.895,92.025,91.941,92.2,91.921,92.087
2026-03-26T21:00:00Z,91.921,92.116,91.886,91.988,92.082,92.316,92.0,92.188
2026-03-26T22:00:00Z,91.982,92.052,91.964,92.001,92.174,92.195,92.001,92.036
2026-03-26T23:00:00Z,92.003,92.027,91.974,91.991,92.033,92.058,92.003,92.018
2026-03-27T00:00:00Z,91.989,92.022,91.771,91.84,92.014,92.05,91.798,91.868
2026-03-27T01:00:00Z,91.845,91.966,91.767,91.957,91.873,91.994,91.794,91.981
2026-03-27T02:00:00Z,91.957,92.062,91.952,92.024,91.983,92.09,91.98,92.049
2026-03-27T03:00:00Z,92.023,92.115,92.009,92.108,92.049,92.141,92.035,92.136
2026-03-27T04:00:00Z,92.11,92.173,92.076,92.165,92.135,92.202,92.102,92.193
2026-03-27T05:00:00Z,92.171,92.207,92.097,92.107,92.199,92.236,92.125,92.134
2026-03-27T06:00:00Z,92.107,92.2,92.073,92.187,92.135,92.226,92.1,92.215
2026-03-27T07:00:00Z,92.189,92.3,92.165,92.184,92.216,92.326,92.19,92.213
2026-03-27T08:00:00Z,92.189,92.278,92.134,92.166,92.214,92.304,92.159,92.192
2026-03-27T09:00:00Z,92.162,92.25,92.139,92.208,92.188,92.277,92.166,92.235
2026-03-27T10:00:00Z,92.208,92.269,92.18,92.197,92.234,92.295,92.205,92.223
2026-03-27T11:00:00Z,92.201,92.204,92.05,92.051,92.227,92.23,92.077,92.077
2026-03-27T12:00:00Z,92.048,92.062,91.925,91.973,92.075,92.086,91.951,91.999
2026-03-27T13:00:00Z,91.978,92.108,91.943,92.051,92.004,92.133,91.969,92.087
2026-03-27T14:00:00Z,92.037,92.127,92.025,92.051,92.082,92.154,92.053,92.077
2026-03-27T15:00:00Z,92.052,92.202,92.026,92.196,92.077,92.228,92.053,92.222
2026-03-27T16:00:00Z,92.191,92.256,92.08,92.108,92.217,92.281,92.107,92.136
2026-03-27T17:00:00Z,92.106,92.167,92.005,92.034,92.132,92.193,92.031,92.062
2026-03-27T18:00:00Z,92.032,92.092,91.998,92.008,92.06,92.117,92.024,92.034
2026-03-27T19:00:00Z,92.011,92.036,91.983,91.997,92.037,92.063,92.01,92.024
2026-03-27T20:00:00Z,91.997,92.098,91.974,92.039,92.023,92.177,92.001,92.162
2026-03-29T21:00:00Z,91.995,92.047,91.834,91.847,92.127,92.191,91.987,92.047
2026-03-29T22:00:00Z,91.87,92.012,91.838,91.913,92.07,92.082,91.916,91.941
2026-03-29T23:00:00Z,91.916,91.95,91.734,91.75,91.943,91.978,91.768,91.784
2026-03-30T00:00:00Z,91.749,91.767,91.573,91.63,91.782,91.801,91.601,91.658
2026-03-30T01:00:00Z,91.635,91.779,91.615,91.672,91.662,91.807,91.643,91.7
2026-03-30T02:00:00Z,91.674,91.679,91.506,91.555,91.701,91.707,91.533,91.582
2026-03-30T03:00:00Z,91.556,91.686,91.529,91.665,91.584,91.712,91.558,91.691
2026-03-30T04:00:00Z,91.663,91.671,91.605,91.639,91.691,91.7,91.631,91.666
2026-03-30T05:00:00Z,91.641,91.72,91.624,91.678,91.667,91.748,91.65,91.703
2026-03-30T06:00:00Z,91.68,91.827,91.63,91.715,91.704,91.853,91.656,91.742
2026-03-30T07:00:00Z,91.713,91.713,91.422,91.492,91.74,91.74,91.449,91.518
2026-03-30T08:00:00Z,91.488,91.5,91.369,91.369,91.514,91.525,91.395,91.395
2026-03-30T09:00:00Z,91.374,91.387,91.222,91.292,91.4,91.412,91.25,91.318
2026-03-30T10:00:00Z,91.289,91.312,91.224,91.298,91.315,91.339,91.25,91.324
2026-03-30T11:00:00Z,91.296,91.344,91.233,91.255,91.322,91.373,91.261,91.281
2026-03-30T12:00:00Z,91.257,91.298,91.193,91.204,91.282,91.326,91.218,91.229
2026-03-30T13:00:00Z,91.207,91.231,91.072,91.106,91.232,91.258,91.099,91.131
2026-03-30T14:00:00Z,91.103,91.22,90.948,91.185,91.129,91.246,90.975,91.21
2026-03-30T15:00:00Z,91.186,91.226,91.083,91.123,91.21,91.253,91.108,91.149
2026-03-30T16:00:00Z,91.12,91.153,91.07,91.149,91.145,91.18,91.093,91.177
2026-03-30T17:00:00Z,91.153,91.229,91.149,91.177,91.179,91.261,91.175,91.216
2026-03-30T18:00:00Z,91.177,91.251,91.149,91.242,91.216,91.278,91.174,91.268
2026-03-30T19:00:00Z,91.238,91.28,91.175,91.273,91.264,91.302,91.202,91.3
2026-03-30T20:00:00Z,91.272,91.375,91.254,91.366,91.298,91.421,91.281,91.404
2026-03-30T21:00:00Z,91.292,91.372,91.232,91.33,91.41,91.471,91.35,91.448
2026-03-30T22:00:00Z,91.328,91.413,91.328,91.373,91.445,91.461,91.383,91.402
2026-03-30T23:00:00Z,91.368,91.374,91.31,91.362,91.396,91.403,91.341,91.39
2026-03-31T00:00:00Z,91.359,91.493,91.236,91.479,91.387,91.521,91.265,91.507
2026-03-31T01:00:00Z,91.476,91.595,91.425,91.483,91.504,91.621,91.452,91.51
2026-03-31T02:00:00Z,91.485,91.49,91.318,91.326,91.512,91.516,91.346,91.355
2026-03-31T03:00:00Z,91.324,91.344,91.252,91.286,91.352,91.372,91.279,91.312
2026-03-31T04:00:00Z,91.29,91.33,91.105,91.107,91.317,91.357,91.129,91.133
2026-03-31T05:00:00Z,91.103,91.183,90.967,91.153,91.129,91.211,90.994,91.179
2026-03-31T06:00:00Z,91.146,91.257,91.081,91.245,91.171,91.281,91.105,91.27
2026-03-31T07:00:00Z,91.248,91.262,91.084,91.243,91.273,91.288,91.11,91.268
2026-03-31T08:00:00Z,91.246,91.286,91.117,91.176,91.272,91.312,91.143,91.202
2026-03-31T09:00:00Z,91.17,91.184,91.083,91.099,91.197,91.21,91.111,91.124
2026-03-31T10:00:00Z,91.103,91.141,91.06,91.091,91.128,91.166,91.086,91.116
2026-03-31T11:00:00Z,91.094,91.298,91.081,91.283,91.12,91.326,91.107,91.311
2026-03-31T12:00:00Z,91.286,91.411,91.194,91.194,91.312,91.436,91.225,91.226
2026-03-31T13:00:00Z,91.196,91.257,91.088,91.218,91.229,91.291,91.114,91.291
2026-03-31T14:00:00Z,91.213,91.27,90.664,90.733,91.297,91.3,90.691,90.76
2026-03-31T15:00:00Z,90.736,90.861,90.707,90.8,90.76,90.887,90.739,90.826
2026-03-31T16:00:00Z,90.797,91.135,90.791,91.061,90.826,91.162,90.817,91.09
2026-03-31T17:00:00Z,91.06,91.187,91.037,91.049,91.088,91.214,91.067,91.087
2026-03-31T18:00:00Z,91.049,91.133,91.049,91.124,91.087,91.158,91.087,91.15
2026-03-31T19:00:00Z,91.126,91.189,91.106,91.14,91.152,91.215,91.132,91.167
2026-03-31T20:00:00Z,91.143,91.201,91.106,91.158,91.17,91.232,91.138,91.201
2026-03-31T21:00:00Z,91.078,91.199,91.077,91.151,91.258,91.373,91.177,91.217
2026-03-31T22:00:00Z,91.152,91.214,91.131,91.146,91.22,91.288,91.166,91.181
2026-03-31T23:00:00Z,91.141,91.242,91.117,91.226,91.177,91.268,91.145,91.254
2026-04-01T00:00:00Z,91.223,91.354,91.178,91.322,91.251,91.383,91.206,91.35
2026-04-01T01:00:00Z,91.325,91.341,91.086,91.114,91.353,91.369,91.114,91.142
2026-04-01T02:00:00Z,91.117,91.157,91.03,91.042,91.145,91.186,91.058,91.069
2026-04-01T03:00:00Z,91.041,91.047,90.902,91.029,91.069,91.074,90.929,91.056
2026-04-01T04:00:00Z,91.034,91.12,91.02,91.06,91.06,91.148,91.047,91.087
2026-04-01T05:00:00Z,91.061,91.227,91.055,91.099,91.087,91.254,91.082,91.126
2026-04-01T06:00:00Z,91.103,91.318,91.059,91.307,91.129,91.344,91.085,91.333
2026-04-01T07:00:00Z,91.31,91.327,91.178,91.293,91.336,91.353,91.204,91.319
2026-04-01T08:00:00Z,91.29,91.479,91.261,91.367,91.316,91.506,91.288,91.393
2026-04-01T09:00:00Z,91.37,91.521,91.318,91.483,91.397,91.547,91.344,91.51
2026-04-01T10:00:00Z,91.481,91.495,91.388,91.392,91.508,91.52,91.415,91.423
2026-04-01T11:00:00Z,91.391,91.485,91.368,91.381,91.418,91.512,91.394,91.408
2026-04-01T12:00:00Z,91.373,91.431,91.276,91.306,91.4,91.467,91.304,91.334
2026-04-01T13:00:00Z,91.309,91.45,91.268,91.408,91.334,91.477,91.296,91.47
2026-04-01T14:00:00Z,91.42,91.436,91.318,91.365,91.469,91.485,91.343,91.391
2026-04-01T15:00:00Z,91.361,91.498,91.34,91.477,91.388,91.525,91.366,91.505
2026-04-01T16:00:00Z,91.475,91.498,91.428,91.489,91.499,91.525,91.456,91.515
2026-04-01T17:00:00Z,91.489,91.494,91.353,91.355,91.517,91.519,91.383,91.393
2026-04-01T18:00:00Z,91.355,91.355,91.147,91.213,91.393,91.393,91.176,91.242
2026-04-01T19:00:00Z,91.216,91.355,91.205,91.323,91.243,91.385,91.233,91.351
2026-04-01T20:00:00Z,91.325,91.347,91.29,91.3,91.353,91.376,91.319,91.357
2026-04-01T21:00:00Z,91.278,91.326,91.189,91.235,91.418,91.46,91.304,91.367
2026-04-01T22:00:00Z,91.231,91.291,91.185,91.209,91.356,91.395,91.217,91.243
2026-04-01T23:00:00Z,91.213,91.231,91.167,91.216,91.246,91.261,91.195,91.243
2026-04-02T00:00:00Z,91.214,91.3,91.168,91.296,91.242,91.328,91.194,91.323
2026-04-02T01:00:00Z,91.292,91.331,90.95,91.102,91.319,91.36,90.981,91.132
2026-04-02T02:00:00Z,91.1,91.177,91.046,91.143,91.13,91.204,91.074,91.171
2026-04-02T03:00:00Z,91.149,91.155,91.027,91.028,91.177,91.18,91.055,91.057
2026-04-02T04:00:00Z,91.031,91.035,90.931,90.957,91.059,91.063,90.959,90.984
2026-04-02T05:00:00Z,90.961,90.967,90.863,90.908,90.987,90.995,90.889,90.936
2026-04-02T06:00:00Z,90.907,91.034,90.817,91.018,90.934,91.06,90.845,91.043
2026-04-02T07:00:00Z,91.024,91.23,91.013,91.191,91.049,91.256,91.038,91.216
2026-04-02T08:00:00Z,91.193,91.203,91.108,91.166,91.218,91.228,91.133,91.192
2026-04-02T09:00:00Z,91.168,91.204,91.106,91.173,91.194,91.231,91.133,91.192
2026-04-02T10:00:00Z,91.172,91.173,91.043,91.062,91.192,91.196,91.069,91.087
2026-04-02T11:00:00Z,91.065,91.094,91.035,91.071,91.09,91.12,91.06,91.096
2026-04-02T12:00:00Z,91.076,91.196,91.054,91.144,91.101,91.223,91.079,91.17
2026-04-02T13:00:00Z,91.147,91.229,91.088,91.201,91.172,91.255,91.115,91.229
2026-04-02T14:00:00Z,91.206,91.363,91.132,91.259,91.231,91.391,91.162,91.287
2026-04-02T15:00:00Z,91.261,91.285,91.172,91.21,91.289,91.311,91.198,91.236
2026-04-02T16:00:00Z,91.213,91.3,91.142,91.258,91.239,91.324,91.169,91.284
2026-04-02T17:00:00Z,91.257,91.325,91.218,91.228,91.282,91.352,91.254,91.27
2026-04-02T18:00:00Z,91.297,91.307,91.234,91.268,91.323,91.333,91.262,91.294
2026-04-02T19:00:00Z,91.269,91.282,91.218,91.25,91.294,91.309,91.244,91.276
2026-04-02T20:00:00Z,91.246,91.246,91.166,91.197,91.272,91.273,91.193,91.272
2026-04-02T21:00:00Z,91.1,91.165,91.062,91.134,91.3,91.333,91.253,91.311
2026-04-02T22:00:00Z,91.147,91.202,91.139,91.191,91.311,91.311,91.216,91.228
2026-04-02T23:00:00Z,91.19,91.202,91.151,91.155,91.225,91.238,91.185,91.191
2026-04-03T00:00:00Z,91.157,91.225,91.15,91.217,91.194,91.253,91.179,91.244
2026-04-03T01:00:00Z,91.221,91.223,91.154,91.168,91.248,91.253,91.185,91.197
2026-04-03T02:00:00Z,91.171,91.203,91.122,91.142,91.199,91.231,91.151,91.171
2026-04-03T03:00:00Z,91.139,91.162,91.085,91.092,91.168,91.191,91.114,91.12
2026-04-03T04:00:00Z,91.091,91.099,91.042,91.093,91.12,91.125,91.069,91.12
2026-04-03T05:00:00Z,91.091,91.135,91.059,91.133,91.118,91.162,91.086,91.161
2026-04-03T06:00:00Z,91.135,91.158,91.098,91.127,91.162,91.183,91.126,91.158
2026-04-03T07:00:00Z,91.131,91.141,91.086,91.088,91.161,91.168,91.114,91.116
2026-04-03T08:00:00Z,91.093,91.093,91.01,91.051,91.121,91.133,91.042,91.087
2026-04-03T09:00:00Z,91.05,91.072,91.029,91.069,91.087,91.104,91.064,91.102
2026-04-03T10:00:00Z,91.067,91.11,91.043,91.086,91.1,91.139,91.076,91.118
2026-04-03T11:00:00Z,91.081,91.135,91.07,91.113,91.114,91.168,91.101,91.141
2026-04-03T12:00:00Z,91.111,91.118,90.902,91.01,91.142,91.207,91.002,91.042
2026-04-03T13:00:00Z,91.009,91.061,90.934,90.984,91.045,91.095,90.969,91.016
2026-04-03T14:00:00Z,90.986,90.99,90.854,90.861,91.02,91.022,90.885,90.893
2026-04-03T15:00:00Z,90.857,90.909,90.826,90.888,90.89,90.947,90.858,90.926
2026-04-03T16:00:00Z,90.884,90.885,90.848,90.859,90.921,90.922,90.886,90.896
2026-04-03T17:00:00Z,90.86,90.885,90.817,90.835,90.899,90.928,90.854,90.872
2026-04-03T18:00:00Z,90.831,90.841,90.801,90.815,90.872,90.882,90.841,90.857
2026-04-03T19:00:00Z,90.813,90.852,90.697,90.826,90.861,90.913,90.749,90.884
2026-04-03T20:00:00Z,90.828,90.908,90.635,90.734,90.885,91.108,90.749,90.934
2026-04-05T21:00:00Z,90.757,90.912,90.72,90.778,90.957,91.058,90.899,90.978
2026-04-05T22:00:00Z,90.787,90.849,90.691,90.82,90.987,91.002,90.77,90.851
2026-04-05T23:00:00Z,90.822,90.876,90.776,90.832,90.852,90.903,90.805,90.861
2026-04-06T00:00:00Z,90.834,90.959,90.825,90.95,90.863,90.985,90.853,90.977
2026-04-06T01:00:00Z,90.948,90.956,90.829,90.853,90.975,90.982,90.857,90.88
2026-04-06T02:00:00Z,90.851,91.036,90.851,90.949,90.878,91.063,90.878,90.977
2026-04-06T03:00:00Z,90.947,90.974,90.896,90.954,90.974,91.0,90.923,90.981
2026-04-06T04:00:00Z,90.956,91.004,90.937,90.997,90.983,91.033,90.963,91.023
2026-04-06T05:00:00Z,91.0,91.046,90.987,90.989,91.027,91.073,91.014,91.016
2026-04-06T06:00:00Z,90.989,91.135,90.964,91.094,91.014,91.162,90.99,91.121
2026-04-06T07:00:00Z,91.096,91.277,91.074,91.203,91.123,91.303,91.1,91.229
2026-04-06T08:00:00Z,91.205,91.273,91.143,91.221,91.227,91.3,91.169,91.247
2026-04-06T09:00:00Z,91.222,91.248,91.17,91.173,91.249,91.275,91.196,91.199
2026-04-06T10:00:00Z,91.177,91.252,91.142,91.191,91.203,91.278,91.192,91.217
2026-04-06T11:00:00Z,91.194,91.285,91.177,91.267,91.22,91.314,91.204,91.294
2026-04-06T12:00:00Z,91.269,91.277,91.176,91.183,91.296,91.303,91.203,91.21
2026-04-06T13:00:00Z,91.187,91.257,91.171,91.234,91.213,91.282,91.198,91.273
2026-04-06T14:00:00Z,91.208,91.351,91.154,91.326,91.257,91.382,91.182,91.356
2026-04-06T15:00:00Z,91.327,91.347,91.223,91.31,91.356,91.375,91.252,91.341
2026-04-06T16:00:00Z,91.314,91.32,91.227,91.242,91.344,91.35,91.254,91.269
2026-04-06T17:00:00Z,91.24,91.298,91.164,91.244,91.268,91.326,91.19,91.272
2026-04-06T18:00:00Z,91.244,91.285,91.214,91.252,91.271,91.313,91.242,91.286
2026-04-06T19:00:00Z,91.252,91.252,91.212,91.225,91.286,91.286,91.24,91.254
2026-04-06T20:00:00Z,91.228,91.244,91.171,91.18,91.257,91.273,91.223,91.235
2026-04-06T21:00:00Z,91.205,91.233,91.098,91.187,91.322,91.424,91.216,91.305
2026-04-06T22:00:00Z,91.194,91.227,91.152,91.164,91.312,91.312,91.198,91.198
2026-04-06T23:00:00Z,91.16,91.24,91.16,91.229,91.195,91.267,91.194,91.257
2026-04-07T00:00:00Z,91.226,91.24,91.161,91.176,91.26,91.267,91.19,91.208
2026-04-07T01:00:00Z,91.174,91.226,91.001,91.011,91.204,91.254,91.03,91.039
2026-04-07T02:00:00Z,91.015,91.079,90.978,91.038,91.043,91.105,91.006,91.066
2026-04-07T03:00:00Z,91.038,91.125,91.037,91.069,91.065,91.152,91.064,91.096
2026-04-07T04:00:00Z,91.068,91.122,91.033,91.081,91.096,91.15,91.061,91.108
2026-04-07T05:00:00Z,91.084,91.098,91.014,91.095,91.111,91.124,91.04,91.122
2026-04-07T06:00:00Z,91.092,91.169,91.082,91.155,91.117,91.196,91.107,91.182
2026-04-07T07:00:00Z,91.158,91.17,91.051,91.093,91.185,91.195,91.076,91.119
2026-04-07T08:00:00Z,91.09,91.249,91.078,91.22,91.116,91.277,91.105,91.247
2026-04-07T09:00:00Z,91.217,91.263,91.154,91.191,91.244,91.29,91.181,91.217
2026-04-07T10:00:00Z,91.191,91.21,91.023,91.135,91.216,91.236,91.051,91.163
2026-04-07T11:00:00Z,91.133,91.21,91.111,91.175,91.161,91.235,91.138,91.2
2026-04-07T12:00:00Z,91.179,91.239,91.072,91.097,91.205,91.265,91.098,91.122
